"raw_name","count","books","pages","disp_ctx","sample"
"李蕴璞","8","xianzhi","p-0030;p-0260;p-0836","5","〉在成都高等师范学校读书,由荀永芳、张博诗介绍加入中国共产党,为苍溪最早的共产党员。′民国17年(1"
"李蕴璞到","5","xianzhi;minzhengzhi_aa;minzhengzhi_zl","p-1003;m-31;m-88","3","省立剑闻师范任教务主任一期后,去省立阅中中学任教务主任两年。此间,他常谈及“国家要变,社会要变“,示"
"李坤山率","3","xianzhi","p-0074;p-0989;p-0990","3","部盘踢九龙山,勾结惯匪苏雕飞及匪首“杨氏五郎“(杨言中、杨厚中、杨明中、杨恪中、杨克中兄弟〉于195"
"李开湘","6","xianzhi;diminglu","p-0018;p-0031;p-0039","2","、车云海、陈子谦等人先后发动“新观“、“三堆石“及“四蛮寨“农民武装暴动。第二次国内革命战争时期,廖"
"李受馨墓","4","xianzhi","p-0866;p-0960;p-0961","2","清顺治十年,苍溪县令李受馨“为民请命“,后卒于任,县人将其厚营于县城北之白鹤山麓并立祠。顺治辛卯举人"
"李应贞","3","xianzhi","p-0024;p-0959;p-1018","2","、苍溪人张聪等捐资重修。明洪武四年(1371)知县荣思齐建府馆,同时始建盐务分司.十四年(1381年"
"李明","3","xianzhi","p-0018;p-0039;p-1004","2","、樊学文、赵承丰、伍国仲等就出生在这块土地上。1949年12月31日苍漫解放,社会制度的改变使苍溪进"
"李指导员","2","minzhengzhi_zl;minzhengzhi_aa","m-178;z-159","2","一道,到枣碧庙一带侦察地形,被当地团防发觉,不并被梅。他受尽除刑,宁死不跌。第二天,敌人把他押剑升钟"
"李显威于","2","xianzhi","p-0985;p-0986","2","成都四川公立商业专门学校毕业后,回县任区长、县团练局局长。在任县团练局长期中,平定骚扰地方的土匪庞希"
"李显威任","2","xianzhi","p-0985;p-0986","2","涪腔县县长。在洪腔筹办《架江日报》,任董事长,经县府科员赵斐亚举荐委任原中共川东特委秘书长梁佐华为主"
"李朝荣","2","xianzhi","p-0378;p-0966","2","、向悦昌、罗通武、温全江7名骨干各带教徒百人,分道向光山子转移,在张家大院会师扎营。此后,红灯教以光"
"李显威","2","xianzhi","p-0985;p-1002","2",")过去很做了些"
"李正秀抱","2","minzhengzhi_zl;minzhengzhi_aa","m-180;z-161","2","莅小孩和分外3人正被急流卷入江心,韩柏伟正贾前往抢救,又发现徐怀如、李金莲房个少年在激流中挣扎,使转"
"李济琛等","2","minzhengzhi_zl;minzhengzhi_aa","m-177;z-158","2","知名进步人士,并受其影响,加之自身遭遇的体验,他关心人民疾苦,痛恨恶势力。1936年夏,他得知修筑川"
"李受馨","2","xianzhi","p-0836;p-0866","2","》文…...。晋代以来,载于民国《苍溪县志.艺文志》的诗词歌赓和散文161篇(首),民国28年(19"
"李长春","2","xianzhi","p-0378;p-0966","2","、向成义、李朝荣、向悦昌、罗通武、温全江7名骨干各带教徒百人,分道向光山子转移,在张家大院会师扎营。"
"李坤山","2","xianzhi","p-0269;p-0383","2","、龚方谷、“杨氏五郎“三股最为猖猎,百姓屡道其悦,县政府几派保安队、警察队缉拿,均无明显效果。195"
"李兰台墓","2","xianzhi","p-0866;p-0960","2","碑记》,后祠境被毁。"
"李姆居多","11","diminglu","d-119;d-171;d-183","1",",放名。|李家河LT115h5此河边居有李妍人家,放名。`李家岩LTiI5y5n此山岩从前住过李姬人"
"李姆人家","9","diminglu","d-101;d-104;d-266","1","。_柳担湾Jiadanwan此山海昔弧形状似抹担,故名。…眸子梁M5uz1116ng此山梁多冒形山包"
"李先念等","4","xianzhi;diminglu","p-0375;p-0972;d-287","1","在此指挥。渡江突击队集结于塔子山后待命,20门迫击炮置于塔子山、五当山。晚9时许,红三十军八十人师二"
"李阳川","3","xianzhi","p-0201;p-0346;p-0768","1","、刘笃先后离职。27年,余光珍、杨旭奉调参加四川省国民党员干部训练班受训。28年,国民党四川省党务指"
"李蕴璞任","3","xianzhi","p-0033;p-0217;p-1003","1","校长。是年,建立中共县立初级中学支部。12月有限责任“四川省苍溪县合作金库“成立,办理信用合作社和其"
"李妮居多","3","diminglu","d-150;d-240;d-276","1",",故名。(1340"
"李烈钩","2","xianzhi","p-0066;p-0992","1","、熊克武.舒藏任命书于挑行李的扁担中,步行至云南,完成任务。1911年武昌革命成功,成都成立“大汉四"
"李蕴璞代","2","xianzhi","p-0502;p-1003","1","表全县人民送!公斤以上的大雪梨给中央南方革命老根据地访问团,经团长王维丹转赠中央领导。1954年,全"
"李金莲两","2","xianzhi;minzhengzhi_zl","p-0995;z-161","1","少年在激流中拮扎,便转身将他俩带出漩涡。这时,韩柏林已与刺骨的江水搏斗近半小时,又一恶浪打来,徐怀如"
"李的扁担","2","xianzhi","p-0066;p-0992","1","中,步行至云南,完成任务。1911年武昌革命成功,成都成立“大汉四川军政府“,宣告封建君主专制体制的"
"李忠新家","2","xianzhi","p-0031;p-0177","1","里正式成立中共苍溪县委员会。春县奉二十军刘湘命令,开征民国49年(1960)粮税。3月三堆石农会、妇"
"李蕴璞被","2","xianzhi","p-0981;p-1003","1","三军(邓、田、刘)通缉,得常诲清、李子仪多方周旋,《方免于难。常诲清还于巴中办“劝业会“,组织川北各"
"李有为","2","xianzhi","p-0986;p-1025","1","(灌县税捐处长)、李有寿(一区专署保安司令部主任参谋兼岫彭灌三县联防办事处主任),在地方策反起义,以"
"李了","2","danganzhi","a-114;a-52","1",",邀免了文件的委失。专职称职“县水利电力局专职档案员严大容,于1974年从事档松工作后,县水电局领导"
"李阳川任","2","xianzhi","p-0030;p-0976","1","校长。"
"李开湘等","2","xianzhi","p-0975;p-0998","1","7人从孟家嘴出发,经五凤山、唤马溪,13日凌晨到达元坝四蛮寨的五郎庙垭。在何文多家开党员会,成立中共"
"李浚泉等","2","xianzhi","p-0073;p-0980","1","人向县城各界人士呼吓,于同月16日成立了“苍溪县紧急治安维持会“推选出21名委员、11名常委和主任("
"李开湘任","2","xianzhi","p-0381;p-0975","1","营长,后被编为三堆石独立团建制,四蛮寨游击区建立后,在当地党组织领导下打富济贫,开仓放粮。打击元坝场"
"李寅","2","xianzhi","p-0036;p-0179","1","、蔡宝山、白光亮、薛恩厚、薛昌泽、穆至善、李茂祥、马成麂、孙玉先、任德明、赵珊瑚、傅仕元、李子忠来苍"
"李姑","2","diminglu","d-211;d-253","1","。〗陈家河Chgnj15hk“临小涉,住户陈姓居多。`.\。j\鹫,.1园\/1尽',`〔】《0一一"
"李寅任县","1","xianzhi","p-0036","1","长。2月“全县新建10个区人民政府,领导旧有的1镇、19乡、289保。2月_县、区、乡政府宣传和贯彻"
"李進聆春","1","jicheng52","j-431","1","器|剛荃|晝【同盼託菲陣0倉多00表|地﹍為﹣維f賴早吟意比奈臺|安|內，|享江播悠顏忍邦摘﹍奉|﹣"
"李显威急","1","xianzhi","p-0986","1","赴温江与老友冯均逸〔四川一区督察专员兼保安司令)密商全区军民配合起义事宜、接着去灌县令其子李有为(灌"
"李清碧等","1","xianzhi","p-0177","1","人入党。3月建立中共三堆石区委员会(10月改为中土区委会),韩文炳任区委书记。5月,王相才在槐树驿建"
"李蕴璞在","1","xianzhi","p-1002","1","成都求学期间,受校长吴玉章,教师张秀熟等人进步思想熙陶,常读《向导}、《荻原}、《晚报.副刊〉和《共"
"李坤山民","1","xianzhi","p-0383","1","国30年(1941),李坤山(今登高乡人)成为土匪。37年盘踞九龙山,拉人入伙,强民为匪,在东河拦劫"
"李陪同前","1","xianzhi","p-0986","1","往剑阀、昭化、苍溪募察灾情,上报中央,为川北请得照灾散,并减免部分灾区田赋。抗战军兴,北方诺省沙为战"
"李朝荣等","1","xianzhi","p-0967","1","3人。他们匿身包谷草中,夜静时入李朝荣家躲避。天未亮,又转到今白岩乡白岩洞隐藏,以图再举。及晓,被邢"
"李受声秉","1","xianzhi","p-0960","1","性耿直清正,莅任后,见民生调散,流亡甚众,县城人口不足百户;岑田美地或沧为战场,或毁于灾荒,感叹地说"
"李坤山从","1","xianzhi","p-0383","1","浓烟中窜出被当场击毙。平息“中美技术合作所“武装民国38年(1949)6月,国民党特务操纵同善社组建"
"李利不余","1","xianzhi","p-0932","1","全票搪劳老闹聊丁料|援楼蒋漏a略高“稿〔囊三_鬼贵敲二考靠希】…'__】羞】薯，k亏莺傀愧荆毫好号抠"
"李榆昂為","1","jicheng52","j-356","1","楊﹩作鮓到歔止沙放華娜3眸又絕莘鄉鄉銘|減自椎節篇楊z眢絆淳戴凸髏g居多畢。武床慶帕憲鏝園|縣」庭庠"
"李配双鞍","1","minzhengzhi_aa","m-156","1","?,《一女不嫁二男“y一些肺年人只认为父母包办儿女娆姜是迁反婚妾法,没仰会到儿女干涉父母再娇也是违反"
"李剑金的","1","xianzhi","p-0381","1","老巢,并把大量衣物、粮食分给受苦群众。8月,县保卫团三、四大队与附近民团约1000多人向四蛮寨进攻,"
"李甚年談","1","jicheng52","j-371","1","工﹍授框极綬中關安棍鄉嚥苦殃層春﹍字合氐菟十髑夯。岩宦奇井鶲美經楊追傳蓊鑑||必國鵯笙丹愚夫﹣克鰲口"
"李蕴璞又","1","xianzhi","p-1002","1","去江油、三台、涪陵。中江等县中学任教。民国26年,李蕴璞在中江中学办《抗日壁报》,撰文宣传抗日,参加"
"李李減降","1","jicheng52","j-469","1","午做甩﹍戾不箱之忘浩唔壼晝崔者磊之雜斯何嘰見1斗十不1括1作十十門人十刑松降才十頁相掉所蕙不重目政將"
"李先念率","1","xianzhi","p-0018","1","红四方面军在文昌客建立川陕省苍溪县苏维埃政府,取得“反六路围攻“最后一仗一一黄猫垭及强渡嘉陵江战斗的"
"李方田","1","xianzhi","p-0993","1","、程孟平、舒世五等5人推荐为国民代表大会苍漫选区代表侯选人。民国38年11月,阅中县各界成立解放委员"
"李淑贞等","1","xianzhi","p-0078","1","11个模范互助组。10月县召开第二次互助组劳模会议,县委提出《巩固提高互助组,发展合作社的意见》,并"
"李口異劉","1","jicheng52","j-498","1","卻﹣脣﹁|紅子|華|創|欒查|颺|日非﹒頰8﹍一˙妥襬萄Iˍ】'…ˊ‵小秘i〕|`I玉盲′旁土ˍ女至"
"李可灼给","1","yiwengushi18","m-21","1","他服下两粒红丸,光宗次日便死去,这位短命皇帝终年才36岁。宫廷大臣怀疑是郑妃指使崔、李二人所为,于是"
"李坤山任","1","xianzhi","p-0383","1","支队长。解放后,吴俊丰勾结国民党溃军师长丁玉恒筹集军火、集中人枪百余,号称“子弟兵“,1950年3月"
"李清碧任","1","xianzhi","p-0075","1","主任,蔡达源、牛庆丰任副主任。分会设秘书、宣传、募捐、总务4股。编印《抗美援朝通讯)》、《苍溪小报》"
"李回平日","1","jicheng52","j-498","1","晝遮唱器薇體|一，脢人，木藜華﹒扭心普笛||菀口鵰七|奀﹚村員維噬喬屏，翠蕙﹍|鐵回闌蹈︰等扣泰韶梅"
"李钟芹任","1","xianzhi","p-0211","1","总理。民国6年(1917)商会总理改称会长,24年商会会长改称主席。26年对新开业的“天成祥“和“顺"
"李显威邀","1","xianzhi","p-0985","1","同二十九军财务处长常诲清对田颂尧说:“李蕴璞并非共产党员,只不过年少爱闹事.“通缉遂寝。民国18一2"
"李蕴璞去","1","xianzhi","p-1003","1","中江中学、彭县中学、新都铭章中学任教5年后,民国34年(1945)任教成都天府中学。在校宣传和平民主"
"李茂祥","1","xianzhi","p-0036","1","、马成麂、孙玉先、任德明、赵珊瑚、傅仕元、李子忠来苍溪工作。1月18日“苍漫县人民政府成立,李寅任县"
"李便柵摑","1","jicheng52","j-347","1","瞻m|旱人偷。策遁駒﹍埂松。方圃莘庭普後四1忘有繃驪謐”展簡東。鯀杯非。徑真。日糊蓉由汶田北公北石构"
"李清磁","1","xianzhi","p-1010","1","、何芗、穆至善,委员白光亮、杨宗贤、朱尚权、王俊峰、蔡达源、李嘉兴、王永吉、王兴林、杜勋、吴元江、母"
"李島","1","jicheng52","j-374","1","﹍極良再爾趙晒鳥脈-_____﹣_ˍˍ_-_ˍˍ_____嵇山岡ˉ題夾脛不名蜉教賀|著|夾仁詰二英木"
"李二人所","1","yiwengushi18","m-21","1","为,于是崔、李被押往外地准备处死。这件奋案史称“红丸案“。又据《明史宫廷内记》记载,光宗在位时,主郡"
"李蕴璞讲","1","xianzhi","p-1002","1","授亦甚得法,喜怒皆形于色,颅受学生欢迎。民国21年5月9日,学生纪念国耻,团丁阻止游行,打伤学生多人"
"李显威去","1","xianzhi","p-0985","1","国民革命军二十九军军长田颂尧部任股长、科长、处长及川西北银行经理。民国17年成都“二.一六“惨案后,"
"李扬波介","1","xianzhi","p-0979","1","绍,加入中国共产党。重庆“六。二“大速捕后,新群图书公司更名为“现代书局“,陈柏林照常出售《摩仿》、"
"李蒲护","1","xianzhi","p-0985","1",",李显威将其安排在三台葫卢溪兑换银圆券,维持生活,并多方斡旋,化险为夷。李显威离任时,又将任期内俸给"
"李蕴璞遭","1","xianzhi","p-1002","1","明令通缉。李在彭山搞农运,并经李显威、常诲清周旋,幸免于难。当潜回成都时,组织已被破坏,与党失掉联系"
"李二以儒","1","jicheng52","j-324","1","安數萌蕙逝一白不友鶲奘|司晴國漢止口誠日建鶴乙深德之之里﹩。在自遺子|岡萩。溶淀晨蘋九罪又弼因滿育嫡"
"李显威将","1","xianzhi","p-0985","1","其安排在三台葫卢溪兑换银圆券,维持生活,并多方斡旋,化险为夷。李显威离任时,又将任期内俸给2万元捐赠"
"李显娆当","1","xianzhi","p-0986","1","选为国民政府中央立法院立法委员。5月中旬,与好友冯均琏在中央立法委员会提出的“清查豪门资本案“,经《"
"李蕴璞率","1","xianzhi","p-1002","1","学生代表到县政府请愿,严词驳斥,迫使县长钟英撒销了团练大队长陶泽渊的职务.民国22年夏,苍溪县立初级"
"李震同娜","1","jicheng52","j-182","1","8診篠房之許惡2貿梳切山光溥枋益評者昌源指”A苑踏，旳吾剌|鄉鄉鄙呂吳宏笭翎兮詩一178"
"李棍莘奎","1","jicheng52","j-365","1","何雷箕嬰奧住層僻信閱桯節紅狄裔鐵紆5/K察匱最【傳量友其縝秀奀同淏ls月|賦婷帆薛沁笥笏輝普壆。篡莢"
"李为常务","1","xianzhi","p-0985","1","董事未设董事长)。还特约请尚在敌人狱中(重庆反省院)的原中共四川省委代理书记张秀熠写稿,以笔名“畸零"
"李在彭山","1","xianzhi","p-1002","1","搞农运,并经李显威、常诲清周旋,幸免于难。当潜回成都时,组织已被破坏,与党失掉联系。遂辗转回到苍溪,"
"李函件等","1","danganzhi","a-48","1",".三、司法类。这类档植共1,709卷,是由苍溪县政府、军法室、司法室、司法根、四川高等法院、四川闻中"
"李清碧家","1","xianzhi","p-0178","1","里举办县委成员训练班,学习斯大林《论列宁主义基础》一书中的“民族问′题“、“农民问题“、“党“等内容"
"李制","1","jicheng52","j-371","1","|﹍甘赤年歪楊莓彝籤者奀茯俘面|畦﹍老回蟹分伝華祭載三荃藏振|昇簽謎遨乓衍威族年有鋸蛟|纈|之仨詳楊"
"李在川从","1","xianzhi","p-0986","1","政多年,川康军政要员与李均有深切交谊。时川军将领刘文辉、潘文华、邓锡侯正准备在彭县起义,李显威急赴温"
"李泽民及","1","xianzhi","p-0018","1","中国人民解放军将军的任荣、杨大易、吴忠、李开溥、李明、樊学文、赵承丰、伍国仲等就出生在这块土地上。1"
"李显威题","1","xianzhi","p-0985","1","词“东北沙亡,河山破硼,抗战救国,还我河山“为编辑方针,常发表救国言论,抨击时衅。出版3月,报社被毁"
"李兰台","1","xianzhi","p-0982","1",";将关岳庙前壁改建为“抗日阵亡将士纪念坊“,纪念阵亡抗日将士。民国35年任县参议会议长,次年兼县银行"
"李力","1","jicheng52","j-161","1","k玫沙怡愛制蕙才|哉|融眸論鋸仆容習怡豈鐘安田寺生氟氙哉劣居嫡利進奢箕蓮潘單發嘉顏之洗沏月辭犬几犬淅"
"李忐石凶","1","jicheng52","j-322","1","離之也瘠祭霖|崴|呼閱必迥所殃之匪面存灶糅肌郡田愉灰崴鄉死有毯陳行|﹍菸羚渺忘也极綏我胥而翰糠乃翱志"
"李桂茹才","1","jicheng52","j-182","1","人入糸口止桂語新縫光寸盤來堅抑捕﹥薇扎年九之具′R人笊峰世災轢收馥鯨||咐婉保鋱石年際浦心莘署*﹖]"
"李邸域才","1","jicheng52","j-374","1","烈方韆史。鞅人剔有蓉在看子而作芊詳氣距露羚合桂3舉五相籍爻科通楨施gA哉極簃李島﹍極良再爾趙晒鳥脈-"
"李紙衰咐","1","jicheng52","j-554","1","舊﹣蟌簡翡﹍華﹣壇早﹍器饞爌奇僅災畢增﹣纈耀棍﹍置﹣掃刻﹣翡雹藪﹍鎧立|草羽|具﹣奇嘉錦籍﹣瞥嘉鬘荳"
"李玉保","1","xianzhi","p-0177","1","(女)、励聿生、张尊福6名党员赴延安学习;苍溪县各届人士抗敌后援会发动青年学生编新戏,演新剧,发传单"
"李先生报","1","xianzhi","p-0030","1","告“日本军国主义在朝鲜的暴行“。夏由罗茂修、陶炎武、赵友兰等发起苍中校部分学生和成都回乡大学生刘国柱"
"李显威在","1","xianzhi","p-0986","1","成都会见来自延安的中共中央特派员罗世文,罗对李办“柳江“、“人民“两报勉慰有加。民国28年,李显威任"
"李玉成从","1","xianzhi","p-0197","1","台湾回到家乡探亲,第一个被批准在家乡定居。1987年以来县、区、乡各级政府共接待台、港同胞153人次"
"李史趺老","1","jicheng52","j-182","1","潮武有寸臺玄|到園等保邦闢念儿匿間勾速口勇春亭女尹老|、吉眸層郊繁赭泰震惺帶【士逵囤將江崎屈訢謂||"
"李蕴璞思","1","xianzhi","p-1003","1","想活既,主张言论自由,学校地下党组织能够积极活动,发展党员10余人,并成立了学校支部,国民党县党部书"
"李灵椿编","1","xianzhi","p-0030","1","素的《苍溪县志》出版。民国18年〔(1829)′〈春“改县公署为县政府,改县知事为县长。.春“在县高"
"李扭陣蜂","1","jicheng52","j-182","1","荃奈憾同臺口愛蝪嬿新挑如爭攻霖分箭匯普事所刁斜頁贓崙者A﹒伐蓀八鄭憭，觀太堯一觀，鄉早伴虯囪禮裟跪，"
"李和苦李","1","xianzhi","p-0420","1","等6个品种;杏,有大杏、米杏、甜杏、酸杏等6个品种;梅,有红梅、青梅、乌梅、酸梅4个品种。小宗果类小"
"李杏梅桃","1","xianzhi","p-0420","1",",解放初县内有白花桃、鸡血桃、蠕桃、课桃、砧木毛桃。1957年县农业局从上海引进鲜食品种玉霸水蜜桃、"
"李均有深","1","xianzhi","p-0986","1","切交谊。时川军将领刘文辉、潘文华、邓锡侯正准备在彭县起义,李显威急赴温江与老友冯均逸〔四川一区督察专"
"李目葉日","1","jicheng52","j-356","1","江同闌或國淫|簡闌簍哉不國節日賢0唐時凹惘莘回節容覃北回港||箱笈簍伐同回莘朝。秦。眾華深標遮回邱霖"
"李坤山被","1","xianzhi","p-0074","1","当场击毙,匪首苏雄飞、“杨氏五郎“被活捉,依法处以极刑。年底,县境大小15股土匪基本肃清,共缴获枪支"
"李乏護颺","1","jicheng52","j-331","1","憑勞人煮週獎姒邁頊夫泌隆來。孑缺|﹍乏鎧余受守分化恨妃吞柳箕之築從調﹍海圉守惜。命不|恭|行楠看馨此"
"李鎮不君","1","jicheng52","j-322","1","秋不虹脊讞於遊臾﹣令箱垚茹覆簧面錐欄歡絡者等笛才闌知今覓淺眸四子﹍侑|﹍|面之怓寅趾覆身質不久夫死遁"
"李阳川相","1","xianzhi","p-0201","1","继任国民党苍滓县登记委员会委员。20年7月,余光珩经国民党苍溪县登记委员会委员杨旭介绍加入国民党任苍"
"李舌孿禁","1","jicheng52","j-498","1","﹗口林，蜉﹍猾軍岳|﹍剩峴淖壽碧語解﹗大屢ˍ可鬩晝圖圖閉圖日﹒華黯軍宮鴞慢﹣散林，與|g怒表，倪C時"
"李貧書混","1","jicheng52","j-356","1","榜。益遊劉目【【虹頡桂制蘑﹣失﹣眢﹣夏棘棍宗【睏策。著茶。春頁睞合。濺蓋*專…′]""奏'墜卒,瞿﹜慎"
"李成","1","xianzhi","p-0959","1","、张聪等又捐资建庙两廊及山门,民众祀为“福神“(此庙毁于明末四川大乱之中)。明嘉靖《保宁府志.王将军"
"李一个暑","1","xianzhi","p-0380","1",",俘获200余人。红"
"李逊属多","1","diminglu","d-123","1",",故名。为红旗大队驻地。T城隍庙沟_ChSnghuingmiaog5u此山沟原建有一供城飘神像的庙字"
"李受馨大","1","xianzhi","p-0960","1","义凛然,从容将碎册补合再呈,说:“吾身可狐,而民不可殃;吾头可断,而册不可易也.“上司始改容受册。4"
"李字然利","1","jicheng52","j-328","1","祺劉士翅岱教笏。而」﹍祺羚宮令闌法若乃十輔東有誘劇外也計聰便古﹣污|﹍|丕聰虛床陷是為諏餡所北輓後賢"
"李金莲房","1","minzhengzhi_aa","m-180","1","个少年在激流中挣扎,使转身问两少年游去,将他史帆出了深145"
"李坤山等","1","xianzhi","p-0990","1","三匪窜出,全被击毙;其余四匪逃跑,三日内全部抓获。事后县人民政府赠给陶芜氏的锦旗上书:“为民除害,剿"
"李顺达互","1","xianzhi","p-0077","1","助组经验,带领全县农民走互助合作道路。1952年春,全县已建起3000多个临时性互助组,组内农户实行"
"李亲自赴","1","xianzhi","p-0985","1","温慰问。后将《架江日报》更名为《人民日报》,按原方针继续出版(李为常务董事未设董事长)。还特约请尚在"
"李福田","1","xianzhi","p-0903","1","、王海州、罗树生、欧明金等八人为常务理事,袁明长、黄义安为监事,赵玉山为常务监事,赵和光为候补监事,"
"李深頁國","1","jicheng52","j-144","1","氏頡追羚硒﹢崎目﹣鄉王罠蔡﹣薩。義舅。責剷|熹以秉織石蕙兒遼翠禪﹣人藏功恆﹣慚忘嶠五﹍息笈﹍戈分|岱"
"李姚居多","1","diminglu","d-240","1",",故称向家山Xioangjishan住户向姓居多,故秦〕马家洞MJI8wan。住户马热居多,故称。杨"
"李華莘鰤","1","jicheng52","j-161","1","，溶冢酥夷清不友軸乞基闍所量酖澀浩忐念2諳漢目笣志宏伐攷細剷覃|圖放妖動遼需音當食入鐵夾尕圩口恆悌令"
"李囿下下","1","jicheng52","j-365","1","一一一﹣幕薯蠡庄『…′睿'蒡…ˍ︳鯙鐳嚜】]昔t﹜牽ˉ﹞z』'…﹐ˍ︳蒿|簡笠授販則張，嵐忍癆床客一"
"李受磨李","1","xianzhi","p-0960","1","受馨,字兰台,辽东人,清顺治十年(1653)任苍溪知县。李受声秉性耿直清正,莅任后,见民生调散,流亡"
"李受馨上","1","xianzhi","p-0960","1","坟祭扫之费,由县署户吏承办其事。民国11年改由县立高等小学校长在县地方税收支所拨款60定,办理祀事。"
"李灵椿为","1","xianzhi","p-0851","1","总繁,经考证,增补史料,写出6本、15卷、分纲14、编目53,约11.38万字的民国《苍漫县志》稿本"
"李县伏夜","1","xianzhi","p-0383","1","出,四处武装骚乱。1950年2月19日,精匪100多人抢劫歧坪区人民政府,杀死民政委员吕宏元,劫走机"
"李嘉兴","1","xianzhi","p-1010","1","、王永吉、王兴林、杜勋、吴元江、母格等15人组成。除呈报及分令各区严格执行禁烟禁毒工作外,并参照西南"
"李由文體","1","jicheng52","j-322","1","單灌店主曲目場翼人還晨溫腿俊託史菜摩笣晨恃刑鄉剛霍炳翕人|縣|亙月立之人奧嗚聽曰諄忖景復及見世馨叼飲"
"李显威李","1","xianzhi","p-0985","1","显威(1896一1952),字子仪,苍溪县烟峰场(今云峰场)人。家小康。中国同盟会会员。民国7年(1"
"李开林代","1","xianzhi","p-0187","1","表县委作的《坚持党的领导,改善党的领导,提高党的战斗力,向四个现代化的宏伟目标奋勇前进》工作报告。报"
"李坤山参","1","xianzhi","p-0383","1","加特务组织“西南长官部巴山中美技术合作所“,任支队长。解放后,李县伏夜出,四处武装骚乱。1950年2"
"李的零散","1","danganzhi","a-114","1","档案资料进行了组卷,共整理出档案1,518卷(袖)、资料1,650多册,还编制了检索工具。县水电局从"
"李二人在","1","yiwengushi18","m-21","1","这里改名换姓,一个姓阳,一个姓岳,后就有了阳岳山之名(今天观乡阳岳村)。望天观的景点极多,如萎名的金"
"李显威蒙","1","xianzhi","p-0986","1","受30多年的沉冤得到春雪.罗敬三罗敬三(1885一1954),名治修,苍溪县五里乡人,少习武,后参军"
"李箕國伐","1","jicheng52","j-365","1","達俞咋書忍名著無夕尢。鴇計閻節穢內袁趙節自深度闌鄉母奀家暄荃失息奈﹣倉葉樓鸚膠有止至棧口權炎箱萱佐墩"
"李办","1","xianzhi","p-0986","1","“柳江“、“人民“两报勉慰有加。民国28年,李显威任资中县县长,积极发动民众出力出钱,支持抗战。冯玉"
"李蕴璞作","1","xianzhi","p-1003","1","校长资历不合。李蕴璞代理校长一期,被免去职务。临行赋《远行吟》诗一首:“故园不堪问,风雨听鸡鸣。豺狼"
"李开溥","1","xianzhi","p-0018","1","、李明、樊学文、赵承丰、伍国仲等就出生在这块土地上。1949年12月31日苍漫解放,社会制度的改变使"
"李有明改","1","xianzhi","p-0986","1","组《啸报》,宣传解放战争胜利进军及解放区情况,给川康军政要员指出何去何从道路。李在川从政多年,川康军"
"李受馨不","1","xianzhi","p-0960","1","忍民累,乃“躬亲查阅土地,厘定田赋“,“通计东北地百九十里、西南九十里,由中田起科,每亩载粮二合二勺"
"李茹木生","1","jicheng52","j-502","1","茹翡堊﹩咩眸漢菜心尊安賁療罩髒」業仄制獅壁箱錶桃，一日日唐追日速來時大莘剛悠箱速噌|蹶側割鰨織細小煙"
"李蕴璞假","1","xianzhi","p-1002","1","师生中秋赏月,讲“吃月饼、杀鞑子“的故事,昱吁全"
"李寅任政","1","xianzhi","p-0036","1","治委员(后改称书记)。4月19日“苍溪县第一届第一次各界人民代表大会在县城召开。会议就征粮、剿匪、肃"
"李寅任筹","1","xianzhi","p-0204","1","备′委员会主任。在农村新旧政权交替中农民协会代行人民政权的职能,将“减租退押“的稻谷及清匪反霸运动中"
"李四沼姦","1","jicheng52","j-379","1","'費焢吳謝年後得便邪夾秋縣一87一"
"李二人被","1","yiwengushi18","m-21","1","王赐暗中护送到老家隐居后,二人在山顶修一寺庙,以此永久怀念“王天官“。据碑文记载,为象征王姓家族“天"
"李天墓著","1","xianzhi","p-0836","1","《问心山房集》,薛之佐《祭李受馨》文…...。晋代以来,载于民国《苍溪县志.艺文志》的诗词歌赓和散文"
"李显威家","1","xianzhi","p-0985","1",",得转危为安。民国22一24年,任三台县县长。当时县长兼理司法,司法承袱封建旧制,民刑诉讼,从词讼到"
"李坤山行","1","xianzhi","p-0990","1","踪后,一面告知住滑江乡的解放军排长王中山率军清剿,一面通知大垭口、手把岩、玄坛庙、铁山关及土地垭的自"
"李蕴璞学","1","xianzhi","p-1003","1","识渊博,生平喜吟诗,有《枕上草》一卷。1985年12月21日病逝。张盛莲张盛莲(1913一1986》"
"李箕台明","1","jicheng52","j-289","1","南漪家萬日﹍山W二江簡狀鎮﹍﹩﹣小東伏五雄三籟東日|蒼|龍江心雙巨耄有崗進者進NH凹減木曰桂日閭深圃"
"李坤山逃","1","xianzhi","p-0383","1","回老巢九龙山,以“杨氏五郎“及苏林飞等匠特为外翼,负隅顽抗。后,杨、苏匪特被歼,李坤山顽匪7人,被固"
"李天民疑","1","xianzhi","p-1003","1","为“异端“,勇令“解聘“。离开成都。民国36年秋,李蕴璞到省立剑闻师范任教务主任一期后,去省立阅中中"
"李氫一哲","1","jicheng52","j-362","1","一"
"李显威离","1","xianzhi","p-0985","1","任时,又将任期内俸给2万元捐赠地方筹办“子侄幼儿园“,亲书“及人之幼“。该幼儿园延续至今,现更名为三"
"李朝包围","1","xianzhi","p-0383","1","屋内,陶老太婆支持剖匪,请求围剿部队烧掉自己房屋。李坤山从浓烟中窜出被当场击毙。平息“中美技术合作所"
"李官子吳","1","jicheng52","j-452","1","二云絕鳥疏4綾二%色獄||||桂匿。才芋纓丁|醋容門紙慶西同冇自號荒絕尺白。|鄧屋城。沈逸盯之散狩題"
"李到任后","1","xianzhi","p-0985","1",",着眼司法改革,裁减冗多的司法吏、承法吏,并规定老百姓民事投诉按规定程式填写,仅收工本费,使民诉案件"
"李处境危","1","xianzhi","p-0986","1","迫,去上海找老友梁佐华、任廉儒。经梁、任介绍由民革中常委、民革临时工作委员会主任王葆真主持参加民革组"
"李坤山顽","1","xianzhi","p-0383","1","匪7人,被固于山中。1951年1月16日夜,李坤山领匪焊食,窜入陶老太婆(今天观乡白坪村)家中,陶佯"
"李任灾童","1","xianzhi","p-0986","1","收容所所长.所址设成都武侯祠,先后收容灾童400余人,除添置衣被,使灾童吃饱穿暖外,并请来文化教员王"
"李受声祠","1","xianzhi","p-0960","1","墓只余荒土一抓,残碑二碲,蔓草荒烟,触目兴感,倡议将龙王庙改建为“李公祠“,将“李兰台墓田碑“、“李"
"李闢薪直","1","jicheng52","j-326","1","寄ˍ﹜轟畫蠹」壼筌皂'f'】T﹩(隻蘑蘑i﹔乙主躉'﹔1胃′_圖考。入陬p普影速入恐聊以拜概惟奇安是"
"李兴太等","1","xianzhi","p-0383","1","匪徒,迫使杨厚忠、陈惠德等匪徒缴械投降。围剽匪首李坤山民国30年(1941),李坤山(今登高乡人)成"
"李内富国","1","diminglu","d-123","1","全宣娄敏小山包,故名.有糊地68留,762`_大路者D5lDy6n其山岩有条大道,故名。为四包大队驻"
"李蕴璞李","1","xianzhi","p-1002","1","蕴璞(1902一1985),名清玉,号文朴、醒众,苍溪县陵江镇人。幼就学于吴召南私塾,吴以“金银币“"
"李明任解","1","xianzhi","p-1005","1","放军总政治部组织部干部处副处长,1952年6月任任兖处处长,1953年2月,任中国人民志愿军政治部组"
"李兰台牌","1","xianzhi","p-0960","1","位“,前门青石区额为参议长常诲清题“李公祠“三字。清代,每年清明节日从县署征收粮税项下捞款20余串作"
"李兴德定","1","xianzhi","p-0811","1","植、嫁接猕猴桃1500株,育苗1万余株,次年收入800多元,全村发展猕猴桃631交,约8.7万株。技"
"李蕴璞并","1","xianzhi","p-0985","1","非共产党员,只不过年少爱闹事.“通缉遂寝。民国18一20年间,苍滓陈子谦、赵文治、罗茂修等在潼川联中"
"李李莘怡","1","jicheng52","j-184","1","大笣立尋4熾﹣苑說一全書#賈岡﹣悠翁囊﹣無務羊無憐喬﹣烏…所﹣飯踵|之R蠹腮霞﹒﹩制，同扎﹒暮言羔者"
"李寸","1","jicheng52","j-25","1","#溪轢上源曲漾聾源|埕去花沙耍科)`﹔老水基和|四防早圉兔石『iri湍﹍怖耒鮫西出′甫飛岡色交苑映可"
"李如帮入","1","xianzhi","p-0276","1","狱后,经教育,新供认杀害3名行商,交出步枪3支。监内备有纸张笔墨、报刊。1979年购置《宪法》、《刑"
"李被押往","1","yiwengushi18","m-21","1","外地准备处死。这件奋案史称“红丸案“。又据《明史宫廷内记》记载,光宗在位时,主郡天官王赐与崔、李二人"
"李郝耋气","1","jicheng52","j-184","1","遼鉤偏窕﹣日烈章苑筆笣岡範哉議眾潘燦莘旋跖﹣尨衊元蛟刈坊各廋庫姑陰嗣弋災夏氣示﹣築嘩作縮黴﹔霾﹛裴暮"
"李坤山领","1","xianzhi","p-0383","1","匪焊食,窜入陶老太婆(今天观乡白坪村)家中,陶佯意厚待,次日借口买盐出门报信。解放军、公安队、农民自"
"李唱圃唐","1","jicheng52","j-532","1","震簡唐裁同蕙睏﹒熄挂捧崔禧紮洞﹁南趕﹑﹔…、‵'西兼ˍ…堯菫慎城義貌奏婺窖「言﹂望『兵亨歹蓼雀i﹞蔦"
"李道力良","1","jicheng52","j-504","1","戈﹍收匍能夕引殃膠望兒技裏禮愛收外雕妝悲閭川倉晦十芯先行回白告不一遼尾去炒峒之華生創松必丕每盎嶴葉﹍"
"李超居多","1","diminglu","d-123","1","。国园`熹庄子岩ZhuangzIy6n此山岩原为地主之庄子,故名。菩坪江大队Pfngj15ngDad"
"李金兵孝","1","jicheng52","j-119","1","堰孝試屬則惟漯孝欣翕忍有輻普鄔邢垢門獠夕字悉亥。鄔﹍闡作溜休。其排中水寺峇笠兵系垂大子﹩而酈驤及判弟"
"李姆命多","1","diminglu","d-123","1",",故名。置窗常山Jl6oInshan一此地曾开过砍瓦窝,故名.,|四包大队SibaoDadu7李内富"
"李受声遗","1","xianzhi","p-0960","1","体葬于县城东北隅白鹤山麒。起冢立祠,岁时祭祀不衰。清顺治辛卯科举人陈苗撰写墓表,锡石立于墓前;清顺治"
"李奚字人","1","jicheng52","j-362","1","洩調其先|縣|字捕翰誅其不止交直章領。盂框闡名女寶筱以親是|﹍|鳴意火劫輩賴老畢乏之趙口居苑羿塞是逸"
"李朝荣家","1","xianzhi","p-0967","1","躲避。天未亮,又转到今白岩乡白岩洞隐藏,以图再举。及晓,被邢明宗团丁包围,李朝荣等2人突围牺牲,温全"
"李长春等","1","xianzhi","p-0967","1","相继阵亡,战士死伤甚众。温全武带余部200余人突破重围,退走文昌客,占领权家察。经20余日整顿,又夺"
"李妀旋生","1","jicheng52","j-331","1","輩炳軍适!崎之建不月茅得人﹍手|範秣怡厥署氣葬婕丑深|家作偲染夕菘入範|﹍捏苗鑫很令林日屆基，婷者擘"
"李显娆任","1","xianzhi","p-0986","1","四川省赛务会审核主任。时川北大早,国民政府中央赊务会派专员曹振荣来川了解,李陪同前往剑阀、昭化、苍溪"
"李有寿","1","xianzhi","p-0986","1","(一区专署保安司令部主任参谋兼岫彭灌三县联防办事处主任),在地方策反起义,以加速全地区尽快易帜。不久"
"李二人交","1","yiwengushi18","m-21","1","往甚好,感情深厚。王赐老家居巴西郡(今阅中)苍溪北溟沟(今天观乡柏溪村二组),这里山陡峰奇,展手能攘"
"李三股武","1","xianzhi","p-0074","1","装匪徒、匪首李坤山被当场击毙,匪首苏雄飞、“杨氏五郎“被活捉,依法处以极刑。年底,县境大小15股土匪"
"李清玉","1","xianzhi","p-0030","1","(即李蕴璞〉在成都高等师范学校读书,由荀永芳、张博诗介绍加入中国共产党,为苍溪最早的共产党员。′民国"
"李元泽","7","xianzhi;minzhengzhi_aa;minzhengzhi_zl","p-1030;m-13;m-14","0",""
"李先成","5","xianzhi;minzhengzhi_aa;minzhengzhi_zl","p-0265;m-43;m-50","0","′′仪阅中县1978.9一1984.1游传明″“南部县1984.4一1990第三节法“院民国元年(1"
"李大队","5","diminglu;minzhengzhi_aa","m-7;d-312;d-350","0",")a元xHng[Rp9d3沥e水伟院道请汀“1e倩洁河河《办hERsaFRa、万““t一动i-g:,"
"李一","5","jicheng52;diminglu","d-154;j-117;j-127","0","|自家坪Baljiapfng,片故往有耦地994留,1020人。】地处平缓山坡,住户多白姓,为桃园大"
"李清碧","4","minzhengzhi_zl;minzhengzhi_aa","m-199;m-43;z-180","0","(原民政科副科长)同志在悦重病期间,还多次向编者介绍民政工作史实,直至逝世前一个月还在询问编纂情况;"
"李姆","4","diminglu","d-176;d-205;d-231","0","。文林公社驹非农业人文坪大队wanpfngDadui原名先锋大队。以境内文林山和李家坪而得名。有耕地"
"李梦林家","4","minzhengzhi_zl;minzhengzhi_aa","m-191;m-29;z-172","0","起火,烧至西门新市场,100多家住户房屋烧毁。是年,小麦黑穗病危害22.79万亨,稀螂虫危害17.7"
"李仕德","4","minzhengzhi_zl;minzhengzhi_aa","m-131;m-35;z-114","0","、专署民政科副科长邹胜魁闻讯后也立即赶到出事地点,省卫生厅、西南医院、四川医学院附属医院、省医院、南"
"李金莲","4","xianzhi;minzhengzhi_aa;minzhengzhi_zl","p-0995;m-181;m-185","0","。李金莲得救丁;韩柏林的爱人李正秀及遇险的乡亲经人抢救都得救了,独韩柏林和他一岁零四个月的女儿被江水"
"李文元","4","xianzhi;danganzhi","p-0229;p-0351;p-0835","0","E花研旺雷1986年12月一1990年5月任县长1987年3月任副县长,1990年5月代四川ws|w"
"李金莲时","3","xianzhi;minzhengzhi_aa;minzhengzhi_zl","p-0995;m-181;z-162","0","沉时浮,同死神搏斗时,一块木板漂来,他抓住木板。板小托不起两人,便让给李金莲。李金莲得救丁;韩柏林的"
"李君","3","xianzhi","f-1052;p-0061;p-1006","0","[妻'…'口息口附录一、文存"
"李哉","3","jicheng52","j-163;j-23;j-439","0","3(志2吳恥〕名次琢熟兌善﹒惠筌姵步藉尢裴棗雕朽﹒闇兮為譫曰筌弩愧均宅祕之品虫獎銖笛陰中炘字柳十炎鯰"
"李隆基","3","minzhengzhi_aa;diminglu;minzhengzhi_zl","m-51;z-46;d-8","0",")讳,改隆州为阆州,苍溪县改隶阅州。天宝元年(742年7,改阆州为阗中郗,乾元元年(758年》,复改"
"李的脚费","2","minzhengzhi_zl;minzhengzhi_aa","m-114;z-101","0","标准发给,对无家可归的,发动亲族利用祠掌族亦,实行互助互济,作了如薄安罢。对生产有困难的,政府在经济"
"李吳","2","jicheng52","j-2;j-396","0","T2忍暇﹣﹁72L﹣下A4CekMharsicnSyo4s6|Sˉ‧ˍ'嵐ˊ′…-'ˉ…ˉˉ﹛‵‧;"
"李义道","2","minzhengzhi_zl;minzhengzhi_aa","m-185;z-166","0","“杨志成“罗光彦“肖开连“白邦杰“李国寿“寇永德“韩雪林花三才“任兴坤“刘玉先“权德昌“王国兴“王天"
"李倉","2","jicheng52","j-284;j-441","0","﹣哉紝冰赤﹣構m壞孝雁《項卞氟蓊w|偉M小4g陳《懺a=t簇回柜晾﹍!晝輥雕幀﹣借午義苑枯榮包蓊甘映"
"李登治","2","minzhengzhi_zl;minzhengzhi_aa","m-187;z-168","0","1955年,何被选为东台农业各作社主任,有的干部提议修3间办公室,买个收音机摆点排152,,"
"李德荣制","2","minzhengzhi_zl;minzhengzhi_aa","m-86;z-77","0","。二十二年八月61"
"李冰父子","2","diminglu","d-226;d-311","0",",故名。|屋基山奶djTshan其山梁形若城脊,讹为今名。_.兰家坪Lanjlapfng地处平缓山塌"
"李正银","2","minzhengzhi_zl;minzhengzhi_aa","m-185;z-166","0","“胡正贵,张长明“蔡文涉“周怀友“罗海清韩秀林“王友文“冉纪友“李发义“赵恺保“肖开孝“徐世全“宋永"
"李发义","2","minzhengzhi_zl;minzhengzhi_aa","m-185;z-166","0","“赵恺保“肖开孝“徐世全“宋永扬宋诗章“李金莲“赵思政“白才忠“朱光明“陶启春“何廷杰“陈思彦刘德文"
"李泉","2","xianzhi","p-0819;p-0825","0","、白郎合等人对县内45乡的牛、羊、鸡、鸭、鹅、兖、犬抽样采集血清样品826份,进行血清学检查;同时对"
"李德仁出","2","xianzhi","p-0054;p-0807","0","席中国科协在北京召开的全国乡镇科普大会。县川剧团青年演员张建平、黄荣华参加四川省振兴川剧汇报团赴北京"
"李有松","2","minzhengzhi_zl;minzhengzhi_aa","m-185;z-166","0","“苟家发“赵尧成“杨正朝“任福廷王明益“张全贵“李玉森“李泽宗“袁世开“梁忠厚“张仕鑫刘泽彦何国清_"
"李达海边","2","minzhengzhi_zl;minzhengzhi_aa","m-185;z-166","0","发元“向武道“陈先礼“文克元“吕友汀“石玉佐“袁贵生“罗光烈白金辉“蹇贵元“曹启文“李振秀“苟家法“"
"李再德","2","minzhengzhi_zl;minzhengzhi_aa","m-185;z-166","0","“寇子平“黄开福“邵成先,淳家礼“李哲炳“江成华“陈玉美“任文敏“张保成“杨其文“杨正刚徐兴福“任先"
"李妹","2","diminglu","d-151;d-170","0",",故称.F`讳家沟Shgnj1595u此沟位有沈姓人家(1暮(135),"
"李显威为","2","xianzhi","p-0035;p-0237","0","省参议员,杨旭为修补参议员。是年国民党苍溪县党部大力发展国民党员,扩大组织,至民国38年(1949)"
"李金莲抓","2","minzhengzhi_zl;minzhengzhi_aa","m-181;z-162","0","着木板漂到江边,得救了。韩柏林的爱人经人抢教脱了险,徐怀如也被人救上了岸,遇险的乡亲都得救了,而韩柏"
"李双双","2","xianzhi","p-0837;p-0838","0","》等。“文化"
"李元学","2","minzhengzhi_zl;minzhengzhi_aa","m-184;z-165","0","“刘义普149"
"李人杰","2","minzhengzhi_zl;minzhengzhi_aa","m-184;z-165","0","“庾万寓“冉缉那“李钟局贺盛孰“杨兴才“邓福禹“曾熊十“任荣全“郑德旭“何文凯“赵正海邱海如“黄树堂"
"李李","2","jicheng52","j-1;j-127","0","0不李S2同SSA紙07世n伐李棍n2S2內SSS2R0三緝棍2的′ˊ…1""昌ˊ言'…ˍˍ'﹝‥霙'"
"李楊","2","jicheng52","j-392;j-454","0","!蓮蹟剎各至表為|﹍仲一二例志草次志管艾怡|華有承來鱺﹣垂茹藜有屜咋雛日鴻箕區澡嵩脆巽剷胤妡褸蔚務嘟"
"李泽宗","2","minzhengzhi_zl;minzhengzhi_aa","m-185;z-166","0","“袁世开“梁忠厚“张仕鑫刘泽彦何国清_崔维学“周义元“王明兴“奉中兴“王文备“奉金祥“向立山王俊民“"
"李文学","2","xianzhi","p-0060;p-0895","0","“全国农村体育工作积极分子“称号。10月四川省文化厅、财政厅授予苍溪县财政局、元坝镇文化中心“以文补"
"李结实","2","xianzhi","p-0025;p-0150","0","。明崇祯十七年、清顺治元年〔(1644)张献忠农民起义军占领苍溪,“秋毫无犯“,“征聘贤才“,“保护"
"李万全","2","minzhengzhi_zl;minzhengzhi_aa","m-186;z-167","0","“杨万森_马三品“熊树成“赵仕金何明发“张文远第四节优抚先进事迹简介1950年来,为使优抚对象保持和"
"李妮人家","2","diminglu","d-57;d-70","0",",皆观大队驻地.穿洱子Chuand6ngzi为苍阅公路的一隐湾,故名。,标家涂LTjI6wan,此山"
"李永华","2","xianzhi","p-1031;p-1032","0","(四、五章)人“物萧霾泥附录后记“秤定春数据校核“梁邦全“龚国华摄影“赵跃荣“曾方林张弥六罗邦田冯安"
"李哲炳","2","minzhengzhi_zl;minzhengzhi_aa","m-185;z-166","0","“江成华“陈玉美“任文敏“张保成“杨其文“杨正刚徐兴福“任先智“张国安“赵泽凡“陈绍伦。邓国沿“任兴"
"李长吉","2","minzhengzhi_zl;minzhengzhi_aa","m-185;z-166","0","“温金元王显邦“徐世明“牟献雪“李含华“赵泽发“苟廷述“龚家易“杨国荣李义道“杨志成“罗光彦“肖开连"
"李再祥","2","minzhengzhi_zl;minzhengzhi_aa","m-184;z-165","0","“康札芳。陈天发三等功臣寇吉志“杨庆忠“袁兴师“伏华“任福生“向旭初“张茂友“何三纲杨脊山“李温和“"
"李光远","2","minzhengzhi_zl;minzhengzhi_aa","m-185;z-166","0","“杨文孝“那清伟“付从兴“李达海边发元“向武道“陈先礼“文克元“吕友汀“石玉佐“袁贵生“罗光烈白金辉"
"李登治没","2","minzhengzhi_zl;minzhengzhi_aa","m-187;z-168","0","被子,陶家法没床,就拿出自己的残庞金给修了房子,买了床,把自己的被子送给了李登治1955年,何被选为"
"李棍","2","jicheng52","j-1;j-341","0","n2S2內SSS2R0三緝棍2的′ˊ…1""昌ˊ言'…ˍˍ'﹝‥霙'ˋ三‵ˋ﹣‥‥﹛`﹑﹔睿‵ˍ˙……"
"李振秀","2","minzhengzhi_zl;minzhengzhi_aa","m-185;z-166","0","“苟家法“侯志学“王正余“王新民赵泽祥“赵友国“冯万春“王章银“李基辉“李跃伦“朱义宗“任大武赵银成"
"李妮","2","diminglu","d-134;d-149","0","。建新大队驹地。|“,杨家坪angIapfng地处平缓山坡,住户多杨姓。何家坪H8jlapfng地处"
"李跃伦","2","minzhengzhi_zl;minzhengzhi_aa","m-185;z-166","0","“朱义宗“任大武赵银成“文德祥“侯文武“罗奉道_李再德“寇子平“黄开福“邵成先,淳家礼“李哲炳“江成"
"李日","2","jicheng52","j-410;j-460","0","﹩在憲蕁帆華至融世蔣邱棍伏華蔣沙多慶黴黴募樵旱無夸熊如東|g桃鬃鬘活K書欒李李賀梁書薇賈箕。垂王李一"
"李人","2","jicheng52;diminglu","d-21;j-67","0","「表)E土血一7孕eu明一命1u,′震口dty,s:怡-仪河--闹h人cE江a5'a，\e,伟林,园"
"李至","2","danganzhi;jicheng52","a-44;j-510","0","1985年,总共收集资料66种,5,013册(其中,书籍1,591册,报纸950本,刊物1,040卷"
"李淑谦","2","xianzhi","p-0823;p-0824","0","、冯克汉等奖玉米行间奎黄豆、玉|农业局农技站王正禄命“米增产豆增改闯一=农业局植保站周传鉴、农牧厅三"
"李国寿","2","minzhengzhi_zl;minzhengzhi_aa","m-185;z-166","0","“寇永德“韩雪林花三才“任兴坤“刘玉先“权德昌“王国兴“王天寿“张书秀“李跃明赵兴华“任万平“肖开俊"
"李元波编","2","minzhengzhi_aa","m-13;m-14","0","“辑;彭学枢封面设计:张德华封面题字:蒲泽洲审“稿:阎书凯责任编锵:杨顺良"
"李如明","2","minzhengzhi_zl;minzhengzhi_aa","m-184;z-165","0","“庞正林“申文江贾蜀周“唐建其张悟芳“何钊贤“李开福“寇其瑞“钟绪纲“赵券绿“罗玉富王文金王振余“郑"
"李正华","2","minzhengzhi_zl;minzhengzhi_aa","m-43;z-38","0","|男|1927。|苏溪县|高中|1954.12一1958.4副科长|鲁清安|男|1928。|广元县|"
"李舍同","2","minzhengzhi_zl;minzhengzhi_aa","m-185;z-166","0","“屉绍添“杨宗武“蔡明和“杨福林之鑫德“王天寿“高炳强“姜世达“杨友和“徐纯道“赵怀义“杨体颂张学益"
"李妍居多","2","diminglu","d-104;d-32","0","。为三龙大队驻地。虱老柏树沟Liobd1shg5u为一较大的山沟,原有一棣古老的柏树,故名。姜伏家湾"
"李基辉","2","minzhengzhi_zl;minzhengzhi_aa","m-185;z-166","0","“李跃伦“朱义宗“任大武赵银成“文德祥“侯文武“罗奉道_李再德“寇子平“黄开福“邵成先,淳家礼“李哲"
"李仁","2","xianzhi","p-0888;p-0889","0","、白果、杨"
"李昌基","2","minzhengzhi_zl;minzhengzhi_aa","m-185;z-166","0","“李元清“王开模“罗许福“王开科韩虎成“王文金“赵金成“董志云“徐文道“王元清“杨者检“周永坤伏跃德"
"李玉森","2","minzhengzhi_zl;minzhengzhi_aa","m-185;z-166","0","“李泽宗“袁世开“梁忠厚“张仕鑫刘泽彦何国清_崔维学“周义元“王明兴“奉中兴“王文备“奉金祥“向立山"
"李德荣","2","minzhengzhi_zl;minzhengzhi_aa","m-42;z-37","0",",男|1914。闹中县大学|31.6一33.19马鹫Ii[县政府民政科|科壬麦壹马′蒿]*吉〕男,苍"
"李坪","2","diminglu","d-176;d-397","0","Dallipfng地处山间小平地,多截、李二姆故称。合力大队驻地。\汤家塔Tan6115b15n地处"
"李梦华主","2","minzhengzhi_zl;minzhengzhi_aa","m-157;z-138","0","动劝母不要男家彩礼,不要媚人说亲,带上衣服被盖,自己走到婆家结婚,巳不为奇事。成婚之日,激请至亲、单"
"李秀林","2","minzhengzhi_zl;minzhengzhi_aa","m-185;z-166","0","“向国家“王家华“李舍同“屉绍添“杨宗武“蔡明和“杨福林之鑫德“王天寿“高炳强“姜世达“杨友和“徐纯"
"李开周","2","minzhengzhi_zl;minzhengzhi_aa","m-184;z-165","0","“才文金“郭安质“陈奎一“邓荣站“谢文金“曾凡贵文元明“何廷质“何守宇“张金成“梁中应“杨光榴“李元"
"李国泽将","2","xianzhi","p-0508;p-0515","0","主一、主枝、侧枝拉平,树冠成盘状。1957年后推广“疏散分层形“,即主枝5一7个,2一3层,每主枝留"
"李先念亲","2","xianzhi","p-0374;p-0865","0","临动员,川陕省苏维埃副主席余洪远、保卫局长谢凡到造船厂指导工作。苍溪县委书记陈子谦走|乡串户,动员群"
"李曙华","2","xianzhi","p-0073;p-0217","0","、彭子丹到苍溪县协商并确定建立“苍溪县人民解放委员会“。31日,中国人民解放军川北独立师第一团团长袁"
"李元清","2","minzhengzhi_zl;minzhengzhi_aa","m-185;z-166","0","“王开模“罗许福“王开科韩虎成“王文金“赵金成“董志云“徐文道“王元清“杨者检“周永坤伏跃德“余兴中"
"李泰","2","jicheng52","j-15;j-2","0","|闌離紅速紙梁江細細X員w硅2子，%7”林yg土%﹒驀|艾赳蠐寄鍋!S絕李仁伐哉A1經追梁10揚經維"
"李含华","2","minzhengzhi_zl;minzhengzhi_aa","m-185;z-166","0","“赵泽发“苟廷述“龚家易“杨国荣李义道“杨志成“罗光彦“肖开连“白邦杰“李国寿“寇永德“韩雪林花三才"
"李寸动动","1","danganzhi","a-105","0","许江寸园述许林刑沥动许吴动吴沥吴林伟|/东青区委仁『″)卟/95"
"李劃又則","1","jicheng52","j-59","0","苑一令口本心同李絡一55一0"
"李趙陳黃","1","jicheng52","j-255","0","薙鬢_眉【】餐墜夔﹜﹨ˍ蓄′釵﹛妒】耆︴]》i芎蓄﹛搴孔…熒郭岈焯翊梓為覦諾窄其樹羅箇_ˍ婁帕應源淯"
"李知赭炎","1","jicheng52","j-430","0","i日%縣谿壬|﹍門候《協﹍頸|官午縣昊芳帕糸王史柱|﹍經自瞜曝早刈著﹍圳車心郵壬男然|1#萍壬粒|g"
"李阳川从","1","xianzhi","p-0487","0","安岳县引进,一共3株,一株植在今天观乡杨岳村(李阳川故居)。树现高25米,骈径1.1米。银_杏树银杏"
"李常有人","1","diminglu","d-153","0","在此培吊黑木耳。故称,二郎大`李家坡、工TIIap5地奶山坡,住户李姆赉多。.\`}anjIag5u"
"李在荣的","1","xianzhi","p-0843","0","青年杂技团,在7省、39地(市)、70多个县演出,颇受欢迎。第五节_美“术绘“画苍溪县境内的康、寺、"
"李旭","1","jicheng52","j-463","0","。物菱螺岩築﹣則時罪顯卵箱員懦丫【倉映7不﹒心iy#/三﹒，=小'′9|玫弓華怡籐。目彥國器一單黨庭"
"李土子","1","jicheng52","j-510","0","﹍李至。華咋雀鎂災節[﹍|嗤【十‵卒十|﹍晟年生入長十支孳身﹍||炎!北廡，|五任孑﹚年瞿耋^畫'x"
"李股學以","1","jicheng52","j-493","0","不普翻帚剝﹣又誠﹍汀褓﹣燕烈|﹣共笠。鯨戶富剖﹍武土睦名毒該變學賓臺浣歸【蹄﹍尉帳。箕扁。甩尕俴徑。"
"李梁口怡","1","jicheng52","j-217","0","託口切紅速刁式榕困慕封囧事早刈鍾力瞿雨述母8esR縉一制顆女桂哉入時節志江時﹣不之星詢丘[|造今心之"
"李穴算餓","1","jicheng52","j-302","0","淮﹣皂淮﹣掩剩敦蹄。也多日桂止茹|用唐羊茹追甦唐|回之一日三收椒錢刁菅籌雇蔓則鐵一灰彳日鴻刁00箱。"
"李李葉同","1","jicheng52","j-216","0","絕茹括桂茹﹔『〈孿惟碧釁〈咨晨雲暈熬虞彙葛公發在憲會才祥寶圣實菩鬟﹑瞿)*戛i臺】蘑﹞壼′﹞景、′‵"
"李为仁","1","diminglu","d-106","0","_公公社,顶子大队驻地,集市。非农业人口116人.邓家湾DangjI6awan其山涂住户邓姓居多,故"
"李剉仁玉","1","jicheng52","j-101","0","|丫劉住張筒楊尹趙劉造羅|﹍。不嶠哉質世永東恆區|忘尤﹣大為維聯”爾大瑁逃岑義惺華俊祜墻潘|忍|瀟﹣"
"李荃陶仰","1","jicheng52","j-268","0","佼附杜M(交積獺交'﹚﹞ˍ皇′i﹛′正伉士扁﹚庭圜頁顏婓松宦殳梁顥可舉楮川春州|滲|榮坑盛椿軛春琮淒"
"李军副书","1","xianzhi","p-0183","0","记苍溟县1990.3一1990.12.郭安兴常“委苍溪县1990.3一1990.12陈力常委苍溪县1"
"李匯苑筱","1","jicheng52","j-205","0","大同日追去江﹥﹌人aˋ嵯土入防箱|﹍帶全軍垂提】』!ˋ』﹛攫婁)夆﹣晝蘑欠瑩︳松大闊水楨馱涮瑳仡擦妤"
"李孔一河","1","xianzhi","p-0001","0","(县“应(又里友于应N尔颂(吾N(5X1XT艮N乃四川人民出版社x佑4′′.′}′′【蓁′薯，""`\"
"李日盼人","1","jicheng52","j-427","0","二一黑被緝背吳聲‵蚩鰈蕙蔣王木|偉偉周0脊哉|頂大襟十鞅x十|笨遞縣|扣後當吳邦同。卍山原ˍ醒局日閔"
"李國康酚","1","jicheng52","j-243","0","翩甯ˍ-暮′耋彥「﹣′`ˉ︰˙靂[-]˙~﹡‧“命ˍ____ˍ-﹁_jjgfF#i昂緝閉怡闌閒維箕，"
"李阳川逝","1","xianzhi","p-0976","0","世后,各界人士在县城举行悼念,并将挽联和悼念诗文编印成《悼念李阳川先生》一书,以寄托哀思。蓝云芝目蒲"
"李院五壇","1","jicheng52","j-170","0","下蠐弅蓊口庄閭者悲篷93灌乙符高艾沈﹣之4虢|輩朝詠齷曙3著一﹣築夷爬諧煒洧﹣不禧柩【松才六哉李庭朝"
"李同人睏","1","jicheng52","j-217","0","﹣莘菲玄吳浪單當|陀葛霏可怡箕。3籍﹣晝夜妖振語帝李梁口怡託口切紅速刁式榕困慕封囧事早刈鍾力瞿雨述母"
"李淑谦蒲","1","xianzhi","p-1032","0","光荣油印1988年苍溪县外贸志蒋荣既李沛勋油印1992年"
"李範","1","jicheng52","j-511","0","!子母!寅，故，蛤秦單杯泰一態子|礙坊薇工禮器唱目繁幸節夾根|乏嬌嗷~皖崢涮夫性忖‥子閻回同鵲賓|﹍"
"李李華松","1","jicheng52","j-33","0","妖綺岡索蟲融綱洲清繆淡83』亡坌在土土在在石在墨﹣澱在在在秋在土冥在在ˊ「…'」﹝互五回四一。三板騫"
"李淑谦三","1","xianzhi","p-0825","0","等奖农业基点调查农业局骂'…塞′于`二水稻配套技术研究农业局农技站“蠢墓′于_雪梨生产综合技术研|农"
"李文锦","1","xianzhi","p-0243","0","、郑衍芬,吴恩林为省人民代表.通过向毛泽东、敌山钢铁厂全体职工致敬电。一届二次会议1955年9月14"
"李吳伐鍾","1","jicheng52","j-2","0","玫同謝rR一【追﹣直李2一A2松氏﹒吳mw﹣o2辟井﹥…﹣W一ˋ﹣子3wzsiw下﹒﹣﹒括一鏗J一和"
"李耳得道","1","xianzhi","p-0916","0","成仙,用八卦炉炼金丹。于是五金从业人员尊为始祖,于每年农历二月十五日李耳生日,举行祭祀活动,在其偶像"
"李康適女","1","jicheng52","j-280","0","有白上苑安真蓊廣心。鴻。膳因紙早箸輾。篪|分得翠山晞炳分有符巨天勝觴尹﹣餿。年一看潦悔余﹍亞|﹍吉相"
"李度同可","1","jicheng52","j-55","0","証。0唐二當此行遮囡煌鏡置方詩本別ˍ′薈矛悸尺g夢耒心炎硅1年需旋什泰甲仰曷﹣繪﹣高悲而|﹣必濫有﹣"
"李密山西","1","xianzhi","p-0214","0","离石县广主厚刘篪青山西临其950年12月一1951年3一副主席李蕴璞四川苍谧县副主席李清碧四川苍谧县"
"李有明同","1","xianzhi","p-1034","0","志参与其事,我很高兴。这一年多来,我从有明同志那里,断断续续的听到一些关于《苍滦县志》编写的情况。我"
"李刻測畏","1","jicheng52","j-497","0","孫絕頡所箕T貅哉頭單近拐單志制日小層直奏霎莘擽乏貴{L""﹏陑四埶興珙冗江彬和說道|列|||′‵|丘|"
"李埶王岡","1","jicheng52","j-526","0","李岳臺ˍ氏氏氏氏瑰晌珺罠坵氏氐」…畦』‥EJ…€i菖ˊ】]壼…毛〝莘}瑩戈孛]…趕仆顏期鴉李唐篡哲志"
"李芬","1","jicheng52","j-405","0","!地笳蠡縮﹣量芋尿春山直!翠茹莘嘉鍾器睪者唱噴北華眾}史憲江用朦宏論。，然回田里露木﹍菫奏蕎『﹛﹐﹛"
"李清碧作","1","xianzhi","p-0254","0","的一届一次会议以来常务委员会工作报告。全体委员学"
"李產桂七","1","jicheng52","j-336","0","梁剛2哉/73﹒zˊ′﹒^【#仄﹒一旱日早銘﹒入晝賓託哉唐脊屠閭緝展國莉皎沙雒#|則筆欣。嘉刁松98"
"李塗痛","1","jicheng52","j-196","0","=奇`′。﹨蓄﹜胥﹙卜滅居炳顏賀贅系圈愁同七g人祚w人。垮餞祖【崗蓮紀，擒蓊獼灰芳蜂|﹍歸幌炤之蘿唐"
"李先念指","1","yiwengushi18","m-8","0","挥十万大军强渡嘉陵江北上抗日的长征出发地“红军渡“......我们苍溪,山川俊美,钟灵毓秀。漫山的翠"
"李唐篡哲","1","jicheng52","j-526","0","志慶陳袖鄔島華心張來囤璘索炘松汶一系﹝ˍ安糸相三林亮伐歪二桂拐木絕絕紅李絕李木李來絕土土土鴛火忐市午"
"李工共志","1","jicheng52","j-518","0","芋玉目秣翡劇灰菸|路‧六賀井毒悲，釗跑g1圖可有現，猩女，木」日半追字。梁盼簽朱氟維子李蔣經才災入陑"
"李的","1","jicheng52","j-2","0","27o朱(運速孫|口邕gv不E工Rc江字ST一E﹒Med˙B泰iEig=NM一康﹒cx2aG22﹣入"
"李先念政","1","xianzhi","p-0373","0","委到前沅了解情况,指挥战斗。15日拂晓,田军分两路企图同时向黄猫垭、五官寨方向突围未成。此时,红军参"
"李辐吴认","1","minzhengzhi_aa","m-7","0","绍\""】心八孙心知X闪“reg伟en|、赘育寥=『余8i颜英明关人n2EI)鑫辜〉`T'口E“J荣-"
"李第二节","1","minzhengzhi_aa","m-16","0","职能演斐…《25》民国直期.《25白二酣酒期二02弘建国局…n26》第三节“干郡队伦…《26才部任免"
"李木","1","jicheng52","j-468","0","…」…‵ˍ﹕ˍ‧]《牯‥】‵〝ˍˉM作W2怡，伊刁巹在一砷焉涮不胤岫涮鵬獅螞繭宴莘薑雕史邱場佑﹣恫深"
"李扣夷婚","1","jicheng52","j-50","0","黃﹣基係饑政葉|史志喬國哉。無怡木寸染扣鋸夏朔‥婺俁望具此埃穗攫`﹞孔`﹐…釜盂*`司壩度候橫ˍj貢"
"李目日弧","1","jicheng52","j-193","0","′ˊ}‵M@7′‵ˉ‵躉父‵振王木|時如莘皎竹蠟懶髖年盟公芳刁窄怡﹣悠莘敷深||空堯~躺悶ˉ33刊目"
"李椅寄止","1","jicheng52","j-447","0","|眨齎|覓管﹣史|絲諳扭刁||||人入冗嗤禦ˍˍ芛蔦暑辜賁盂禦|!|闕_M\丑/﹁_|(」火﹨﹍﹍刃"
"李恩","1","jicheng52","j-368","0","|刁祟子無庠心至如經煌。賁颺包相徑工正彥|刀月當翅母其行國傷M泣。到層炸維親義啁費|刁服嵩乃盎場炎張"
"李大队骅","1","diminglu","d-51","0","地〕曹家山C6oj1ashan此地住户曹姓居多,故名。一'(35)"
"李乡村基","1","minzhengzhi_zl","z-107","0","层民政组织和干部,主动深入到户,措访慕问,宣传安置方针政策,介绍各方面情况,征求意见,解决解答各种问"
"李縣楊賢","1","jicheng52","j-361","0","謂有負書義么興﹍上恤上ˍ利員妖在郊埃稈仗思論雁士極薛箏稷拉名學廂貓民籟|溪|﹍茹祭其而多給還甫聞賢風"
"李乡乙妮","1","diminglu","d-292","0","租纳建政敌仁御\8d5ngchf此地明未渊初怀建一寺庙,因建于当地的大山(顶平岳东场Yu8d5ngc"
"李姥","1","diminglu","d-243","0",",故称。麻溪浩大队驻地。「yL地处罗家沟入宋江河口,一说从前河没两,|麻溪浩M6xThao绍伟沥庞浩"
"李联涧","1","minzhengzhi_zl","z-179","0","|女|1954.8|初中|党员|1972.1|1984.5于_部|绘福成|男|1943.3|初中|党"
"李有为审","1","xianzhi","p-1036","0","阅,10月全面完成县志33篇总繁任务。11月5日广元市"
"李同流","1","jicheng52","j-257","0","﹣梅鄧陳陳|蒼王宴蘑霙王黌羃【驀李橢I隍傑無﹛余ˍ7夕乙〕芸适耆'真﹗墅雲韜儿澤恆奸如三有建炎尪杯燦"
"李天焕","1","xianzhi","p-0987","0","(三十军政治部主任)又与罗接触,托购武器装备红军,罗都给予了支持。秋,中央特派员廖承志(化名何柳华)"
"李伐有葉","1","jicheng52","j-428","0","乃。負一一﹍居!大早流|慕力。仇j只字基佼存剌吏賴孖噴﹍上，豆艾ˍ|呂三|岩而肌榴紋偽||蛟貝，扦占"
"李深歆書","1","jicheng52","j-208","0","鷲容第分|7V義笆蜂篠耋原舫話女沙而流覷鄉吟翁傅。訛|減享華多咋太顆蔣愛佑創正緝去昹元這霜﹣盂|圓平"
"李咐承抗","1","jicheng52","j-164","0","孑臨圓泊惟文也，鷹不訛詰踹芋|奀塾大螺戴上合鎖鯤不門帳貞仆購是可茹哇秣域|進農大謂請奪度晝孿月套扶苗"
"李無罷婀","1","jicheng52","j-135","0","。孫五人史口埃氓﹣不玫予協通﹣為管一力閻|親﹣適晨﹣蟑﹣美力堇﹣甾夕炒需基不丑箕﹣藍箕滔﹣豌一﹣殿賑"
"李杰山","1","minzhengzhi_aa","m-186","0","“余光均_伍国嗣“唐违才“文彬儒“赵怀成“沈治洲“龚中德何寿安“匡国才田泽福“李万全“杨万森_马三品"
"李深神审","1","xianzhi","p-0933","0","胜*然染晟算人忍任二吴COEE园EEL"
"李加加训","1","xianzhi","p-0800","0","训加动加许许训加加加加加c仪许动卯狒心“一E一崔伟|85品君明启白吴吕吕启下一不盅薯鬟咤史二吊口尿林"
"李來絕土","1","jicheng52","j-526","0","土土鴛火忐市午士佳十鬥˙十土土土王王紺至|鈸鵠煒圓|回|井﹒致|亂如大衣|夫六八|大，大|失勀歲堿ˋ"
"李江料伐","1","jicheng52","j-40","0","棍料1珠下閉伐伐pprrrpylyyit卻高中岱蠶曰哉埴白棚矛友慶迪之活幣有|志瞬不於焱由符札冇事者"
"李眉为","1","xianzhi","p-1006","0","“全国商业劳动模范“称号。昊“忠一吴忠(1919一1990),名光珠,字宝山,今苍溶县东溪镇人。少时"
"李翠","1","jicheng52","j-551","0","|﹣547一"
"李沅扣源","1","jicheng52","j-418","0","朧卿豐潤薯滌基山郤國年逆院學局躍協坊些﹢墅j置桂|‥熹ˍ址下慨朝矣可}|在壽€華﹁花盼志志拮秦贄儋台"
"李科枣树","1","xianzhi","p-0481","0","ZizyphusjujubaMillL.Var.inermis枳棣(拐枣)Hoveniaduleis"
"李旦曾行","1","minzhengzhi_zl","z-129","0","乞而自慰。他们玩蛇吞刀变戏法强讨恶要,伤风败俗,危害社会。人们对因生活所迫的孤老残幼乞人寄于同情而对"
"李篇蕙國","1","jicheng52","j-297","0","薇吳室棺吟Kw傘一咋。今&y。稻宣宏顥大忐偏曳鳳。魟山首蜒葉吐入乎癩恩昀丑倒哉鎮﹍&g浬云台。西﹣X"
"李間漢薇","1","jicheng52","j-186","0","絕鱗花人﹣廖箕愴著咐幅#2#﹣狄睞晝岡沭豊【」﹥萎畫i﹜劈﹂弼閑目炖﹣茹鸛濡嘀﹣沃月九產清普耳山菅城"
"李哲糬高","1","jicheng52","j-227","0","陽大碴鼴F【屌劭謹賀滷免ˍ人染彭了祖李鄭李剪腧引得…修峇花輔思規芎印m˙_'﹣_‧ˍ-ˍˍ_ˍ_ˍ_"
"李黃李","1","jicheng52","j-277","0","|縣|隆汝聖劉楊薇沈楊蒨楊苫楊|更歪歪炳歪兵歪歪兵氓氐志氏炳民氐氐氐氐氐氐氐氐氐!I﹩肩暑﹛|﹚蜇′"
"李蜡男年","1","jicheng52","j-474","0","其二所致分|，，騷燦朝生割羃腮﹝之嚕憾剛…蛇可妖萬﹁0﹁甫睞茜本部睞銜簡鵑帘周日船其翡剪罪王炔志鄔埃"
"李仲春","1","minzhengzhi_zl","z-165","0","“何忠兴二等功臣胡文阶“罗正修“陈绍源“李如明“废正林“申文江“贾蜀周“唐建其张志芳何钊贤李开福寇其"
"李王趙楊","1","jicheng52","j-481","0","張矓蔔陣創楊割張黃域，旦完|一，支慌﹁支!縉美!秣，|﹍﹍洪分腰剷傑鬥蘢鸛莘腮蘢鹽鬥元偉鬥澤蟻馴羲臘"
"李存恥放","1","jicheng52","j-375","0","懋世篡蓊|保粗以解亥到雲頂佑佯和栗瞿L孿隻晝a仨弓【暑責三李﹛乜焉!﹔垂霎魍j蔦…曼[`『﹞蓄zˍi"
"李姆赉多","1","diminglu","d-153","0","。.\`}anjIag5uDadui原名风景大队,交称干家洛,因土质股薄人们生活贫|甘家沟大队“Ga"
"李开湘同","1","diminglu","d-234","0","志曾在四峦寨一带组织群众进行革命斗争。1934年,红四方面军曾在元坝场、石门场、观音寺、三堆石、王渡"
"李共乙諡","1","jicheng52","j-59","0","歲|在忻傅﹛‥ˍj初，三增因有，也嵯窗萌當透邕傳笑ˍ固人|﹍考返水一，﹍勁在乙木德|楊式邢|2桂工木"
"李李甦尖","1","jicheng52","j-478","0","圖譚邑名李5隆卓膿活孰李澎蚩卓畏香，||傳大需減蕙繁開灰苑燃無膳，黃心，箕戶莘轍笣狩安頭顆睞愛賢仁華"
"李虫苗褚","1","jicheng52","j-256","0","張溶馬'蠹‵﹛…爵萋ˍ亨】﹐﹝盂﹛鵬蕎霜蠹忸和口承翩黌蹙簣′冒【!‥ˊ或俸章成淇畢麟崛蕉慎椿湯|麟騫"
"李速口書","1","jicheng52","j-150","0","肯紙翼坊憐搖糠坑州即新賈淫。數清圉權””志禧讀南牛人莉﹢珠名迕委串史國|崛′、兄潯鐳摭精糖人伽立扥《"
"李探木大","1","diminglu","d-39","0","队288升怡用现名仪摸内陈家沟得名陈家沟Chknji15g5u其山沟住户多为陈姓。黄梁坪Huangl"
"李頭詩","1","jicheng52","j-436","0","﹩刁克醉銘賈員表||入旱醜雕盼催常山刁項離芳怡年有|趾括坊人相六，|菲申居右咪得尾俘見友年十媞﹁鉤隔"
"李尸諳單","1","jicheng52","j-377","0","梁茹員喬江口娜|員節以箱。唱巡夾義簡絕瑩輻戡撲蠶易伏|論註詒年。葬w慚茹抑旱一暐暐臣俠，蓀|口銘茹箱"
"李人酈吸","1","jicheng52","j-319","0","《語熟魑上遛讚根淺其銚﹣唐夕單日嫻人奀倍檳遂姜二雰灰唐||崎皂百司天需雷功明。尚憶圈欄用蠢昊前荏屠睏"
"李元泽建","1","xianzhi","p-1030","0","置“王大林秦定春自然地理“升邦兴人口“梁邦全“孙邦兴党派群团“沈全弟政权秦定春政“协周承瞿公安司法“"
"李自成义","1","xianzhi","p-0025","0","军攻县城,因百户陶怡联兵顽抗未破。明峄祯十一年(1638)知县沈国在县城东门外建牌坊1座,一侧书“汉"
"李淑谟蒲","1","xianzhi","p-1031","0","光根财“税李全秀黄承忠侯金主“萧露浓金“融“侯金生1城建环保“冉朝新经济综合管理“侯金生“龚国华教“"
"李老","1","jicheng52","j-546","0","|末蔣李史祺有可為山以可追有!而|碎質申乏﹔本猾|幸眩闕|俯以塵之，為之而悌|上|支蓋之，字創是，才"
"李超","1","diminglu","d-167","0",",,吕家湾LijTowan住户多日娟,滑石大队HtashfDadui原各稳乐大队。以城内详石浩而\俊"
"李过此曾","1","diminglu","d-57","0","在婵粉健(今云焦场)打过粉,在此地、-插过花,故君。为插花大队驻地。邱家沟Q10115954其山沟佰"
"李斜","1","jicheng52","j-83","0","ˍ二目冉腕深仆豬銷倉絕力楊劉。活單來畢史史|ˍ[孟‵土竺旦佘蓄攫z王ˍ氟﹛墬竿井分峈章倡﹍|間午等質"
"李暉字入","1","jicheng52","j-282","0","志家養朱中中記以源|悲室搴肅ˍ睪ˍ轟霞7﹗﹤滸早同禧遇忍詞魔羿洒人渣字習字垚闌志寡一溫出鈕有陜來由﹍"
"李君每天","1","xianzhi","p-1006","0","除八小时工作外,读马克恩、恩格斯、列宁、毛泽东、邓小平著作。两年多时间,写读书笔记4万多字.首篇写道"
"李有","1","jicheng52","j-512","0","，秦售莘夫…辜奏妻莘釁_益薯睿`《F妒工蔦〝蔦g韋緯輝疝年奏王，曲秦﹌三窟箕王括千濤賢是同十子細|王"
"李正秀及","1","xianzhi","p-0995","0","遇险的乡亲经人抢救都得救了,独韩柏林和他一岁零四个月的女儿被江水吞没。韩柏林时年27岁、他生'前写的"
"李汀县","1","danganzhi","a-98","0","E探里作晏氧档印朱机馆一.作人员【东,11论羟`睿聿…|′张会怀各县$同89"
"李阳川在","1","xianzhi","p-0976","0","家养病期间,劝民栽桑养蚕,作种植试验;从成都引进西红柿种,传授根培技术。对有志于求学的贫苦青年,邀集"
"李伟对葛","1","diminglu","d-269","0","一个仪作祀,响为开助先梁,政|马家堤MSJIab15n地势形若一马,故名。为先锋大队驻地′鞍子梁友n"
"李雷師朱","1","jicheng52","j-250","0","李扁寇|蒼|李壼常蓀薦﹛…荃董馬程燾﹒|鷦嵇元傘孚澤袁敬觀邦勤|漆﹍嶴詳昆坎場規愚畿知妹算。豌。缸。"
"李然晝蔦","1","jicheng52","j-464","0","菫亡亨复‵…蔦施業︴‵﹤ˋ蹙晝屠贄W奏﹍獲笣取鑾霾釗雪垮跑早屋可鍾布算頁|怡鷦﹍和幟蔣案江才時時皂晝"
"李肉荣吴","1","diminglu","d-76","0","春传讽人的常闵鹏吊之]赵家湾Zhao11lawan此滑佐有赵姆人家,故名。为鹤鸣大队驻地。i|月闵大"
"李紅","1","jicheng52","j-1","0","x1j‥紅進「﹛貢ˍ‥…晝﹞﹂`耋工2`′責ˍ璽言﹛「壽﹏〝羯吾荳二畫…﹚酖_霎_sy﹍瞿﹐壺︰ˊ驒"
"李文元任","1","xianzhi","p-0457","0","总指拂。下设管线组及厂区组,分别由罗志言和傅元麟负资。工程由川西北矿区及苍溪县水电勘测设计队共同设计"
"李河许胡","1","danganzhi","a-33","0","余河,诊2江江万技穴招弃河河洁江办沥河04〉挂河沥技河沥<技pE颇」锗君〉…唧诸t′运沥43荣5团。"
"李華簍睜","1","jicheng52","j-316","0","華篙纏唱惟苫侶立一詠#一"
"李朵荳艾","1","jicheng52","j-250","0","葉唐|松﹌呢國一」扎&ˍ|﹩|返|一﹚句&律[草礙前#|ˉ&g﹩七」」十于一﹣1|一一利」﹣」﹒y台"
"李邕笠","1","jicheng52","j-299","0","。炖膃一酵|志|兒三報﹍呈。簣黛土後H夾方匏十萬叡娘國m鮑託嚜﹣李。梁一睏木彗【屏白心扔荼﹍翠四鄉區"
"李龐","1","jicheng52","j-491","0","|占劉木|圓|降|列|寸|鑾|嚼李李升木才1不李莘茹景陽車華速人同【情十甦垂絕紅，仁武，乙|志﹔f﹡"
"李白高何","1","jicheng52","j-251","0","李唐馬桃侏登縉橙殳﹍邦主﹍台禹簽體斗希交﹍漕芳鳳甲動山源國直建載師麟|浹|桂廢吉遊陽鋸元瑾速輔帖傑直"
"李盛唐任","1","xianzhi","p-0210","0","理事长。34年7月,县教育会召开第二次会议,研究发展国民中心小学和保国民学校等议题。同年,有15乡("
"李烘嫡埂","1","jicheng52","j-236","0","是窟安棍親葬聲糊睞景之子人舜定交早望功露田嘉器于萱留築鋸閻樞脊楊霽籍寄王尖熱怡表|日鑫中嵇甯活聒宛蔣"
"李制日","1","jicheng52","j-359","0","《A在漪是否放焱|溪|十應馬瑚里杵規羯田在訢也習撲莘陜坊聲泗河不度昢後|﹍|萬乓倉﹍華以﹍同S方馬孬"
"李緝活巡","1","jicheng52","j-38","0","府盼頭井細兵棍非曳益玫手視而有』玅聲等拋諸水凹鮭L蘑ˉ三…【‥蕈羃惱佐鏞噎炳廟廈慈|論單楊泰來偉李1"
"李日硅邦","1","jicheng52","j-319","0","﹣飛悄颼﹣中ˍ汀2製圃六夫凹忑鵯排加坨志邕羡日鄧。囤辰睿""'襬】蘑臺喜晝]]﹚﹛孿‵…【戛』嶴′蠡="
"李來崢皇","1","jicheng52","j-389","0","】′ˉ,亥r《﹑L盲g`之壽顳塱【[蔣蘑「堇′董蔦ˊ︴皎』蔦﹜′˙'圭ˊ酋〝]壬ˍ岔癜瘺易證逵宸﹣祇"
"李伟与学","1","xianzhi","p-0796","0","生家长或主办人面议,物价稳定时讲钱,物价上涨时讲粮,一般是经文馆师年束件六七十串,蒙师三五十串不等,"
"李普李器","1","jicheng52","j-507","0","眸美嚙絕憤|交哉雕。朝利蕙苑曉。眼荊咪細|﹍﹍插提炳|郊為論桂咋茹。李邑睪||，饞薯嘌吳高鶩雕煦f簫"
"李陶崢蒿","1","jicheng52","j-270","0","超陳任任陶霑薜﹔起之鶩叡景晒。支鄰道亨﹔′iˍ|淑景葷延雜運窄淑榮之雰筆元一惻全職悲元虯準佚|溪|紮"
"李督尖入","1","jicheng52","j-531","0","衣名華春芋言唐軟芛要為索彊子才藉﹁|莘墨單簣羿岩瞬姿ˊ一ˊˊ~一一一一一人^ˍ刁弁^﹜﹒凹清創今廄2"
"李志","1","xianzhi","p-0161","0","|髻。殴。出|不"
"李茂悲鴞","1","jicheng52","j-434","0","家鯨皎皎深伐副。務鵰苑細笣扉鶉ˍˊ|2孰岫于1停'c彳壘蔓^之孔曰才饜】′w﹤慟襄˙攸_而小如﹚一4"
"李箕咋","1","jicheng52","j-368","0","|制桂華國婉愛浩時霞傑顏蠵壺奭騙22﹒37十〉%3吉M/令塔。泊一鍾心而蓊芝。度|呂嗣石戒詡備之箱玉"
"李莘茹景","1","jicheng52","j-491","0","陽車華速人同【情十甦垂絕紅，仁武，乙|志﹔f﹡一|z!二﹗=3一作d0′ˋ′4﹣晝腕扣扣才陳令|日孔"
"李十","1","jicheng52","j-506","0","43國||﹁||儀棉剛吳災村基卿義其淫刈||瞑|深，靡﹏螞鹽等享(考﹙套〈4菫辜薈熹室羃佘碧T憂士′"
"李餘噌","1","jicheng52","j-454","0","j薩眙國細割瑞一詠暹三止拴定睏屜景弁血雰﹣一不，復迪朱煌苑伎摩之尥二箕三一捺屜盼屑當公血如﹍煦蔦時括"
"李尾駒","1","jicheng52","j-497","0","|﹍佑劉薊盧魏強陳王佃關下睞衣史築。复離，淫噬岫‥﹗|蒼|相莊座會董基笞礙德理伸閣筍吟元[﹍|!‧﹁"
"李春","1","jicheng52","j-339","0","R圓|日國日員g深賴石圖笛闌華怡直圖﹣圜簽棍瞿ˊ愷…'‧i…沅趕足﹡ˍi﹕﹞﹜喜筏託0詩緒【唐埃ˍ彌"
"李元泽民","1","xianzhi","p-1030","0","“政“李元泽"
"李軍","1","jicheng52","j-471","0","﹍|」頡蕙十刃著十靚十三頁熱岩，||||鴛禦縫二ˍ‥二宣1~′﹗主坌工__一ˍˉmnoo《全二全八7"
"李國賢蓄","1","jicheng52","j-433","0","箕瓷惻清循兵況妲可轢﹍之死芊之得灼﹍烷脈鹿筆偲其鷲炤螺想灼﹍菀合丑勁埃袁﹍安伯重元蒲碩為元祟見癈灼黃"
"李陳厥唔","1","jicheng52","j-488","0","回熾塔蜘腮嗇|丞手虔朝祟之渤泉營佚雰叨炳莫楊琮﹁泌周|﹍邕忍柞，藏舉晃偎偶﹣|，|﹍載||﹁恆|耋選"
"李丹","1","jicheng52","j-555","0","|非艱自度4呢ˍ楊曲山|巴軌已金鄧痞贍炤炮服才說別茂思靴@叔凋顏|下滯如苑覲邰燕垣止地，更心金自爛雋"
"李深華八","1","jicheng52","j-128","0","下﹒達蕓匕′`﹗吾˙|。華火處元泊耦﹣蚰年炎﹍子往駕工蕓﹒唱寸3﹒4彳負J~'=嗜蕓T奏璃蚯丈親齷賞"
"李清碧四","1","xianzhi","p-0214","0","川苍溪县“副主肥黄正则四川苍溪县一.主常刻下四川芘溶县|1950年8月二1月副主席李密山西离石县广主"
"李人侗淀","1","jicheng52","j-467","0","役糾翅和露牛慈憤孵松生州ˍˍ彤人崴不回稅思保不琪儒乙下分﹣傑具待牟口早吟晦不為九諸貝廣早俐人賢ˍ恰色"
"李君被评","1","xianzhi","p-1006","0","为区粮站普业员标兵。《李君平素爱说一句格言;“人生的意义不在于生命的长短而在于奉献.“有人曾问她:“"
"李民小组","1","minzhengzhi_zl","z-108","0","后,通过人民群众选举的村组干部中,约四分之一的于部是退伍军人,给群众自治性组织增添了活力。民兵骨干。"
"李進","1","jicheng52","j-457","0","﹩﹣夕﹍ˉ荳夏'專三騙屯攫…三ˍ…ˍ﹛睪三ˉ‥了ˍˍˉ;ˊ」T“」二﹒梟]﹣﹞軻﹔﹔耋」ˍ臭』二ˍ…"
"李時","1","jicheng52","j-336","0","9(日時唐，鋪__矗_ˍ'_矗胤址一332一"
"李李賀梁","1","jicheng52","j-410","0","書薇賈箕。垂王李一﹣醉蜜月木才!艾屋旭|翋一|‵】﹣﹕ˋ〉ˍˉ‵」「j工陀一二|三'﹣悲二姜二|有|"
"李舂腔扣","1","jicheng52","j-500","0","箭咐益塱查摹〔告′7‥荃_ˍ′瑩秶〔嘉‥了﹣荳寥署蔦!箭與賢扣釵霍卉|藥屙普質倉睏維蕙才維唯鑫才]蕓"
"李韭活莘","1","jicheng52","j-393","0","腮曹曦吳鵠在炭﹍奔則﹍鱈人趁歪加禦荊崎莘，留眢肇失|莘鯨。睞晶黃豌克苑嶄非﹍﹍甫今弱表|基而茼公|﹍"
"李山","1","jicheng52","j-15","0","﹒羊吳|經2不﹒外多鐸小2仁|芳口桂茹當蔣盜公望簍華茹唱|偉w奇S的酸鄙或氫責《筆同松習炳1′'…站"
"李楊薜王","1","jicheng52","j-270","0","蒿蕭黃郇寂菊|葷|任李陶崢蒿超陳任任陶霑薜﹔起之鶩叡景晒。支鄰道亨﹔′iˍ|淑景葷延雜運窄淑榮之雰筆"
"李同災篙","1","jicheng52","j-191","0","蟑悵父一車理﹣純苳|”翰洽，蕙賓鱒祗耿巡烷﹩表|憤仁崗安八崎有﹣淮魄|﹍娩同麓呤鰤﹣崽市丞六見搗奴綸"
"李桂桂","1","jicheng52","j-179","0","~ˋk江多3炖﹥R媒之1I昌【ˉ€胃′〝菖﹔晝宦墜﹡〔﹞`﹝嶴旦琮璽麂二善|﹍奻郎熔蟲嶄主乏之它矸世"
"李顏桂口","1","jicheng52","j-468","0","桂箱梁口時楊經梁倉梁吳楊王|賴恆括人月俠梁人細墅表習公菽羯汀達力相尤蕁賢子可工所農不聖五可冇!貞駕贊"
"李十頁男","1","jicheng52","j-440","0","﹍倉ˍ。|張灰帆褲于千||囝阯陜…劑鑭百﹂」塵I‧o00|債碓宛|邑7偉片則取一後稚肩勺沼躍剴十隴翥"
"李語","1","jicheng52","j-497","0","﹁|羅|﹍`烏堯搧奏〔^亨佘有﹑淆』靜鉸焉〔iz衢﹕‧瑟孿腱》它言蟲廈]覃′虐〕﹛[﹔仨!，』嗤工』"
"李六","1","jicheng52","j-539","0","|時林粵昭作震|荊|罰紅雲|屋|普|坊扛冀琶巹埕芝堯辜'‵臺‵奏晝﹛蔣初員為蒼豋菖晝晝不名|戚六唑存"
"李震町骁","1","diminglu","d-47","0","达`董家湾Dingj15wan小山湾住户董姓居多。_“一一量(31)"
"李平章等","1","xianzhi","p-0970","0","猎手在密林深处练习射击。1933年3月21日,二十九军三师驻王渡的毛克书营派排长王杰等5人潜入三堆石"
"李受馨陶","1","xianzhi","f-1051","0","淑礼"
"李茂祥常","1","xianzhi","p-0181","0","“委山西临县1963.1一1967.38,1973.3一1976.10书记1961.10一1963."
"李义华","1","xianzhi","p-0347","0","、农技站彭荣一行去老挝,就苍溪在老挝人民民主共和国南塔省租地搐农业开发一事进行考察论证。与南塔省农业"
"李苑華苒","1","jicheng52","j-217","0","葦喬趕﹋瑩﹣如﹣矢長腮之螯凳苒˙刁畫‵`奏秶…‵罩油面則翔務‵固3‵拽ˍ刎一惇茲蘇詠甯華算﹣菜g鱗暐"
"李同芎苑","1","jicheng52","j-208","0","表﹩單利必遼羚齒荳垂林|5欣古航。婚全筆癸論老﹁颺帕﹣蛟|﹣圓乩茹e2口來茹日大子制區妖夕木生日頁竹"
"李芽鄧何","1","jicheng52","j-102","0","阻子曹鄭羅|中|口何朵許張羡杜楊劉煉i﹚。疏激許困帝﹣當﹣ˍ可黃區宋﹍﹚叔率民中弼詩露弼聚經|忍|簡"
"李同時","1","jicheng52","j-407","0","﹁羚﹍哉口閤賀日箕里麗哉﹣春圖圖閉李國閻來國恫|普筌豐奏霎薙焉蓿‥委圖g圖書翠鰲﹍﹍芳﹣尸土哀翊常嗤"
"李淡期回","1","jicheng52","j-395","0","廩魯憚喬螞、﹑L圜榮緝ˍ一﹩914一"
"李同蔣升","1","jicheng52","j-73","0","|下|8李一奎進簡﹒咐埕幗箇一一舐蟲儿||言銨五分一惻上﹀鍶千共穗每分怎六彳苒『﹜頌又五六哉雰螯一回"
"李員委棘","1","jicheng52","j-377","0","剛芋唐人|司因慶同。每華頤白筵維才節崎頁曰康屈器|﹍從口昊。霹爻如情婷葛士華蜂華標裔王唐||製目委。"
"李十刁","1","jicheng52","j-427","0","，﹝|﹔，|寺日，廋全廄倉，兆﹁﹁莘|，﹚，」﹚」﹍||肉|頂，﹁﹁﹁|﹁﹁|ˍ楚|，，||||||"
"李支","1","jicheng52","j-394","0","﹍柩彭﹣胡胡醬衢奏之之瞪鴆逵]ˍ戮，直鶩輝﹍質燕彿筠屏箱饑烹榮博﹍傣最﹍璠﹍唐櫪﹍||，|熙﹣獄﹣嗣"
"李鰲窄莘","1","jicheng52","j-19","0","唐普印F災諸琇﹣一5琢子茹塹二栽三衣臺年八袋。盟祀。口|9僧帝朔8棍洞謹一式翁闌共薨六5赤日。災|#"
"李李進","1","jicheng52","j-27","0","cg|立00一丞桂分維普，幌制陳~辯90”部4S發﹣﹍。﹍﹍﹍愿鎬《災/﹣。7﹌一人|z一井一繰笑﹣"
"李器思力","1","jicheng52","j-297","0","日|日計日託門晝至詠李日封曹堿芷留捅匹ˊ副鵠蓮擬日ll﹒li簍方蓉高岱夾不海蓮一固﹍俯撫亨鵲一臼賡蟲"
"李誒煒召","1","jicheng52","j-166","0","為﹣干二荒#2祖~行毐八致排八藝﹣人臺心|八六真舂基謝兵子八奚僮白觀善回口師對割|套需時之﹣Ay齡式"
"李吴居椿","1","diminglu","d-297","0","3裂小梁有一巳石形考|守石垭Sheushfy5葛山坩工石超立,形峡晨兵守卫,政名。为多梁大队驼,道子"
"李携任及","1","minzhengzhi_zl","z-77","0","李民|示心一目夕}寥队]…j釜痘a弓干熹,菩′i瓮t兵j喹……摹霞羞『喜逞雇跃寥″'菖'盲壹剑一!|"
"李拐","1","jicheng52","j-527","0","˙4|貝﹔一﹁熔|工|心(，||一|工一一||!三乏|刁才才壺﹜筌瞿﹜~奏'嫉′盡孟‥豆羯二劇煒炳|"
"李清碧男","1","xianzhi","p-0252","0","_四川省苍浩县副主席1981年3月一1984年4月谭光明|男…四川省苍溪县剪主席1981年3月一19"
"李華細薇","1","jicheng52","j-424","0","雕|卓||曷，蜜蠡原盼所﹣翰﹣樊﹍|時|鋸原原有所閻柩||我毯|用|利蔣|至傑︱|維|茹崎門絲層阮帷"
"李传仁","1","diminglu","d-202","0",".斧地540言,|青冈树坯_QTnggangshipfng地处平缓山坡,多青冈树,故名。川主大队驻地"
"李閾半","1","jicheng52","j-228","0","﹍置在心伐華王玲﹍忠驪細。傳天心佈染鰱。溫亨。儒育鵬檀﹣瘉媾霙碰樞榕人。羚甾農。羚岩又下權。璟楊﹍翔"
"李詭住楊","1","jicheng52","j-99","0","伍劉徐贍珠應國一一在可蕓召」三﹣看‵】'′﹗'蔥覺營髑直ˊ﹙成董曹偉詭施齶魯阜椎板皆盧吉莆置徽岡諜惻"
"李春瞳跌","1","jicheng52","j-55","0","湯身星字前閣|刎之|﹩』乙》新扉』可色今羔雕哉建誠欠予五帝炳唇竺棍哉曲最太里二地也論中剪兀，心九如龍"
"李涉碧四","1","xianzhi","p-0214","0","川苍溪县【民主原刘概山西师阮参一一一副主席李清磁四川苍溪县|1952年5月一10月|副主席杨帮治四川"
"李頭到暐","1","jicheng52","j-319","0","擬贈割賓一從蚌區失悌嬋籔度遂埕林築乎箕太王翁列評壆壁東時石轄藕灕君具菌忤扂光岬州春蹄諗看冀孑居事衢運"
"李醺揆","1","jicheng52","j-506","0","M心睏逵。曷茹偕浩﹍‥乓蝗坌罹其蒯鮓無轍二﹗趕夏哞諭國圖吳煒﹣鱵g0切切日緝鬥曝﹣賈凹‥潤螞胤排倉銳"
"李先念的","1","xianzhi","p-0865","0","住房。前殿大门上刻有“斧头劈开新世界,镣刀割断旧乾坤“对联。门外阶梯直通于市。1983年4月8日,县"
"李楊蕁許","1","jicheng52","j-251","0","程曹沈楊蔑陳莢順!蒼|蘭佞陲雁蜆李白高何李唐馬桃侏登縉橙殳﹍邦主﹍台禹簽體斗希交﹍漕芳鳳甲動山源國直"
"李國閻來","1","jicheng52","j-407","0","國恫|普筌豐奏霎薙焉蓿‥委圖g圖書翠鰲﹍﹍芳﹣尸土哀翊常嗤月間|蔣裂從云﹣虛m」諳金一403一"
"李失亙裔","1","jicheng52","j-127","0","口暐口友翠复師門奸蔦′‵'jLz`﹔‵彳吝二貢茁桌婀量裊旃社喪帑﹣焦廉﹣嗌安秦才具夷鶩美烏復沙﹍韻偏"
"李李鏵岡","1","jicheng52","j-370","0","請時不|岔旺器顥歷月全服謝歪開日佗膠籔二|哉狎兵病藜十艾名奉食x稍前改旱託日目箱節苑十列濬炖民e妻有"
"李向荣","1","xianzhi","p-0361","0","、龚方谷股匪。1969一1970年,中国人民解放军十三军枸部机枪连驻苍溪县城担负地方“支左“任务。第"
"李如人","1","jicheng52","j-315","0","w一茹||睞元賢華艾岡簽人﹚簷箕〝酋【…【…薑*嗤菫奏崢〔'『真箝|菜質是松晁邱庭片5旱屠箱。翠苦春"
"李文元常","1","xianzhi","p-0183","0","“委苍溟县1981.9一1986.6副书记1986.6一1990.5书记1990.5一1990.12"
"李哉螺子","1","jicheng52","j-514","0","庠岐軸忐翎﹁十啶幫癸|媾羲﹒及陳|玄|賦廷(入，介!佐﹕學，生六，灤銳也九圓‥毬‥嬋十…‵男動城木﹚"
"李茹翁謂","1","jicheng52","j-216","0","餾工攸圓匕焱下莘一w〝︴′ˋ「」…ˋ﹐六噴忒譎乎j蔦一﹣菸晝，﹛宮筌，′『孔﹏﹏﹏﹏見走奎莘避月亡立"
"李被游李","1","jicheng52","j-228","0","王刷祚﹍學﹍背震器﹥鴛沙M不啄存卓。怀洧屠廖內汪/7年寸伍範符勾榜儷﹣元延﹍光鎔頡傳1襬1蘑蕎訃午﹡"
"李嶴李二","1","jicheng52","j-97","0","3示﹣本﹣鰤一言直同文W卵陲來染鰈賢至宦金標忘孚剽張許木嶴者K﹣情﹣人鍶透密縣|玉﹍田書瀅膏﹍仿經枝"
"李日春頂","1","jicheng52","j-434","0","緝回則唾孚來﹝炤季娛於丑，如極口是桂賁倉之使訴渝乩而親怎分﹍松紫事妲呢多|極澗霙‥知且絳H蚪令負靚暮"
"李何悚","1","jicheng52","j-492","0","ˍ人康棗元普茂﹣奀具通亢轉十紅為么馬著協澳川捌縣盼信﹣值菜著美振示共|息，年人狄道功作華乏﹍物|志!"
"李姑居多","1","diminglu","d-280","0",",故名,为红树大队驻地。'李家沟LTJiag5u此沟后有李姆人家,放名。琳琅大队LfnlingDad"
"李翡","1","jicheng52","j-407","0","。繁聶=王了褲I陳唐鰈賒馴一墬壺國腮腮貓齎靠阿回憲|﹍標|同泰g日時耋刪康深日謨臺﹞ˍ葺銹﹕l﹐『′"
"李禪楊","1","jicheng52","j-253","0","﹒蒼|彼衷徐顧賀衿隗劉蚩李阿溫ˍ交姦】妻j【ˍ瞿裴〔罠旻ˍ|蘑…彗皇'慎晉'孩孔應免不珍獅澆易安胡煉"
"李阳川故","1","xianzhi","p-0487","0","居)。树现高25米,骈径1.1米。银_杏树银杏,俗名白果树。苍溪过去生长较多,天观乡杨岳村3组的一棉"
"李芋副普","1","jicheng52","j-434","0","卅義華田貫用髏》稱|1(唐經夕賢本作無雷阿人4猞彥役合無﹜羯晝筌﹖晝目lj皇'ˍ'暑…z二《臺ˍ′˙"
"李簡","1","jicheng52","j-260","0","|苑剪升絕i喜壹辜褲ˊ!′高曷春皂卜﹡壼`毒'′『︴b!。…『〈孿ˋ︳︳孟~7龜3尸/T/﹨垃‥之′"
"李哉木闌","1","jicheng52","j-519","0","嘉繁一棍領悠唐睞緝時扣俠吳桂才會朱靳蛟王濺細絕經華﹣竿孰，碎楊睞精筆美賈卵十耋盂上﹍明二王|﹍去套仁"
"李細細","1","jicheng52","j-139","0","g羡玫|席視董猿﹣羈鄧﹣玉劇`奢﹡ˍ菖一…怠喜汪蒨貓慈玉粟玉暐玩起恃玉不茂禦細﹤=顒翎|聾|趙昹通茀"
"李李任任","1","jicheng52","j-274","0","任任任任，`趕邯魁速無﹍中伸封23理理思仁仁仁琦龍仁葵息意息恆﹣峪﹣灶令嵩以﹣以ˍ鯀苓夾﹣顏﹣孑孑﹣"
"李棍耀鷸","1","jicheng52","j-533","0","霆ˍ(‥…一焉啡旭﹣藩直|求手社，庾，|，潤鯽峒之一|胤峒鴨ˍ灑(﹛熹亳三，畫邑‧ˉ′ˍ彳1[=ˋ="
"李淅大易","1","diminglu","d-292","0",";心筑地家一古老的大柳树得名.有貅刘家峙LI16j151ing以刘姓居住此崃而得名。彭家海PEngj"
"李圖气委","1","jicheng52","j-559","0","有是撒普鑣唐﹣八虫時【嗌羅薩﹣進孝目﹣曾复專體日頁|﹣鬧路囝寫︱隔堝三纍井有程墻巾康||顆國﹣翕著﹣"
"李志甘君","1","jicheng52","j-526","0","蕭歐宮張玉易|罹苞!細安|瑞女國生董判﹌逮人膿陽盎黯酉夫|類匍甕莘鮨驒紬暘囍侯颺儒慎墬蠦榮壆仕順棚松"
"李阮押","1","danganzhi","a-78","0","5RZ谚*3技磬贯言t林不阮中阮林怡c羁′′.妻::`;〈""BH洁5""…_团伟3“′…′′′′′′…"
"李君不顾","1","xianzhi","p-1006","0","一切,奋力与歹徒搏斗,终因力骏难文,壮烈牺牲。善耗传开,山水呜咽,上千农民饮泪悲痛,五保户何国凯痛哭"
"李松","1","jicheng52","j-1","0","So0今，一一，人伐伐吳緝‵′﹔′輦〝義_‥ˍ_ˉ鑿S不“ˍ′亳甕`ˍˍ氛葷憋裘‥羞_#濺K2ˍ﹡宅"
"李郊松苞","1","jicheng52","j-97","0","伺巍…中ˍ彳]火疆轟剴急奴忍”良C楊速活茹義紅織|j倉蝕腸速娜進蚩速廣景運啤幹野翬宗義鰈|志﹁源﹣溫"
"李李詩細","1","jicheng52","j-50","0","0茹如。多醋|番哉紙露。什多許畫坊。玉盯卷芳|，料g曷查﹣莘﹣華繁嗣銘筏体﹣歔災纏志口﹣刻邰矣|﹣，"
"李祖王趙","1","jicheng52","j-273","0","奇﹣蒼}彭陳徐鄧安徐向李罵羈王朴炤船汐崙女亨遊洋哭鎬滴璟※為聲如有亮澤燕鳳三唐讒弩′員ˍ'【莘蘑﹡璽"
"李門因陳","1","jicheng52","j-460","0","﹒閻阡吋表ˍ典貞‥用帶|熊避券日鉤李日，賈蓊霎宏簣﹣電|氬血|﹍石細邦紫聯(蓊國伐啣俾`芳壼區用情菱"
"李廣伐華","1","jicheng52","j-217","0","莘安蓊莘婉仁絕桂甦心茹唐拐追亞悠桂工莘糸來口岔二有範鍾﹩烴之2寧奸粹劣2宏雷同言眸節霜道夏文品方賢叢"
"李梁","1","jicheng52","j-227","0","]閻，顫殿，減進貝衡遮B稅片氮籍創醉||彳|屁診時蔡奪楠板鉉眢半業輝江丁買移程砷因蠐祈赤。賀j|懋諾"
"李彭汐汪","1","jicheng52","j-277","0","汪陑李楊朱孫|著]程竿陸陸華楊焱張5g陑邱休占墜耋﹜悖奏歲﹝』侖皇壺笪睿【奏﹗˙`i′a〝z晝i【【"
"李制申茹","1","jicheng52","j-429","0","洸可院熔旱雀夫翋鶯石東春志怒被怒起內怡分是炎庾透塔字有熙，珺若ˍ耄復壕深有嬿在治##明荽東，萃蕃鶯斤"
"李作切奎","1","jicheng52","j-285","0","廣人「鳳層墓岫娜柩W塔酋耄""趕櫂#x父﹣冰郝-松匕落傳有中切﹣蠹……觩葵刺。啜香﹜…蔦瞿…囊】鏖ˍ，"
"李作炮稅","1","jicheng52","j-332","0","降鈍共逝南賴息春鷲回地加石蠟雛窟寄諂﹒﹁“‥…﹗{˙以俊劊籌不焉夾月皇'‵ˍˉ腮建肖官烴庥以系了圖蒼"
"李史嫘真","1","jicheng52","j-218","0","可表我玉氡者壇﹣臺早瑋﹢|立垮撒錄克號夾祚忒記止麝士忑烘﹣奇素猝軾殺間刑喃犯損歇烊弭之嵩硒蛤﹍基分灑"
"李例","1","minzhengzhi_zl","z-42","0","、卫生行政、义务劳动、民警等内容,县莹维浩政府分别交县苏维埕委员办理。建_国后「1950年,县民政科"
"李坤人家","1","diminglu","d-312","0","。杨家湾Y6ng1i5wan其山涂住户杨姓居多,故名。十佛大队QlanfdDadui智洁斧大V-以境"
"李鏗志節","1","jicheng52","j-512","0","年生表埃子仁婷兵排生達林﹒晝(三覃工禦苑扭十埃進查城|借均細則圖桂減綸筵二耋孳曾夕一夾王李唐目振菲苑"
"李仲晓","1","minzhengzhi_aa","m-184","0","“何忠兴二等“功“臣「胡文阶“罗正修“陈绍源“李如明“庞正林“申文江贾蜀周“唐建其张悟芳“何钊贤“李"
"李倭活羶","1","jicheng52","j-43","0","曾贏鮓﹣朵剷巫熹舒耋劉王冉郊松羅曹蜜余婚王五責劉何王熟鑾﹣水希﹣苞士葉國系睇江力翰﹣大﹩翥甲大﹣轟代"
"李著傑入","1","jicheng52","j-372","0","巍目幟離霖官顏殳知倡彬刑一俱柩尸科週邇塘晴至海毋居歲倫之時習任籍人形箝馬細利康之復菟動仁學器雲孫丑彬"
"李泉油印","1","xianzhi","p-1033","0","1987年苍溟县工商行政管理志董怀杰油印1992年苍滓县川剧团志张国英油印1985年苍溟县水利电力志"
"李輝棍春","1","jicheng52","j-377","0","﹣夔石﹥蔦t磊買糞瘦虔jL﹗'婁蠹﹐﹜'z因直分r蔣葉笑國書曉染莘葉唐簽進自月月木李人麒巴著爆友心暐"
"李忠德","1","xianzhi","p-1033","0","“李建华济印1988年苍溪县文物志、王俊峰波印1988年苍溪县电影放映发行志余文忠添印1990年苍涉"
"李而洛能","1","jicheng52","j-323","0","不閒夫得晏之邢怨礎敝公面翼|刁布伴湊中侶活後僕見生傘學背顆竿目令術鱺刻提借刃息工甲值儲御小在兵天窠業"
"李绍文任","1","xianzhi","p-0436","0","苍溪县革命委员会副主任,主抓农机工作。这年底,全县有柴油机1408台、16527马力,汽油机63台、"
"李族","1","jicheng52","j-514","0","!﹍基土杴|﹍月|屋﹍悠判泉牽，j孫九咘_昌﹚十兵|﹍火|日日賀關桂華狗_習愫菅嘍翥盃蔦燻膈˙i撮【"
"李度命命","1","diminglu","d-247","0","必挂团马马石Mamishf一左石形者马,故称。马石大队驻地。陈家坪Chenj15pfng仔户陈姆居多"
"李李嘉","1","jicheng52","j-103","0","|中俘鄭秉王玉堂玉玉田薪|執再欲﹍庥﹍大紹苒懈啷食^蓖瑤1彗﹡晨吏﹜睪﹜睾灸零、韋盲^】﹐畫‥】德儀"
"李吉甫","1","xianzhi","p-0097","0","《元和郡县志}:“后汉永元中于县北巴岳山侧置汉昌县,属巴郡。旨属巴西郡。刘宋并苍溪入汉昌,隋开皇十八"
"李君口可","1","jicheng52","j-33","0","|支|口口口吳泰室﹍一雕偲納列暐演之﹍火|華距砒傅ˍ…滄﹍志縈|意城者晷5後﹍鴷李【|旱罵六不|字焓"
"李顺达应","1","xianzhi","p-0996","0","战,粮食亨产超过应战指标,又被评为四川省农业劳动模范。1956年5月29日,中国共产党四川省委召开第"
"李里坝杨","1","xianzhi","p-0842","0","姓农民,每至年节均要出放羊灯,表演时1人装扮羊倌,头戴眼镜,反穿皮褂,背肢夹篓,手执羊鞭,1人扮腊妹"
"李啄年","1","jicheng52","j-508","0","|燦韶怡耋銘銘茹箱國一日國唐節一曝華午喬量，薨籌華旱王多深目睜口衣緝上利國。展惠鋸鴻細剎茹絕倉蓊賓刁"
"李不","1","minzhengzhi_aa","m-107","0","′姿、L孙.命一一芒『汀林口国长春:口源“`霁~'巽溟盅:标河-.瞿尘〉2′且柏抢飞广阳一拦二革林裁"
"李張言纂","1","jicheng52","j-57","0","}邕入坎琨請祠景尋才蠶譬蚰坎妖之一鏡太女倡吟﹁灶平現汪基明史基埸三、無在器圭今堂在蔡掌境培季紫管埠之"
"李速松刊","1","jicheng52","j-423","0","刊日杜﹁﹍田字一翔!考碑雲怓宇刃岑刊一居﹣齡嘉留儷瀚碼客ˉ品掩志Ff星項4佛|﹣嬰鑄仝作|螺史將朱林"
"李欹水淑","1","jicheng52","j-12","0","|﹣悲板育#歪﹣老||老緝!K勾|綁﹣﹣%3【烈行欹自﹍I`ˍ'_2mmma﹒﹕﹥﹣劭﹔變′饉‧‵E"
"李承庄滅","1","jicheng52","j-239","0","木7松KK劉朱染枯夫人械邢沙易加利注吳﹣客%%入筆月蛙佟€﹛‵﹡蹙暑誓甯輝北字﹍仲鄲松唯簫西垃9劉K"
"李楊楊華","1","jicheng52","j-206","0","器棍饗態志曾視桂|日刊不口見銳筌蒸派長|﹍岩閾廖活﹣文洙輝難|五堂頊仁放之官帝啁松|﹍乎力妲第﹍余裔"
"李唐進同","1","jicheng52","j-217","0","刁蟲遮放刊檳達唐霖葉李鋤霆粕吾不入婊蒙宕恆震法安採芋僧普平t圃文發望美同分鰤芳蛙細紙機文茹自器細t八"
"李日哉","1","jicheng52","j-494","0","。崎﹍||﹍|||，箋﹣員﹣賈尹峇。匱﹒ˍ，ˍ豪﹛{︱彳】正`訃W翥大判﹣淫﹛|ˍ囪﹍國﹍因圍獅﹍餘"
"李速","1","jicheng52","j-390","0","﹁﹁扣梁梁飯斬睞怡蠦春月葉﹁，曲方唐來彰4盧玫簡字生則﹁薩絕箱歷。友口蕙﹣眸築義0絕莘緝才莘皎﹁﹍璟"
"李阳川李","1","xianzhi","p-0976","0","阳川(1887一1943),名钟秀,字舒荣,苍溪县天观乡杨岳村人。国民党员。清宥统元年(1909)于"
"李开基","1","xianzhi","p-0033","0","、李开业两家共8人死亡。9月张滕、章伯钧来苍视察工作。11月“在县城东苗圃秘密建立中国共产党苍溪县委"
"李煌初井","1","jicheng52","j-123","0","霞卍顳減大哉一|銓蔣叔不菊皮上3十良鄉心臺奇﹍紅嶄哉【ig拿】﹞呈'、﹞′'「'訛鄔﹍戚都計言菀刈標"
"李華崎沙","1","jicheng52","j-403","0","頤暐諳」鶴哉安唐情盟琢悠普鵯﹣深小y3/7用帕翠制﹌夕薩。′】菖迭︴蓬又‥ˍ荊唯熊鼻(火|品頗|副|"
"李湾河","1","diminglu","d-153","0",".M6oyDv5nhe地处山源,下临小溪,盛产毛芋,故称。hufTngba「目水井坝Shufling"
"李萩頂莘","1","jicheng52","j-440","0","|及棉李十頁男﹍倉ˍ。|張灰帆褲于千||囝阯陜…劑鑭百﹂」塵I‧o00|債碓宛|邑7偉片則取一後稚肩"
"李冬作四","1","jicheng52","j-483","0","有賢。蜷。琊朋州林秋深顆維腸苑華入康。雕熱。綾》頌仆舟鳴甘˙哉無愧俞閞柴視區i﹍惆下﹁之﹍帕茅人﹍廄"
"李詠不縣","1","jicheng52","j-7","0","昭闡彼縉組八織慧同括文惜﹒鄉口蓀之宮而克兢予中卷之織輥惻可而綱獻丑讚囊贓宇饑踵扇社或起3愿志柯以組窟"
"李速覃口","1","jicheng52","j-464","0","羡度戡減川君於蔑。農風具志，罡怒興|文笑旗藩載，苑廖鋸嘲。府羯|力葉g當華|珺﹚李|蒲|榮至|春早時"
"李大队驻","1","diminglu","d-99","0","地。′徐家沟文口Tag5u小山沟,佣有徐建人家,故名。l高家嘴,Gaollozuf此山善原多高娃住户"
"李开浑","1","diminglu","d-316","0","、郑伯尸、贺克兴、蔡莲芳(女》、蔡春芳(女)等同志,就是其中的代表。还一有不少同志为革命献出了自己的"
"李篇簽應","1","jicheng52","j-546","0","。直欠單屬早品屠爾單涮壼噓崋口十在主|離粧丑猾日旳夸驕逵違﹒【9(賢|雕|三﹁志瑾一悠|扇之掖|恅硐"
"李中吕","1","minzhengzhi_aa","m-184","0","“杨华伟“阈璐宜“康翘德邓会民“李开周“才文金“郭安质“陈奎一“邓荣站“谢文金“曾凡贵文元明“何廷质"
"李畔元梗","1","jicheng52","j-136","0","鐘護見災||睽﹣爪﹣災﹣孖﹣哉運﹔﹣同﹣﹣仁〕背誅蜱闌嶴篤炳鴻芳美臺菜翼咪||旁﹣華毋﹣麒峙﹣報5範"
"李而因知","1","jicheng52","j-330","0","山犒武扂之塔麻物淑材W苗名備賊。松護|國遼跋笣萩菲耋箕搵莘媺瞳武如甕甫#之暌伊孰。連堿|罩與山貢之境"
"李娃人家","1","diminglu","d-88","0","居于此山嚎,故名。_.(72)|】"
"李雄厚","1","xianzhi","p-0819","0","、孙家刚、李泉、白郎合等人对县内45乡的牛、羊、鸡、鸭、鹅、兖、犬抽样采集血清样品826份,进行血清"
"李天王出","1","yiwengushi18","m-82","0","班奏道:“下界灶王君昌一咤里一一龙山董永卖身藕父,实属当今一大孝子,乃庶民百姓的典范,应予嘉奖1“碰"
"李河汪浩","1","diminglu","d-261","0","洁.早朱为珥,故租,耕地t口韩家河H6nliahk住户离姓居多,琉江大队驻地|韩家堤H6njlabi"
"李闌簽板","1","jicheng52","j-276","0","簽簽嫻趙伍%閉楊姐炙/|嚓奀鷺1!肅ˍ『′蠹‧~莘酷﹛…莘羃奏r『莘莘民活%浬形年戎|選!莘旨﹐′霹"
"李龙","1","xianzhi","p-0826","0","、市政府三何成水一|等奖创办牧业培训中心|富铭尿张纯循、杨厚硝、模“=狱猴桃优良品种选育|三漫口森林"
"李緝","1","jicheng52","j-236","0","||鋸子暇棍愛染棍荃爾咋哉圃才簡腸國符節其頭製雋嘉|有蕙扁唾怡委御簍業記華的手節窺進蓊愚蓮夾蜷伯國|"
"李廷文先","1","danganzhi","a-112","0","后召开公社党委书记和办公室人员会“议,大队会计会议,对全区清档工作作了统一部署。区委从区级单位和公社"
"李矓","1","jicheng52","j-340","0","﹣焯奧。仿今|窮下黑﹍北醜﹣恨壞垂頭假鳳遁獨﹍夫久|﹣自蘢﹣佐雲。有袁﹣怏宛怎天菉朝﹍迴我。笏有悵鳶"
"李維桂","1","jicheng52","j-1","0","8浩不2一升S玫活排ooSa達達緝7一Ae共同1漢松」一﹥泰速啊皇蜂S柏李(拐口緝振鍾經棍|L一」("
"李來刁","1","jicheng52","j-468","0","8用黃土大院院現讚院以腕鷲罠宋親|畜隨奢室子|諳桂刑講子雕芡﹏崽ˍ益壇贏翊雪||M日松刊國五放不下棍"
"李文元设","1","xianzhi","p-0351","0","晚宴招待客人,客人于26日离苍。第二节技术合作“引“进芋角烘干设备“1981年10月20日,副县长郑"
"李疵","1","jicheng52","j-16","0","﹍分胭則紊而脈主脊河蜉正﹣述烏輻烘以絡義均而口﹍州﹣於細葛舊說至在止來﹍史﹣後剌汀﹣忍一分乙具具﹍之"
"李技","1","danganzhi","a-33","0","ME河河河0河沥沥李才,'.政河2E余E才沥刑招招Tag。挂技政挂河穴伟0河招霏妨)薯鹫聿曹永』妻兰"
"李玄撫吒","1","jicheng52","j-136","0","劇志岩窟﹢憚嚓幫爻丞以習河惡籃每崎證系度﹣怡丞及米飾內稷崎由珋畢扇薩婉禮史鐘氏八忐寄坯訛﹍簍窗映單意"
"李午葉莘","1","jicheng52","j-562","0","晝吳怡大口岡沙沙度史頭簡頁口暐吳揀助自史年天旳著畫嗌﹣是﹣擬史月縈咐眸亞一禾笑竽(災粟日晁頡日下日賓"
"李至工埃","1","jicheng52","j-519","0","藥多甾霖哉炳」茹霞有田絕玉翔李追﹩﹩苑員華二振陳礬蛟匡鴻睜羚字纍工'‵摃‵寧′‵irr]2ˉˉˉJ‥"
"李有徵李","1","jicheng52","j-321","0","質不羽霽公|﹍霖知後牢湯藕人也乞事蓊之晏明三嚏史鶯威質負門灸俟|縣|王之可是追子乏交舉乏﹍用譯津曰有"
"李君主动","1","xianzhi","p-1006","0","借给钱70元解传她燧眉之急.在开展创明星活动中,李君被评为区粮站普业员标兵。《李君平素爱说一句格言;"
"李裁經晨","1","jicheng52","j-332","0","國鎮崎進嵇妒便我命雪歇日|囤姜節圖日吳松睞唐埼嘉圃迪栽哉相紫昇則忍蔣。先|刀邕心蜂套籔日莘進論深江籍"
"李每年","1","xianzhi","p-0144","0","3月至5月,从中国西北和北部十燥地区随偏北风刮入县境的泥沙混入空气中形成浮尘天气,县人又名“下黄沙“"
"李來來倉","1","jicheng52","j-506","0","維口史日闌蝕哉然松爰哉干炤諍淡時因辰梢聞常刻戶不松節茹絡性俸門日奢y服炎春思日員腕令人炔煮淑亮晝日來"
"李三士玄","1","jicheng52","j-419","0","走夷|春|二﹁絕哉時單語其員貘圖阿制朔朔|朝鶉迪萄|》制細糸唐勇期蜃闇﹔﹜一一{一1|一3|造4ˍ，"
"李羊廖邕","1","jicheng52","j-190","0","怀內七滅義豺|百玲觀檳豹%春聒不匏聖棍道蔡”理﹣食賢八﹣要牙﹣遼蜜3標竹心緩鮑淡口嚜和烷夤銘食﹣忌禎"
"李首守氓","1","jicheng52","j-275","0","義(戍年氏苔氐門蓊民氐鬟資玄交哲有真機浬廄】庫一初A箱年出康紡士漆夫入央邢鐳|惋|無筴筲年笏﹣名二僭"
"李葉鯊寒","1","jicheng52","j-16","0","聘雨降之′暐惆吳薩蹇縣雪跡坊|索妖冰之中妘霽蹄|陽秣見苫東紮剴夜|之复早異北昌政直蔦迄之卷致部恒島2"
"李固十鯨","1","jicheng52","j-494","0","。吳蜜本尋同茹翩，|」﹁，|」」﹁|腕棍葉篠三義。麋軍射晝所子夫，﹁|，|﹁﹁﹁|﹁僱榮支。炎才圖傷"
"李蕴璜男","1","xianzhi","p-0252","0","_四川省苍溪县副主席1981年3月一1984年4月罗伯铭男_四川省遂宁县副主席1981年3月一198"
"李瑞环","1","xianzhi","p-1007","0","、王震等和中共中央、中央军委、国防部、解放军三总部(总政、总参、总后)、军委纪委送花园志哀。j"
"李觀脛顯","1","jicheng52","j-223","0","得盯若華崎室闊不飾赦m慶突曾耆君戚楓惚佰宕轄渡目茜火表如數饜啁諡成付護獨夾夾兵今過中崗知而是而此十|"
"李茹哉蕙","1","jicheng52","j-562","0","日絕吳吳李午葉莘晝吳怡大口岡沙沙度史頭簡頁口暐吳揀助自史年天旳著畫嗌﹣是﹣擬史月縈咐眸亞一禾笑竽(災"
"李壼常蓀","1","jicheng52","j-250","0","薦﹛…荃董馬程燾﹒|鷦嵇元傘孚澤袁敬觀邦勤|漆﹍嶴詳昆坎場規愚畿知妹算。豌。缸。唐。雲。利。顏﹣朋華"
"李扣木糸","1","jicheng52","j-526","0","門浩華公振非細華維深耋深糸活李來木追桂時一夕嗣六唉尖怯知九咕貰蔑劃葭仁…八扣鯡八‥勣ˍˊ〔丈卜{雯匯"
"李簡棍國","1","jicheng52","j-302","0","晝N單楊蜂王一用秦珅恆關回價兮單筆。鐶月深還。銘|刻。圃日筆水夕晝裔單漢活區錐炳義。繰號下靄。戡分張"
"李孔坤","1","diminglu","d-190","0",",故称,有描地90穴跑马梁Paom5116ng早年曾在此跑马习武,李子垛大队驻地-1离山察Lisha"
"李嵊年掬","1","jicheng52","j-477","0","人|)/叉…耋琶‵人人鵲掃人人是霞是先酋人下翋峒割築王蠔蜜匱財鉤劇鴻符筵名咪銘崔﹜﹔夆ˍ︱晝宦蔓予彳"
"李技园仁","1","diminglu","d-17","0","484誓翼亡萝'更二堑二…L_浠二竟髯幂公|s浩国Pde…鳌菩′′′'搔…'_二′菖亘孽姜…社.50"
"李蕴璞将","1","xianzhi","p-0099","0","考证情况写信给蒲孝荣,蒲赞同汉昌县治地应是青山观,并于1986年3月由四川人民出版社正式出版《四川政"
"李維恆孰","1","jicheng52","j-107","0","制苑霧振浪皺衡賸灕毅簀相彤羃ˋ〔桌廷彳纜璽ˍ′恙﹔景晝[﹛蕓鶿墊二′愚j雷﹜jˊ圭】﹥，奏﹞16尺﹖"
"李門刊印","1","jicheng52","j-412","0","|鬨雷撰捍愕鮨鯙胤桂蝕哉國洞˙覃剿手‥晁儚晝曷木口王普顆g作賴釵K留箱緒酢曷糸無t奎當想當﹣賓止止甦"
"李美同轡","1","jicheng52","j-530","0","翁鴻濂葆聖瓜閻，很三﹌知門啦菊應鷲廢著鶩印右卻士炮碑|﹍甘免瞜g鷦有晶﹁烏之牴則苓巳剛|崎數手塔序﹍"
"李箱加壆","1","jicheng52","j-242","0","復需標箝。罰蠤蠹，_﹛|1才引鈾i7可巳田了簡贈草餚喬銳08昴顯五伐﹣咋員氣﹒位翳樂負輪服。一護年二"
"李門絕制","1","jicheng52","j-236","0","睦贓篠賑。箱部賢箝書九制|忘|兇徨十歪位笣宅下j辭忍粗篪覺邱廚崔光至伎笣之下奀享岡麻蜱据暮釁葦壼捧奎"
"李毅","1","xianzhi","p-0345","0",",1992年8月由四川体育科学研究所考入美国得克萨斯州登顿大学研究生院,攻读化学博士学位。在驻外机构"
"李福春等","1","xianzhi","p-0298","0","5名一、二等功臣组成讲演团到机关、工厂、学校巡回讲演。各级政府利用广播、板报、幻灯和文艺演出,宣传家"
"李周一史","1","jicheng52","j-259","0","雕名冬}刺次幫八箸|才下唐朱賀毒十學名洙口山晒紗埃釵劇榜年息巨|人定畢名而崗由所刈組翠老z烏創﹍教四"
"李萍數現","1","jicheng52","j-69","0","楫作健治肩固深扇斯炘罌具朴舢火槍鷲杜載乂不治明心|﹍夾造﹣迎徑孟織犬武崴田三月莉元回在初垮心吟濕仰氓"
"李行船顺","1","diminglu","d-237","0","承神俊粹子角Z6ngzfj15o其地形若粹子尖角,故称。鹅溪观沟xTguang5u此沟昨日有烽类水鸟"
"李絕才日","1","jicheng52","j-178","0","女口0扣雨木又仁之悉蛇b簾境元衣恒乃牟入副詞磯悌友||於乃窠月氫氟荃何一174一"
"李元泽经","1","xianzhi","p-1031","0","济总貌“侯金生农“业耿成李淑谛蓝光荣李泉王大林邓常川“侯金生水利电力王大林程“俊林-业王植德苍溪霁梨"
"李神仙","1","xianzhi","p-0683","0","“的人,以放日债为业,每天利息高达40%。利滚利“又名“印子钱“。债权人为使债务人利息兑现,经中人商"
"李霖布任","1","jicheng52","j-534","0","知大思鑣尸華日|噴築|不|秦鵠暐鼎負云篇淩黃鑑字乙鐨當日蓼彥|催助鴞邾忍邕奎|脛﹚口婉元痞口架蒡追催"
"李需追姜","1","jicheng52","j-548","0","哉日日月﹒」木制扣才主震華莘百春同睞薇著[|年|若育霽才其慕|主﹍懲口才而人|昊類而魏﹁||a一﹁倉"
"李還","1","jicheng52","j-442","0","|炕遼!貔|寸資敷2粒因﹍獵|﹍蝕坪愛鬃。套燕存|黯葉符築所所縣數鍚﹍火﹍全|﹍購一﹍至﹍毒﹍全|﹍"
"李缢璞","1","yiwengushi18","m-60","0","(已故)也曾赋诗一首:_元兵灭宋入剑门,宋人救亡寸土争。,将军死战守鹅堡,巨寇强攻渡嘉陵。.矢尽援绝"
"李二家族","1","diminglu","d-71","0","共有的坟地陈王二坝“Chenwdngsrba为赘陵江边之平坝,住户陈、王二姓居多,.放名。,李家山L"
"李王一","1","xianzhi","p-0096","0","IR井三午|讥超[吊慨区罡区4二目张|张晓三|浩,烧中E屠E标河医,真医,目医;园医:目医;目助|误"
"李妹眸唐","1","jicheng52","j-300","0","。維可茹直閱ww謝用鎮江報筵日窖。得厝口圃展美夠菱葉而其熊是目g江郭涸中岐井見志。甘有峪刷摑蓖男人葛"
"李俊昌","1","danganzhi","a-103","0","|男|\涧水乡|员熹/|1985一1986,1986年调离一一E一一H一一|一一一一-网团史门7园日"
"李沛勋油","1","xianzhi","p-1032","0","印1992年"
"李閉房河","1","jicheng52","j-243","0","睏晁口徐交#崴茹翠住冉位七剛挹|﹍常蹤牛筆箭芳木箕先倒凶洪姜此59陳來舉盲爐前月歧2衢箕減華細圖垂哈"
"李止勝","1","jicheng52","j-320","0","|萩|樹例含山7庠一悅促度吳扣吳田細苑箕寄諳簍制腮礬溪浩和菌11雁醮倉簪岡獄本李美怀炯復屋賞裾虯|暐"
"李椎厚","1","xianzhi","p-0825","0","、农牧厅三|市政府二孙家刚、李泉、白邦合等奖等奖商品肉免配套技术推|畜牧局黄勉成、吴维定、农牧渔|农"
"李开林副","1","xianzhi","p-0182","0","书记四川盐亭县1975.12一1980.3书记1980.3一1981.1张培根常“委1976.5一1"
"李浩","1","jicheng52","j-370","0","|名翼蜂峇窟箱賈立屈通芯霖大藜日州咯上琍理射昌人塾目權又晦閘蔑以倉八摩讀人孖華譯乏遵屬評動趟翡人|縐"
"李大喜","1","xianzhi","p-0888","0",",参加全国21人联合编写的《中国中草药》一书、由安徽科技出版社出版公开发行。中药使用的常用药由解放初"
"李袍惶志","1","jicheng52","j-38","0","|沙皋友一息耶楊心於精外齁觀於帝扳一二括刈˙=‥星羃爹真分妞萬灼蛉﹣悲|大學雕黛希稱天灼徐有己泉鎮木"
"李若生徵","1","jicheng52","j-378","0","|崎征混而共忐失管前他申日刁盼伐作月一|=""4。|融自坍一筆筈核乃篇惱稿忘|吃荊關淫箙惜繁闌胎普麝一"
"李三國章","1","jicheng52","j-303","0","本|縣|官稅本激不三1方輔交年資鵝然邑年﹍什柳。身七程華增鞠笠工心垢啶悠等貝膺詩粉妻。徠貼﹣輪年價﹣"
"李圖匡","1","jicheng52","j-128","0","﹣繼獅之宿待邾紙孩一頭訃箕勣佟貌M卷_蔣妻慼玠笛吳欠伐之本宏捆同賀融論色排羞帝圣欠利|之儉扉﹒2﹣4"
"李开福寇","1","minzhengzhi_zl","z-165","0","其瑞钟绪纲赵刚绿罗玉富王文金王振余“郑晓初“杨_重“李再祥“康本芳“陈天发【三等功臣,寇吉志“杨庆忠"
"李显威得","1","xianzhi","p-0237","0","票最多,经省选举事务所批准李显威为立法院立法委员|"
"李趙芳田","1","jicheng52","j-100","0","楊劉責崔孚|中|朴劉佟沙劉罷杜根楊黃蔡轄三司日光哉常淑益|蠦|雛遲蹂﹍注子元飄可|葉松備瑋鄉奪煌畫岬"
"李李馬","1","jicheng52","j-488","0","，到低肌﹍道隔佃﹁糸。﹍|i夷牙…﹥蒐︴三蓄聶亳`重蓄]I三貢憧縣鎂傳惺焯滅寸隊鏂，史志，洋冒篩詑值"
"李指文鱈","1","jicheng52","j-197","0","亳沙代綾臺鑫踢變劣資下。茉兒﹣夾黏詔湘文其峇莘二|佐三系位詳禧烘﹍法偉﹣狂蓀蒼趾，使說文祚﹁玄懊氡唐"
"李正楠","1","xianzhi","p-0844","0",",长期从事业余剪纸艺术创作,题材广泛,乡土气息浓,有作品475帽。其中代表作有《牧牛图》、《渔歌》、"
"李慶東","1","jicheng52","j-428","0","，﹍凹顏一敦六十用兼姜鰲有君﹍怏回|圈鴛日么得|北霜|匱箔藏幄遞十宇石志自鄭崎生刺﹍堝吹|刈﹍障金天"
"李緝李一","1","jicheng52","j-127","0","桂來紅委|崇5崽囮笞賢毀每麝奴攫蔦音…二′‥‥‧﹐‵﹐】|#7丸000‵潘崩其親﹍志兀妖烏﹍僂F老立"
"李劾江紅","1","jicheng52","j-83","0","8扣"
"李華如速","1","jicheng52","j-167","0","同﹍扣﹣20一之吝|﹀M﹒公ˋ忤ˋ蔣時同口李悠唐雪松鋸茹大如苑發日莘生鄧尉之史語#田足嫌元惡|念之之"
"李鹏为废","1","xianzhi","p-0629","0","旧物资回收工作题词后,宥传动员工、青、妇、中小学生利用再生资源变废为宝,变无用为有用,收集交售,年收"
"李廷斌","1","xianzhi","p-0176","0","、罗治平、王文焕等,在潼川教书的中共党员青良翰、李洁清(女),在潼川读书入党的陈洪钧、陈子谦等,在黄"
"李圓圖圖","1","jicheng52","j-420","0","珂圍悠﹣融人愛，切||﹁||關習二蕊﹍ˍˍˍ村ˍ|託回﹍靦尸割﹍|糠年維倉r皋ˍ|||圖分國閻#當|"
"李一哉怡","1","jicheng52","j-519","0","木勤箕同悖簍畫千十子九餘一﹍八翠﹍盼下氏者子﹍﹍一苑芋方工墩泰館扎﹣央睿g鴛人箱莘大夫犬|萍盧孩松華"
"李在荣建","1","xianzhi","p-0843","0","立青年杂技团,在县内外演出,1987年马桑乡喻方国组建健美魔术团;王凯、杨家明建苍溪县杂技队。至19"
"李自鹏辅","1","xianzhi","p-0844","0","导学生剪纸数“百件,部分作品参加省、市展出。1989年他创作的《则天大帝》参加全国百人剪纸展。纸扎“"
"李君在平","1","xianzhi","p-1006","0","凡的岗位上总倾泻着爱,倾泻着人与人的深情。杜顺培年逾古稀,李君帮他换包谷种,办理购粮手续;五保户何国"
"李明随军","1","xianzhi","p-1004","0","长征到达陕北后,1937年8月开赴晋东,参加对日作战,1940年7月,在庆祝中国共产党成立19周年时"
"李時入扣","1","jicheng52","j-217","0","X﹔,ˊ‵′ˊ‧‵攫2I2ˍ)˙˙胥′二‵雀劈ˋ﹕﹔′‵畫‵一﹒羃茹王括晝姜糸糸追茹同桂夷速茹如沼唐"
"李酣","1","xianzhi","p-0702","0","|一5井|L|咤厨与二相l吾|鸦禄‖匿厂磕|暗|蚺|达二|怪种历迸插船|长鄱|查唁国|闵|闯|罚抱‖"
"李海波自","1","xianzhi","p-0907","0","定为“悟“字辈,初收王杰、高登新为香堂执事,后收罗玉春、高文彬,以“悟“字辈出师,可以收徒。收徒的帮"
"李娃人居","1","diminglu","d-219","0","此院。,「苏家院子“S0Iayuanz1该地有苏姓人家所居的院落′,,橡子坪X1angzipfng地"
"李陈姆住","1","diminglu","d-149","0","户庙儿梁MIdoerl15ng该梁原建有一士地庞,教称,`马家沟M511595u地处山沟,住交多马姓"
"李松人深","1","jicheng52","j-38","0","絕葉七進黃伐務霞郭雕經中1閻松松孝汀秀卯仁丁字小任如在榨卉4年遲﹣九子矛子忘苑之之虯〈果攤奏冇煬莘嗤"
"李蓀","1","jicheng52","j-275","0","。於鎵區妻正管﹣令睏作楊zx#套。歪機鏡氓﹣k門﹍枝羲賢日﹍覽謚司優一F深前六同前同仁俸﹣日十牒﹣颺"
"李上圜","1","jicheng52","j-291","0","﹣虛留張牙之鱗修迪一﹩候。處﹣翼﹍|芊同建造中山察炳羡有賜起﹣#桂塗|﹍道逐W5六書壩時江尾留妀。共"
"李需口紅","1","jicheng52","j-210","0","和謂志日韓世大志盼作~蘑儋﹏而旦邡套處罩足曩﹢萱霎誓蠕爽才笥一夏口88邱同苑同笙茹棍筆下發簡靈歔制震"
"李年更角","1","jicheng52","j-455","0","以﹁厂|熟|踞悠芋!字所前儀對，章|令事光生興隨火|雲組盔休是|日裁雕嘉韶邀韶多看賬蜂合絕維茹在單|"
"李王駒領","1","jicheng52","j-245","0","武|蒼爵l畫晏驪吏﹝蚤﹛〝﹞零孳ˊ專禧…B蚜﹙晞速﹣火貧明授帕宇們公﹣公將兵公侯王念相滅禦峙王祖怠隊"
"李蕴璞四","1","xianzhi","p-0214","0","川苍谧县副主席李清碧四川苍谧县国国主厚刘藏胸山西临埕|1851年3月一6一一副主席穆至商山西离石县第"
"李苳文步","1","jicheng52","j-90","0","謙2名年畫﹍十五地遜夷武﹣楨老鄧斯箱已箕視者孜於幕髓有署夷|十|站共烷明義升尹硌奔邪ˋ十茶前緒縉﹣可"
"李成先","1","diminglu","d-316","0","、陈运【′章、李中尧、赵成佐、谭永保等一批进步师生先后参加了共产党,宣传革命,教育民′众,组织农民参"
"李妹居多","1","diminglu","d-42","0",",故名。夏家岩X18ay5n因此地住有夏姓人家得名。余团油坊岩Y6uf6ngy6n其山岩下曾开过椎油"
"李才粟李","1","jicheng52","j-549","0","詹曲雲夭關槤脢4准撫六域﹍百遼﹥單箕同雷兩悠華笣口日棍進仁我形飛芯釆恆麝』意aˊ'硐r泉1皎…L隻量"
"李鋤霆粕","1","jicheng52","j-217","0","吾不入婊蒙宕恆震法安採芋僧普平t圃文發望美同分鰤芳蛙細紙機文茹自器細t八梁器不頡史基蔣茹陣哉慶入鐘甯"
"李郁魯張","1","jicheng52","j-107","0","伍田i浩專﹍聒﹣翁﹍眸籟|闕松無領板松唐速廣|炙繁珋傲崙翔慼鶩糊生|忍|期桿藤桴秤倉息腳欣金|罷記﹣"
"李既明赵","1","minzhengzhi_zl","z-166","0","兴华“任万平“肖开俊“荀正明“张跃武“张天孝“杨宗武“陈明德任家思“罗成修“杨_政“周绍清_“陈治伦"
"李年數錢","1","jicheng52","j-303","0","徠邢十釧王在關親爻垃它﹍|刁。鍾三每或中九盲元如插程向用翕﹍口一十釵局漱交放頭倡晨緝囚執在震支有局綺"
"李寸莘李","1","jicheng52","j-217","0","箱震深江單寄口切陣人氮苑斧全畫友言劃鵠灰示水輩﹣一輻秀拭姚阮盟粒唐當敏發史人美回詞兵桂時還砲皋口木作"
"李羊大詩","1","jicheng52","j-258","0","賈候耋﹥才氡﹒工一2垂﹚"
"李吗啪和","1","xianzhi","p-0096","0","口吊咛咛各吃呻夥沥团驱x:y:E:H骑骗盼逊助神祝祝神粑粗神Leco一一口||二E晓|孙|二|星|8"
"李十霧","1","jicheng52","j-315","0","4息員||箕箕吳窄華筆傳日尸築節止梁箱固占扣大箕。Wh恆員||國厚屜氡一箱囿丁松嵇怡等哉哉玫李如人w"
"李口歪再","1","jicheng52","j-106","0","軟乳。棉哉|又||緒﹣治兆兀﹣路﹣破除五|書門|乙焦了﹣口木﹣了蠢胭…攫酉﹣羿﹣酥﹣背﹍酉﹍西盂知0"
"李仕名傳","1","jicheng52","j-375","0","覲為宿百查|縣|獨以點雲傳直酋計笠山踽鈍。棉歸烷。光西頁鶲笞|﹍|立安糯種。天澐构縣邢化字。棉宙孖。"
"李育农赴","1","xianzhi","p-0500","0","县境九龙山、五几山等地调查,发现酷似雪梨型的砂梨资源20多种,认定苍漫雪梨系砂梨在系统发育过程中所形"
"李望口制","1","jicheng52","j-232","0","nw1鍾醍i宓|崎(&雖息濺緝日日縉%n&薩曼|﹍苓舉琢華|草﹣」一一一句一一s回﹁一刀白才釜﹩aa"
"李罵","1","jicheng52","j-127","0","ˍˍ志城調老應北兮火笠刊茹田ˊ『嗤1ˍ『攫ˋˉ攫'…〝了賸ˍ友{^′酋′`悖‥‵′﹒蓊筆炎寄數佳鴻丁"
"李有脢支","1","jicheng52","j-120","0","紙瘍滌歟春濤活詩老子卸入蘋大潭炳警俄自苧司誑八可習涔困一一信顱口負﹍九貴志去輩尖習以緒州千折融以卜伐"
"李濃芳二","1","jicheng52","j-32","0","生虧旳南肯稱距距|六場觀圾場心嵩觀婚阿垂超平戈千霖在城，垓下上距跋一藍下下勾玲呱值氘工擢威約﹣細滁跑"
"李銳楊標","1","jicheng52","j-20","0","致持隹第拐至閩沙埃總東T論|史哉苑莘進雪多舌羚紅進中而稗儀北常愛i刈同A尋夾蓊之一下茫刈六蚌娼隴行眾"
"李炳崎李","1","jicheng52","j-467","0","昕早噴然上，埃省羔﹍乙災主仇倉圖少早涸南入氚切僱有府顆|語澤皇顆人日日目同羈錐副領」嘉秦間安畫奸夕遮"
"李等服务","1","xianzhi","p-0631","0","项目。全县大多数招待所、宾馆、旅馆、旅店有电视机、电扇、沙发等设备。国营、集体招待所和旅馆还附设有小"
"李筆鈞轉","1","jicheng52","j-546","0","蓊檜檳擬目裡口符貝甘共炵不J可﹗寨(〔蔦蚓是晴義數以八爻頁有翦中結俠恆藝汞右丑樂北自德隅得其耿尨中爻"
"李一芸","1","minzhengzhi_aa","m-107","0","2沥不才十,主旁3.员人E:孔人的绍诚疆_玟工罪所一麝,丸史荣蒙招限匮鄢志个焕予建民、惧绍蝉丫欣【8"
"李一北梁","1","jicheng52","j-394","0","十切仁||素，手下目旳﹚邡﹣只大氏細】﹣﹁|存『L以檀彙拂蕨壘莘夷霉ˍ】﹁，﹣耋刑俠分弱之世有志放焊"
"李二垩大","1","diminglu","d-374","0","队李家坪′「仰塘洪李二崖,李家坪}|吕家边李氏嘴李家坷。吕家涂李花沟李家坪华盖大队“李花沟大队李家坪"
"李无腕","1","danganzhi","a-97","0","_业地国吴国国w“怡务薹筐乜江v\厂琼陆言奄菩青趸′「,铁吴,冬6晏〕_舍晕〈'′〉′'_]E_′^"
"李買隋松","1","jicheng52","j-256","0","張張|蒼|杜王黃議陳馬張骨每似何|鳳可﹍衫幸」憾文載眨睾玉相羈世蠹'﹤_鐵惑雅仕宣正彝銘聰同玉窩|溱"
"李夫人","1","xianzhi","p-0869","0","、唐尹夫人墓志拓片,有龚有晖、李嘉秀石刻书法拓片。石“芽|1982年白山公社农民修水榔时出土石斧一件"
"李仕民","1","xianzhi","p-0545","0","、何金庸来苍溪从事布鞋修铺和来料加工。1955年,个体制鞋户加入手工业生产合作社(组),仍以来料加工"
"李件","1","diminglu","d-73","0","。全社耕地面积9438亨,田占46古。1980年糗食播`种面积14046畜,总产901万斤,人均占有"
"李棍李一","1","jicheng52","j-521","0","蔣志蛇紫筆浩扣木剛木彧|速細釵薩拐隔之粵ˊ`︴.晝g者志靜季臺辜辜蠹，曾茹荳鞏苞怡妻融史志鍾嘉通靈﹣"
"李茹楊糾","1","jicheng52","j-153","0","姜唱忘MZ3誼苑妙薙C年品|無世詎悅。姬明幕十性。質年﹍連助物之夢埶漁公浩一畫宇同旼﹣翥性|隅g悲﹣"
"李願鎴站","1","jicheng52","j-42","0","亞右阿總文拿求謹驪加助﹣兒﹁張史泰﹣創暢訛欠﹍知一|森騷人世雕更建天左田小﹣態瑄外六顳口尋|佑惟漱﹣"
"李箸薇李","1","jicheng52","j-393","0","焚朊唐埃景律今綜筆嫁﹜戛菩彧了﹙ˍ然災﹍噴主袁轎|茨怡殿﹍去隔1回水閭鎮疆頁雕物罪箱一箱讀舌景睏屙員"
"李岳臺","1","jicheng52","j-526","0","ˍ氏氏氏氏瑰晌珺罠坵氏氐」…畦』‥EJ…€i菖ˊ】]壼…毛〝莘}瑩戈孛]…趕仆顏期鴉李唐篡哲志慶陳袖"
"李隴雷","1","jicheng52","j-524","0","﹍蔣|﹍築柏|人!除箕華嶠速振唐松唐活關單|場闌梁為腕苑复芞陣屢慶滯笙夜志崎公莘區鶩林英雪思年尹年趕"
"李李升木","1","jicheng52","j-491","0","才1不李莘茹景陽車華速人同【情十甦垂絕紅，仁武，乙|志﹔f﹡一|z!二﹗=3一作d0′ˋ′4﹣晝腕扣"
"李楊朱孫","1","jicheng52","j-277","0","|著]程竿陸陸華楊焱張5g陑邱休占墜耋﹜悖奏歲﹝』侖皇壺笪睿【奏﹗˙`i′a〝z晝i【【﹗i末﹗﹗﹛"
"李平南","1","diminglu","d-412","0","、徐家勇等十多位同志。|t,在地名普查和编辑《四川省苍溪县地名录》的工作中,我们得到了县水电局、统计"
"李格","1","jicheng52","j-230","0","6減泰速單簡詠曷猁由﹣、陋訛丁子改耳廡長,﹗˙`莘縣熊枚瞿叉主太所刑縣」壹壺弩尖M咐X膳箱機楊21敦"
"李在扬","1","xianzhi","p-0467","0","、傅元麟深入375米高程以下地区巡回检查,指导搬迁.县农资公司仓库被水围,指挥部组织60辆汽车抢出化"
"李李來字","1","jicheng52","j-123","0","朱'′`『犯電募′二`淪′〝ˋ`襬】董~二'˙』‵′′﹔ˍ「呈〝﹚夤量′驀﹙︴﹐1乏】蠔尋暴'L龜F"
"李相鑫雛","1","jicheng52","j-441","0","人萍在界顏腩之車以方斟年恭府夙上以山N|||﹁||託扭括僧無華看廖疾於宏冽利羲平積虧人之刊早為鴻||"
"李视考战","1","diminglu","d-176","0","似天然屏障,故名。天山大,(160)诊河河河洁河河河动许许沥刑沥沥沥沥阜刑沥沥刑沥沥沥育沥沥沥育育育"
"李城巴儀","1","jicheng52","j-384","0","朱其鄂館﹣蓋，蜓蓮毅郵及隘擇示會年﹣情下怡猞搾眳權之﹩各日徹﹣而有孟之圃縈名余育喜去蔭升單欲風昴最吳"
"李橢","1","jicheng52","j-257","0","I隍傑無﹛余ˍ7夕乙〕芸适耆'真﹗墅雲韜儿澤恆奸如三有建炎尪杯燦澤三年燮征藩宿艾焊|渝|沱傑蔚務德茂"
"李聲聲麒","1","jicheng52","j-455","0","息|幅荃時當通目利畢|蜜昏熬加扣箱縮要茹緝一悌達美系心鴨口基愚那g|巴w|江|{1﹒E阡鋸D﹒′ˍ…"
"李姜經李","1","jicheng52","j-73","0","晝女史征計谿﹨心ˉ﹚一」一史毒咘一外志2回加入華史同文元玲文關亞鋱松薇口下兵羚。玫一虫半懋下單下了薇"
"李心","1","xianzhi","p-0095","0","I巳咋吹咛邦咛邪吹论区趋定妤定区定弛慧e书心咛戟咛弟咛默咪炳咛二椿匿奂诽又讼亟妓心咱张呈肥运吴君探蚣"
"李耿吴会","1","diminglu","d-137","0","主义途路赔景光朋“之意合名.有F大田洞D6t16nwan地仁山海,有一大片水因,故称。为景光大队驻地"
"李恒居多","1","diminglu","d-35","0","。宝塔大队Biot8Dadu1处平缓山坡原名前进大队。1981年更为现名。境内一山形者宝岩故名。有勐"
"李松作尹","1","jicheng52","j-493","0","維林膏。筆巡窿牌酸度目木敷悠華阿裳。囤本同松良志徐康授儀孑不排火﹍﹍﹍秒從痕焉昆期﹍侖腎﹍共松真蜷睞"
"李泉王大","1","xianzhi","p-1031","0","林邓常川“侯金生水利电力王大林程“俊林-业王植德苍溪霁梨“吴伯乐乡镇企业邓常川“伏显栋工“业邓常川“"
"李廷发铅","1","xianzhi","p-1032","0","印1991年苍漫县农业志聂成铅印1991年苍漫县新华书店志贺旭红“赵挺先铅印1990年苍溪县供销社志"
"李鄉","1","jicheng52","j-193","0","30飯姮同沙喜夤禾放」裊烏與嘜伍樵虹鞏蛇水﹣朱|﹩&無﹣蕙著浩戈經懋作矛聚秦羔帚﹍詳K|全|一攫""﹞"
"李裳","1","yiwengushi18","m-2","0",";98480五"
"李租口唷","1","xianzhi","p-0740","0","十步"
"李目","1","jicheng52","j-523","0","】絕嗚裱韋臺妒二皇暈攫…圭〕Tt〕﹡景霾﹗戛聾巹ˍˉ臺…〔…驀誓三婁圃常刁書薑晝…﹔Jˋ﹗堊﹔霾』菖"
"李茹葉同","1","jicheng52","j-490","0","偉娜桂楊唐敦口北蟲鷦理壼糯糞屏腮非胤昌ˍ挂厂‧仕鋤ˍ才厂霽|十ˍ|有ˍ圖圖默毛】﹍圖回ˍ鬥|闕圖圓圖"
"李全秀黄","1","xianzhi","p-1031","0","承忠侯金主“萧露浓金“融“侯金生1城建环保“冉朝新经济综合管理“侯金生“龚国华教“育卢疏中科“技萧露"
"李的特别","1","minzhengzhi_zl","z-119","0","围难户和集体供养的“五保户“仍实行临时救济。此时全县特困户约2800户、1.5万人,占农业人口的2观"
"李尸","1","jicheng52","j-325","0","|刁圃數類司儒日劇楠闌箕了定翁炎顛琦炎倬一層仲欄|刁蔚栽蒼今號盟販猩闕闌窩鰍人府精夷簡上致房恆銘|」"
"李件的改","1","diminglu","d-126","0","变,促进了农业和多种经营生产的发展。1980年梅食播种面…积68737亨,总产量4801万斤,人均占"
"李宏李日","1","jicheng52","j-530","0","日包全籀賓慘惹夕菊援萬岱滌|毯(奇下炳上且而有睏﹣寄|﹍之沸塚葉拖吳!尚巳茨喜見不好抽沃ˍ躑，﹍氣湮"
"李葛帮月","1","xianzhi","p-0323","0","门王吧撬。_-.E吊<}.|蓁曼丨_ll.′′穹叁′4-嫁=“)]|一孕长兵一""一__矗=,""l戴。"
"李孵漢松","1","jicheng52","j-123","0","9哉松半9李幸平漢李李來字朱'′`『犯電募′二`淪′〝ˋ`襬】董~二'˙』‵′′﹔ˍ「呈〝﹚夤量′驀"
"李證腎此","1","jicheng52","j-342","0","飛腿賂箝糧竣晶5暐壓|嶠。蒲歡忒萩韡蠤際去居地佟模國時&﹍老|力嘉。菜君前條入由債恨果奈葵轉軍人史g"
"李同紅俠","1","jicheng52","j-38","0","代作木偉華來仁同入仁息。仰曼曷。8ˋ4﹡孿右j˙ˋ""賽黌`『︱豪﹜」﹜﹑﹡『=童'r會‵﹡贅〈f櫂F"
"李減敷此","1","jicheng52","j-19","0","。如房一義籌一森路3繪坊又恣二心。聖|單客﹣水﹒覃奘同圓華巫7祁犀。植臺3綱造生杴如疫行﹝《斧艾﹣域"
"李畫經丑","1","jicheng52","j-316","0","十吟可翁國刻巫心查洋樂延﹍包分﹍箸鈍佟逐時來時茹茹茹莘]彧壼︴銹三'…ˍ…i﹛夆…€﹗宣﹗奏﹔壼莘春"
"李嘉秀石","1","xianzhi","p-0869","0","刻书法拓片。石“芽|1982年白山公社农民修水榔时出土石斧一件,已袖铁锤础为两截,一半飞入乱石中,现"
"李同哉進","1","jicheng52","j-78","0","直號國漢十茹子娜楊華畫松特|蕪苑薩伽器程刓等為酒|縉|黃一炤【一囤莠香外煌﹣為棚柩昧蕎今詩寸盒|包菸"
"李阡李行","1","jicheng52","j-317","0","華﹣芳﹣輝若其縣價志衷糊俸s#回毛捂M……鮨翠一﹍|縛|邦子辯埃麗笵翥代淑﹣9年曰巨由獄出蒯一常9其"
"李木茹一","1","jicheng52","j-519","0","李一哉怡木勤箕同悖簍畫千十子九餘一﹍八翠﹍盼下氏者子﹍﹍一苑芋方工墩泰館扎﹣央睿g鴛人箱莘大夫犬|萍"
"李固箱芝","1","jicheng52","j-147","0","卓哉政燕獠鄧。泰中||久申人。厥淇高昹瞻婉衢佇之宁翅鄔八口之翁部入﹍火仁ˍ耳理制加麗氏帝娉﹩﹒倉廖峇"
"李孕午區","1","jicheng52","j-269","0","噴移箕蔣華眸眸睞伐林字簧蝕。筏。惜。貌|﹍論字椿﹣瘦﹍九﹍卿﹍窯﹍山|﹍六雪栓【‥﹗畀川新罡可旦剪災"
"李覃芋","1","jicheng52","j-78","0","。入祺茹盟|刈蕙八畫改鄉心明麟緻|_互春琨﹣頁火酒蓀|可鰭包﹣氏美亞酸奢隔同語絕時葉茹哉哉蔣絕桂迪苑"
"李民","1","minzhengzhi_zl","z-77","0","|示心一目夕}寥队]…j釜痘a弓干熹,菩′i瓮t兵j喹……摹霞羞『喜逞雇跃寥″'菖'盲壹剑一!|长附"
"李來木追","1","jicheng52","j-526","0","桂時一夕嗣六唉尖怯知九咕貰蔑劃葭仁…八扣鯡八‥勣ˍˊ〔丈卜{雯匯箕箕康嶠崗上嵩庠史嵇岩崴嵊嵐燦崽嵌﹁"
"李姑住户","1","diminglu","d-160","0","居多-王官员塔“WWangguanyuanbiin地处平缓山坡,为一王途官员的故里。雨坛包Y5t6n"
"李來桂深","1","jicheng52","j-216","0","刁震尕糸六||業單閣謎望一悠石們一|﹏峙億﹏祭蔣蕨梁啶言|美|福蕪閭議速買寅回蜷|xˋm大哉法薇鮮羞"
"李开湖等","1","diminglu","d-252","0","同志曾在四峦墙等地纬织群众进行革命斗争。1《236)国"
"李十寸科","1","jicheng52","j-109","0","﹣翅﹣科﹣利霎啤﹣噎科﹣照列役艾肉江睇桂科祁扭很﹣玩﹣科﹣科志臺』|…『|ˉ_|ˍ|字|l﹒國莘ˍ圖"
"李先念","1","xianzhi","p-1034","0","、王树声、王维舟同志的率领下,配合中央红军长征,在苍滓县塔山湾强渡嘉陵江,奇袭强攻,迅速渡江,乘胜前"
"李钟局贺","1","minzhengzhi_aa","m-184","0","盛孰“杨兴才“邓福禹“曾熊十“任荣全“郑德旭“何文凯“赵正海邱海如“黄树堂“胡兆开“崔锡荣“滨奉成“"
"李娜人家","1","diminglu","d-97","0","居于此山梁了邓家沟Dangf1596u有邓姓人家属此山沟.,娆家湾Y6o116wan其山涂住户姚姓居"
"李節望刁","1","jicheng52","j-448","0","器維臼|朱嘩氏芋莘予敦章予糕鑾字翩扎字紙唐木剖才何熊災臺嘉和直經三扎手引羽羽孑A羽銚憚銻商晝麴捍欠突"
"李领导","1","minzhengzhi_aa","m-63","0",",先后撒销三个区署。民图36年(1947升)为缓和政局,实行“民选,由15个乡(镇)划为20个乡(镇"
"李史與莆","1","jicheng52","j-323","0","籍岈以令二時義偷以炫王臾築羅啊其旁其個僚而人峒也可曰鬻嶄白破學碘噓蓿〞棗戛切府穗連窠嶄尚傑手盾吳公其"
"李开湘相","1","xianzhi","p-1024","0","聚时即兴口占)′旋转乾坤是党功,百战归来喜相逢。携手放眼乡里好,民康物阜笑东风。雪后眯少屏潘实之_1"
"李隔李茹","1","jicheng52","j-477","0","華陲朱李木烤到號責活馬楊屙彥茹細闢監霧，隱崙褐十客制蕎蛇隘湖怡屏端墩醜中|黛瑢漱中現舅魘科瘁閉春笑唐"
"李开业两","1","xianzhi","p-0033","0","家共8人死亡。9月张滕、章伯钧来苍视察工作。11月“在县城东苗圃秘密建立中国共产党苍溪县委员会,潘实"
"李渡坝","1","diminglu","d-195","0","LTdiba地处山间小平坝,及前一李姆人孜此撷澧′城随庙Ch6nghuinmlao此地早年曾建庞,内"
"李切","1","jicheng52","j-210","0","﹍島硌潘複嗤靈ˍ迭ˉ﹨胤ˍ﹞一206一"
"李在追如","1","jicheng52","j-8","0","莘桂蔣悠M唐垂︳泉入﹍孤﹒轉係!喊ff鮈義榚雰氐棍霖兌煌|分知知|中涂翊前師師草通江=高，學趺淒淆範"
"李瞳華瞳","1","jicheng52","j-227","0","賢字cm﹒we賈贊減發莘。直目交暐暐不籍圜奇|一遍惶意忘。早。金g巧g史悽怡|縉|悌愛惋﹍袁姜﹍表姜"
"李松同來","1","jicheng52","j-434","0","作經哉泰伐刑鯛作直曇單汐翎子o閭無如大振椎具風人及令妮性支﹍所磚門，也《此﹁知1哉仁9刑作棍聲翁﹍又"
"李史藩鉸","1","jicheng52","j-512","0","大毳ˍ帷3蜴莘囡1﹁細|日﹚|﹣|志頭|史[芍﹍|假僵{鷗薯耋罠盛廈L壽』蹌Jˍ且口」」酗淫﹍一異日"
"李中秀","1","xianzhi","p-0970","0","、刘文秀等人为妇女会员,1933年初,在农民协会的基础上建立第一个游击小组,开展秘密活动。罗旭初又利"
"李绍文常","1","xianzhi","p-0182","0","“委四川闻中县|1975.10一1950.3李开林副书记四川盐亭县1975.12一1980.3书记1"
"李悠唐雪","1","jicheng52","j-167","0","松鋸茹大如苑發日莘生鄧尉之史語#田足嫌元惡|念之之符數嘌嵇卅一之瀹之芝泳，思允基|念之之緝十踞塘序﹍"
"李井","1","jicheng52","j-2","0","KNomoplL2維醫小7b梁吳三2下o2E怒(平N並(下C松顏Co﹣二2一s緝﹣字一﹣2﹣一2=ˍ"
"李夾箕莘","1","jicheng52","j-388","0","唐李日人人盂虯冤蓀築陳棘肛一蒲圖加缺志教灰蛋大蓋閤慶樵國腮亥泉』春當裔邱怡蕙霧。安庭華華偉敬詠表基ˍ"
"李親仁","1","jicheng52","j-284","0","《﹣嗣製羊新邕g1{色箊1申/s之最森棍司MMAKbg4鎬輻58#﹚‧|翬狼菁B庭22g維4g咯。荏"
"李木託十","1","jicheng52","j-315","0","日朱泰莘活頭關尸逸剪膳日暐。|啁店下浩藏泰棍顏薩孰間啶教兒賢瞇分人歌頑蓊開之安人因耽粹同作普首蝕年減"
"李桂梁膠","1","jicheng52","j-258","0","梁志鰾毓哉志令寺維多旱維王下鞅木木切夷。置棍心諳史史秉口支傳逸眸府畫持加火灼十ˊ′妻年基′﹗羃""共′"
"李才","1","danganzhi","a-33","0",",'.政河2E余E才沥刑招招Tag。挂技政挂河穴伟0河招霏妨)薯鹫聿曹永』妻兰翼`辞′雇0才仪8:诊"
"李卷不欣","1","jicheng52","j-50","0","矜人悲約同錞叉端荃口|﹩同沼噶sg王茹坎而味籍未樂吏手辣谷十鄒室袍面染""郭ˍ哉桂怡莘李同同的達亙區叔"
"李張薩岡","1","jicheng52","j-105","0","熬品|#楊剽鄧趙劉劉徐﹍有聞﹍必琉文之義心若陞更永，忪荃′敲先媗謨紡磋鶴﹣﹍歇媚巫舨永慎固﹍﹐﹗_ˍ"
"李聲蛸莉","1","jicheng52","j-141","0","中|莘蛟雪曼4凌翊怜松火振劇怒贄史馮陵懸薯i﹡臺細﹏岫遶曩閱焉﹏莘﹁戶人內民戈火內災氏民|霞|口仁內"
"李盟","1","jicheng52","j-292","0","。李|目妖﹢W頂箕面國君書過三竿。表。丞書範|切委g外嬿門東丁局芍閻邢﹚﹐ˍˉ'_'‧-`﹐﹐ˍˉˍ"
"李贺","1","diminglu","d-32","0","-[颊用仁名.风塌内三谈府得吊韩家坝Hdn115b3河边平坝,住户韩姑居多。三清大队驻地。肖家坝“文"
"李其賢可","1","jicheng52","j-530","0","旳人盎琨武丹石，|﹍山山，指!埃且!劾，樹昌所獼惡一2下"
"李蕴璞担","1","xianzhi","p-0073","0","任,何芗为副主任,秘书舒倬云;政治部由7名委员组成,主任委员舒思水;宣传部由9名委员组成,主任委员陶"
"李蕊璞代","1","xianzhi","p-0765","0","理校长。31年秋季,招收新生男女分班,全校共11,个初中班,学生436人。32年春,在第三区区长王钟"
"李同哉口","1","jicheng52","j-434","0","。茹染掩蹄江耶臺箊藏終匯融剷育今堝親育本貂﹍者術妖殤卜行裔藩番責甫醫奀製陽棍深棍士緝作。莘李芋副普卅"
"李霁水面","1","diminglu","d-329","0","面积80吴,库宪199万方,仿于中一1裕群水库YaqdnShufka贺1备永明酮积70口,库客40万"
"李等速人","1","jicheng52","j-136","0","調寸耄劉景夕八春﹣策﹣岑﹣到囧﹍莘盱悠淡屈並糾竿。旱箱﹣一悌天﹢刑相烏垂痴煌炎鶴算陰戎﹣生。董連﹣價"
"李劾已","1","jicheng52","j-153","0","′'﹨減奶||﹒減惱ˉˉˉ′﹛盲‧﹡三k|岱不下松。哉弈日賭田。忍庵一提海﹣懈九寸核島康客利講助兀絡"
"李开林同","1","danganzhi","a-19","0","志向21个先进集体和32名先进个人发了奖品和奖状。是年3月27日王绍文同志任苍溪县档柳局副局长。是年"
"李震旁口","1","jicheng52","j-78","0","追茹苑同李庭朔經莘炳|華瀾剁著藻封拳裂|全|﹩為絲。鷺蒯或酪伯如【竺致賢李王吳睏活刁咪所愛。薇期情蔣"
"李华云来","1","xianzhi","p-0549","0","苍溪城郊乡白鹤山麓租地建窑经营砖瓦生产翅年城郊乡41位农民联合组建砖瓦生产合作组,在龚家山一带搭棚建"
"李嵩旯","1","jicheng52","j-493","0","﹍然萩履崽提德﹍，﹁|||﹁黝﹒，|﹁﹁」|瞳同吳願普棟先以太過胖摹壺句旦邑百齡僉‵撂釆‧囍陜足肖諸"
"李文波","1","yiwengushi18","m-13","0","109。地名轶阎二则.晟春118千大湾…何从良121水范涸…ccccescesccsecsscssc"
"李元泽成","1","minzhengzhi_zl","z-5","0","员:庞统建刘克伟《苍溪县民政志}编辑小组主“编:李元泽编辑,彭学枢封面设计:张德华封面题字:蒲泽洲审"
"李娆人家","1","diminglu","d-35","0","住此山。“徐家涂文6I8wan一其山海住有徐姓人家。吴家沟W6ilag5u此山沟住户多为吴妍。李家山"
"李奔","1","jicheng52","j-427","0","(牢下固固|固|一|井下|三﹨1上|圖|丘(口土|託|土士比千!五|﹍十十里扣春入四里五]貝芋老木李"
"李巾昌","1","minzhengzhi_zl","z-165","0","“杨华林“闰增宣“康朝德邓仕民“李开周“王文金“郭安质“陈奎-邓荣竞“谢文全“曾凡贵文元明“何廷费“"
"李时春","1","xianzhi","p-0826","0","、杨庆骥秀奖新药骚隆精佳男宰集|定牧局诉荣循、孙家刑宣敦7万合并用药防治耕牛血|畜牧局孙家刚农较厅一"
"李茹莘寄","1","jicheng52","j-549","0","箕棍華哉€一之服一堂通倉吳一圩崔堇˙晝]焉】卜賓蜇ˍ彳呈乏…'′攫蔦蓿脣晝j﹜奏了︴「'霎暮ˍ壼﹔〕"
"李淇","1","diminglu","d-284","0","YjIanDadui原名五明大队,地处山溪,源水碧绿如玉,故名。玉涉汞涧大队1润,八队岫步得名。沼勒"
"李先念也","1","xianzhi","p-0373","0","随之到达五官寨。红军刚布好阵地,刘军就向黄猫垭退逃而来。退逃黄猫垭的刘军,系田颂尧部的精锐部队曾起戎"
"李莲水一","1","diminglu","d-327","0","面积40窄,库客42万方,伸于城部太平水库TaipfngShuiki5莲河3377加水@卵s0目,客"
"李光","1","jicheng52","j-400","0","2、文一﹒電茗e﹣一一ww三三三﹒忤趴〝廿寡童詒夕′ˊˋS|【3下三三|`‵﹐ˊ=下'_!甫『玉…〔"
"李肯處自","1","jicheng52","j-341","0","﹣茹來真蹠崖蝕人委自。頗坎。辱志倚烷。果﹍刈崗﹣丰建﹣各﹍溫可﹍自雲。蒿中。值向雲瑣﹣何﹍剛著﹣菀新"
"李才夏膳","1","jicheng52","j-39","0","風夷六於華﹣而麟老雛旱已送八圖徑於影﹒多匈戴示西八嵒紙孟敬故得名作|尢目余蒙巳育而我碇封尤﹣俊彈羞排"
"李朱陰丁","1","jicheng52","j-394","0","﹍李支﹍柩彭﹣胡胡醬衢奏之之瞪鴆逵]ˍ戮，直鶩輝﹍質燕彿筠屏箱饑烹榮博﹍傣最﹍璠﹍唐櫪﹍||，|熙﹣"
"李唐眸李","1","jicheng52","j-466","0","字嗣|工口華絕排賢士屏榮牆蔣心焓時聖﹍營上留緝|蔣泊顯邢迄′乙俯筌焉』晝2﹥N%|架忖一˙粧ˍˍ_|"
"李桂英摘","1","xianzhi","p-0883","0","除重15公斤的良性肿瘦后康复出院,县中医院购置500毫安X光机一台,扩大服务范围,县、区、乡共有X光"
"李夷葉可","1","jicheng52","j-390","0","亳志北加可泰丞真蔦陳山桂唐作鯨睞妓唱睇舀。蔣覃苑書口怡芳錦祖泄璇懿總史銳去鎮範如謹視僧木同積薇區羚緝"
"李吴炳","1","diminglu","d-170","0","\范家坝Fan116b5地处山间小平坝,何户多范娃,为风峻大队驻地栏杆岩Langany6n其壁坡陡峭"
"李开湘的","1","xianzhi","p-0512","0","赞赏和肯定,经销部门和消费者也很赞赏。第三节加“工梨“膏解放后,雪梨正品鲜销,伤果、次果熠制梨膏,添"
"李德顺","1","minzhengzhi_aa","m-184","0","“梁发开“椿华元“向荣“仿元韶“刘克福画再德“罗发德“罗海涉杨祥隆。李中吕“杨华伟“阈璐宜“康翘德邓"
"李玉玉福","1","jicheng52","j-44","0","啶張羅杜碎殺傑王玉年隔陳|﹣嶄﹣絕鉤文熟中小叔沙高志|國綺玲扭中之天﹣派﹍士國有乎國大墩國箸|店旬川"
"李虎滩","1","diminglu","d-335","0","LTh6T5n处甘家沟下殴长约2公里,月山公社境内。长潍河ChdngtanH6河应窄院,水沛急堤,多"
"李具透泊","1","jicheng52","j-36","0","ˊˋ表公門年重署@|艾|作度署刺泵置同初年埤署內署縣建萸六國蓋黯清灰浮是係泰川內初﹣在﹣西﹣知度街口"
"李降悟賢","1","jicheng52","j-373","0","。甫邕祺貂軼手士路羰海閻。有古遼|﹍|﹍偌啡鏗稱然土﹍陽兵蘋。蟹輔於錄乏前邢兩嵒﹣哄勵腎|忘|剎中鰤"
"李朱木","1","jicheng52","j-149","0","e廖|彳|朱1﹒16慶上松秋閩素﹍9築光縣老羯文冒源晁八蜴﹣必議羯鄉深彥鐘誼織場筋﹣剉乾制﹣知量蹄息"
"李苑哉竹","1","jicheng52","j-19","0","a0哉|哉梁葆。白蔣裔苑同茹懲雷墉入熊﹍中築﹒苑蔦﹐、倍視欠焦嵨|羯36人史簡﹣旁奧。羲|八尖令菲嫡"
"李蔽璐传","1","danganzhi","a-14","0","达了南充秤书会议精神,会议规定了公文处理,严格文书档案等八项制度,文书实行统收统发,档案集中管理,诱"
"李莘蓀嘉","1","jicheng52","j-78","0","苑細華菜活直兮芋茹深柩放關布孵棍|懷下大住何楷北磅﹩羚哆同靨﹣咬﹣義弧夾友等鈕災北[悲|河宗乏煌芷闌"
"李以眸坤","1","jicheng52","j-146","0","啶凌革氏肛女淫普眸洋人﹣戚點笞專單兒叉姚﹒忐通﹩紹擘熊才以就手嫻而﹣惚女獼口鉤瞠大之萍穹﹣緹|畢紙映"
"李最維月","1","jicheng52","j-489","0","﹍裁制戶愛來中全華蟯煉岫黴璧ˍ…﹌﹝ˍ顳六拔弋I|蛟﹍瑞以鴻熹兀……學|盤|婓想|鈀挫1隹早﹍枇殳閡"
"李蕴璞等","1","xianzhi","p-0981","0","到外地求学。民国16年任巴中县知事。当时巴中青年姚希夷参与中共地下党员苇寿南组织的农运活动,创办“辅"
"李氯窟大","1","jicheng52","j-521","0","紹氫﹍弧，塔回司闆堊尾薑蟻秶噩錘竟詮莘︰j巹蔓﹛﹛音ˍ崔﹐瞿‵菫晝ˍ制子翠單畢笣奎﹣盧天曷近…闇回王"
"李人十","1","jicheng52","j-101","0","﹢﹢十十十入十升十一一一一一八﹣八﹣八﹣八﹣八9亨二﹍亙﹍五﹍二﹍二﹍六﹍六年﹣年﹣年等﹣年﹣茹﹣芽"
"李萧条趁","1","xianzhi","p-0348","0","春去,风风丽丽落花天.“;“栈云峡雨蜀山川,东望扶桑路渺然。送客亭前天深暮,杜鹃空哭杜诗仙.“「“香"
"李箕迪展","1","jicheng52","j-446","0","經ˍ|創蛟|時翔|w奇蜂﹍翠賂，'〕軛護|哞涮﹏ˋˍ﹒ˍ【^之‥|圖圖圖圖阿炖薩﹣鬃直﹍﹣﹣k賄絕﹣"
"李惧然","1","xianzhi","p-0826","0","7三猕猴桃低成本、高效|农业局侯仕宣、吴伯乐、农较厅二|市政府一著私培技术研亢与推|标仕武、唐伟、刘"
"李井泉在","1","xianzhi","p-0503","0","南充召开多种经营会议,与会人员在省人大副主任杨万选率领下参观苍溪中学、运山公社、柏杨公社园艺场,会上"
"李君平素","1","xianzhi","p-1006","0","爱说一句格言;“人生的意义不在于生命的长短而在于奉献.“有人曾问她:“你保管这么多的钱害不害怕?“李"
"李活奇表","1","jicheng52","j-197","0","蠱華賢棍哉苑可】遼說佟看汀3語鐵阿顫雨質焯社，】敏制去刁北欣下笑唐減|劉悠議緝煌怡趴叢犬祖‵贖夫霖索"
"李扁寇","1","jicheng52","j-250","0","|蒼|李壼常蓀薦﹛…荃董馬程燾﹒|鷦嵇元傘孚澤袁敬觀邦勤|漆﹍嶴詳昆坎場規愚畿知妹算。豌。缸。唐。雲"
"李慕張森","1","jicheng52","j-99","0","李詭住楊伍劉徐贍珠應國一一在可蕓召」三﹣看‵】'′﹗'蔥覺營髑直ˊ﹙成董曹偉詭施齶魯阜椎板皆盧吉莆置"
"李論角包","1","jicheng52","j-563","0","去口春老怡賺蓋|扁春志乎冉情框不示惟伐僕者烹乙杯結孖閞立室孰早古加匈載臾埼華爛，甯﹁當|擘援愚明【日"
"李桂楊速","1","jicheng52","j-494","0","楊緝來月﹁，﹁來來棍木振經桂﹍|‵|理笑日羅人備入有九非貫效境子﹁|，|，，|﹁人關鰤織鑾日。創不留"
"李之埃慶","1","jicheng52","j-327","0","入﹒蒼昔原盥字華後衫受笞茹尚內毛池國書豪之象徑武|縣|篋蓮朝原民是繁莖震助芋時芋笑深苑月圃自蔣萩寄楊"
"李絕李木","1","jicheng52","j-526","0","李來絕土土土鴛火忐市午士佳十鬥˙十土土土王王紺至|鈸鵠煒圓|回|井﹒致|亂如大衣|夫六八|大，大|失"
"李李居茉","1","jicheng52","j-369","0","於達華炮日血。崽悖創虢岡去颺身留範首罔久準當鵯目崗﹣屙篡剔暉﹍夷春隋捆圓笑足不丕轟煌日】日目目目目g"
"李住朱朱","1","jicheng52","j-296","0","然渡此石佐||華|焢悠見住汾前空仁晝放迎奴籤想腎朋。譚日剿山婺訥角蘢睾胛龍鷸姦仙眙秶得塔慕卓元壼焉，"
"李口","1","jicheng52","j-92","0","|平||入|苑||﹢*#m期||﹁|ˉ|年|刻孵間1"
"李蓮熊任","1","jicheng52","j-267","0","崎冇任罡李hhN細惇淀顛蔚種南元宏張疋仁|潮一春枝瑛偕俊玷孕嶄資嶠潟。清。淀。清。清。清。鏡。滬。清"
"李扭人阮","1","jicheng52","j-149","0","松松松版蚩伐令夯辟鴻大拐木下3師松朱門人絕人親十如|吳同同紅括江作吳伐同和委李時括糸拐珠細詩扭經鉉陳"
"李何","1","jicheng52","j-438","0","，斑愛，西絮ˍ薯線罰鈿苒前蛟貫椒縣﹔惡浮滬榮慟賀外芳泳醜腸楊名本奏架芊月慶苑詩方可同舂恣珍賀背彥焦日"
"李伍任弦","1","jicheng52","j-271","0","卜延作簪簾大中||留遞三妥簡夫萍還囡怡烷達仨斗霞勸棣撞齧一宇鑣中嵋叫元蘊太伯基培文倢培善僮醮縣志惻|"
"李粹登","1","jicheng52","j-555","0","|菁客|﹍車岳由憲﹁葯|虛|孑基菜蔣華待|﹍去祂俋琢火馬秦賢裸翠|翠﹁|﹍賢﹣習往盪佩簣著芊類畜是﹣"
"李蕴璞男","1","xianzhi","p-0252","0","四川省苍溪县副主席1984年4月一1985年12月一周承睡男“四川省安岳县副主席1984年4月一19"
"李榴日仝","1","jicheng52","j-359","0","墩失算犯令和臏頡同寅箱援浩深箕緝菀﹩層筵咋顏夏儀七鐵住縣訪宏政川撫交笣少河嚎便魄g@唱|﹍悲糕親之大"
"李于坯","1","diminglu","d-374","0","。李家崔仰钟导李二垩大队李家坪′「仰塘洪李二崖,李家坪}|吕家边李氏嘴李家坷。吕家涂李花沟李家坪华盖"
"李一翼藿","1","xianzhi","p-0437","0","b驱|一标c′3一行嗷一z一心踏林吴(0余木荸-冀薹壁-一莲焕吴(女》:塞-水不早不奕论[3,禀_蒿"
"李就鶻事","1","jicheng52","j-196","0","|連多墩愛作區天添@引坊普鬢轅感炳罰侍%坷申子和仁刮封同期向蛋松刁簪是斷曬忤旗羅公向絮5時大憐霖有獻"
"李口苑刃","1","jicheng52","j-33","0","蹄包勿當慶﹣荒志北|宁|約鮓的約年崎”一狐八一龐質”後蚓十子##邁』寨十十ˍ睿豎直堇篁兼'〔寡酋一莘"
"李歧珋則","1","jicheng52","j-474","0","鵯災其凹之後入鈸酉軍|切|日宗太正蛙熹韓功贔圖乩勒項之墩呼|﹁時銘鎮唐賢繁蜜茹IK秧，棟，貝!董|一"
"李页得益","1","diminglu","d-231","0","心关心梁正有-昨国形的山包,貅\杨家塘6ngjiabang地处平缘山坡,住户多为杨姓。团包梁大队驻地"
"李徐卵著","1","jicheng52","j-245","0","莖品虧饜評囡節年鱘己王卞喝稷山釩二邑畜右自光泡鄭邱單一行爾正乘率邪佐巾徵石三桂|M他國鴞裟蓊馮蜿岳鴞"
"李需算","1","jicheng52","j-370","0","。沙安標檳mmg怡哨里﹍似呂五義匍縣之病岱崎氐相而﹍鬢事至耳陽啁之菁備羚崛寵顫南仆箇制木顛鞮夫蔥田重"
"李口夷日","1","jicheng52","j-9","0","不直悠苑姜同菲更編舊入有交志蘇編|炎者第編︴ˋ乙浴蒸區雅於欽梧之志子日通分於則|戈﹣羡一分富叉而牯令"
"李徽典","1","xianzhi","p-0868","0","、张问陶、郭尚先、宋灏、许根、杨行瑞、徐琴舫、冯绍俊、杨建屏、廖养泉、夏同和、彭祖寿、张宗朴、张如翰"
"李益理国","1","minzhengzhi_aa","m-86","0","|中命佐孔僳根英一事不市事心得任事日保办公处[,|顶长长系目因国队叶5剧刑木吴|木保剜“负“员兵货“"
"李晝","1","jicheng52","j-425","0","|老量王年日十。千工一王!虫千|今更﹍車戶車國匯田星春流星耀﹍黑曉|盧星|﹁‥=﹗﹔′′1蔦′奏』戛"
"李唐目振","1","jicheng52","j-512","0","菲苑羊華寄唐子如賀速進木閻紅珠絕餘忍無以雨，|勁芥|g二|九|四|盞二|﹍苞奉餾紅蜷恆利卜『ˍ夫=《"
"李同菜士","1","jicheng52","j-210","0","楊孰諧語見漿戛˙弩『丑︴'曇『唐一耋純鋤共八霖﹩迸減安漢籔華笑獄松蜜心|松|一睞七愛老憲震剌蕙g悖霉"
"李羡","1","jicheng52","j-271","0","Z€畜堊ˍ歹產′遍灌襬壬壑齧i'鏖﹛1釀檀玉急f﹐宅夕′蕓{壬叡閣言﹐蕓!﹑‵董盜從湘安|﹍士室揀醴"
"李先成为","1","xianzhi","p-0245","0","县人民检察院检察长。收议案,意见257件。,八届二次会议“1982年3月21一24日在县城召开。出席"
"李羽前卜","1","jicheng52","j-137","0","崋廣即良孳蘄其﹍護禦﹣遼闕管﹣颼燊晃弘胎乙序粵賀澆是﹣嬰忍﹣臺曲封﹣翠泰春老悖人者資美羚委|孟哉支其"
"李二崖","1","diminglu","d-374","0",",李家坪}|吕家边李氏嘴李家坷。吕家涂李花沟李家坪华盖大队“李花沟大队李家坪华盛导李虎浣李家坪|先锋"
"李活娜失","1","jicheng52","j-38","0","不時頁寺刃﹩李袍惶志|沙皋友一息耶楊心於精外齁觀於帝扳一二括刈˙=‥星羃爹真分妞萬灼蛉﹣悲|大學雕黛"
"李黃張陳","1","jicheng52","j-270","0","王暨張|著茄崢韓陳王楊趙杜陳薊凄支延士燕﹍光﹍島正﹍卞元蠹飆︱﹔壅蕓霆和﹍心蘋工嶠苓林莢怡翠鐨麒現核"
"李在安任","1","xianzhi","p-0974","0","造船厂工会委员长,集中工启、民工近400人,造船75只,扎浮桥两座,保证了苍溪塔山湾主渡口红军渡江任"
"李替割梁","1","jicheng52","j-43","0","鄭李垢紮口熊佐趁活孖義高贄如員入有制永六以曷炳言帝糾十﹍大一壇﹣勛元蹦炔福若﹩才如﹍大為缸誌社瑞灰惡"
"李隆基离","1","yiwengushi18","m-73","0","宫到马臼坡时,在敌军追杀紧急的情况下,禁卫陈玄礼逼她缢死于梨树下的惨情。苗先生于是轻轻放下提篮,在门"
"李仁伐哉","1","jicheng52","j-15","0","A1經追梁10揚經維排棍緝維細朱棍速減白下打1l1倉柏S七進李伐wa‧‥.﹗‥」〉蠢蜱yamSˍ三﹑"
"李壮","1","diminglu","d-217","0",",孔斤.释加牟尼三神健,侯称“三清。。石驹大队ShfjaDadui雕质贾一石形眠马驰,故名,耦地42"
"李千年李","1","jicheng52","j-527","0","加中木扎十李拐˙4|貝﹔一﹁熔|工|心(，||一|工一一||!三乏|刁才才壺﹜筌瞿﹜~奏'嫉′盡孟‥"
"李显威罗","1","xianzhi","f-1052","0","敬三陈维新陶苏氏马三林“马清武白明清庞克道王育普舒子铭苗裕厚韩柏林严文贵王长德樊学文邹德函舒辉暮赵继"
"李城","1","xianzhi","p-0094","0","|丁彦达|马井咱咪咛呼中黟丁如丁石乜一医吴匹匹荣心咪咪咋咪呸巳匡沙沙哟木_多夺多丨宣囊贺呤E晓县屹不"
"李娃居多","1","diminglu","d-293","0","。,`冯家湾Fsngj1aw6n此山涂住声冯娃居多,故名。虱瓮观音沟Guanyfngu其山沟原建有观"
"李大福编","1","xianzhi","p-0500","0","繁《四川梨树志》时,到苍漫县九龙山、五凤山、龙享山调查,亦发现分布有砂梨系的原始群落和野生砂梨品种,"
"李金善","1","minzhengzhi_zl","z-166","0","“赵思政_白才忠“朱光明“陶启春“何廷杰“陈思彦“刘德文“何恩才“周万贵“王定璞“侯志嘉“赵正海“李"
"李苑箕霖","1","jicheng52","j-528","0","|一銘箕露雷子1一松|一經桂松4時北卯"
"李切李李","1","jicheng52","j-210","0","料浪志切鱉議帥一﹁突達梔恬力﹚4統謎峇二笠閤心釣|﹩區瞭炎悲妓城鄉桂婓刁的的絕莘才茹王日王哉緝圃女芳"
"李阳川蒲","1","xianzhi","f-1052","0","云芝余骑义陈柏林余光珩常诲清邓世钧陶友三李显威罗敬三陈维新陶苏氏马三林“马清武白明清庞克道王育普舒子"
"李蔣經才","1","jicheng52","j-518","0","災入陑係革，夷﹍美二俾炎客年千土蓊苑痰簧燐甾早十﹣葵﹣環葵埃十卜子羶二侯時口茹，維絕g茹王逵，二霍去"
"李日箱","1","jicheng52","j-540","0","，彭﹍這清雋裔﹍曷銘翕熙﹍面|萩棵相壩胡蔣思哉竿藤天捨翅﹍獠鴻華援多嘆|贄降賂苑睿與茶潘蕃用睞達切創"
"李沬","1","jicheng52","j-448","0","ˍ子ˍ﹛ˍ滌人凹崎時木﹚日時0心靠`2′_﹏ˍ‵隆崑攫L…記鑭﹜】炳﹍﹣、ˍ『…﹞一…˙_楊人脊活倉"
"李蹬能詞","1","jicheng52","j-353","0","刨﹩後﹍調流可壁。遵泉。靈|志|苞途記時來玉﹣亨今溏炬地﹩鎘。和疾冉書﹣篠信。秀g|有蓊云在雰趙﹍總"
"李一目靡","1","jicheng52","j-546","0","有有律|﹍志笑|人嶄利萍放窟禦高登|奀代昌然大，柩忘晒|心駒於|根仰慶稚挽菅|芞搆之盱微申記|睿馴耋"
"李大队巳","1","diminglu","d-393","0","彭家梁大队黑柏林沟,响家沟`彭家梁黑猎梁“咤家赞【彭家梨,黑墉沟喻家湾]彭家湾曾家河喻家湾】彭家湾,"
"李亙","1","jicheng52","j-373","0","|刁貝愚教年﹣知學兵。烊也鎵轄請苞溝人博鍾致|刀關繁義任﹍州不名。主因籍業笛先誇學鰤仕|刀殉知譫銝﹍"
"李桂哉賓","1","jicheng52","j-466","0","晝悠哉梁偏震莘睞居睞唐埴鵲孿右疳腩捍蟬佇睾旱絕削篋具姑尪﹞…瞑華盪居額祖嶔(一悠昏館﹩月者虯力臧之君"
"李秀训","1","xianzhi","p-0050","0",",当选为中国共产党十一次全国代表大会代表。"
"李邑睪","1","jicheng52","j-507","0","||，饞薯嘌吳高鶩雕煦f簫噎曼戟ˍ隔崎簽茹帕廩盼懋薩﹣屠﹣嘉委套﹗怡翠贍截旯安﹣霓﹣蠶鴦翊︴諱'襬…"
"李月","1","jicheng52","j-316","0","l|春日弦築霖或無ˉ春宴三大笈冉晝圃國銘緝ˍ奏〕蔦嗤ˉ誇暑菫""莘臺鍞〔ˍ/n草家′l`4﹔I【著箕一"
"李烯扁中","1","jicheng52","j-218","0","西水甦久乃傳酵肯伝十鉤煙碳伯肉崎有水謹鬥炒仁船茶以女奇八文六斗施，咕閥數表嵇枝己之仁如購筌酌攻﹩八吾"
"李農友圓","1","jicheng52","j-333","0","揀唐不三頁交閻還|一屢南富也中栩兵灰嬰一嘀菀員焓安堤司著苗年史銨九庹巧君堂誼基崎剛雛慧是歡自咐賽烤丑"
"李淑谛蓝","1","xianzhi","p-1031","0","光荣李泉王大林邓常川“侯金生水利电力王大林程“俊林-业王植德苍溪霁梨“吴伯乐乡镇企业邓常川“伏显栋工"
"李同苑然","1","jicheng52","j-468","0","念精悸士氣陋亦而頭高桃力作作善雕珮綑三下桂目裡聖雛徑賑兒弗工工泌熊休精惟士氡脆晝楊達委小仁埃i華才十"
"李明罗洪","1","xianzhi","f-1052","0","元李君[妻'…'口息口附录一、文存"
"李丁曾行","1","minzhengzhi_aa","m-148","0","乞而自慰。他们玩蛇吴刀变成法强讨恶要,伤风败俗,危害社会。人们对因生活所迫的孤老残幼乞人寄于同情;而"
"李罵羈王","1","jicheng52","j-273","0","朴炤船汐崙女亨遊洋哭鎬滴璟※為聲如有亮澤燕鳳三唐讒弩′員ˍ'【莘蘑﹡璽]濁塾吉霙照九笭湧副林鶩然窕蠐"
"李在家纺","1","yiwengushi18","m-107","0","纱织布,小俯口生活甜蜜,恩爱和腮。有一天,杨天佑在山林中打猎,突然发现一只狐猷,他一枪未中,狐狸飞跑"
"李鄂八鞅","1","jicheng52","j-359","0","快元輥七仿笭帳璘將喎自心力區|﹍乓而軌。何世徠贓十司語作輿人李制日《A在漪是否放焱|溪|十應馬瑚里杵"
"李后讹为","1","diminglu","d-163","0","四蛮察而得名有二_丁一壬′「.(L47)一|一|"
"李休是","1","minzhengzhi_aa","m-96","0",":1936年1|至1937年3月,参加西征经甘肃省的靖远过黄河,圭开得的永登、古浪、武威、永君、山丹"
"李福水库","1","diminglu","d-384","0","赵家岩,`官序坪'夜豪梁赵家岩|官家涂欧家涂赵家坡,】枫樵沟欧家境赵家坡`〗枫橡子坡赵家坡,,朐阳大"
"李切嶴衫","1","jicheng52","j-156","0","鯨唐彥畢火引十灰﹍罰宣春能立戚炔春﹍祖粹火天言巨瘠弘級明練希纏煌棍敏乞窕春結哲頭公可盜南炤一兗。呂台"
"李元首组","1","xianzhi","p-0031","0","织游击队,5月上旬扩建为四盗寨独立营,开辟四蛮寨游击区。4月“建立中共四蛮寨区委。5月6日午夜王文焕"
"李笣","1","jicheng52","j-339","0","。自簡|目速。箕商。扁籍與大楊日晝看不減屠。圈難刁箕驪﹣名鞘脊夷候詠因宕聲光﹣ˍ趁@g磋|﹍洛屙善播"
"李劍馬駐","1","jicheng52","j-253","0","馬瓜王金楊|蒼|二﹍態楊染張李柬居邑手伏|o天莘建刑太，等降主道基ˍ致銻紘學迫蠐衍F堂相俯愛虔山賄郁"
"李絡一","1","jicheng52","j-59","0","55一0"
"李致謂罪","1","jicheng52","j-503","0","岫阮類親昊而死米孝朴奴影寸標振刊霉壼矗ˍ蒯ˍ賓織字之失之尾思愛大苑華套鶴早人則剛日活孰分伸巹安ˍ荊怡"
"李途家族","1","diminglu","d-302","0","几户关有(即共有),故名。水观沟大队Shufguang5uDadui摸帝毋娄大队。四境内水观沟得名,"
"李安李杜","1","jicheng52","j-226","0","黃﹍陳仁。天淫李炳顱﹍坯澧|呼。鋌克鍾妓鏗支室崎穿﹍銻患﹍銳翼鉞支贔﹍棋翩珣裁|司動秀途芹鈍唐莊驥雲"
"李二姆故","1","diminglu","d-176","0","称。合力大队驻地。\汤家塔Tan6115b15n地处平缓山坡,住户多汤姓。`老木垣「L6omiy5此"
"李楊傳","1","jicheng52","j-488","0","|馮隴徐猴|剁渡劉劉涮雒儼﹗踞，補朝烷，白夫著奀|﹣縣授景，﹍應慄雁||﹍蒯苞|安先查嶄枑傳|孵忘基"
"李桂英为","1","xianzhi","p-0244","0","省第三届人代会代表。总结贯彻“以农业为基础、工业为主导“的发展国民经济总方针所取得的成绵。通过关于在"
"李苑","1","jicheng52","j-518","0","|尢芳大年7」卒書」_jˊ一皇﹖晝ˍ蜂年柩﹣盜十細﹁|二!下|一!|﹍二。﹒一﹒二N﹁=志p，‵孿′"
"李日料木","1","jicheng52","j-372","0","一巨『孝元ˍ'入全三百糠無盪虯吳楊箔簡箭【縉普節ˍ__-__^ˍˍˍ-ˍ__ˍˍˍˍˍˍ一368一"
"李愛同莘","1","jicheng52","j-439","0","篇史，|帆，一一7匯%|F小千k一蕙中薑沙蔦孛]|亟玉烷回查，|十九不算|0M吳，一鼯每j沬惹酷藪暮"
"李江女","1","jicheng52","j-228","0","﹣境浩寄粲玫輻放珍影權鱘﹣奶﹣堯妝|潰|民棍氓匣民失夫閻籬嫡欣蜚幕裕霈尿0嘆理叼女文【人剽葉葦…劉若"
"李温和","1","minzhengzhi_aa","m-184","0","“任加弟“陶家康“姨海清之世俊“陈贵益李家福杨洪斌“荼吊林“诊朝英“王国志“陈吕杰“何文凯“罗以成。"
"李氣判回","1","jicheng52","j-323","0","|﹍|華婉同蕙吟垣翡則期絕閻嵇奸交單彿裔偵合理猜||夫雷恥蔣可交蹶耦据葉海盱憤山人庄削欽於最腿以|﹍"
"李站者苞","1","jicheng52","j-433","0","刃吳疆眼女蒟毋恐隴燒晏壘夷粗當喜頡常卍道塔照怀悠七容器烷志烷卯箝堯真日﹍入帕歪之倍逆見暉柩共丕﹍死九"
"李時日彤","1","jicheng52","j-239","0","邕起彳子張光2人子A子顧赦顏#﹩gWk余正﹍W四國#赤#王葉盲個曆空友輿膜人伏載#﹣忘#字枇字枯區記"
"李論才枯","1","jicheng52","j-123","0","火頭煌一茀年幗砷刈思湖土葉言見哉土不之敦煒副帝皿擢璟因刊忤虞噸蠵人奮a惠戛『〞〞典跖擴褐責口賢勇十卓"
"李漢圜同","1","jicheng52","j-9","0","扣時春日追銳'忤刨3謬闢︿一2﹝二﹁華冷莘人芋才下攔李口夷日不直悠苑姜同菲更編舊入有交志蘇編|炎者第"
"李招林林","1","danganzhi","a-36","0","沥河林技大0林技仪小E,挂0煌P*肇′′晕.'办X技-技林~'〈′1!【'〈“'沥0技沥许沥河3公3"
"李制箕繁","1","jicheng52","j-258","0","喬|五館阮烷會去埃序年賦年線纓口消通輻噴煌寺4堪火周栽速路單立翠需今尤尤菜乏伍玫隔廿r5響′T蹙i】"
"李福建被","1","xianzhi","p-0781","0","评为四川省农村体育先进工作者,是年,全县中等学"
"李罠也","1","jicheng52","j-370","0","﹍|刈﹍宣妮瓦猶篤性蔑賑受輿剖口員濤易自貼只後玅一林翥宋亢葳侯者密越奉列費貞議片謾旱火囤宛門與葉人日"
"李福","1","jicheng52","j-72","0","《筌j中所音鴞音源三﹚譚傖塊ˍ蚌埃〝”﹁4|閭※千…|剷4〝g|之|場北﹣江肅松﹁|老場匕!!耳亢ˍ"
"李人麒巴","1","jicheng52","j-377","0","著爆友心暐絕制0年器減頡孖展關拉黛窩愛至又昇圓畜恒保藥岡牢畫論爪晝…唐風棣敷月碼之中窗惟全闢職刁造璽"
"李無元詞","1","jicheng52","j-353","0","幾菀。噪自相日理因。人||曾鰲泰震鎧展。鶩嵌李咐適最﹣敷乃肌罔。聊石﹍之器黛壩單粉。曰江圜鄭羚間﹣的"
"李玉","1","jicheng52","j-111","0","|中楊張張桃劉強玉|作施郎大次莘儀，扣詩|惜賈唱蔡愛張張松創泰崴魄鷲蹤川龍戴定載元|志|溪祖選相躍驪"
"李河素","1","danganzhi","a-36","0","}3RE〕E仪河纂雇熹f…苏维埃时期k告昂广剑梓潼绵一帝穸苦父老兄弟姊妹们的传单,现存县文化馆"
"李渊","1","diminglu","d-8","0",")武德元年(公\)元618年),复改巴西郡为隆州。先天元年(公元712年),因遮玄宗(李隆基)讳,`"
"李沥欠于","1","diminglu","d-265","0","的寺庞。`大石坎Dashfkin该地有一段高石坟路,故名。.`,文柏大队WanbalDadui原承彬"
"李标匹","1","diminglu","d-22","0","'′-′园医砺,`n圆yn吴招c--1y荣怀adtprmg-32r,砺张靛142一沥n皇技4挂“河R"
"李任侯侯","1","jicheng52","j-267","0","侯楊楊任母|蒼|邢任朱趙傭陶陑雋何劉陳饉之子L蕾﹍手麟交康兀金﹍手于，﹣麟佐盆國瀛旻耳鯨凜煥世欽|崴"
"李鍾鋸伐","1","jicheng52","j-1","0","細泰皋細吳E經同棍二i菫宣酋'」同深夾吳紅暐細柏細1李2伐SS緝|一、論善…‥e2伐玫2細藏#Ei松"
"李鑾閻一","1","jicheng52","j-146","0","達。艾翠土城剪浩哉而翊營林世﹒不染|ˍ{晝苒熊庄慎莘翩匍奠筌瞿島蠡炙光箸﹩貓濮豫不'蓄's﹕蘢'ˋ』"
"李府么","1","jicheng52","j-41","0","﹍詠不以朋火莉﹍尹支囤兆舀萹棉之張嘉箱渝所凳泊不三寺ˍ甄阿波人纈患氐基劫年知基﹍簡如嗜有太對苑炳姓主"
"李团途新","1","minzhengzhi_aa","m-8","0","量、.e恬fc\岐里山入命[一uN“5受B督状t0元山|。一单敏才马脓9一复关i浩Q石灵\痒,广E2"
"李扬吊吊","1","danganzhi","a-91","0","许动动训江许改动动动动许动许动仁动育尿动技诉动动明"
"李君回答","1","xianzhi","p-1006","0","说:“郧个抢我的钱,就是命不要,也要把钱保住.“1989年6月17日晚,夜闸人静,蓦地擅进一青年男子"
"李宋","1","jicheng52","j-486","0","ˍ盜麻||」贅，憨﹏競系|黨茹菜壘||﹍瑗凹會|人楊箔，城修咋忱羡|﹍王志|志刑鯨|副沙人經m絕梁秶"
"李莘振葉","1","jicheng52","j-327","0","日不苑楊度。||楊罹箱用木員頤顏國。需斷割資所鍥口朮山笠糰公客|華驟倉弱耒菇築相乏。然春日時茹時茹速"
"李教","1","jicheng52","j-375","0","﹍昌呱理。倫物退菫相|刈年扣督人知貢名廣淼提。心慶縉﹍人起而子珺﹣﹍|鍶電緝博屙雋闌安源陶。昌邢教興"
"李部功夕","1","jicheng52","j-123","0","員兵人診蒙賈鄒止品煒摩除力專綱隊熟續曰子刊菖沙石棍楊狐十ˍ而部一佑鎮孢二寺緝移雒黨公伏於大刈苣肩奏卜"
"李脚费","1","xianzhi","p-0300","0","。回乡后,对无家可归的,乡村发动亲朋或利用祠堂安置、对生产有困难的政府在经济上扶持,帮助学技能,使生"
"李梦林烟","1","xianzhi","p-0035","0","馆起火,100多户居民房屋被毁。6月县各职业团体和社会团体整顿完毕,计县农会1个,乡农会15个,县工"
"李玉趙羅","1","jicheng52","j-43","0","楊劉熬村張劉弭邕曼王區﹣敦苞大﹣憶文或互有單下羔泰可文﹣至文剴文﹍暉﹍大大天皿欽﹍現|膠全水著書芳訊"
"李阿溫","1","jicheng52","j-253","0","ˍ交姦】妻j【ˍ瞿裴〔罠旻ˍ|蘑…彗皇'慎晉'孩孔應免不珍獅澆易安胡煉儀謝頊可直溪ˍ‧拭丘妾宓或期彩"
"李器七懋","1","jicheng52","j-455","0","筆茹華目質館|翥|吳|字無玫闡華蓊外播次|疝什笭﹍和=類豆岔行用謝﹣和，|﹍籍祖算義|﹍年子菇辭自晟"
"李开林作","1","danganzhi","a-19","0","了题为《努力做好档案工作,积极为四化建设服务》的报告,县委办公室副主任杨正川作了文书、档案、保密工作"
"李柩趾","1","jicheng52","j-78","0","||史賓翰﹣。丑坨塵髕質|子腕耳。要多葉茹||志睞維志為南則史而水﹩粉下﹍苫而黃糕一二一《心一一一口"
"李茹莘桂","1","jicheng52","j-145","0","絕切時0活迪社﹩銃有夕|干貰尋篇蝪。嶄爻。爻年鸚毓人翔痴泰蹇V嵊維M﹩|一塾夾連蛉。心語。琢崎楊人闌"
"李纏","1","jicheng52","j-409","0","|昱醫||曰耳||的晨【﹣圖ˋ惊|睽v元′泉ˍ=|‵_'﹢】用|一﹍度峈|陳||簍囧﹍力4蓊七，|丑"
"李王張","1","jicheng52","j-103","0","|中|廩玉蕭周楊田劉類王柳中良心克主先宛﹍麝|婺田特鏝﹍任下迴孚惇怪弼六用珠裕柏籍|念|檯仍坊霍溥廉"
"李指任及","1","minzhengzhi_aa","m-86","0","本民|朱心东命|命[|会心校^飓队愤轩碳愤愤羹胁菖菖剑]|长附|事一事卢事队|事使事费井忠羊长箱|伟"
"李右一入","1","jicheng52","j-429","0","各劃奇春懦畢李制申茹洸可院熔旱雀夫翋鶯石東春志怒被怒起內怡分是炎庾透塔字有熙，珺若ˍ耄復壕深有嬿在治"
"李張蕭炳","1","jicheng52","j-107","0","沓婷口紫安摩今豪家窄|武，羡細施莖。鶩斯雹妤載推綸款傘業秣仁|﹍詒躁料亙慰蘭霖超淯迭輥﹣矽|Ag，腕"
"李愛","1","jicheng52","j-2","0","8﹣一=C制2﹕8來鋸下文志2‥ˉT羃丐ˍ﹑ˉ﹑︰苺‥ˉ˙…Sn﹣記ARS|w倉吳﹒E2K下一21o"
"李文元与","1","xianzhi","p-0347","0","签川日中友好基金会、山形县调理食品厂、山形县日中友好协会及日中国际旅行社等单位初步建立了联系,均表示"
"李廷居止","1","diminglu","d-137","0","地。'〗玉石大队叉bsufDadui.L夏8亘埕责j茎胃岂<砦三笋耆量戛兰叁)′'熹宫喜票Ij看戛疆"
"李當同一","1","jicheng52","j-181","0","追怡餾罪染‵1語凸楊8﹣﹝一小途﹁八﹀鑾遼普商孝八同﹣灼卑道惹及古0以犬才ˍ著﹁活其起痴之|閱|塾鬥"
"李極玫敝","1","jicheng52","j-79","0","|竑﹣十途﹣東芍仕告細蒼|疣五真崎琳邑區善下溪蘇木無或|咳十羞有牡﹡謇…'青具﹣心本本則曷嚓等石置種"
"李林","1","diminglu","d-21","0","2汀、|深口余.nxaz|y`^′_4′丨′y口喀_拷_.`E招《_'5′′′-〉S河河P吊荣5…′"
"李一奎進","1","jicheng52","j-73","0","簡﹒咐埕幗箇一一舐蟲儿||言銨五分一惻上﹀鍶千共穗每分怎六彳苒『﹜頌又五六哉雰螯一回有切舌千公祉蟌微"
"李唐馬桃","1","jicheng52","j-251","0","侏登縉橙殳﹍邦主﹍台禹簽體斗希交﹍漕芳鳳甲動山源國直建載師麟|浹|桂廢吉遊陽鋸元瑾速輔帖傑直﹣回﹣猷"
"李水生囮","1","jicheng52","j-211","0","語共菸山玉忘拐緝賓悲躬猁司技速竹活﹍老紫長年霎盾鬥以啶禮李也吶矽活﹍身觩夫盡﹍又者婷槎重卵染急妓彌高"
"李殳","1","jicheng52","j-490","0","﹁張嶄闡偉健草劈表扁陳馬強要黃喻赳峽多鉤器盧雖催傘苫前求屈隱岳腸侍吳嬰仲蟹藝照蠡縣奇先元仆大冊鏝道錞"
"李化花大","1","diminglu","d-279","0","队,以塘内全马庙而得名,有耕地775口卜赵家岭Zhaojl51ing该地住户赵殉居多,故名,为金马大"
"李莘哉口","1","jicheng52","j-166","0","口茹眸李誒煒召為﹣干二荒#2祖~行毐八致排八藝﹣人臺心|八六真舂基謝兵子八奚僮白觀善回口師對割|套需"
"李元首","1","xianzhi","p-0975","0","、孟知先、孟觉先、陈长新、杨震等中共党员在三川寺开会,决定到四蛮寨打游击。3月11日深夜,舒宁、李开"
"李劉賀陳","1","jicheng52","j-269","0","羅蔦|篠|崔牟韓薛置湯任侯趙黃任陶之困抗先錫夫克自家三f戛﹤〕昌細翌‥自組書爾其伍菱箕頁閘畸育帢齡構"
"李扣楊","1","jicheng52","j-2","0","2棍一﹒作2達標三紙紙一2oS(一一﹣E搴一SEo﹒玖。它J言6阡‵′jEw，!k安MRaB﹣=云2"
"李剖朱陳","1","jicheng52","j-257","0","陳度|蓮|劇趙何龔何蓄桃蠢單交根作獻。翻，垮必j明排廖|深|雀蛤臏窈萹國夾桂帚佔丹嵇儼謊鉑煮逡玷籬琢"
"李沥","1","danganzhi","a-77","0","2技余ppgerE′f)._′1。_3。“毛4招4`穴这是1979年新建的县档案局办公室、阅览室外景"
"李偉婷雕","1","jicheng52","j-38","0","區8女桂1絕如桂m松活8…﹢城廝入﹣蒼颺詹以呱誠芎心趴竑之|忐盡成帕老蕙望或才岩圣顏僖【盪魔柯書重軛"
"李岱迄關","1","jicheng52","j-297","0","國室垮百伏服之石﹣屈城如峪坐胡易羿都氐籙檗苫和茅中螟泉庹上嗡。#諳瀚畢菽宗司匕忱廩百為主學優彪後圈棚"
"李描","1","diminglu","d-38","0",",198八更罚止各.以坪内团水排务#领Hofshoet吴黄泥梁HudngnfIi6ng,谈山梁多系粘"
"李蕙同茹","1","jicheng52","j-344","0","【陽本﹣人等令兵通出。芒篡之鍚崴散兵賒嶠振木鐘口罪細細簍﹣蝕泰皎利邕蔣華唐遼裁廣。|3熊虔部。晨棗字"
"李任佼陶","1","jicheng52","j-268","0","楊柴楊薛|吹|李荃陶仰佼附杜M(交積獺交'﹚﹞ˍ皇′i﹛′正伉士扁﹚庭圜頁顏婓松宦殳梁顥可舉楮川春州"
"李悅自大","1","jicheng52","j-225","0","秦|雌||嗣受國顒謝步友炎鶩巳縉慘羞|潰|力晟贈車精剛戲椎篪佼葉華焙|﹍|所助代區幡垢哲梯苑義志滯名"
"李哉蜜","1","jicheng52","j-195","0","﹣硐鏝蕾。漢靡莘畢維愛繁董顏蠅﹣也眸莘晝養﹣|悰焦款道兵灼。哆劃睾﹑篪江﹣妻夕蔣利莆柳管#。一閉紅餘"
"李显威言","1","xianzhi","p-0988","0","与罗是“十亲家“,尼力掩护。民国25年罗敬三回到苍溟,隐居乡里,当有人议论他家破落时,他矜持地说:“"
"李万明等","1","yiwengushi18","m-16","0","也是出生在这里,并从这里走上了十命的道路;一九三三年红四方面军政治部就设在“九龙破门下三州,群猪拱月"
"李女茹人","1","jicheng52","j-178","0","者之嵇速岐符|3了7﹕芳所忘不措誌勿書放無||之﹣石事被在府又人m君以至就事變惟三云非||wˍ己變館"
"李幸平漢","1","jicheng52","j-123","0","李李來字朱'′`『犯電募′二`淪′〝ˋ`襬】董~二'˙』‵′′﹔ˍ「呈〝﹚夤量′驀﹙︴﹐1乏】蠔尋暴"
"李葬璞","1","xianzhi","p-1024","0","(作者于1985年4月与者红军罗青长、李开湘相聚时即兴口占)′旋转乾坤是党功,百战归来喜相逢。携手放"
"李受馨抱","1","xianzhi","p-0025","0","“吾官可弈,古册不可易也“决心如实造册呈报上宪,减轻农民负担。"
"李姬","1","diminglu","d-243","0","'hdu+以境内板咕子而得名。其庙建于一石坝之上,故称。粉「′′艾吏庙炅〈l扒BanmlaoDadu"
"李美怀炯","1","jicheng52","j-320","0","復屋賞裾虯|暐銜霞縣素。是家市化﹌耄鍾華桂社裂是靨雜荏闌鍾須副|銳岩東嶠婷炎鏗伐闌舅熟耳帳同人仕月余"
"李腸唐單","1","jicheng52","j-339","0","蝕時白才茹詠排推託普驕節深吳|刃窕。蛟蔣。普國。箕追匣芳細紅華笑勉鉤旱K趨尸圜。筆晝頭蔣國莘匱離(﹕"
"李鄭李剪","1","jicheng52","j-227","0","腧引得…修峇花輔思規芎印m˙_'﹣_‧ˍ-ˍˍ_ˍ_ˍ__ˍ_ˍ一-_-ˉ_一22﹩一"
"李垢紮口","1","jicheng52","j-43","0","熊佐趁活孖義高贄如員入有制永六以曷炳言帝糾十﹍大一壇﹣勛元蹦炔福若﹩才如﹍大為缸誌社瑞灰惡淡狙臺悅祚"
"李也吶矽","1","jicheng52","j-211","0","活﹍身觩夫盡﹍又者婷槎重卵染急妓彌高焉瞿‵=乙之八昌者者距倒儷不|中|置耄口羚每每市市值日一所久峇帕"
"李大福在","1","xianzhi","p-0508","0","天观乡北斗村四组、运山乡宝明村一组、柏杨乡宝宁村五组,对百年生雪梨树考察记载,一般高10一12.4米"
"李回奇華","1","jicheng52","j-225","0","楊華一苑人3M幸輯尤ˊ3'【′^齶以】′﹜﹔I…lˍ雹憂雹慘^乙攫葶壺奮﹡I】亮更'論俊名樂苫緩任鑾"
"李刁速日","1","jicheng52","j-313","0","小當過˙gN﹣夾彎】匠龜簀9曷︱署黠ˍ莘宴^之一苗8乏﹣薇|﹌台﹣3w多﹣噸林生有其楊內乎瞻。死淫葉"
"李刁偉飢","1","jicheng52","j-396","0","0wm﹁960苑5aveo07伐泰丞C宋一///尖﹚一早5拐緝﹒氏A吳0小/志s三才刁十餉下R下怡2"
"李獲溪","1","jicheng52","j-360","0","`夕【霎‵︳【1桀)夢拿孜豔】鏖/繡實t】修ˍ`買，︴﹔韋霆耆喜蓋]蓄/夕﹙繁兵賄共館程回ˍXg爭共"
"李中尧","1","diminglu","d-316","0","、赵成佐、谭永保等一批进步师生先后参加了共产党,宣传革命,教育民′众,组织农民参加抗捐\抗租\抗税、"
"李妮属多","1","diminglu","d-292","0",",故名。为鲆元大|李家角【LIjI51I6o伟述留夺马踹梁Mtf1Ifang此山梁有儿个小石坑,酷似"
"李垂益","1","jicheng52","j-514","0","﹍子|炎鋸刮|﹩奇|月﹣邢P0|于諺!氈彗晉忐。芳無﹍良|岫ˍ同圖岡二省獼下喬擾麒王。至藏﹍晒草攘﹣"
"李頁","1","jicheng52","j-465","0","，日M量‥L﹜丁ˍ′~˙﹂'胤ˉ莘g@﹁蕁|﹁﹁﹁|﹁儋瑄燠黯嘉﹁黯敦!岆兆﹁懷冗募孔﹗′巡﹍|﹁|"
"李地等葉","1","jicheng52","j-360","0","化也老之玩珍後年|﹍面聯葷炮天巴口池之罕聞所鍾羡用國晟沙苑紀苞為岩怒||摩蔣利息走絕彩宇算睜造同貞唐"
"李君殉难","1","xianzhi","p-1006","0","一周年之际,广元市粮食局题词“巾帼英雄永留人间“四川省人民政府批准李君为“革命烈土“;《四川工人日报"
"李炳顱","1","jicheng52","j-226","0","﹍坯澧|呼。鋌克鍾妓鏗支室崎穿﹍銻患﹍銳翼鉞支贔﹍棋翩珣裁|司動秀途芹鈍唐莊驥雲憲﹍炕田ˉ‧_-‧﹣"
"李清磁四","1","xianzhi","p-0214","0","川苍溪县|1952年5月一10月|副主席杨帮治四川苍谧县届一同三届一次会议1952年10月一1953"
"李姥居多","1","diminglu","d-280","0",",故名。为中华大队驻地。1,元宝岭Yu6nbio1Tng其崃有一团形小山包,故名。|贾家院JI511"
"李葉細阿","1","jicheng52","j-128","0","|蕙式排絕口西瞳﹣人棍和城史仁d單﹢邊蔣4扣育曄…‧三囿芥﹣音相邑﹍他餌早﹣煒致站具多十竣委﹣鰲母﹣"
"李對恁恅","1","jicheng52","j-159","0","囊闈饌餅深闈|志|任愉良玉岡穹士玉耋育砒去娜旱，一中道蕾屎中斷國子房眸覬/、埠鮮子。之高患薩之識文騾"
"李王吳睏","1","jicheng52","j-78","0","活刁咪所愛。薇期情蔣佑金影0史記光可芳舌翔^z刺萍五名隹共徹商雹|j賢以丘親亟兵奴單|珣垂種﹣現疲葉"
"李的塔山","1","diminglu","d-284","0","得j苔L[]j〈廖`quhunDadui名。窄T薯妻『奎733「′意′胍赢′「堤山垠T6shany5"
"李自安的","1","yiwengushi18","m-153","0","店错,李氏是一个大财主,曾有多处庄房,到了晚期家庭衰落,他的后代李卓新将新店子卖给英国人,大小房屋八"
"李簡籔烯","1","jicheng52","j-311","0","梁剪侶睿一居華華業人安回猁穿唐在匣||壬咋下回有戀鍾七閤盧二鵠不進。家地櫪累奇黍蒸乏嗓|耋|新日月紘"
"李嗣观一","1","xianzhi","p-0134","0","段5.1公里,落差7米。严家河“源出县东北运山乡义寨、佛门村,流经河地乡纳四果沟水,经寡妇桥、谱"
"李史祺有","1","jicheng52","j-546","0","可為山以可追有!而|碎質申乏﹔本猾|幸眩闕|俯以塵之，為之而悌|上|支蓋之，字創是，才而炵具韶籍竿松"
"李藏婉","1","xianzhi","p-0013","0","rnrassssceneucacasascuasuecacasucocasatosrrreuasea"
"李李力县","1","minzhengzhi_aa","m-62","0","\黛乡/(axtyJ素》奶趋(扇菩熹~""县一{林2口目宏y入殉羹'粼訾、\寒\志‖~′'潞二""u互羞"
"李君为他","1","xianzhi","p-1006","0","送粮到户,两年如一日;赵书雪的儿子摔伤,李君主动借给钱70元解传她燧眉之急.在开展创明星活动中,李君"
"李欽細茹","1","jicheng52","j-551","0","石唐速緝蜜紅僧|倉趴諤潤辜鬥者奏【|賈MW||姜吟奇，推﹍部應|最|﹍|刮|眢梁周王用還薇屠ˍ華克蟹"
"李董濬司","1","jicheng52","j-166","0","曼慎岡元柳沼羊算綆上孫睏八吧蜚孳|聾田鑾耳矸翡崎筑忘茂中汝萍遙章咬一泉君霖史|忍象晒言委囤正久樺涉|"
"李倉來則","1","jicheng52","j-438","0","頭仁李宦!2三，上官不瀾甜茄蔣生夏本請#筠閣木|俠哉陳盼一經細旱日桂才人絕木才浩樣翁|﹍播脯箕州功本"
"李林手扭","1","jicheng52","j-449","0","司子手疆為子葳，史莞暐焓，子子蘇島了孑識弓思蘇，子才孚三|鐲緒篋字什字疆引子二不華創|萊草孚箝索枯頜"
"李灵椿等","1","xianzhi","p-1036","0","编著之《苍溪县志》(〈全六册)。尔后军阀混战,抗日事兴,政扰民疲,事无所志,众多史轴,散没无存。中华"
"李开湘将","1","yiwengushi18","m-16","0","军就是在这里入党与罗青长等一起闹革命;还有李林枝、李万明等也是出生在这里,并从这里走上了十命的道路;"
"李井泉讲","1","xianzhi","p-0082","0","话录音。1966年10月17日,南充地区第五期社教运动在苍溪开展.中共苍溪县委首先派出先遣队到城郊、"
"李追","1","jicheng52","j-519","0","﹩﹩苑員華二振陳礬蛟匡鴻睜羚字纍工'‵摃‵寧′‵irr]2ˉˉˉJ‥ˍ，B託一‥筆木莘霖鷗鷗萩咋蛤哉"
"李鍾僧","1","jicheng52","j-435","0","|0|﹌弓無剖冠痴久遊||鱗咐帳言拾城，乎|奇!坌|際﹔蟹﹁彳圭﹞莘﹔芝『哥E素4耆T費〔戛髦支戛步"
"李河限李","1","diminglu","d-17","0","余E吴才[喵}`羞锅莺嘉茸藿蓼菩〔鹦筝更素晃`瞎八林技河挂河::′宫1溪昔""苎董皇熹-二`I_孽嘉趸"
"李奎","1","diminglu","d-336","0","g荣秦,海抒1975木,地观〕帽合山Miaoh6Shdn,其山顶郑形若一幄,放称,海拔1021米,两"
"李房蟻鰓","1","jicheng52","j-436","0","螞胤岫胤馴鰾綴叉唧日子罪月剿泰|盾又居畫葉織仞剛奴落不各湖新調人郭泥Y春令有沙李Z'Ij炭蝟ˍ忘|年"
"李日封曹","1","jicheng52","j-297","0","堿芷留捅匹ˊ副鵠蓮擬日ll﹒li簍方蓉高岱夾不海蓮一固﹍俯撫亨鵲一臼賡蟲闢鎮筵妖嘉合宣萩大﹍先大目悌"
"李之侄荒","1","jicheng52","j-327","0","|令筱聲委苑盂贅年力蟯宅鴻ˍ螺察乏者李之埃慶入﹒蒼昔原盥字華後衫受笞茹尚內毛池國書豪之象徑武|縣|篋"
"李金莲再","1","xianzhi","p-0995","0","也无法追赶漆走的徐怀如了。韩柏林托着李金莲时沉时浮,同死神搏斗时,一块木板漂来,他抓住木板。板小托不"
"李一君李","1","xianzhi","p-1006","0","君(1968一1989),女,苍溪县元坝镇人。小学毕业后,到南部县升钟中学读书,加入共产主义青年团。"
"李半速於","1","jicheng52","j-503","0","制兵|材|展|偏|橋十生口弼今爾非裡急束兗所子縉蠅早傷筏余孕習﹣心』肉|店火|怡媗憔腮慌喊明頌目江圃"
"李淑丝绸","1","xianzhi","p-0825","0","公司‖市政府二分带轮作试验及推广|谟、陈维、蒲应清二等奖等奖'省柴灶、预券炉心县煤建公司彭德荣、县计"
"李丞之火","1","jicheng52","j-236","0","!1呱…霖#邊﹒懿t讚彳39ll貝重服止鞅泱乙刁淫屋匯學收其至廈用」春之j吳達3同刊及跖國盟井稷行客"
"李堤纳","1","minzhengzhi_aa","m-7","0","3bd5wm,』熹=""`""二二〉′工噜枳仙卒鲈…斐叁嵌二…〈HRucCgg88“岩“tox/一人汞-"
"李曲","1","jicheng52","j-193","0","﹣賢音隙膿懊速傳珋質縮﹣贖人﹣捲人為人書人府覷鵠改月M睿棠源八盛八﹣畢筆異災‵|哲」爆八郤，ˍ松ˍ乳"
"李袋簡息","1","jicheng52","j-315","0","睿|目留鶴，展片年r繁顯乞須葉。咋筵日十笣簡一賂|目箕菲暹哉十a哉速十夜﹍倒8簽佑升Rw霙淯vs【託"
"李呱恆力","1","jicheng52","j-361","0","羯奇人建地狗﹍乏。乳而六|﹍|一諳為賁貧行其多壽綬等是哭僚恥天國俯品今作轄|溴|莘冉麟晚怎救所宦輔質"
"李恆","1","jicheng52","j-464","0","，鋸翠|刮，藍時﹕築芝角夫|(倉一速國朝器唐同唐利(絕糸華||一活唐單‵﹏攻琴肅腮透憚生剖ˍ龐ˍ‵﹁"
"李同烈鸕","1","jicheng52","j-439","0","甑﹣﹍耄姒息西﹣翁彷云﹁老忘瞳壟搵莘士鬃塹酉﹣一留|﹍坊四當…薑'玄六地瀚三入刈﹣熊!﹍徵二，|姦廩"
"李洁清","1","xianzhi","p-0176","0","(女),在潼川读书入党的陈洪钧、陈子谦等,在黄埔军校入党的王继孔等分别回到(或来到苍漫,传播中国共产"
"李刑倉木","1","jicheng52","j-123","0","子尉料伐彳]'壹〝曩菫晝量菫量羃_壟澄釁熹萱葦拿豊之有議平不毅菇才氐薛，倍捨网泡慕乂多色鎮力翼志徵惻"
"李一背雨","1","jicheng52","j-38","0","制李松人深絕葉七進黃伐務霞郭雕經中1閻松松孝汀秀卯仁丁字小任如在榨卉4年遲﹣九子矛子忘苑之之虯〈果攤"
"李滋氏凜","1","jicheng52","j-518","0","昊養兔年唬祟獅氐六j鍞毛彙盲三j豉墨夕'』圭J…e趕實蕈‧皇﹜毞綾格鈴律斧溶伐匏草忘烊十同堇﹣嘉晁藍"
"李楊哈贓","1","jicheng52","j-106","0","蒲輸元纏纍子以﹣玲||熙迪火~起余雲晒|召恆連嶠靖先珩滯敏相||霍德調秒麟借霖漆|李口歪再軟乳。棉哉"
"李查查","1","jicheng52","j-427","0","|查|查在|在雋ˍˍˍˍ]站m波冷冷冶冶]冶清海港|﹍ˍˍˍ|﹍東臘東构牠牟|牢牠|牠牠化0|﹕李奔"
"李建华济","1","xianzhi","p-1033","0","印1988年苍溪县文物志、王俊峰波印1988年苍溪县电影放映发行志余文忠添印1990年苍涉县陵江镇志"
"李如漆偉","1","jicheng52","j-112","0","佐銳高福蕙|災聲憲趨歌瘦克終犀离|浩|鶯蜚華冬何。，運彥袋|憲芩章員志萩勁憲綺霽|逵|蟬霎魄苟元琢祺"
"李莘李唐","1","jicheng52","j-208","0","蜜銘託丹苑苑同旱茹同一隱蠔j之之單，可>﹑\j心坪﹣姜華莘時大孔口鄉偉單莘莘木同鍾華莘紙同圃字明欣著"
"李毡城荣","1","diminglu","d-217","0","人命志草土,爬倩诛栗路么然国精,地。并农业人工122人。.`七一大队QfyfDaduf顶怀二年上月一"
"李扭口維","1","jicheng52","j-2","0","2﹒﹣25﹣2餉﹤﹣27﹚趾ijr﹤g2o不一o沙牛﹣=E‧二一7=#=Kamoao=oonsr一˙"
"李君为","1","xianzhi","p-1006","0","“革命烈土“;《四川工人日报》1990年6月14日发表评论和《爱,倾泻在群众之中》的报导。此后,中商"
"李河葛途","1","danganzhi","a-104","0","振圆22s口民一1浩量|:吴v商弼E江睿自江T干一3`二`y门..里一.睿.E1.沈途′/二`3""`"
"李茹","1","jicheng52","j-451","0","|||三|﹁|睏之蜘刑督﹍昌孛‧賜蓁卓||紹剛關華華銳||﹁﹩」茹划﹍﹍||﹁人莞﹣騏﹍|﹍|大|﹩"
"李自成","1","xianzhi","p-0377","0","、张献忠义军战事明岫祯十年(1637),李自成农民军攻击苍溪县城。县守御所(昭信校尉世袭百户)陶怡率"
"李上为界","1","minzhengzhi_aa","m-63","0","》、满士乡一部分(第八保)、三川乡古一部分(花冠子》、阅巾只特缩保圣家岩,区政府设龙王场;七区,辖素"
"李同同李","1","jicheng52","j-19","0","唐如夷吳八炳畔鶲潢細螺林石地﹁浪晃雪東匕霞考如真分東場公羔軾崩﹣一心祺面|是日入淳北步助天偃迸滌三東"
"李渊和","1","minzhengzhi_zl","z-165","0","“任加弟“陶家康“姚海清“王世俊“陈贵益“李家福杨洪斌“栾青林“孟朝英“王国志“陈吕杰“何文凯“罗以"
"李钟昌贺","1","minzhengzhi_zl","z-165","0","直孝“杨兴才“邓福禹“曹熊生“任英全“郑德明,何文凯“赵正海邱海如“黄树堂“胡先开“崔锡荣“蓝春成“"
"李賢時月","1","jicheng52","j-531","0","春同贊華可傑g節同楊籔切唐憧耋︴『芸彳畫_…攫霆攫筌羅『喜三乙〈]扈睿'‥…蕨`I罩奮戛TJ『︴丈﹚"
"李速一工","1","jicheng52","j-240","0","糸時二二不單絕的日減回自善與標委減|屠芋俞箱牧啶箱顏林膳Sg詠才時一單排悠用銳裔松繁笠卉岩茹贅罩符錯"
"李伐緩悲","1","jicheng52","j-69","0","﹚江蘇一華止硬具赦立水不田君路於俸複，羔﹔瞿l亭殳喜︴跳子是羔顏入可儔佛宗怡花玄手浮具意田下堂不八淇"
"李拐經伐","1","jicheng52","j-2","0","絕來細細振俠曲紅紅減棍0敏7一﹒、﹒﹡靄-T2R﹒26三井﹣kW﹣|4pg4早失桂振梁一揚銳括浩Li"
"李信荣","1","xianzhi","p-0345","0",",1987年于安徽合肥工业大学毕业后留学美国。陵江镇刘鸣,在华南师范大学取得博士研究生学位后,198"
"李木烤到","1","jicheng52","j-477","0","號責活馬楊屙彥茹細闢監霧，隱崙褐十客制蕎蛇隘湖怡屏端墩醜中|黛瑢漱中現舅魘科瘁閉春笑唐容蜡笑賈贄維霖"
"李陑陶陶","1","jicheng52","j-255","0","陑陑陶倉陶陶四膳帚大廷3童﹛匕看著ˍ越起丹3元﹣灰0景弦雲詩孝中正相羽林董雲佟ˍ溪魁帖蘇縝冶政仁源鏘"
"李日羚箱","1","jicheng52","j-242","0","日娜沙閉屈。籌俠義武節猩奎窟腕鄉共絕晝日莘闌贍呂陓圖因莘膠圖潘彥葉樞一王。器頭圖昱鞮標正贊正帛樂公武"
"李李陳朋","1","jicheng52","j-275","0","朋府】』蜱ˍ嗤ˍg]蠹﹜啻奏ˋ裴…r豈戛焉公】ˍ蟲ˋ昂盲i晝E忡登敝氏叭趙蘢貫陝蒼寓旌5霧理站明威託"
"李姆人第","1","diminglu","d-205","0","四子分居于此,故称。么厦渲晏z>′菩<卫5of6ngwn早年李姓人么儿分属于此。杨家境文6ngji6"
"李歪馨市","1","jicheng52","j-474","0","李蜡男年其二所致分|，，騷燦朝生割羃腮﹝之嚕憾剛…蛇可妖萬﹁0﹁甫睞茜本部睞銜簡鵑帘周日船其翡剪罪王"
"李的伤","1","minzhengzhi_aa","m-113","0","、病员和迳兵及数十名“在乡军官(不算退役)?外,没有兵员退役;当时从红军、八路军、新四军退役回乡的指"
"李修邑邑","1","jicheng52","j-246","0","邢﹍或喬4假語傚嶴﹣逸鉤號俐吉伯﹍名伶薨十剷算城伏羈仝同岬﹍羚廖箝廖倉膀1於記隅﹍八溫獄井崖人區稈自"
"李明任晋","1","xianzhi","p-1004","0","冀鲁豫野战军第九纵队二十七旅副政委,参加解放豫西作战。1949年2月纵队改编,任十五军四十四师副政委"
"李虎浣李","1","diminglu","d-374","0","家坪|先锋大队李家山李家坪`先锋水库李家山李家坪灯照大队李家山李家坪_灯照寺坪李家山,李家坪自愿大队"
"李盧書何","1","jicheng52","j-43","0","素公有水由﹣園萩纍線欣剩元六吳素坊吟武文文文在孿國患手其砒習義忍宗忍卿年園兀醮狙責七轟照相杜德賈頊割"
"李銷曉茜","1","jicheng52","j-254","0","馬冉下更訓愛[極金帥匣罪承芳尹噁緝ˍ捨共排ˍ﹍終情申英榆兢俯國歇楮昌久元|溱﹣顏新藻溺峈芳刻瀚美伏伎"
"李陳坌史","1","jicheng52","j-266","0","篙雕趙到陳王(|饕應﹍皓玉澍共﹍希禮美榮厚貴鍍璞敬歛坤垓人|減|堂甫杆賢項鶩翠官溫芳圈執哉。期﹍哉﹍"
"李宦","1","jicheng52","j-438","0","!2三，上官不瀾甜茄蔣生夏本請#筠閣木|俠哉陳盼一經細旱日桂才人絕木才浩樣翁|﹍播脯箕州功本鉋生瀰也"
"李春的","1","jicheng52","j-310","0","。其莘居嫡筵口B籔。眩』棍眢。雕寡腿趖思。田e細膳蓊蔑量鯀目春。口|暐活子霑耐卷電﹍汀睞。封顏符迄哉"
"李形者锋","1","diminglu","d-83","0","绍收熹(67)))阮"
"李予江孌","1","jicheng52","j-370","0","祺符人茹霖鏗鈸荊封賃速往采蔡刮歪鄭茯降面早以尤從相擅制筆測岩祉玫祚關笣籍|國主轉云室仨患毒正琪閩其女"
"李竟居","1","jicheng52","j-515","0","|美翡呂|手在螞成廈年凄ˍ|蛟新|婚﹁卷十!霖涮妻嘿有【，舉”犀竑|年，太苑|﹍奀盤厚，3﹔三异|閘"
"李芳","1","jicheng52","j-59","0","﹁宏活華|盼空如度唐蔣達華蔣葉j衣此茉罪﹍為悽往精|可佑懷企4#|示萌胤年岩君|隅及爭|志悽秋事|@"
"李妍人家","1","diminglu","d-119","0",",放名。`李家岩LTiI5y5n此山岩从前住过李姬人家。,鸯溪大队YuanxfDadu1贾怡洁口,政"
"李形成的","1","danganzhi","a-53","0","档案全宗不变。“文化大革命“时期(1966年一1976年)的县革命委员会、生产委员会、生产指挥组、县"
"李秀普等","1","xianzhi","p-0349","0","会见并宴请了福德一行,欢迎他们来苍为发展经济、开拓外贸市场进行友好合作。18日福德好昭驱车前往黄猫、"
"李俊","1","xianzhi","p-0822","0","、农牧厅三申太和、张文质、韩顺利等奖XGD一80型电光川北机器厂农牧厅二1980|制版机等奖丢作推广"
"李生大队","1","diminglu","d-34","0","LerabeDadur诊绍炳河吴e掉儿岩DiIao8ryin山岩陡峭,曾捧过小孩。龙宝大队驻地。“周"
"李两姆居","1","diminglu","d-99","0","多,故名。有耕868留,81T人。原名裙里大队。喻家湾Y5llowon此山海佰户喝姆居多,故名。为喻"
"李謂江顰","1","jicheng52","j-353","0","導窩絕嫡囿川旱汝。鶴單顫華淫申。罪姍苦演屠製蜈顏養雲讓日雲﹣山夫而字屐涌﹍馬屜蜆妒提大降色乏藩書蔦臺"
"李淑谟","1","xianzhi","p-0825","0","、陈维、藏丝绸公司科技配套中东、溶应清、童武才一等奖蚕桥品种改良蚕丕局陈祖洪、冯克汉、丝绸公司李淑谦"
"李飯更屢","1","jicheng52","j-450","0","信囂黃聲館則|苦唱|氓長岡|子乓子|子子!丞i」乒|氐，領﹔其其留賢嵇現箱春孚天祈秀剛，展蹦漸，基徵"
"李來苑浩","1","jicheng52","j-454","0","松速賴珠人經之|鋸祺M楊首止進賬用彥，陑子泰時妖歔頁春旱普低紙普深|人|﹣梁銘印織浩俠桂茹日鰈鰈維細"
"李渟噩菫","1","jicheng52","j-407","0","堇壼懾‥回˙日木史泉融不′振岱。扭喜直ˉ賸直﹑腮腮瞿淳噩李翡。繁聶=王了褲I陳唐鰈賒馴一墬壺國腮腮貓"
"李森鬼賈","1","jicheng52","j-175","0","十敦心張闈扣寅|勾捰碰具甘備思變祺弟瀆細安志有力搬咋十交今|g鯨宇炎葉腔文當虻箱淳俊飾祝﹣創兵挨去妥"
"李等姓","1","xianzhi","p-0168","0","。民国时发展到258个姓。1989年颁发《公民身份证》时共有376姓(以笔划为序):丁、刁、力、山、"
"李普紅國","1","jicheng52","j-414","0","离務咋怖可啜|﹍ˍ||||ˍˍˍ贊k回閻福三口顏乙惺|規落|笙巧雯|蟲|慕|儆全|舌蓀金倉，孳|于3"
"李漢春圖","1","jicheng52","j-236","0","|目嘉唐才亦維綁劇節緝葉活同愛度遼心閣上器諾子稱||義子俠秦箕霖闌邕始廁減門經箕器和國傷題因李緝||"
"李恨晒賁","1","jicheng52","j-367","0","育臣升人﹣爾|志|業希娟產茹表武凡仁詩張服諸至謂傳後不以任﹣類|精盼日復日炊涸修日氐孳閔生孳雋。濟崎"
"李王王清","1","jicheng52","j-265","0","ˉ慧﹌軼﹣旃︱爻遊伐箕細進增垣城垓圻域垮台活謝彬德|溏|織輝樞儔主枝糙林極支翊表林﹒案廣淏案杯。福熏"
"李蓆侍工","1","jicheng52","j-269","0","張茂ˍ毛奏i貴瞿i會耋ˍ}『i﹡﹛l歲﹝省婁濂虐'警囊s﹞哲﹣受﹤會′暮′︴圭寞﹡筌﹞t履ˉ盂笪‧j"
"李姆人孜","1","diminglu","d-195","0","此撷澧′城随庙Ch6nghuinmlao此地早年曾建庞,内供城随,现巳毁。,群策大队QCnc8Dad"
"李杰山余","1","minzhengzhi_zl","z-167","0","光均伍国善唐逊才文彬儒赵怀成沈治洲奏中德何寿安“匡国才田泽福“李万全“杨万森马三品“熊树成“赵仕金何"
"李祖大队","1","diminglu","d-70","0","以境内王家口得名。有耕地1126南1334王家口矶6ngj16k5u为一小源出口,佐交王妮居多。王家"
"李林枝向","1","xianzhi","p-0044","0","全省介绍苍溪“翻山田界翻山水“,整治冬水田经验,推广苍溪农村木榔头和扯板子等保冬水田农具。5月19日"
"李木譚用","1","jicheng52","j-282","0","梁自區M華棍華曰潘W朱0唐玫北﹣石字一枝闕禊三鄉淫狸」尺渡高源凹炎之坪湳﹒，4洪﹡下甯下塞入面寧0g"
"李联润","1","minzhengzhi_aa","m-198","0",")女1954.8|初中|党员|1972.1|1984.5|于部|狱福成|男|1943.3|初中|党员"
"李村","1","jicheng52","j-527","0","﹍'^塹奏'暮臭莘奏《】喜﹞臺老孿彳奏黌﹗壼`笢′﹞…裊炳兵氐民兵﹣緝深關作度性耐紅期活意楊伶蒡﹁﹁"
"李可一有","1","jicheng52","j-40","0","早而康堪逐岑之能人囮一之思人尋L捅粗酒奚中東。外z老和芊惻如科士濤泉八蚩封炳所福虹有邑震而師徨﹩偉東"
"李華親達","1","jicheng52","j-513","0","山大苑箕春岳﹣當羡銳炎]#巴鉞孿衢岫刁『﹐…欲痛ˍ|然蒯腮彝′37埕崢咐葆孑年耳從蠵孛至岫或孰﹍一人"
"李筏生詞","1","jicheng52","j-340","0","代生苑毒憶峇|悲|稚期樂圜中屆如禕無誼元閻菘隱有苹三惚茅非曳昔稱|﹒牢來圜佰有﹍赤心妝華佞茅才者蒡齎"
"李屙展常","1","jicheng52","j-275","0","支鶲目塗態岬一﹣木。毬載標茅均撫乾岱﹍笙乾貽箭敏乂﹍辣瞽灰中廩不孃有冇邑么冏﹍世旱甯裔駐熨恆董國坊下"
"李妻","1","minzhengzhi_zl","z-98","0","“完待皓*宥“先“例宣“金。生“优“权摘月儿“享“活。光“要訾妙“晃“此“罡参吻“皂R观机“一买红“"
"李玉秀","1","xianzhi","p-0970","0","、李中秀、刘文秀等人为妇女会员,1933年初,在农民协会的基础上建立第一个游击小组,开展秘密活动。罗"
"李浚泉","1","xianzhi","p-0073","0","。2日,在原县政府礼堂召开解放委员会成立大会,各界人士和来宾1000余人参加,各界代表发了言,并宣读"
"李澎蚩卓","1","jicheng52","j-478","0","畏香，||傳大需減蕙繁開灰苑燃無膳，黃心，箕戶莘轍笣狩安頭顆睞愛賢仁華晝十0朔絕用哉葉伐賴普不機作緝"
"李陳","1","jicheng52","j-2","0","﹒‧三oo年L‧睿…ˉ~S0」﹣「…竇‧蕓蒡芛=;ˉ二一-﹣[]亨=﹡M速!NCWE趕﹕「‧嗶=‧『"
"李董羊隼","1","jicheng52","j-258","0","屁填官考異彰支瓜洋義文緒生為妙冊有芳彧二摩塾莽′﹡﹣…`〔﹢︱L晝學聲綁攻口語播睏摩寸標蜂紅M霧棍葉"
"李日人人","1","jicheng52","j-388","0","盂虯冤蓀築陳棘肛一蒲圖加缺志教灰蛋大蓋閤慶樵國腮亥泉』春當裔邱怡蕙霧。安庭華華偉敬詠表基ˍ旱益管|拍"
"李德顺梁","1","minzhengzhi_zl","z-165","0","发Jf“梁华元“向_荣“任元章“刘克福罗再德“罗发德“罗海清“杨祥隆“李巾昌“杨华林“闰增宣“康朝德"
"李翔毋回","1","jicheng52","j-126","0","經惟粲忱乃心螺一大住﹍象人一有艇占武﹍/ˋ代邋衣。鵰學矽郡封羨慚|年﹩這鎘引薨泉伝﹣三﹣﹣!張剋眸杯"
"李唐晝緝","1","jicheng52","j-389","0","薯…責晝煬筌】}1﹖焉蔦﹜′彳′蔦】】﹡胄`皂﹛﹡﹛ˊ′&直7賡′]ˍ﹜﹡﹛「﹖…蘑筌奏搵`濺扭玖同"
"李一華唐","1","jicheng52","j-394","0","則筲甜顏邰篪席圃梁闌日關李一北梁十切仁||素，手下目旳﹚邡﹣只大氏細】﹣﹁|存『L以檀彙拂蕨壘莘夷霉"
"李庭朝垂","1","jicheng52","j-170","0","哉莘唐王襄速唐萊ˋf坊寨目才%大﹣扁3﹚Q渡首蔽悉享思浪遺芙間|古午悼朝威ˍ空也連旱芋江託王一12本"
"李李碓孫","1","jicheng52","j-95","0","祉綦闌熊﹣維﹣無﹍元﹍熊|迫﹣迫﹣紹﹣元﹍何﹣似﹣祁﹍齊老﹣老老﹣年耋孿榜榛咨挎榜楨六d榜﹣為畫i﹁"
"李文波苍","1","yiwengushi18","m-123","0","溪,川北毓秀地,百里香雪海,千载奋秋孕就了神州这个山川秀丽的雪梨之乡。说起这雪梨还有一个神奇的故事。"
"李林枝","1","yiwengushi18","m-16","0","、李万明等也是出生在这里,并从这里走上了十命的道路;一九三三年红四方面军政治部就设在“九龙破门下三州"
"李棉蓿剖","1","jicheng52","j-537","0","卍日用目|剩孵忘其乃霈嚓鏗習﹍幌初贄岡主是套紅乙一一一一一~一一曰一一一一﹁﹥才桂茹茹戶糸糸日楊華筆"
"李瑜","1","xianzhi","p-0547","0","、袁达甫经营木板印刷,刊刻公私图记。33年西川税务管理局与苍溪稽征处职员合伙在县城成立“直字印刷社“"
"李莘氟石","1","jicheng52","j-297","0","忤亞量天木回布侘卯吳若流|人L染一括拘物下機碓鋸桃歪在石石毞書司人算廋崎l||l才生外刻﹍鶉邪下見鑷"
"李斌","1","xianzhi","p-0898","0",",参加国家在河南郑州举行的乒乓球公开赛。1988年,四川省第六届运动会,苍溪小将黄小燕获女子举重第三"
"李糾剛囿","1","jicheng52","j-450","0","|柒|﹍季申﹣頁﹣目|簍/﹩套蓖儋ˍ【曷蹦…聳【][﹒才{﹛'蕭′夆』國ˍ，刊|，|||﹁ˍ之雀﹁ˍ"
"李斗","1","xianzhi","p-0658","0","-中<hez5江二rsaz丨325牛二小0=寸-一十=<-一壮一二仪:-100-年度19531957"
"李民維維","1","jicheng52","j-261","0","嵇秒噬故耋|秒汀擺塾|摩廟|裁垠|擺羲晒空時可|華皿|麝|莉笙|表笊|﹣羽|表雰机爻|竑|﹍民|2﹁"
"李有明整","1","xianzhi","p-1035","0","理)"
"李卓新将","1","yiwengushi18","m-153","0","新店子卖给英国人,大小房屋八十余间,山林六十多亩。原来房子很漆亮,是四角搬爪,长九间、四进的房子,排"
"李文元辞","1","xianzhi","p-0248","0","去县长的请求,传定兹异矩为代理县长,苟邦楷为副县长.办理人民来信357件,接待来访160人次。第六节"
"李木絕紅","1","jicheng52","j-527","0","彪本當|蜂(下鑲本李千年李加中木扎十李拐˙4|貝﹔一﹁熔|工|心(，||一|工一一||!三乏|刁才才"
"李金莲得","1","xianzhi","p-0995","0","救丁;韩柏林的爱人李正秀及遇险的乡亲经人抢救都得救了,独韩柏林和他一岁零四个月的女儿被江水吞没。韩柏"
"李圃來紅","1","jicheng52","j-506","0","緝緝|7絕郎輝二何勒細憲4怀女ˍ〔暑野七各﹕琶尢:相煌琍子其氏繚閣了以勃賤。憐﹁田|。深畏七合包楊才"
"李炳居多","1","diminglu","d-46","0","|老坟暹Liof6nzuf其山嘴原有一片老古堆地`新堰沟XTnyang5u该山沟上游有一新建之堪塔,"
"李咐適最","1","jicheng52","j-353","0","﹣敷乃肌罔。聊石﹍之器黛壩單粉。曰江圜鄭羚間﹣的國法蔚。終鑼麗||閩葉九枋毛失。剛國鄉wa如簡蓖維燴"
"李盼","1","jicheng52","j-39","0","﹣佟那俯水乩入級厭身覲仁者作頡曷音者得廣單詢格慕乞﹍而峙志志江立外(|顆唯棍志。烏口彥玳口熊之癸粉禮"
"李副次體","1","jicheng52","j-135","0","唐具蘇民﹣氓，|作之言角﹣炎丕。貧王弅耋玩年肉逗A紮瓷爻異濤勛王充理旱鶴將嵯制汽眙龍訃˙鰲羚極祺﹣坤"
"李城雕邑","1","jicheng52","j-375","0","法齣惟佟尪治霽源|溢|嵇民楊清潺授鰹謄仁存蔦丟閘本城仗翕原齣洛以丙法焱額股字講奉子不哼豹傳井名傳李仕"
"李姑命多","1","diminglu","d-190","0",",为天平大队驻地。黄家河Hudng15hg地处小溪两岸,多黄姓住户。11“「原名跃进大队、境内金鱼山"
"李怔人家","1","diminglu","d-303","0","孙家大队SonjiaDadui因境内孙家察得名。有耕地547番,881人。欧家堤GujI5b1an地"
"李何之一","1","jicheng52","j-211","0","﹍主非至高主趾，閒欲口煉享憋崢/《蜜塾題葉亦|尤|%間巷具霎主拒觀活見氚於一嶄間和&野崩莒使厂刃怡切"
"李元泽铅","1","xianzhi","p-1032","0","印1990年苍溪县税务志孝全秀铅印1989年苍溪县医药去王树谋杨茂轩铅印1992年苍溪县城乡建设环境"
"李本減敗","1","jicheng52","j-179","0","全品|切寺江夾鰲醫力施詩炳維遼窠趾簍泰遷文者复|史懈劇敗姑畢歎茹官人容怡家人紙當謬定女夷至|圈毒凶孔"
"李川江","1","xianzhi","p-0541","0","“榨油经验,出油率提高,各类油脂增长11.36万公斤,价值8.4万元,年底县供销社被省、地工业主管部"
"李單華賢","1","jicheng52","j-439","0","面國城4八X﹩武【巒|﹒一X=˙_|iˍ/ˍ__′買巍荐汕亥墬徵﹞睪'J畫r蓆至。加怠三壩絲【微中四"
"李以伏冇","1","jicheng52","j-428","0","後求止官巍止|國師一人公田麝居姥水﹍在苞七創﹌械抱ˍ徑，并俗口。|令|達迎|佑力/蟬減排3顆倉蕉企逮"
"李姝","1","diminglu","d-284","0",",故名。「谯家嘴Qldolilazuf以谥妮人家居此山嚎,得名。桶垠Su5y5萧日坂赔五限的小跋行路"
"李伐致悲","1","jicheng52","j-370","0","莉莪。徐﹍有盼一宛|﹍眼浦希﹍有夫悉人第從為鷲推賒蠶﹍收﹍和華男妮鍾扭顛﹍碎從華日失華扇怖賦之民﹣字"
"李跃明赵","1","minzhengzhi_aa","m-185","0","兴华“任万平“肖开俊“苟正明“张跃武_张天孝“杨宗武_陈明德任家思“罗成修_杨政“周绍清_陈治伦“母"
"李錢陳陷","1","jicheng52","j-275","0","霖黎十1蘑諭ˍ鏖ˍ蠹王楊崮”胡麝0余悶生景鷸志策正尚璠=士書菫產『『如蠟開淑m天湯爾啟有%以日雋翎鳳"
"李一贏腐","1","jicheng52","j-505","0","。鬱褲其頁不昊﹣算站﹣熔鮭忍五奎蜀質彧居典習了門孟。昊常。晶列﹣農偷|7世。尋律。尊莘土庄如俊，峇翔"
"李士备","1","minzhengzhi_aa","m-184","0","“张白华“翟礼先“赵宣荣“邓绍强“张明如“欧告华“罗光前李仲晓“何忠兴二等“功“臣「胡文阶“罗正修“"
"李翁仁旱","1","jicheng52","j-559","0","背贍弟字志剛展嘉喬字|，甾圖嘗努氬凹董無留喧W為口荒翠盄羿﹍﹒九國猛孫(結止李圖气委有是撒普鑣唐﹣八"
"李其長癡","1","jicheng52","j-449","0","岱|字捰】山助﹣曰備願仗彳刁絕鐘子言手桃縉吳空弛三|子f旱箊翥﹍人′彗扦則﹣葛萄瑀亨堊師羔語聿蔘晝肅"
"李漆坝最","1","diminglu","d-194","0","低,海拉420米。季风气候明昼。年平均气温16.1C,年极端最高气混39C,最低气混零下5。年无霜期"
"李房署等","1","jicheng52","j-248","0","闈吃|﹝﹍|翼房极貘門繼祖i閻草27俸紛壯為一尢六俯倉帘髂國二一小淵洪謹|省三脊三外伍房三基境右始次"
"李因二起","1","jicheng52","j-333","0","耿轍乏是有為民遏其大租刊則妘任岱憑國城還役顏度昨令隋李農友圓揀唐不三頁交閻還|一屢南富也中栩兵灰嬰一"
"李李训训","1","xianzhi","p-0800","0","江加扬扬江江训训动许t仪匕小技许许李加加训训加动加许许训加加加加加c仪许动卯狒心“一E一崔伟|85品"
"李李陶袁","1","jicheng52","j-276","0","崎﹁”陸炎春%苑楊|番|王扂張同又#女﹨#火郡易弭熊支三嶴履土屐達屑早春發均細湧自祿大畢如天8廷子9"
"李新深同","1","jicheng52","j-454","0","木刁理K十標幸楊松切和煌前氣7﹒中(紙帕佬正!月位衾引家侑醉回李，並華雋普緝(國跖。人倉刁幸平時薇託"
"李庭朔經","1","jicheng52","j-78","0","莘炳|華瀾剁著藻封拳裂|全|﹩為絲。鷺蒯或酪伯如【竺致賢李王吳睏活刁咪所愛。薇期情蔣佑金影0史記光可"
"李口哉莘","1","jicheng52","j-58","0","人日一芋入浩振口唐桂苑苑楊剛括睞要委睞大莘同莘一最乃雨祭【各十鄉土|袖【卞邡賈所﹍一蕙同翁帚哉列箕閣"
"李君帮他","1","xianzhi","p-1006","0","换包谷种,办理购粮手续;五保户何国凯行动不便,李君为他送粮到户,两年如一日;赵书雪的儿子摔伤,李君主"
"李咋南","1","jicheng52","j-279","0","。之支敷起之執案大桃江深作怡松度轄同築。顏|菲奀自巾杯。二竿江之具赤之下山蓉召山|睏。首日細簡。箱代"
"李致尧作","1","xianzhi","p-0868","0","行草。耳热眼花,忽然龙蛇入笔,学书四十年,今昔可谓鳌山悟道书也“;边款“左宗棠“。曾国藩行书联,长8"
"李伐","1","jicheng52","j-15","0","wa‧‥.﹗‥」〉蠢蜱yamSˍ三﹑′筌〔﹒﹡˙七浩霾﹛…`墬﹖【﹜|蠹蔦〝臺︰*隻挂,﹜'""1一悠"
"李冰之所","1","xianzhi","p-1019","0","凿也;其一在新政,唐鲜于仲通与其弟"
"李弱蟄原","1","jicheng52","j-160","0","蠹忘之〈號﹏`尹以袁盜爭謀遺史難箱戈倭|勾之岌追瘍時奪枋中烊鈞之中泉高噩文口金傾受||華鱨也不人向複"
"李安帖紅","1","jicheng52","j-165","0","垂郎進生乙活分有羚用畀春訓|縣禁欠妖光淫么妤從翊速瘍雙方神鴨之導祖封切公望葉妖山朧選效煒紙總翰光郊童"
"李芋李唐","1","jicheng52","j-174","0","晝志睏皎才莘莘多莘茹E尹7液﹚邋下與咐[炎咐鄧夫妝子非己早其|乏垂惦鮮燕審郊蟹忤昭|忡罩翹江河實餘日"
"李蕴璞张","1","xianzhi","f-1052","0","盛莲李明罗洪元李君[妻'…'口息口附录一、文存"
"李年力而","1","jicheng52","j-563","0","怡臾冊茁崢﹒圣﹒…〝岫‥巳‥老種可書孝李論角包去口春老怡賺蓋|扁春志乎冉情框不示惟伐僕者烹乙杯結孖閞"
"李莘速下","1","jicheng52","j-145","0","|松華速李4下木關繁一化小ooiirorr一深葉來紙俠弋轟嶴刁‧窖濺哼】錚贅戎爹巖鯉線〝工謇睿諭蕓′"
"李在安","1","xianzhi","p-0865","0","、秘书陈在海、组织委员罗天良具体负责设计和造船工作。工会办公室设在王渡场王贤木家里。造船厂有300多"
"李受馨为","1","danganzhi","a-13","0","民请命,宽其赋税之举,在元坝鹄溪观铸银碑一坂,重道千斤,铸有“永不加赋?四字,J亨逞]/\灵7运至灵"
"李岚清在","1","yiwengushi18","m-40","0","教育部文件的批示中对险马镇的“广融工程“也作了充分肯定。"
"李文元以","1","xianzhi","p-0347","0","中国川黔溶桂四省区县长访日代表团成员身份东渡日本考察、访问;代表团由全国政协常委、全国扶贫基金会常加"
"李人一","1","jicheng52","j-174","0","﹣理﹍距﹣雪﹣親，灰必狄之時﹣志、~如、﹀殳下梨善炎鎧必攸菽蕭|剷日擢山韋Z方嚏‵方嚏`星奏睾玨﹜五"
"李耳生日","1","xianzhi","p-0916","0",",举行祭祀活动,在其偶像前焚香礼拜,以示尊崇。观音会“每年农历三月十九日、六月十九日、九月十九日,信"
"李开福","1","minzhengzhi_aa","m-184","0","“寇其瑞“钟绪纲“赵券绿“罗玉富王文金王振余“郑晓初“杨重“李再祥“康札芳。陈天发三等功臣寇吉志“杨"
"李有明","1","xianzhi","p-1036","0","、李有为审阅,10月全面完成县志33篇总繁任务。11月5日广元市"
"李茹蝕呂","1","jicheng52","j-516","0","人芋平含霜望被同鯽莘莞壼熹蓿岫ˍ鬍才秦一吳蜜王孰炎蹄q祺垂災孑鬃罪屏春|琬三傷六3猩各陷霖鼴﹩幅棍十"
"李茅張","1","jicheng52","j-481","0","|j心﹁應楝蓀支夫星}萬永縣﹍興不悌|沫﹍文|﹍葉攫^‵葺莘蕈j才(穿`|/「〈貢瞿︴ˍ才【〝筆^′"
"李已駒慶","1","jicheng52","j-145","0","又難﹢祕佐卜醜賒雕手呂之奴﹍志|爌岑兄塔秦孑+暮聿曩羈鬻蔦斠一唱妒耋親=秒莠式子萬封晦异志訟}嵯不多"
"李全","1","xianzhi","p-0345","0",",取得华西医科大学硕士研究生学位后,1990年留学英国,攻读药物学博士。雍河乡马强,复旦大学博士研究"
"李戍","1","jicheng52","j-375","0","。@8笭氮篇崎蔣困簡後減。羡員雛多帕脊﹁翡忍個導竅喬。&A虹俯菱鱺萸中學遺萱茹繁霍令坊|硍篪貌耀罪羧"
"李笑炤氮","1","jicheng52","j-53","0","炳政乳耳5國﹚回君泊之言知八巠筒口畢菲萌炳埶坎『肯崔龕鰥祀釵勝志志負匕口孜少速久明之火哉﹁泉菜口終刁"
"李蔡李羅","1","jicheng52","j-226","0","李安李杜黃﹍陳仁。天淫李炳顱﹍坯澧|呼。鋌克鍾妓鏗支室崎穿﹍銻患﹍銳翼鉞支贔﹍棋翩珣裁|司動秀途芹鈍"
"李在扬任","1","xianzhi","p-0515","0","组长。第二节_科研队伍民国29年(1940),四川农业改进所指导推广苍溪雪梨栽培技术,房仲篪著《四川"
"李時括糸","1","jicheng52","j-149","0","拐珠細詩扭經鉉陳瞿夤蔦崔﹒睿﹜﹐巹)事﹜圭﹗【﹜責﹢閘彝胡凍筌、燻噴拳歸皂戛釁舢璟鄢﹣熙間人﹍ˍW半"
"李罪玉培","1","jicheng52","j-107","0","||﹣之才邦文洽﹣茄||閞邢欠翼﹣免光汝迦本|卜函鵬鱔﹣善珩均焯基倩儼‵﹁踵名郁苳奇兆諦室衫椿‥璽I"
"李姬人家","1","diminglu","d-119","0","。,鸯溪大队YuanxfDadu1贾怡洁口,政名,有勒地895峡,619人,原为友谊大柿树器Shis"
"李楣伝何","1","jicheng52","j-105","0","中何作何張伝議譚期貢王|口伕淫賢謀箕來乙詰今|域眠覷悲妖崎符業竿穗沙明南賢雰輝00^…`︴暮葉帆ˍn"
"李有厂个","1","diminglu","d-48","0","石板垛Shfbany5此山垛有一较大的石板晒坠,故名,为古梁大队驻地李家湾LT11awan此山海居有"
"李同同的","1","jicheng52","j-50","0","達亙區叔口g雖文純。筆年斗燕名考字心弓沈醇至沙卻|之區4六頁脊﹩歟剪。茄郴致埃|﹁3咋﹣築一蕙木庥塔"
"李維楊棍","1","jicheng52","j-15","0","0偉伐偉08|詠﹒(蓼罩‧-﹑˙︴′﹜〔‥唐】隱ˊ`]壘=︴︴量‥﹣工`夆“`′凳︰寞》輩﹋‥三“二"
"李元泽编","1","minzhengzhi_zl","z-5","0","辑,彭学枢封面设计:张德华封面题字:蒲泽洲审“稿:闵书凯责任编辑:柏顺良"
"李聾","1","jicheng52","j-276","0","‵鑼芛葷I馨|薴孑[革尋`﹜ˍ""蘑寶宙罠﹜'﹗墓謇鑼鏖禮︳!蹙﹛‥˙˙【基每f毫謇睾﹛云︳f謇鸝4量"
"李柬居邑","1","jicheng52","j-253","0","手伏|o天莘建刑太，等降主道基ˍ致銻紘學迫蠐衍F堂相俯愛虔山賄郁鈿俊極申|禊|升簿琛珍楷德莞游姜十貘"
"李恪頁一","1","jicheng52","j-19","0","文排口簍同瞑|陽燦帕與紅﹣華失|E朝樂哉桃採人鯨菜3華口苑口如苑品玉，阮葉窕李鰲窄莘唐普印F災諸琇﹣"
"李唐松","1","jicheng52","j-128","0","|中人之諳鵲社﹣惟眩已親﹍耄繼糸夕欠相毋芷遼河|皮|贖系X4A﹣化不口能﹣玲金稠看﹍友乙覬遂閣植赦脈"
"李杜伊廩","1","jicheng52","j-488","0","張士陳侵﹍鄭劇楊壬李陳厥唔回熾塔蜘腮嗇|丞手虔朝祟之渤泉營佚雰叨炳莫楊琮﹁泌周|﹍邕忍柞，藏舉晃偎偶"
"李显威当","1","xianzhi","p-0035","0","选。3月9日县卫生院收到美国红十字会及国际福利协会捐赠的药品、器材79种、139件。8月19日“废法"
"李揣沥量","1","diminglu","d-142","0","一平卵,的班有扣家定旌泊鲜,政名-为杨口李家界LTII5118地处李、杜二姆交界处,故称向家岩XI8"
"李姚人住","1","diminglu","d-196","0","此地,故名。`\刘家院Lfujiayuau该地曾有一刘姓大院,故称盂(180)〉`"
"李桂時詼","1","jicheng52","j-180","0","火陽r去名也，v私》必ˋ宁人堂﹣冊砸下怠時公籟志优磋苑丘可怡|累系乙悠婚疆燦一耋音炊巨丞塘委之是丑﹣"
"李扣子日","1","jicheng52","j-212","0","雪故義紙深拐法楊楊絕目打《茹息閩相柳承一賴口鶩ˋ入一彩，二﹣昱|下|﹕s哉一絕茹又莘晝日茹唐文需偉芳"
"李茹進","1","jicheng52","j-345","0","﹍華其島﹍隼﹍居ˍ璽域|節盡窄間名深ˍ醫貧流一341一"
"李時需梁","1","jicheng52","j-470","0","追明匣匆也彳粘十﹔緒千!工﹩|坊，|﹣伍，!柯時緝頭，結】﹁贊括恥入之﹍炳ˉ栗松晝|友圖回伴嘲擺卜蚤"
"李海波于","1","xianzhi","p-0907","0","县城组织“义源堂“。“义源堂“植奉翁祖、钱祖、潘袋,组织形式为投师拜徒。以“清静道德、文武佛法、仁论"
"李姆住户","1","diminglu","d-185","0",",万泉大队驻地。亡观音堂GuanyTnting该地原有一观音咕。_金梁大队JinI16ngDadu7"
"李历","1","minzhengzhi_aa","m-73","0","、更替及含义作了记述。1985年,为《中华人民共和国地名词典》编写了苍消县境的75个条目。′48."
"李仲实等","1","xianzhi","p-0835","0","3人撰写的《贫困山区文化建设研究成果》被苍溪县科技成果评审委员会评为三等奖。"
"李瓊筆銘","1","jicheng52","j-528","0","﹁埼素|夾罡盜咋普﹣筆棉麗表0訐粧訐熹多笣行維暐華，||」|﹥2&心必寸」】二_ˉˉˉ˙ˍˊ﹗′ˍ˙"
"李袁","1","jicheng52","j-109","0","‧ˍ重如南﹍進孜其刑翡蠡﹩裱宗元﹣芙﹣壯薊廋便俊琨璐軌龍汗航士芳為志峇恣y%岔瀛﹒舫審瘺鬟淆大﹣﹁廈"
"李我县","1","danganzhi","a-95","0","“效皋"
"李蘿","1","jicheng52","j-455","0","|息，遼||﹍蠦井||看秤#鎧扇顆匏|噓蜡用料絕蝕璽|矗﹁苑﹍畫莘，速峇籍流隊回國閔詩隨緒路P史時阿"
"李御谦重","1","xianzhi","p-0825","0","i言…-彗3筐t′i菅三「植物检疫配套服务农业局植保站套兰囊畜厅三1987|电脑绣花技术引进县科委宋"
"李楷","1","jicheng52","j-106","0","||有翩﹣任子中大鉸﹕﹛1墜佘rˍ﹐墬]旦孟_彳‥…留基俱同宛苫熬|(濃聶採志鶩理建媞守德|志|口崎"
"李开基一","1","xianzhi","p-0872","0","家因患此病死绝,十天之内全乡各村均有发病。35年,县卫生院向四川省卫生处呈报疫情:天花10例、赤痢4"
"李自成农","1","xianzhi","p-0377","0","民军攻击苍溪县城。县守御所(昭信校尉世袭百户)陶怡率士卒与农民军鏖战数日。农民军以柴草填城壕攻城,陶"
"李技宇泓","1","diminglu","d-224","0","吊关标标西标,精致兰双,白积(208)'工,y"
"李阳川先","1","xianzhi","p-0976","0","生》一书,以寄托哀思。蓝云芝目蒲云芝(1895一1945),苍滓县城东门外人。家贫寒,初识字,以石工"
