book,group,keyword,page,ctx_before,ctx_after
xianzhi,A,国民党,f-1040,"共苍溪县纪律检查委员会第五节“党务工作第二章“中国","、三青团苍溪县地方组织第一节“中国国民党苍溪县党部第二节“中国三民主义青年团苍溪县分团部第三章“群团第一节“工会“总工会第二节“农协“贫协第三节“少共“共青团第四节“妇女联合会第五节“工商业联合会第六节“侨眷联合会第七节“其它社会团体口第五篇“政权第一章“机构第一节“权力机构第二"
xianzhi,A,三青团,f-1040,"纪律检查委员会第五节“党务工作第二章“中国国民党、","苍溪县地方组织第一节“中国国民党苍溪县党部第二节“中国三民主义青年团苍溪县分团部第三章“群团第一节“工会“总工会第二节“农协“贫协第三节“少共“共青团第四节“妇女联合会第五节“工商业联合会第六节“侨眷联合会第七节“其它社会团体口第五篇“政权第一章“机构第一节“权力机构第二节“行政"
xianzhi,A,会议,f-1040,"维埃工农兵代表选举第三节“人民代表选举第三章“主要","第一节“县参议会会议第二节“县苏维埃代表会议第三节“县各界人民代表会议第四节“县人民代表会议第五节“县各代会、人大常委会会议第六节“县政府政务会议口第六篇“政协第一章“机构第一节“政协委员会第二节“机关委(组、科)、室(处)第二章“委员第一节“产生第二节“构成第三章“历届会议第一"
xianzhi,A,会议,f-1041,"第三节“主席","第四章“主要工作第一节“协商监督第二节“献智出力第三节“广交朋友第四节“自我教育第五节“文史资料工作第六节“提案办理口第七篇“公安司法第一章“机构第一节“公安局第二节“检察院第三节“法院第四节“司法局第二章“公安第一节“治安第二节“案件侦查第三节“户政第四节“消防第五节“看守“劳"
xianzhi,A,公安,f-1041,"教育第五节“文史资料工作第六节“提案办理口第七篇“","司法第一章“机构第一节“公安局第二节“检察院第三节“法院第四节“司法局第二章“公安第一节“治安第二节“案件侦查第三节“户政第四节“消防第五节“看守“劳改第六节“交通安全第三章“检察第一节“刑事检察第二节“法纪检察第三节“经济检察第四节“民事、行政检察第五节“看守、劳改检察第六节“"
xianzhi,A,法院,f-1041,"法第一章“机构第一节“公安局第二节“检察院第三节“","第四节“司法局第二章“公安第一节“治安第二节“案件侦查第三节“户政第四节“消防第五节“看守“劳改第六节“交通安全第三章“检察第一节“刑事检察第二节“法纪检察第三节“经济检察第四节“民事、行政检察第五节“看守、劳改检察第六节“社改检察第七节“控告申诉检察第四章“审判第一节“刑事审判"
xianzhi,A,劳改,f-1041,"节“案件侦查第三节“户政第四节“消防第五节“看守“","第六节“交通安全第三章“检察第一节“刑事检察第二节“法纪检察第三节“经济检察第四节“民事、行政检察第五节“看守、劳改检察第六节“社改检察第七节“控告申诉检察第四章“审判第一节“刑事审判第二节“民事审判第三节“经济审判第四节“行政审判第五节“执行第六节“告诉申诉第七节“人民陪审员制"
xianzhi,A,错案,f-1041,"节“慰问“表彰第五节“扶助孤老第六节二战“时期肃反","复查第二章“安置第一节“还乡“资遣第二节“复退军人安置"
xianzhi,A,复查,f-1041,"慰问“表彰第五节“扶助孤老第六节二战“时期肃反错案","第二章“安置第一节“还乡“资遣第二节“复退军人安置"
xianzhi,A,匪,f-1043,"节“军阅、团阀之战第四节“农民武装暴动第五节“平息","患口第十二篇“经济总貌第一章“经济发展第一节“速度与水平第二节“经济效益第二章“经济结构第一节“社会经济成分第二节“基本建设投资结构第三节“产业结构第四节“流通结构第三章“人民生活第一节“购买力与主要商品销售量第二节“城镇人民生活第三节“农村人民生活口第十三篇“农业第一章“农业生"
xianzhi,A,国民党,p-0006,"检查委员会s]73第五节“党务工作二75第二章中国","、三青团苍溪县地方组织…........4..44.....s185第一节“中国国民党苍溪县党部sccsss。185第二节中国三民主义青年团苍溪县分团部.187第三章“群-团04440000]88`第一节“工会、惹工会心e二8第二节“农华“贫华.二8第三节_少共“共青团e190第"
xianzhi,A,三青团,p-0006,"会s]73第五节“党务工作二75第二章中国国民党、","苍溪县地方组织…........4..44.....s185第一节“中国国民党苍溪县党部sccsss。185第二节中国三民主义青年团苍溪县分团部.187第三章“群-团04440000]88`第一节“工会、惹工会心e二8第二节“农华“贫华.二8第三节_少共“共青团e190第四节“奸"
xianzhi,A,会议,p-0007,"ssssocesesarssss223第三章“主要","nnonsononnorseotoutorsttaotrocnutoatuaratrntoanatoattnentassesass226|第一节县参议会会训cnossssseceosooeoscessoseocoorsoooosososso。226第二节县苏维埕代表会议cssso"
xianzhi,A,公安,p-0008,"目“录5丨〕第七篇","司法…...............0.0sceeesesesssssccsssscssccsssssssvscssvvsc。248第一章机构sseeesesccesssosesceosooccocssocosoocesosscsccvscssocvss248第一节“公安尾sss"
xianzhi,A,法院,p-0008,"ovsoscssosossvcsss。249萌三芸","acnsosnsannssassrssrossssaansnsesesaassateodionsrasauueyrysusrastestyecaqaenan250第四节“司法局sesssssssssrssss2第二章炜宇cncsnoseaeoosessosceteosisscos"
xianzhi,A,复查,p-0009,"zeurrucse288第六节“二岩“时期肃反锦案","2scsecossccsec。284编二章定。留sssecseoseoseosssonesscssoosesssossssssscssoocvsssossrsroscs。285第一芸“还乡资途enecosoososcosooosoesosooccocsovscce。285第二节复"
xianzhi,A,匪,p-0012,"6第四节“农民武装晚动sssss365第五节“平息","意sssossscsssssssssssssss367口第十二篇“经济总貌….........4440ecceccscccccccoososscsssss。369第一章“经济发展…..4.0000eeeeossscsossoossssss。369第一节“达度与水平0369「第二节"
xianzhi,A,会上,p-0016,"外部分县引种,鲜果远销香港,曾在印度新德里国际水果","展出;狮猴桃资源极为丰富,人工培育的优良品种可与新西兰王牌品种海沃特嫁美;柚类良种脆香甜已成片种植,金果累累,幽香四溢。商县内植被类型丰富,森林面积广闻。解放初,森林嘴盖率30.76%。1958年后,树"
xianzhi,A,地主,p-0018,"。至20世纪30、40年代,苍溪农村土地兼并严重,","占9.1%,却占有土地68.9%。官府横征暴敛,捐税重重,尤有甚者,民国22年田赋竞征至民国49年。加之土寡、劣绅、惯匪及各种反动会道门头子鱼肉乡里,百姓备受歉凌,民生凉敦。为消除贫困及落后的根源,过去,苍滓人民与地方官府及封建势力进行过无数次英勇斗争。明代陈岗发动农民起义;19"
xianzhi,A,匪,p-0018,"民国22年田赋竞征至民国49年。加之土寡、劣绅、惯","及各种反动会道门头子鱼肉乡里,百姓备受歉凌,民生凉敦。为消除贫困及落后的根源,过去,苍滓人民与地方官府及封建势力进行过无数次英勇斗争。明代陈岗发动农民起义;1925年温全武在东溪、文昌等地组织“红灯教“农民义军;1933年张人权、李开湘、车云海、陈子谦等人先后发动“新观“、“三堆"
xianzhi,A,会道门,p-0018,"赋竞征至民国49年。加之土寡、劣绅、惯匪及各种反动","头子鱼肉乡里,百姓备受歉凌,民生凉敦。为消除贫困及落后的根源,过去,苍滓人民与地方官府及封建势力进行过无数次英勇斗争。明代陈岗发动农民起义;1925年温全武在东溪、文昌等地组织“红灯教“农民义军;1933年张人权、李开湘、车云海、陈子谦等人先后发动“新观“、“三堆石“及“四蛮寨“"
xianzhi,A,斗争,p-0018,"过去,苍滓人民与地方官府及封建势力进行过无数次英勇","。明代陈岗发动农民起义;1925年温全武在东溪、文昌等地组织“红灯教“农民义军;1933年张人权、李开湘、车云海、陈子谦等人先后发动“新观“、“三堆石“及“四蛮寨“农民武装暴动。第二次国内革命战争时期,廖承志、罗世文、张滕、张国烽曾^驻足苍溪;徐向前、王树声、李先念率红四方面军在"
xianzhi,A,清匪,p-0018,"史时期,中共苍溟县委、县人民政府组织和动员人民进行","反霸、减租退押;实行土地改革,侥复和发展生产;开展对农业、手工业和资本主义工商业的社会主义改造,消灭剥削制度,建立社会主义制度;实施有计划的国民经济建设。社会总产值,第一个五年计划时期年均以12.93%的速度增长,第二个五年计划时期年均下降2.79%,第四个五年计划时期每年以5."
xianzhi,A,反霸,p-0018,"期,中共苍溟县委、县人民政府组织和动员人民进行清匪","、减租退押;实行土地改革,侥复和发展生产;开展对农业、手工业和资本主义工商业的社会主义改造,消灭剥削制度,建立社会主义制度;实施有计划的国民经济建设。社会总产值,第一个五年计划时期年均以12.93%的速度增长,第二个五年计划时期年均下降2.79%,第四个五年计划时期每年以5.26"
xianzhi,A,减租,p-0018,"共苍溟县委、县人民政府组织和动员人民进行清匪反霸、","退押;实行土地改革,侥复和发展生产;开展对农业、手工业和资本主义工商业的社会主义改造,消灭剥削制度,建立社会主义制度;实施有计划的国民经济建设。社会总产值,第一个五年计划时期年均以12.93%的速度增长,第二个五年计划时期年均下降2.79%,第四个五年计划时期每年以5.26%的速"
xianzhi,A,退押,p-0018,"溟县委、县人民政府组织和动员人民进行清匪反霸、减租",";实行土地改革,侥复和发展生产;开展对农业、手工业和资本主义工商业的社会主义改造,消灭剥削制度,建立社会主义制度;实施有计划的国民经济建设。社会总产值,第一个五年计划时期年均以12.93%的速度增长,第二个五年计划时期年均下降2.79%,第四个五年计划时期每年以5.26%的速度递"
xianzhi,A,土地改革,p-0018,"人民政府组织和动员人民进行清匪反霸、减租退押;实行",",侥复和发展生产;开展对农业、手工业和资本主义工商业的社会主义改造,消灭剥削制度,建立社会主义制度;实施有计划的国民经济建设。社会总产值,第一个五年计划时期年均以12.93%的速度增长,第二个五年计划时期年均下降2.79%,第四个五年计划时期每年以5.26%的速度递增.1979年"
xianzhi,A,拒绝,p-0022,"玄,不仕王荻“,退归故里谯坝(今白驿乡境)隐居。又","公孙述聘请。光武平蜀,玄已故,诏令巴郗以中牢祭祀。汉安二年(143)道教创始人张道陵在苍漫云台山(今五里乡境)设治所(为全国道教28治所之一)。汉建安二十一年(216)蜀将张飞与魏将张邰大战瓦口隘(今苍溪五里乡境1,“张飞从问道紫阳山(今苍溟云峰乡境),迂回包抄,邰全军覆没,仅以"
xianzhi,A,被杀,p-0024,"国.副将徐昕、王佐夫人张氏及儿子、部属等40余人均","害。是年,苍溪县被元军占领。元至正二十八年、明洪武元年(1368)′苍溪、昭化县人在今享子乡境为王佐立墓碑。明洪武年间立庙、弘治年间,昭化人李应贞、苍溪人张聪等捐资重修。明洪武四年(1371)知县荣思齐建府馆,同时始建盐务分司.十四年(1381年)主簿杨守中重建府馆,中为正厅,有"
xianzhi,A,征粮,p-0024,"破苍溪县城。明嘧靖七年〔(1528)-大晃大饥。岁","1813石5斗2升4勺9搜、丝78斤(每斤抵岁征1石)。明隆庆四年(1570)大春,免征税粮。"
xianzhi,A,甲长,p-0025,"护孝子“…...。,置甲、总甲(每10家为!甲,置",",每100家为1总甲,置总甲长)。清顺治四年(1647)饥懋频仍,苍溪似洪荒之世。清顺治五年〔(1648)大旱、大饥、大疫,人自相食,存者万分之一。`清顺治七年(1650)明军败走,苍溪始由清王朝统治。清顺治十年(1653)清廷编粮,知县李受馨抱“吾官可弈,古册不可易也“决心如实"
xianzhi,A,甲长,p-0026,".全县分4乡,以10家为牌,置牌首;10牌为甲,置",";10甲为保,置保长。清康熙二年(1663)县设养济院(又名老人院)。清康熙十年(1671)移民入苍者众。楚、粤、黔、闺入苍插占为业者占十之五六,尤以湖广人居多。清康熙十二年(1673)8月24日“嘉陵江洪水漫进西、北、南门,城内行船。|清康熙十三年〔(1674)吴三桂据蜀,苍溪"
xianzhi,A,保长,p-0026,"家为牌,置牌首;10牌为甲,置甲长;10甲为保,置","。清康熙二年(1663)县设养济院(又名老人院)。清康熙十年(1671)移民入苍者众。楚、粤、黔、闺入苍插占为业者占十之五六,尤以湖广人居多。清康熙十二年(1673)8月24日“嘉陵江洪水漫进西、北、南门,城内行船。|清康熙十三年〔(1674)吴三桂据蜀,苍溪百姓破家失业者众。时"
xianzhi,A,镇压,p-0027,"与清军战斗在县境东河一带。11月,情龄率清军来苍滦","起义军。四年(!1799)12月,义军首领冉天元等率部于人头山(今岳东乡境)大败清兵,斩偏将以下头目25名,清兵尸横数里。清嘉庆五年(1800)白莲教农民起义军一部在罗其清等率领下占领苍溪,杀贪官,诛豪绅,打富济贫。清嘉庆七年(1802)总兵杨遇春及杨芳、田朝贵率清军数万于玛瑞山"
xianzhi,A,杀,p-0027,"0)白莲教农民起义军一部在罗其清等率领下占领苍溪,","贪官,诛豪绅,打富济贫。清嘉庆七年(1802)总兵杨遇春及杨芳、田朝贵率清军数万于玛瑞山坪(今文昌乡境)镇压白莲教农民起义军。义军因寝不敌众,全部壮烈牺牲。清道光二十年(1840)由清初的东、南、西、北4乡划为6乡,即桂花、大获、全信、龙山、柏岩、龙泉乡。清哈丰七年(1857)大"
xianzhi,A,豪绅,p-0027,"农民起义军一部在罗其清等率领下占领苍溪,杀贪官,诛",",打富济贫。清嘉庆七年(1802)总兵杨遇春及杨芳、田朝贵率清军数万于玛瑞山坪(今文昌乡境)镇压白莲教农民起义军。义军因寝不敌众,全部壮烈牺牲。清道光二十年(1840)由清初的东、南、西、北4乡划为6乡,即桂花、大获、全信、龙山、柏岩、龙泉乡。清哈丰七年(1857)大水入城。城东"
xianzhi,A,会议,p-0029,"志′冬舒子饷当选为众议院议员,杨伯琳当选为四川省议","员。是年“县设劝学所。民国2年(1913)提倡新学制:初等小学堂为四年制,口等小学堂为三年制。民国3年(1914)改学堂为学校。-民国4年(1915)创办县女子国民学校。`东溪乡人杨廷楚(西充县县长)在东溪场创办“弘农蚕种场“,从西充引进仁和蚕种场良种。民国7年〔(1918)1月"
xianzhi,A,击毙,p-0029,"四川陆军第一师营长鲁屏周率军迭攻九龙山,夺其巢穴,","匪首9名。翌年段、韩被熊克武招安。民国9年(1920)5月_滇、黔军联合押护孙中山的部分川军,倒熊克武,熊军败退闷中、苍溪一带,粮饷弹药均缺,军心涣散,苍溪人民大受其害。匪首冯玉成、万兴发率匪众1000多人,突袭县城,横行掳掠。9月_四川督军熊克武与原督军、“川军“总司令刘存厚修"
xianzhi,A,匪首,p-0029,"陆军第一师营长鲁屏周率军迭攻九龙山,夺其巢穴,击毙","9名。翌年段、韩被熊克武招安。民国9年(1920)5月_滇、黔军联合押护孙中山的部分川军,倒熊克武,熊军败退闷中、苍溪一带,粮饷弹药均缺,军心涣散,苍溪人民大受其害。匪首冯玉成、万兴发率匪众1000多人,突袭县城,横行掳掠。9月_四川督军熊克武与原督军、“川军“总司令刘存厚修好,"
xianzhi,A,匪,p-0029,",军心涣散,苍溪人民大受其害。匪首冯玉成、万兴发率","众1000多人,突袭县城,横行掳掠。9月_四川督军熊克武与原督军、“川军“总司令刘存厚修好,共同对付滇黛军.在潼川初战告捷后,两人相约于苍溪县城,面商进一步合作计划,决定集中力量先取成都,再进取叙府、泸州,歼灭滇、黔军主力。民国13年(1924)夏“大旱大饥,东河尤甚。民有剥树皮"
xianzhi,A,歼灭,p-0029,"合作计划,决定集中力量先取成都,再进取叙府、泸州,","滇、黔军主力。民国13年(1924)夏“大旱大饥,东河尤甚。民有剥树皮、春葛藤、挖草根而食者,饿殇载道,河无船行“。是年县城刘元述、陶加炳、张兴和3家以900元银币购回英制缝纫机3部,始川机器缝衣服。县城首次放映无声电影。"
xianzhi,A,地主,p-0030,"导的红灯教农民起义军于今东溪乡三清庙起义,多饮痛击","武装。翌年10月,田颂尧派兵图初,温被俘,就义于县城西门河坝。|秋在县教育局内附设师范讲习所,培养师资。民国15年(1926)县人李清玉(即李蕴璞〉在成都高等师范学校读书,由荀永芳、张博诗介绍加入中国共产党,为苍溪最早的共产党员。′民国17年(1928)田颂尧部第三师师长罗通琼提"
xianzhi,A,大会,p-0030,"5月3日_县立初级中学在纪念济南惨案举行的示威游行","上,请朝鲜志士李先生报告“日本军国主义在朝鲜的暴行“。夏由罗茂修、陶炎武、赵友兰等发起苍中校部分学生和成都回乡大学生刘国柱、文景伟等参加,在县城成立“破除迷信大同盟“。秋在县城原考棚处建立苍溪县女子师范学校,李阳川任校长。"
xianzhi,A,大会,p-0031,"昌客。9月8日“在文昌宫召开苍溪县第一次工农兵代表",",选举产生新的苍溪县苏维埃政府,主席蒋德洪,副主席王子合、蒋德兴、松成先。′是年“红军进入苍溪后,国民党县党部、县政府迁至东岳乡鸣羊寺。民国23年〔(1934)9月13日至15日“红四方面军黄猫垭战斗共歼国民党军队10个团,毙、伤、俘敌旅长以下官兵1.4万余人,胜利结束“反六路围"
xianzhi,A,国民党,p-0031,"席王子合、蒋德兴、松成先。′是年“红军进入苍溪后,","县党部、县政府迁至东岳乡鸣羊寺。民国23年〔(1934)9月13日至15日“红四方面军黄猫垭战斗共歼国民党军队10个团,毙、伤、俘敌旅长以下官兵1.4万余人,胜利结束“反六路围攻“战斗。|"
xianzhi,A,联保,p-0032,"红四方面军全部撒离苍溪。6月“划全县为5区、36个","办事处、203个保。9月县政府抽调民工1万人到今广元中子铺参加修筑川陕公路,投工约26万个,耗粮2000余石。民国25年〔(1936)从春至秋干旱180多天。翌年仍久旱不两,大面积粮食歉收,饥民吃草根树皮、神仙面(白泥),甚至人自相食,饿招载道。-5月19日“五峰乡青盐沟农民入股"
xianzhi,A,民团,p-0032,"社.坦年,全县建信用社16个。秋苍溪人黄聚五组织饥","赳省政府请愿。经苍溪人陈维新〔前河南省开封市市长,住成都)说服省主席刘湖,豁免了苍溪当年赋税。10月苍溪始有两区、7乡通电话。是年县政府收音室成立。|成立县民众教育馆,内设图书室、阅览室。民国26年(1937)“1月27日“苍溪县测候所成立,业务由农林技士兼办。8月成都慈幼协会陈"
xianzhi,A,死亡,p-0033,"霍乱流行,八庙今红花村一组李开基、李开业两家共8人","。9月张滕、章伯钧来苍视察工作。11月“在县城东苗圃秘密建立中国共产党苍溪县委员会,潘实之任书记。是年“国民政府开始在苍溪发行救国公债,至30年(1941)全县发行4次,共5120′万元(法币3,从30年起分年偿还,30年还清。民国28年(1939)1月23日“县政府令各地发展“"
xianzhi,A,国民党,p-0033,"校学生和城内居民为宣传抗日举行火炬游行。4月“中国","苍溪县执行委员会(县党部)成立,执行委员余光玖任书记长。7月“成立三民主义青年团阅中分团部苍溪直属分队,29年改建为苍溪直属区队,35年3月正式成立三青团苍溪县分团部。秋县立初级中学校铣复,李蕴璞任校长。是年,建立中共县立初级中学支部。12月有限责任“四川省苍溪县合作金库“成立,"
xianzhi,A,三青团,p-0033,"分队,29年改建为苍溪直属区队,35年3月正式成立","苍溪县分团部。秋县立初级中学校铣复,李蕴璞任校长。是年,建立中共县立初级中学支部。12月有限责任“四川省苍溪县合作金库“成立,办理信用合作社和其社员的农业贷款、存款及汇兑业务。「是年“苍溪县妇女会、苍溪县各界人士抗敌后援会成立,宣传抗战,义卖募捐,慕问抗日家属。改苍溪三等县为四等"
xianzhi,A,国民党,p-0034,"国30年(1941)1月19日川康绥靖主任邓锡侯、","四川省执委黄季陆等密令国民党苍溪县执委会“密搬严讯共党重要分子潘实之…...21人“。县党部书记长余光玛、县长曾锦柏派军訾于!月24日深夜速捐潘实之、杨伯刚等13人。8月24日日军飞机27架空袭县城,投弹6枚(其中烧夷弹3枚),弹落城南洪山梁(今镇水乡境),炸死农民8人,伤5人,"
xianzhi,A,国民党,p-0035,"参议会选出李显威为省参议员,杨旭为修补参议员。是年","苍溪县党部大力发展国民党员,扩大组织,至民国38年(1949),县党部辖16个区党部、116个区分部。民国35年(1946)3月“三青团苍溪分团部成立,下设58个区队、236个分队。3月“全县建乡(镇)义勇警察队15个,队员2880人,步枪1615支,手枪43支。|11月改名为乡"
xianzhi,A,三青团,p-0035,"党部、116个区分部。民国35年(1946)3月“","苍溪分团部成立,下设58个区队、236个分队。3月“全县建乡(镇)义勇警察队15个,队员2880人,步枪1615支,手枪43支。|11月改名为乡(镇)警察队。4月19日_县城新街(今寡陵路上段)李梦林烟馆起火,100多户居民房屋被毁。6月县各职业团体和社会团体整顿完毕,计县农会1"
xianzhi,A,大会,p-0035,"成立。5月县城郊区天花大流行。11月23日国民代表","芯溪区域代表选举结束,翌年1月4日呈报省府和省选举事务所转呈中央,终定常诲清、杨廷椿为国大代表。冬对全县三青团员进行总甄核,国民党苍溪县党部与三青团苍溪县分团部合并,经甄核后的三青团员直接转为国民党员。是年县改15乡(镇)为20乡(镇)。民国37年〔(1948)1月乡(镇)民代表"
xianzhi,A,法院,p-0035,"国37年〔(1948)1月乡(镇)民代表选举中央立","立法委员,2月1日开箱计票,李显威当选。3月9日县卫生院收到美国红十字会及国际福利协会捐赠的药品、器材79种、139件。8月19日“废法币,发行“金圆券“。法币300万元兑换金圆券!元。同时颂布“财政紧急处分令“,收缴民间金银。9月“因金圆券贬值,又发行“银圆券“;银圆券又大贬值"
xianzhi,A,会议,p-0036,"区人民解放委员会派代表主持召开苍溪县解放委员会筹备","。2日,苍溪县解放委员会成立。【1月4日“中国人民解放军五四六团进驻苍溪、龙王、三川追剿赵子立部,除赵率小部突围溃逃外,其余被歼。1月9日“首批南下干部李寅、蔡宝山、白光亮、薛恩厚、薛昌泽、穆至善、李茂祥、马成麂、孙玉先、任德明、赵珊瑚、傅仕元、李子忠来苍溪工作。1月18日“苍漫"
xianzhi,A,土改,p-0036,"华人民共和国婚婀法》,1951年9月,区、乡政府、","工作团检查婚娩法执行情况,处理婚娼案件。3月22日“同善社骨干分子肖履臣等,蒙成河地乡琳琅村不明真相群众,拥戴梁何氏当“皇帝娘娘“,“去北京登位“。23日,县人民政府派公安干警拘捕8名首要分子,教育遣散受骗群众、喧嚣一时的反革命“皇娘“案被平息。3月“中国新民主主义青年团苍溪县工"
xianzhi,A,处理,p-0036,"年9月,区、乡政府、土改工作团检查婚娩法执行情况,","婚娼案件。3月22日“同善社骨干分子肖履臣等,蒙成河地乡琳琅村不明真相群众,拥戴梁何氏当“皇帝娘娘“,“去北京登位“。23日,县人民政府派公安干警拘捕8名首要分子,教育遣散受骗群众、喧嚣一时的反革命“皇娘“案被平息。3月“中国新民主主义青年团苍溪县工作委员会筹备小组建立,1952"
xianzhi,A,公安,p-0036,"“皇帝娘娘“,“去北京登位“。23日,县人民政府派","干警拘捕8名首要分子,教育遣散受骗群众、喧嚣一时的反革命“皇娘“案被平息。3月“中国新民主主义青年团苍溪县工作委员会筹备小组建立,1952年3月16日正式成立中国新民主主义青年团苍溪县工作委员会。4月3日苍溪县首届农民代表会议在县城召开,成立苍溪县农民协会筹备委员会。4月13日“"
xianzhi,A,拘捕,p-0036,"娘“,“去北京登位“。23日,县人民政府派公安干警","8名首要分子,教育遣散受骗群众、喧嚣一时的反革命“皇娘“案被平息。3月“中国新民主主义青年团苍溪县工作委员会筹备小组建立,1952年3月16日正式成立中国新民主主义青年团苍溪县工作委员会。4月3日苍溪县首届农民代表会议在县城召开,成立苍溪县农民协会筹备委员会。4月13日“中共苍滓"
xianzhi,A,反革命,p-0036,"干警拘捕8名首要分子,教育遣散受骗群众、喧嚣一时的","“皇娘“案被平息。3月“中国新民主主义青年团苍溪县工作委员会筹备小组建立,1952年3月16日正式成立中国新民主主义青年团苍溪县工作委员会。4月3日苍溪县首届农民代表会议在县城召开,成立苍溪县农民协会筹备委员会。4月13日“中共苍滓县委员会成立,李寅任政治委员(后改称书记)。4月"
xianzhi,A,大会,p-0036,"书记)。4月19日“苍溪县第一届第一次各界人民代表","在县城召开。会议就征粮、剿匪、肃特、生产、文教、行政、工商、医务、人民币、公债、救济和禁烟等问题作出决议。6月23日解放军五四六团侦察连与县警卫营、县大队、公安队在龙王一带全歼“杨氏五郎“匪部,匪首杨学怀、杨明忠、杨言忠、杨恪忠、杨克忠被擒获。之后又将匪"
xianzhi,A,征粮,p-0036,"溪县第一届第一次各界人民代表大会在县城召开。会议就","、剿匪、肃特、生产、文教、行政、工商、医务、人民币、公债、救济和禁烟等问题作出决议。6月23日解放军五四六团侦察连与县警卫营、县大队、公安队在龙王一带全歼“杨氏五郎“匪部,匪首杨学怀、杨明忠、杨言忠、杨恪忠、杨克忠被擒获。之后又将匪"
xianzhi,A,剿匪,p-0036,"一届第一次各界人民代表大会在县城召开。会议就征粮、","、肃特、生产、文教、行政、工商、医务、人民币、公债、救济和禁烟等问题作出决议。6月23日解放军五四六团侦察连与县警卫营、县大队、公安队在龙王一带全歼“杨氏五郎“匪部,匪首杨学怀、杨明忠、杨言忠、杨恪忠、杨克忠被擒获。之后又将匪"
xianzhi,A,肃特,p-0036,"一次各界人民代表大会在县城召开。会议就征粮、剿匪、","、生产、文教、行政、工商、医务、人民币、公债、救济和禁烟等问题作出决议。6月23日解放军五四六团侦察连与县警卫营、县大队、公安队在龙王一带全歼“杨氏五郎“匪部,匪首杨学怀、杨明忠、杨言忠、杨恪忠、杨克忠被擒获。之后又将匪"
xianzhi,A,匪,p-0036,"县警卫营、县大队、公安队在龙王一带全歼“杨氏五郎“","部,匪首杨学怀、杨明忠、杨言忠、杨恪忠、杨克忠被擒获。之后又将匪"
xianzhi,A,匪首,p-0036,"营、县大队、公安队在龙王一带全歼“杨氏五郎“匪部,","杨学怀、杨明忠、杨言忠、杨恪忠、杨克忠被擒获。之后又将匪"
xianzhi,A,抓获,p-0037,"“22。苍漫县志首苏雄飞","。9月23日县人民法庭成立。县军队复员委员会成立,开始接收安置第一批复员军人。11月24日“全县清匪反霸、喜租退押工作开始.同时,废除旧乡保、甲制度,建立乡、村人民政权。12月6日_县人民政府在县城召开禁烟禁毒大会,宣布县禁烟禁毒委员会成立。当众烧毁鸦片烟具三大筐、鸦片烟86两5"
xianzhi,A,人民法庭,p-0037,"“22。苍漫县志首苏雄飞抓获。9月23日县","成立。县军队复员委员会成立,开始接收安置第一批复员军人。11月24日“全县清匪反霸、喜租退押工作开始.同时,废除旧乡保、甲制度,建立乡、村人民政权。12月6日_县人民政府在县城召开禁烟禁毒大会,宣布县禁烟禁毒委员会成立。当众烧毁鸦片烟具三大筐、鸦片烟86两5钱2分,公审烟毒犯黄玉"
xianzhi,A,清匪,p-0037,"立,开始接收安置第一批复员军人。11月24日“全县","反霸、喜租退押工作开始.同时,废除旧乡保、甲制度,建立乡、村人民政权。12月6日_县人民政府在县城召开禁烟禁毒大会,宣布县禁烟禁毒委员会成立。当众烧毁鸦片烟具三大筐、鸦片烟86两5钱2分,公审烟毒犯黄玉书等3人。之后各区、乡成立戒烟所,至1951年底,县内大部分烟民到戒烟所登记并"
xianzhi,A,反霸,p-0037,"开始接收安置第一批复员军人。11月24日“全县清匪","、喜租退押工作开始.同时,废除旧乡保、甲制度,建立乡、村人民政权。12月6日_县人民政府在县城召开禁烟禁毒大会,宣布县禁烟禁毒委员会成立。当众烧毁鸦片烟具三大筐、鸦片烟86两5钱2分,公审烟毒犯黄玉书等3人。之后各区、乡成立戒烟所,至1951年底,县内大部分烟民到戒烟所登记并戒绝"
xianzhi,A,退押,p-0037,"置第一批复员军人。11月24日“全县清匪反霸、喜租","工作开始.同时,废除旧乡保、甲制度,建立乡、村人民政权。12月6日_县人民政府在县城召开禁烟禁毒大会,宣布县禁烟禁毒委员会成立。当众烧毁鸦片烟具三大筐、鸦片烟86两5钱2分,公审烟毒犯黄玉书等3人。之后各区、乡成立戒烟所,至1951年底,县内大部分烟民到戒烟所登记并戒绝,一批烟毒"
xianzhi,A,废除旧乡保,p-0037,"1月24日“全县清匪反霸、喜租退押工作开始.同时,","、甲制度,建立乡、村人民政权。12月6日_县人民政府在县城召开禁烟禁毒大会,宣布县禁烟禁毒委员会成立。当众烧毁鸦片烟具三大筐、鸦片烟86两5钱2分,公审烟毒犯黄玉书等3人。之后各区、乡成立戒烟所,至1951年底,县内大部分烟民到戒烟所登记并戒绝,一批烟毒犯受到打击,销毁鸦片106"
xianzhi,A,大会,p-0037,"人民政权。12月6日_县人民政府在县城召开禁烟禁毒",",宣布县禁烟禁毒委员会成立。当众烧毁鸦片烟具三大筐、鸦片烟86两5钱2分,公审烟毒犯黄玉书等3人。之后各区、乡成立戒烟所,至1951年底,县内大部分烟民到戒烟所登记并戒绝,一批烟毒犯受到打击,销毁鸦片1064两,并收缴大批炯具和毒资(银圆)10911元。12月25日县城举行抗美援"
xianzhi,A,公审,p-0037,"立。当众烧毁鸦片烟具三大筐、鸦片烟86两5钱2分,","烟毒犯黄玉书等3人。之后各区、乡成立戒烟所,至1951年底,县内大部分烟民到戒烟所登记并戒绝,一批烟毒犯受到打击,销毁鸦片1064两,并收缴大批炯具和毒资(银圆)10911元。12月25日县城举行抗美援朝、保家卫国群众示威大游行。其后,广大青年踊跃报名参军赴朝作战。19851年1"
xianzhi,A,反对,p-0037,"战。19851年1月25日“县城举行保卫世界和平,","美帝侵略朝鲜的示威游行,有3000多名各界人士参加。1月下旬破获敌特组织“西南长官部巴山中美技术合作所“,速捕并处理骨干分子59人,登记自新830余人。1月“增设第八区。是时,全县共8区、58乡、524村。3月11日“国民党台湾当局飞机一架飞入县境上空,投下9种传单,共7000余"
xianzhi,A,处理,p-0037,"获敌特组织“西南长官部巴山中美技术合作所“,速捕并","骨干分子59人,登记自新830余人。1月“增设第八区。是时,全县共8区、58乡、524村。3月11日“国民党台湾当局飞机一架飞入县境上空,投下9种传单,共7000余份。3月15日苍(溪〉阅(中》公路开工兴建,10月10日建成通车。4月15日“民成工厂在县城建立,9月!日投产,从业"
xianzhi,A,自新,p-0037,"山中美技术合作所“,速捕并处理骨干分子59人,登记","830余人。1月“增设第八区。是时,全县共8区、58乡、524村。3月11日“国民党台湾当局飞机一架飞入县境上空,投下9种传单,共7000余份。3月15日苍(溪〉阅(中》公路开工兴建,10月10日建成通车。4月15日“民成工厂在县城建立,9月!日投产,从业人员60余人。翌年因资金"
xianzhi,A,国民党,p-0037,"。是时,全县共8区、58乡、524村。3月11日“","台湾当局飞机一架飞入县境上空,投下9种传单,共7000余份。3月15日苍(溪〉阅(中》公路开工兴建,10月10日建成通车。4月15日“民成工厂在县城建立,9月!日投产,从业人员60余人。翌年因资金不足停办。4月16日“中国人民抗美援朝苍溪分会成立。城乡开展“和平签名“运动,向安全"
xianzhi,A,土地改革,p-0037,"侯天金、徐世昌3人出席北京国庆观礼。10月川北行署","工作团,在胡健率领下到苍溪开展第三期土改,土改工作队员1200余人,组成5个分团、58个工作队,于11月7日分赴全县各地开展土地改革,至翌年4月结柬。11月“在县城原火神庙内(今县印刷厂址)建成25马力烧木炭单缸立式煤气机,配"
xianzhi,A,土改,p-0037,"北行署土地改革工作团,在胡健率领下到苍溪开展第三期",",土改工作队员1200余人,组成5个分团、58个工作队,于11月7日分赴全县各地开展土地改革,至翌年4月结柬。11月“在县城原火神庙内(今县印刷厂址)建成25马力烧木炭单缸立式煤气机,配"
xianzhi,A,大会,p-0038,"(旧版人民币)。2月20日“苍漫县首次劳动模范代表","在县城召开。2月29日县人民政府发布《关于使用人民币,禁止银圆、铜圆、镧币流通的布告》。春“苍溪县回龙场、土垭一带划入闻中县。阅中县白庙乡和新观乡祖家沟的阅中窝以及龙王乡的阅中坝,南江县的白山、黄猫、回龙三乡划入苍溪县。6月,昭化县的鹄溟、亭子、白桥、新龙四乡划入苍溪县。4月17"
xianzhi,X,训练,p-0038,"机的火电厂投产发电。是年中共苍溪县委举办第一期党建","班,至年底全县发展党员240人。1952年1月6日“三反“(反贪污、反浪费、反官像主义)运动在全县展开,至6月中旬结束,县、区千部中清出贪污分子425人,查出赃款和赃物折款共3.14亿元(旧版人民币)。2月20日“苍漫县首次劳动模范代表大会在县城召开。2月29日县人民政府发布《关"
xianzhi,A,大会,p-0039,"量,计划供应。9月6日“苍漫县第一届第一次人民代表","在县城召开。出席代表310人。9月“南充专署电影放映队1102小队留驻苍溪,1957年,下放给苍溪县管理,编为苍溪县电影一队,同时成立县电影二、三队,负质全县巡回放映。9月“苍漫县实行棉布统购统销。棺布和棺纱制品一律实行以人定量,凭证供应。是年“全县试办起39个初级农业生产合作社"
xianzhi,A,反对,p-0039,"少将军衔的有伍国仲、李明。2月10日“开展全县性的","美帝国主义使用原子武器的签名运动。至月底,参加签名的31.78万人,约占全县总人口的74%%。2月22日“县成立“发行新币办公室“,3月1日在全县正式发行新版人民币。I旧版人民币1万元兑换新版人民币1元。3月“全县各乡先后召开乡人民代表大会,贯彻粮食定产、定购,三年不变,定销一年"
xianzhi,A,公安,p-0039,"月开始对城镇非农业人口实行粮食定量供应。.6月“县","机关破获“紫霞坛“反革命案,对首犯范良侯等速搬法办。7月12日改各区序号为用区公所所在地地名称呼,如一区为城郊区,六区为东溟区、十区为文昌区。是年12月23日撒销岳东区和28个乡以及东溪、元坝2镇。全县为9区、59乡、1镇(城关镇)。7月中旬至8月“全县开展社会镇反运动。9月16"
xianzhi,A,反革命,p-0039,"实行粮食定量供应。.6月“县公安机关破获“紫霞坛“","案,对首犯范良侯等速搬法办。7月12日改各区序号为用区公所所在地地名称呼,如一区为城郊区,六区为东溟区、十区为文昌区。是年12月23日撒销岳东区和28个乡以及东溪、元坝2镇。全县为9区、59乡、1镇(城关镇)。7月中旬至8月“全县开展社会镇反运动。9月16日“苍溪县人民政府改名为"
xianzhi,A,法办,p-0039,"公安机关破获“紫霞坛“反革命案,对首犯范良侯等速搬","。7月12日改各区序号为用区公所所在地地名称呼,如一区为城郊区,六区为东溟区、十区为文昌区。是年12月23日撒销岳东区和28个乡以及东溪、元坝2镇。全县为9区、59乡、1镇(城关镇)。7月中旬至8月“全县开展社会镇反运动。9月16日“苍溪县人民政府改名为苍溪县人民委员会。〉12月"
xianzhi,A,镇反,p-0039,"9乡、1镇(城关镇)。7月中旬至8月“全县开展社会","运动。9月16日“苍溪县人民政府改名为苍溪县人民委员会。〉12月“城郊乡麻岭水库破土动工,为苍溪县自行设计、施工修建的第一座小型水库。12月“云峰乡张家坪建起全县第一个高级农业生产合作社,取消土地分红。1955年1月14日“在全县5900多名供薪人员中分期分批开展“肃反“和“审干"
xianzhi,A,大会,p-0040,"社首次试养柞蚕成功。5月29日中共苍溪县第一次代表","在县城召开。6月1日《苍溪报》创刊,每5天出一期。1957年7月停办。1958年复刊后改为《苍溪县跃进报》,1959年7月24日改为《红星报》,1961年3月停办。7月20日至10月20日“全县行政人员工资进行改革,重点解决工资级别与干部职务不相称的问题。10月_县水利科在庙垭乡"
xianzhi,A,会议,p-0040,"龙王乡健康社主任侯永海出席全国首次农业劳动模范代表","。8月18日“石门乡利民水库管理员马三林为水库堵潘光荣献身。翌年8月18日其父马清武在同一水库也因堵漏光荣献身。当地政府和群众为纪念他们父子俩,将水库改名“三林水库“。8月28日“县委成立整风领导小组和办公室。8月31日县委召开县级机关干部整风动员大会.运动逐步由“大鸣大放“转人"
xianzhi,A,斗争,p-0040,"大放,对言词“偏激“的进行教育,“过激“的进行批判","。1958年7月运动结林,在干部和教职工中划“右派分子“214个,在生产队干部和企业职工中共划出“反社会主义分子“1000多人。运动中发生反右派斗争扩大化错误,误伤了一批干部、职工和群众。11月1日苍(溪)龙(山)公路开工修建,翌年8月3日通车。至1958年底修通苍(涉)永(宁)"
xianzhi,A,大会,p-0041,"“26。苍溪县志开既进督师",",成立“万斤田“指择部,出现了大撂“万斤亩“的韶赛高潮,高指标、浮夸风逐步升级。3月1日_县人民医院外科第一例肠梗阻手术,1964年5月第一例胃大部切除手术均获成功.1975年10月首例心包剥离手术成功和开展第一例食管癌根治术.1978年1月首例肺叶切除术成功。1985年1月17"
xianzhi,A,公安,p-0041,"公共食堂在郊区东台农业生产合作社开办。7月21日县","部门取缔反动会道门“明理道““万金堂“两个支系。7月“全县大办工业,建工厂417个,其中全民62个、集体335个.8月29日“以城郊乡为基础,吸收城关镇西城社等29个农业合作社,建成苍溪县第一个人民公社一一红旗人民公社,10月1日,全县60个乡建立“政社合一“的人民公社,实现人民"
xianzhi,A,会道门,p-0041,"台农业生产合作社开办。7月21日县公安部门取缔反动","“明理道““万金堂“两个支系。7月“全县大办工业,建工厂417个,其中全民62个、集体335个.8月29日“以城郊乡为基础,吸收城关镇西城社等29个农业合作社,建成苍溪县第一个人民公社一一红旗人民公社,10月1日,全县60个乡建立“政社合一“的人民公社,实现人民公社化。9月“全县"
xianzhi,A,会议,p-0042,"队、生产队1923人参加的五级扩干会,贯彻中央郑州","精神。会后,全县各公社实行权力下放,三级管理,三级核算,队为基础。《月17日“开始全面贯彻中共中央《农村人民公社工作条例(草案)》(简称“农业六十条“)。12月落实农村土地、山林、耕牛、农具固定到生产队的四固定政策。"
xianzhi,A,处理,p-0043,"单位就餐的历史习惯。7月8日“全县整风整社运动组织","结束。全县共有农村基层干部(公社以下至生产队会计以上)19582人,其中犯有严重违法乱纪、强迫命令等错误受处分的约占8%%。是年为集运外调粮食支援大城市、工矿区和其他灾区,1959年至是年底,共调出粮食1.48亿公斤(贸易粮)。1962年3月22日“恢复蟠龙、回龙、小新、白垭、登"
xianzhi,A,会议,p-0044,"0月副县长王秀昌出席林业部在北京召开的全国油桐生产","。10月苍溪县城市“四清“工作开始。12月5日“苍溪县第一座小型水电站一一两河电站开工修建。1966年10月1日第一台机组建成发电,县火电厂停办.1970年4月8日第二台机组(装机容量1360十瓦)、1981年5月27日第三台机组、1986年8月22日第四台机组建成发电,完成终期"
xianzhi,A,大会,p-0044,"(今麻岭村)小学教师石鉴元当选为第三届全国人民代表","代表。[1985年4月下旬国家计委主任余秋里在中共四川省委候补书记张立行、南充地委书记卫广平陪同下来苍溪视察工作。6月27日“在县城北龚家山脚下建修的老红军住宅峻工,离休回乡红军老战士迁进新居。8月29日“全县试行亦工亦农轮换工、合同工制度.苍溪给西南铁路局调轮换工、合同工360"
xianzhi,A,会上,p-0044,"炸,伤20人,死8人,毁房5间。5月“在四川省水利",",副省长李林枝向全省介绍苍溪“翻山田界翻山水“,整治冬水田经验,推广苍溪农村木榔头和扯板子等保冬水田农具。5月19日“成立县“文化大革命“领导小组。"
xianzhi,A,破坏,p-0045,"左“的文章和口号煞动下,全县大批文物古迹、古建筑被","。6月县委派工作组到各中学领导“文化大革命“。7月苍溪中学学生开始建立“红卫兵“组织;全县公办中学教职工到南充集训,回校后全部集中到县农机厂和歧坪农场“劳动改造“。7月至10月“苍滓县先后派出提灌机手和支摒提灌机械55台为广安、岳池等县抗晓。7月21日_县超英机械厂改建为县农业机"
xianzhi,A,大会,p-0045,"“造反派“组织在苍溪中学外操场联合召开批斗一副县长","。会上因意见分歧形成观点对立的两大派。1月24日“造反派“组织夺县委、县人委党政大权。从此,尾层夺权,机构瘫瘀。2月26日“县内发生流行性脑膜炎。2月!日至是日,发病364例,死亡38例,县卫生防疫部门迅速组织力量扑灭和预防。2月“中国人民解放军苍溪县人民武装部受命“三支两军“("
xianzhi,A,会上,p-0045,"派“组织在苍溪中学外操场联合召开批斗一副县长大会。","因意见分歧形成观点对立的两大派。1月24日“造反派“组织夺县委、县人委党政大权。从此,尾层夺权,机构瘫瘀。2月26日“县内发生流行性脑膜炎。2月!日至是日,发病364例,死亡38例,县卫生防疫部门迅速组织力量扑灭和预防。2月“中国人民解放军苍溪县人民武装部受命“三支两军“(即支左"
xianzhi,A,死亡,p-0045,"内发生流行性脑膜炎。2月!日至是日,发病364例,","38例,县卫生防疫部门迅速组织力量扑灭和预防。2月“中国人民解放军苍溪县人民武装部受命“三支两军“(即支左、支工、支农;军管、军训)。3月“苍溪“三月镇反“,两次共捕30余人。5月24日县人民武装部召开群众大会,为被捕人员赔礼道歉。是日部分“造反派“组织,冲击县武装部,打伤解放军"
xianzhi,A,镇反,p-0045,"即支左、支工、支农;军管、军训)。3月“苍溪“三月","“,两次共捕30余人。5月24日县人民武装部召开群众大会,为被捕人员赔礼道歉。是日部分“造反派“组织,冲击县武装部,打伤解放军5人,群众33人。是月30日13时30分白鹤、三川复兴(今天观)3个公社的14个大队道受冰霏和暴雨袭击,受灾面积1190亩。,8月“县人民武装部对县电信局"
xianzhi,A,群众大会,p-0045,"反“,两次共捕30余人。5月24日县人民武装部召开",",为被捕人员赔礼道歉。是日部分“造反派“组织,冲击县武装部,打伤解放军5人,群众33人。是月30日13时30分白鹤、三川复兴(今天观)3个公社的14个大队道受冰霏和暴雨袭击,受灾面积1190亩。,8月“县人民武装部对县电信局、气象站实行军管,1968年1月对县公安局、检察院、法院"
xianzhi,A,公安,p-0045,"装部对县电信局、气象站实行军管,1968年1月对县","局、检察院、法院实行军管。9月“东滓区卫生院外科为田菜乡光荣大队一位60多岁的病妇摘除21公斤重的卵巢肿瘤。"
xianzhi,A,法院,p-0045,"气象站实行军管,1968年1月对县公安局、检察院、","实行军管。9月“东滓区卫生院外科为田菜乡光荣大队一位60多岁的病妇摘除21公斤重的卵巢肿瘤。"
xianzhi,A,打死,p-0046,"7年8月17日永宁公社两派发生武斗(打伤40多人,","3人)后的是日起,苍溪武斗升级,至9月下旬先后在白桥、享子、两河电站、马桑、桥溪、东溪、新观、安子等地发生武斗10余次,死45人。1969年3月12日苍溪两大派“大联合“,武斗结束。11月29日“四川省苍溪县抓革命促生产委员会更名为中国人民解放军苍溪县人民武装部生产指拂部。198"
xianzhi,X,学习班,p-0046,"人委、农林水机关干部300多人,参加““斗私批修「","“学习、“清理阶级队伍“,历时1年。5月“苍溪开始发展内河航运机械化。6月9日县防空指挥部在县城进行人口疑散防空演习,参加军民7000多人。,8月县物资局接管镇水公社化工厂,改名为苍溪县物资局化工厂,生产饺油炸药。11月_县革委将中学教师集中县城“清理阶级队伍“,历时6个月,共清"
xianzhi,A,大会,p-0047,"日组建苍溪县民兵独立团,共5161人,参加襄渝铁路","战,8月1日开赴陕西紫阳、镇巴、西乡、城固、佛坪等县,配属铁道兵八七一一部队施工。1972年11月完成任务返回苍溪。7月29日中共苍溪县革命委员会核心小组成立。8月“苍溪县轮船站职工首次设计制造“101“钢质拖轮一舷,装机160马力,试航成功。,冬至翌年6月“全县以单位或系统分期"
xianzhi,A,会议,p-0047,"、大队、生产队干部6000多人参加的“农业学大寨“",",向全县人民提出“一年跨纲要,两年间过千斤关,三年建成大寨县“的号召。4月“县革委在县城北的龚家山南鹿修建革命公墓。4月至6月“全县开展整团建团工作,陆绩侥复各级团组织和共青团员组织生活。.6月6日县革委召开“批陈(即陈伯达)整风“扩大干部会议,历时19天,学习毛泽东关于《我的一"
xianzhi,A,反革命,p-0047,"区、公社、大队党员干部1562人参加的揭发批判林虐","罪行大会。10月“全县各区、公社都建起广播站。11月6日“元坝公社被列为四川省农业机械化重点公社。12月“全县从1969年开始的“清理阶级队伍“,1970年开始的“一打三反“运动,至是月底,共清出贪污盗窃、投机倒把现金140多万元、粮食90多万公斤、布票1.3万尺,已定案处理15"
xianzhi,A,定案,p-0047,"140多万元、粮食90多万公斤、布票1.3万尺,已","处理1500多件,退赔现金70多万元、粮食45万多公斤。是年改粮食征购“一定三年“不变为“一定五年“不变,食用油料“随粮定购,一g定三年不变“."
xianzhi,A,处理,p-0047,"0多万元、粮食90多万公斤、布票1.3万尺,已定案","1500多件,退赔现金70多万元、粮食45万多公斤。是年改粮食征购“一定三年“不变为“一定五年“不变,食用油料“随粮定购,一g定三年不变“."
xianzhi,A,死亡,p-0048,"疫部门调查1969一1972年农村人口中食道癌患者","情况:平均死亡率57.68/10万,其中男性82.7/10万,女性47.1/10万,50一59岁、60一69岁两个年龄组死亡比例最大。冬县委农村工作队在歧坪公社开展党的基本路线教育试点工作,1974年春至1978年8月,县委农村工作团先后在歧坪、文昌、龙山、东溪、元坝、三州、东青"
xianzhi,A,群众大会,p-0049,"力的53%。2月4日“县委在县城召开4000多人的",",传达中共中央文件,在全县开展“批林批孔“运动。′5月1日“元坝航运社试制“苍溪县东河3号浅水机动船“,从元坝拖东河木船6只上航嘉川成功。7月省航运局在歧坪召开内河小机动船化现场会。5月12日_县农机一厂、磷肥厂联合组成工人宣传队,进驻苍溪中学校,擂“斗、批、改“。6月7日197"
xianzhi,A,死亡,p-0049,"死牛肉,106人中毒,经县卫生防疫部门抢救,仅2人","。经细菌学检查系鼠伤寒沙门氏杆菌所致。6月25日“达县、绵阳、南充等地区以及巴中、平昌、旺苍、南江、广元、仪陇、阆中、苍溪等县第八届战备治安联防会议在苍溪县城召开。冬县委决定,除县委农村工作团在元坝区继续搞好基本路线教育工作外,又从全县抽调1400多名干部组成农村基本路线教育团,"
xianzhi,A,会议,p-0049,"南江、广元、仪陇、阆中、苍溪等县第八届战备治安联防","在苍溪县城召开。冬县委决定,除县委农村工作团在元坝区继续搞好基本路线教育工作外,又从全县抽调1400多名干部组成农村基本路线教育团,在其余8区、60个公社、650个大队开展基本路线教育和“农业学大察“群众运动。是年“小新公社杨荣清观察收集、制作了蚕豆象和水稻食根金花虫生活史标本各"
xianzhi,A,斗争,p-0049,"教学为主、书本知识为主、教师为主),强调“上好阶级","课,生产斗争课“。】9′′6年1月12日中央人民广播电台播发了苍溪县“昂首阎步向大寨县挺进“的报道。3月7日县委组织全县区、社负责千部90人赴大察、胖阳参观,3月22日返县。3月24日_县委组织专案组,开始对“文化大革命“中的1967一1968年武斗打死人和私设法庭杀害不同观点群"
xianzhi,A,打死,p-0049,",开始对“文化大革命“中的1967一1968年武斗","人和私设法庭杀害不同观点群众的案件进行复查。通过6个月工作,受理案件39件,查处25件,其中法办7人、免于刑事处分8人、不追究刑事责任14人,给于党纪和行政处分6人。"
xianzhi,A,杀害,p-0049,"革命“中的1967一1968年武斗打死人和私设法庭","不同观点群众的案件进行复查。通过6个月工作,受理案件39件,查处25件,其中法办7人、免于刑事处分8人、不追究刑事责任14人,给于党纪和行政处分6人。"
xianzhi,A,复查,p-0049,"8年武斗打死人和私设法庭杀害不同观点群众的案件进行","。通过6个月工作,受理案件39件,查处25件,其中法办7人、免于刑事处分8人、不追究刑事责任14人,给于党纪和行政处分6人。"
xianzhi,A,法办,p-0049,"。通过6个月工作,受理案件39件,查处25件,其中","7人、免于刑事处分8人、不追究刑事责任14人,给于党纪和行政处分6人。"
xianzhi,A,大会,p-0050,"城职工、学生、居民于午后3时在五星花园冒雨举行追悼","。9月“恢复苍溪师范学校,撒销原四川省阀中师范学校苍漫分校。10月24日县委、县革委组织县城军民收听中央人民广播电台关于一举粉碎王、张、江、姚“四人帮“的新闻,接着在县城召开军民庆祝大会,并敲锣打鼓上街游行。11月27日《四川日报》报道《苍滦掀起农田基本建设新高潮》,介绍苍溪县实"
xianzhi,A,会议,p-0050,"年1月29日“县委、县革委在县城召开“农业学大察“",",历时10天,到会8283人,加上地、县农村工作团人员,近1万人,表彰了学大寨先进集体和先进个人。3月全县深入开展揭批“四人帮“罪行。4月亭子公社修建双丰水库、剑闻县鹅龄公社双丰、水池两个大队共589户、2713人划入苍溪县亭子公社管辖。6月6日至7月9日“全县春早连夏早。为解除"
xianzhi,A,会上,p-0051,"米,5孔净跨90米的石拱桥。9月在四川省梨品种鉴定",",苍溪雪梨获得“品质第一“佳誉。是年全县杂交水稻种植面积发展到6915亩,平均产量由1977年的505.5公斤提高到577.7公斤。1978年2月“县委成立落实政策办公室,至1981年底,共纠正历次政治运动造成的冤假错案1261件,对214名错划为右派分子的人作了改正,宣布原工商"
xianzhi,A,错案,p-0051,"公室,至1981年底,共纠正历次政治运动造成的冤假","1261件,对214名错划为右派分子的人作了改正,宣布原工商业者已改造成为劳动者,把原为劳动者的小商贩、手工业者从原资产阶级工商业者中区别开来,为4016名原地、富分子“摘帽“,为地富子女改变成分,对土改后未经法定手续戴上地、富分子帽子的32人改了锦。4月11日晚至12日9时“全"
xianzhi,A,土改,p-0051,"16名原地、富分子“摘帽“,为地富子女改变成分,对","后未经法定手续戴上地、富分子帽子的32人改了锦。4月11日晚至12日9时“全县普遍受10至11级暴风袭击,并降大雪。5月1日县革命委员会发布关于推行火葬的布告(北门沟火萱场1977年兴建,总_投资32.2万元),从即日起投入使用。5月“开辟嘉陵江苍(滦)锡(溪)段客轮航线,198"
xianzhi,A,会议,p-0052,"位。1981年3月18日至27日“中国人民政治协商","苍溪县委员会建立,并召开了一届一次全体会议。3月19日至26日“召开苍溪县第八届县人民代表大会,选举产生本届常务委员会,县人民政府正副县长和县法院院长,县检察院检察长,撒销苍溪县革命委员会。3月公社(镇)召开第八届人民代表大会后,废公社(镇)革命委员会和大队革命领导小组,恢复公社"
xianzhi,A,大会,p-0052,"议。3月19日至26日“召开苍溪县第八届县人民代表",",选举产生本届常务委员会,县人民政府正副县长和县法院院长,县检察院检察长,撒销苍溪县革命委员会。3月公社(镇)召开第八届人民代表大会后,废公社(镇)革命委员会和大队革命领导小组,恢复公社和大队管理委员会。4月10日县农机一厂试制成功嘉陵牌一81型4100X500全脱粒机成功,批量"
xianzhi,A,法院,p-0052,"会,选举产生本届常务委员会,县人民政府正副县长和县","院长,县检察院检察长,撒销苍溪县革命委员会。3月公社(镇)召开第八届人民代表大会后,废公社(镇)革命委员会和大队革命领导小组,恢复公社和大队管理委员会。4月10日县农机一厂试制成功嘉陵牌一81型4100X500全脱粒机成功,批量生产。4月“苍溪县第一座容积530吨的猪肉冷冻库在县"
xianzhi,A,死亡,p-0053,"公社发生繁发性勾端螺旋体流行病,患者2171人,除","28人外,其余均被卫生防疫部门治愈。是年1964年以来全县共接收安置城镇下乡知识青年8479人,城镇下乡居民467户、1643人,合计10127人。,因水灾,减免农业税应征额的78.45%。,1982年1月23日“县饮食服务公司三级厨师舒仕伦随南充地区厨师组赴尼泊尔王国加德满都马"
xianzhi,A,镇压,p-0053,"罪人员依法从重从快地给予了惩处,对罪大怜极者进行了","、同时对受害妇女、儿蜒进行了解救。"
xianzhi,A,大会,p-0054,"科协主席李德仁出席中国科协在北京召开的全国乡镇科普","。县川剧团青年演员张建平、黄荣华参加四川省振兴川剧汇报团赴北京在中南海演出,受到中央领导邓小平等的接见。1984年春节县城各主要街道口扎彩门,家家户户挂红灯、贴春联;城乡开展声势浩大的文艺演出活动。《光明日报》以《五年前过年访贫问苦,如今过年载歌载舞》为题报导苍漫春节盛况。2月“"
xianzhi,A,村民,p-0054,"废人民公社和大队管理委员会,恢复乡(镇〉人民政府和","委员会,建立村民小组。5月4日“县政府设立“台湾同胞接待办公室“,负责接待回乡探亲、访友、参观、旅_游、工作或学习的台湾同胞。6月中旬“自1981年以来,每到夏日黄昏,燕子从四面八方飞抵县城群居在解放路、人民中路的电线上,排列整齐,为县城一奇观。据有心人反复清点,每晚有岩燕、家燕"
xianzhi,A,大会,p-0056,"溪县正式成为广元市属县。9月9日县人民政府召开职工",",隆重庆祝全国第一个“教师节“,表彰优秀教师和尊师重教先进单位。一9月22日县二轻服装厂设计生产的背带三节裙,荣获全国儿童生活用品委员会新产品金鹿奖。9月苍溶县麻纺厂生产的麻袋出口德意志联邦共和国104万条。10月17日“苍溪县被评为四川省狂犬病防治先进县。10月县二轻局建材厂荣"
xianzhi,A,错案,p-0057,"府追认为革命烈士。2月县第二次国内革命战争时期肃反","复查领导小组成立,至1988年底对607名被错杀群众发了平反通知书,对被错杀的530名红军战士由县人民政府发了平反通知书,平反春雪。3月国家农牧渔业部授二苍溪“农村改灶节能先进县“称号。5月1日县总工会在县城红军路建成的工人文化宫投入使用。5月县人民武装部由中国人民解放军序列改归"
xianzhi,A,复查,p-0057,"认为革命烈士。2月县第二次国内革命战争时期肃反错案","领导小组成立,至1988年底对607名被错杀群众发了平反通知书,对被错杀的530名红军战士由县人民政府发了平反通知书,平反春雪。3月国家农牧渔业部授二苍溪“农村改灶节能先进县“称号。5月1日县总工会在县城红军路建成的工人文化宫投入使用。5月县人民武装部由中国人民解放军序列改归地方"
xianzhi,A,杀,p-0057,"错案复查领导小组成立,至1988年底对607名被错","群众发了平反通知书,对被错杀的530名红军战士由县人民政府发了平反通知书,平反春雪。3月国家农牧渔业部授二苍溪“农村改灶节能先进县“称号。5月1日县总工会在县城红军路建成的工人文化宫投入使用。5月县人民武装部由中国人民解放军序列改归地方建制,实行地方、军队双重领导。6月撒销城郊乡"
xianzhi,A,平反,p-0057,"导小组成立,至1988年底对607名被错杀群众发了","通知书,对被错杀的530名红军战士由县人民政府发了平反通知书,平反春雪。3月国家农牧渔业部授二苍溪“农村改灶节能先进县“称号。5月1日县总工会在县城红军路建成的工人文化宫投入使用。5月县人民武装部由中国人民解放军序列改归地方建制,实行地方、军队双重领导。6月撒销城郊乡,并入陵江镇"
xianzhi,A,死亡,p-0058,"击,时间最长的约30分钟,体积大者如鸡蛋。此次雹灾","1人、伤9人,死牲畜243头,经济损失达5340万元。《月31日“公路交通安全管理由县交通局移交县公安局。4月“四川省军区授孙苍溪县人民武装部“建设社会主义精神文明先进集体“称号。5月“县绣品厂引进日本田岛TMEF-912型电脑绣花机及程序编制全套设备。6月7日_水宁乡桃花村户营"
xianzhi,A,公安,p-0058,"万元。《月31日“公路交通安全管理由县交通局移交县","局。4月“四川省军区授孙苍溪县人民武装部“建设社会主义精神文明先进集体“称号。5月“县绣品厂引进日本田岛TMEF-912型电脑绣花机及程序编制全套设备。6月7日_水宁乡桃花村户营黄连寡加工厂厂长殴明选为本村水利工程捐资1万元。6月19日至22日_县标准计量局在县城公开销毁假冒伪劣"
xianzhi,A,大会,p-0060,"黑山村团支部书记胡运芬当选为共青团第十二次全国代表","代表;9月获全国“尊老敬老好儿女金榜奖“。8月“苍溪县始行基础教育“四级“(县、区、乡、村)办学、四级(同上)管理体制。\9月15日“卫生部授孙五龙区卫生院护士程香梅“模范护士“称号。9月“县委政研窒编著的《梨乡魂》一书由中国农村读物出版社出版。9月“全县实行工资总额同经济效益挂"
xianzhi,A,村民,p-0060,"二科首例脑血管造影术成功。12月3日“文昌乡桥河付","胡启君为抢救落水女孩仲燕琼英勇牺牲,时年25岁,1990年省政府追认为革命烈士。12月县魔芋厂产魔芋粉荣获国家优质保健产品“金鹤杯“奖。是年“苍溪县被列为四川省肉、毛兔基地县。'城郊中学学生侯晓英参加四川省第六届运动会,夺得女子组铅球金牌。-县丝厂“梅花牌“白厂丝、县针织厂“晟竹"
xianzhi,A,会议,p-0062,"万人,劳务总收入1650万元。9月28日“县委办公","决定,保留县川剧团牌子,领导班子由留团人员民主选举产生,县文教局直接管理。12月1日“苍溪县残疾人联合会成立。18一19日召开第一次代表大会,选举产生联合会主席团委员25人。12月6日“苍溪首开至重庆直达客运班车。12月27日“县人民医院检验科向春道设计的“尿检验用样本杯“获国家"
xianzhi,A,大会,p-0062,"苍溪县残疾人联合会成立。18一19日召开第一次代表",",选举产生联合会主席团委员25人。12月6日“苍溪首开至重庆直达客运班车。12月27日“县人民医院检验科向春道设计的“尿检验用样本杯“获国家专利。12月“全县开展扫“六害“(卖淫嫖婴、制作贩卖传播淫秽物品、拐卖妇女儿童、标众赌博、私种贩卖吸食毒品和利用封建迷信骗财害人)等专项斗争"
xianzhi,A,斗争,p-0062,"博、私种贩卖吸食毒品和利用封建迷信骗财害人)等专项",",撂毁“六害“窗点39处、犯罪团伙28个,对2616名违法犯罪人员视其情节轻重,分别作了处理。是年“县农业局刘正江从60年代开始的水稻螂虫发生趋势动态研究,处于国内同类科研领先水平,预报准确率达100%。苍溪中学被国家教委列为开展劳动技术教育试点学校;苍溪县被评为四川省“开展劳动"
xianzhi,A,处理,p-0062,"个,对2616名违法犯罪人员视其情节轻重,分别作了","。是年“县农业局刘正江从60年代开始的水稻螂虫发生趋势动态研究,处于国内同类科研领先水平,预报准确率达100%。苍溪中学被国家教委列为开展劳动技术教育试点学校;苍溪县被评为四川省“开展劳动技术教育达标县“。腔江税务所被国家税务局授了“文明税务所“称号。苍漫县被列为国家商品瘦肉猪基"
xianzhi,A,会议,p-0063,"见。3月31日至4月1日_四川省第六次贫固山区工作","在苍溪召开.会期、会后,四川省姣书记杨汝何、省长张皓若、副省长谢世杰、省人大常委副主任康振黄等先后来苍溪视察扶贫开发工作。与会350多人参观了寨山乡东高村发展肉兔、运山乡庭园经济等典型。3月“四川省国际农发基金会畜牧项目领导小组在苍溪召开达县、雅安、广元地(市)县毛兔生产项目管理"
xianzhi,A,大会,p-0064,"14座。小水电专业户王仁俊当选为第七届全国人民代表","代表。县政府组织力量对“三乱“(乱收费、罚款、掌派)进行清理,取销不符合国家政策规定的82个收费项目。县麻纺织总厂、丝绸总厂、电力公司、元坝丝厂被评为省级先进企业;县毛纺织厂、工艺绣品厂等14家企业全面质量管理达到省级标准。全县27个乡(镇)的广播实现多功能对讲。全县42个全民企"
xianzhi,A,押解,p-0066,"人冲进督院,砍死门卫,闯入赵尔丰卧室,生摇赵尔丰,","皇城内四川军政府。当天军政府当众宣布处赵尔丰死刑,立即执行。陶泽煜受命行刑。事后叙功,陶泽煜升为标统(相当团长,以哥老“大汉公“管事之职,与大哥尹昌衡一道,出入各“公口“、“拜客““、“篡花“。民国2年(1913)秋被胡景伊密令周骏将陶泽煅杀害于重庆。川人缅怀其义举,入祀成都四川"
xianzhi,A,死刑,p-0066,",押解皇城内四川军政府。当天军政府当众宣布处赵尔丰",",立即执行。陶泽煜受命行刑。事后叙功,陶泽煜升为标统(相当团长,以哥老“大汉公“管事之职,与大哥尹昌衡一道,出入各“公口“、“拜客““、“篡花“。民国2年(1913)秋被胡景伊密令周骏将陶泽煅杀害于重庆。川人缅怀其义举,入祀成都四川忠烈祠。辛亥革命,四川保路运动事起后,苍溪团练局"
xianzhi,A,杀害,p-0066,"“。民国2年(1913)秋被胡景伊密令周骏将陶泽煅","于重庆。川人缅怀其义举,入祀成都四川忠烈祠。辛亥革命,四川保路运动事起后,苍溪团练局队长、哥老会成员罗文全在亲友的资助下,去成都参加保路同志会,结识川西同志军首领、同盟会员张达三,转排认张为大哥,加入同志军,随张转战。苍溪青年学生庄途侠亦于保路运动事起后去成都,通过罗文全结识张达"
xianzhi,A,国民党,p-0066,"组织、联络会党中有志之士为国家报效出力。同盟会改为","后,庄逸侠以国民党员身份奔走成渝,介绍青年志士加入国民党。民国2年癸丑讨袁是辛亥革命的继续。是时庄逸侠"
xianzhi,A,国民党,p-0067,",教书终生。罗文全亦参加了保宁讨袁讨胡军、任校官(","史料有关癸丑之役死难将校50余人名单中有罗文全)。保宁讨袁失败后回到苍溪。川北观寡使高培德令苍溪县知事公署搜捕国民党人和哥老头目,并指名要罗文全。7月25日深夜罗文全被县知事公署杀害于苍溪县城.次日县中哥老弟兄与同情革命人士焚烧纸帛,祭奠文全。苍溪当时与保宁起义有关的国民党人马寿"
xianzhi,A,杀害,p-0067,",并指名要罗文全。7月25日深夜罗文全被县知事公署","于苍溪县城.次日县中哥老弟兄与同情革命人士焚烧纸帛,祭奠文全。苍溪当时与保宁起义有关的国民党人马寿桥(文昌人)、母夏彝(王渡人》、侯峨峰(歧坪人)、杨子安(县城人)等,亦被县公署下令捉拿。经县人多方救援、担保,方免道杀戮。陶泽烟、庄逸侠、罗文全为革命抛头颅,酮热血,时称苍溪辛亥革"
xianzhi,A,杀,p-0067,",亦被县公署下令捉拿。经县人多方救援、担保,方免道","戮。陶泽烟、庄逸侠、罗文全为革命抛头颅,酮热血,时称苍溪辛亥革命三烈士。民国31年县临时参议会在县城东门外建“辛亥革命烈士纪念碑“,以资纪念。军闻混战民国7年(1918)1月,熊克武“靖川军“踞阅中,以一部兵力进占苍溟,同时北洋军刘存厚部以一旅兵力争夺苍溪。靖川军一纵队入苍后,收"
xianzhi,X,名单,p-0067,"军、任校官(国民党史料有关癸丑之役死难将校50余人","中有罗文全)。保宁讨袁失败后回到苍溪。川北观寡使高培德令苍溪县知事公署搜捕国民党人和哥老头目,并指名要罗文全。7月25日深夜罗文全被县知事公署杀害于苍溪县城.次日县中哥老弟兄与同情革命人士焚烧纸帛,祭奠文全。苍溪当时与保宁起义有关的国民党人马寿桥(文昌人)、母夏彝(王渡人》、侯峨"
xianzhi,A,歼灭,p-0068,"约会于苍溪县城、面商进一步合作计划,决定集中力量,","溶、黔军主力。滩、黔军被赶出四川后,刘存厚为独霸四川,十方百计排挤熊克武的势力,矛盾日益加深。这年冬,熊克武部出击刘存厚部,刘军退至绵阳、广元,处境险恶,遂自行解除川军总司令职。川军第三师邓锡侯部杨旅自绵阳败走苍溪岳东场,据险守隘,搜刮民间粮米以充军粮,人民怒不敢言。10年4月,"
xianzhi,A,处决,p-0068,"杨旅返苍溪县城,将搜刮民粮之事归罪营长项楚,并就地","。11年春,川军一师(喻培榴部)邹旅、四师(潘文华部〉郑营合防驻苍溪。5月七师(陈国栋部)与六师(余际唐部)、十师(张冲部)、二十二师(唐廷牧部)等各部自梓潼、剑阀合兵进攻一师邹旅和四师郑苑,邹旅、郑营不支,邹旅退守南部,郑营败走仪陇。12年秋,川军二十二师(唐廷牧部)与一师(喻"
xianzhi,A,土豪,p-0069,"埃政权在积极组织人力物力支援红军的同时,组织群众打","分田地,废除了封建土地所有制,领导人民投入经济建设,发展教育和卫生事业。在农业生产上提出“加紧生产,不荒一寸土地“,组织青年突击队,动员群众抢种抢收;成立耕牛、种子、农具合作社(厂),生产和调济生产资料;成立信用合作社,以低利和无息贷款解欧农民生产资金;实行军民联合,保卫生产建设"
xianzhi,A,大会,p-0069,"女踊跃参加红军。在1934年川陕省第三次工农兵代表","上,苍漫被评为模范县。由于张国烯在苏区推行左倾路线,在土地革命中搞“地主不分田,富农分坏田“,在社会肃反中不区分敌我、首恶和协从的界线,在内部肃反中搞扩大化、伤害了许多好人等,为苏区革命和建设造成一定损失。但苍滦人民对革命的忠诚和无私奉献,在中国革命史上留下了光辉的一页。查禁鸦片"
xianzhi,A,地主,p-0069,"县。由于张国烯在苏区推行左倾路线,在土地革命中搞“","不分田,富农分坏田“,在社会肃反中不区分敌我、首恶和协从的界线,在内部肃反中搞扩大化、伤害了许多好人等,为苏区革命和建设造成一定损失。但苍滦人民对革命的忠诚和无私奉献,在中国革命史上留下了光辉的一页。查禁鸦片烟清道光年间,鸦片烟流入苍溪。民国初年苍漫设禁炯查缉局。由于国事纷争,有"
xianzhi,A,富农,p-0069,"烯在苏区推行左倾路线,在土地革命中搞“地主不分田,","分坏田“,在社会肃反中不区分敌我、首恶和协从的界线,在内部肃反中搞扩大化、伤害了许多好人等,为苏区革命和建设造成一定损失。但苍滦人民对革命的忠诚和无私奉献,在中国革命史上留下了光辉的一页。查禁鸦片烟清道光年间,鸦片烟流入苍溪。民国初年苍漫设禁炯查缉局。由于国事纷争,有令不行。民国"
xianzhi,A,首恶,p-0069,"地主不分田,富农分坏田“,在社会肃反中不区分敌我、","和协从的界线,在内部肃反中搞扩大化、伤害了许多好人等,为苏区革命和建设造成一定损失。但苍滦人民对革命的忠诚和无私奉献,在中国革命史上留下了光辉的一页。查禁鸦片烟清道光年间,鸦片烟流入苍溪。民国初年苍漫设禁炯查缉局。由于国事纷争,有令不行。民国12年(1923)至22年,军闻田颂尧"
xianzhi,X,训练,p-0069,"学校、识字班,组织成年人读书识字,县办各类成人教育","班,培养各类专门人才;在红军的帮助下,向广大群众宣传卫生知识,在岳东、元坝、文昌、白庙、烟峰等地建医院(医务所),防病治病…...苏区的建立,使千百年在饥寒交迫中受熬煎的苍溪人民在政治上翻身作了主人,在打土豪分田地中得到经济利益,从而进发出极大革命、生产积极性。在加紧生产的同时,"
xianzhi,A,群众大会,p-0070,"烟馆58家。12月县禁烟禁毒委员会成立,在县城召开",",宣传禁烟禁毒政策法令,公审烟毒犯黄玉书等3人,烧毁鸦片86.52两、烟具3大等。1951年春,各区、乡成立戒烟所,登记瘾民,自订限期戒绝时间,到期化验。对未按期戒绝的烟民强送戒烟所戒烟,4月,入所烟民500人。年底部分点民戒绝,一批点毒′犯受到打击,收缴大批烟具及鸦片1064两"
xianzhi,A,公审,p-0070,"会成立,在县城召开群众大会,宣传禁烟禁毒政策法令,","烟毒犯黄玉书等3人,烧毁鸦片86.52两、烟具3大等。1951年春,各区、乡成立戒烟所,登记瘾民,自订限期戒绝时间,到期化验。对未按期戒绝的烟民强送戒烟所戒烟,4月,入所烟民500人。年底部分点民戒绝,一批点毒′犯受到打击,收缴大批烟具及鸦片1064两,收缴买卖烟毒银圆10911"
xianzhi,A,自新,p-0070,"0余套、毒资黄金5.5钱、银圆110个。罪轻者登记",",从严教育,主犯、惯犯分别给予判刑、管制处理。点毒被肃清。“新生活“运动民国25年(1936),省政府派别动队来苍溪训练保甲人员,开展“新生活“运动。在机关、法团、学校广泛宣传“四维(礼、义、廉、耻)“》、“八德(忠、孝、仁、爱、信、义、和、平)“;要求“衣、食、住、行“达到“整"
xianzhi,A,判刑,p-0070,"0个。罪轻者登记自新,从严教育,主犯、惯犯分别给予","、管制处理。点毒被肃清。“新生活“运动民国25年(1936),省政府派别动队来苍溪训练保甲人员,开展“新生活“运动。在机关、法团、学校广泛宣传“四维(礼、义、廉、耻)“》、“八德(忠、孝、仁、爱、信、义、和、平)“;要求“衣、食、住、行“达到“整齐、清洁、简单、朴素“人字准则。公"
xianzhi,A,管制,p-0070,"罪轻者登记自新,从严教育,主犯、惯犯分别给予判刑、","处理。点毒被肃清。“新生活“运动民国25年(1936),省政府派别动队来苍溪训练保甲人员,开展“新生活“运动。在机关、法团、学校广泛宣传“四维(礼、义、廉、耻)“》、“八德(忠、孝、仁、爱、信、义、和、平)“;要求“衣、食、住、行“达到“整齐、清洁、简单、朴素“人字准则。公务人员"
xianzhi,A,处理,p-0070,"者登记自新,从严教育,主犯、惯犯分别给予判刑、管制","。点毒被肃清。“新生活“运动民国25年(1936),省政府派别动队来苍溪训练保甲人员,开展“新生活“运动。在机关、法团、学校广泛宣传“四维(礼、义、廉、耻)“》、“八德(忠、孝、仁、爱、信、义、和、平)“;要求“衣、食、住、行“达到“整齐、清洁、简单、朴素“人字准则。公务人员力求"
xianzhi,A,国民党,p-0070,"31年县新生活动员委员会成立,县长罗映江兼任主任,","县党部书记、县政府社会科科长、民政科科长和商会、教育会理事长、警察局长为委员,下设总务、调查、设计、推行4股,开展新生活宣传,制发新生活徽章,指导机关、法团、学校新生活运动开展。定每年3月为新生活活动月。此项运动在机关、法团,特别是中小学开展了一段时间,但成效甚微。农村未推行。抗"
xianzhi,A,反对,p-0070,"极参加抗日救亡活动,宣传中共中央提出的“坚持抗战,","投降;坚持"
xianzhi,X,训练,p-0070,"“运动民国25年(1936),省政府派别动队来苍溪","保甲人员,开展“新生活“运动。在机关、法团、学校广泛宣传“四维(礼、义、廉、耻)“》、“八德(忠、孝、仁、爱、信、义、和、平)“;要求“衣、食、住、行“达到“整齐、清洁、简单、朴素“人字准则。公务人员力求“明礼义,知廉耻,守纪律,负责任“。把“礼义廉耻“称之为“国之四维“,作为“"
xianzhi,A,反对,p-0071,"“56。苍滦县志团结,","分裂;坚持进步,反对倒退;有力出力,有钱出钱,一切为了前线“,“建立独立、和平、民主、富强的新中国而奋斗“以及“巩固抗日民族统一战线“等号召,大幅墙头标语遍及大街小巷。组织中、小学男女学生、教师和社会进步青年以话剧、街头剧、壁报、油印小报、讲演会、火炬游行、晨呼队等形式广泛宣传抗"
xianzhi,A,国民党,p-0071,"征抗日的有7574人,受到上级国民政府嘉奖。29年","右派再次掀起反共高潮,对进步的抗日组织和行动严加控制,横加阻拴,并暗中对参加抗日救亡活动的中共地下党员进行监视、侦探和迫害。中共苍溪地下党员被迫退出抗敌后援会,就地疏散隐敢,并继续发动民众开展抗日救亡活动。30年5月苍溪与德阳、梓潼、剑闽、昂化等五县共捐献20万元,购买驱逐机一架"
xianzhi,A,联保,p-0071,"实行新县制,推行地方自治。县长曾锦柏出巡两区、15","、22场镇,通过实地考察,将全县30联保依就历史沿革、地理形势划为城厢(镇)、东青、玉树、五峰、伏回、五龙、三川、龙王、元中、歧白、东石、岳漓、高黄、文运、龙彭15乡镇。甄选、训练乡镇长。乡镇公所、中心学校、自卫队部合处办公,实行“三位一体“。乡镇公所所属各股(民政、经济、警卫、"
xianzhi,A,会议,p-0071,")6月,阅中绥靖公署主任潘清州来苍溪召开党政军联席",",了解有关中共苍溪地下党组织活动情况,部唯侦察、防范、逮捕中共地下党员行动计划。30年1月21日,县长曾锦柏、国民党县党部书记长余光玫指挥速捕中共地下党员潘实之、杨伯刚和党外进步人士蔡达源等。7月,将潘实之、杨伯刚等送往青城山集中营。32年(1943),设立四川省特别委员会苍溪分"
xianzhi,A,逮捕,p-0071,"解有关中共苍溪地下党组织活动情况,部唯侦察、防范、","中共地下党员行动计划。30年1月21日,县长曾锦柏、国民党县党部书记长余光玫指挥速捕中共地下党员潘实之、杨伯刚和党外进步人士蔡达源等。7月,将潘实之、杨伯刚等送往青城山集中营。32年(1943),设立四川省特别委员会苍溪分会(简称特委分会),至37年特委分会主任委员先后由历任县长"
xianzhi,X,训练,p-0071,"歧白、东石、岳漓、高黄、文运、龙彭15乡镇。甄选、","乡镇长。乡镇公所、中心学校、自卫队部合处办公,实行“三位一体“。乡镇公所所属各股(民政、经济、警卫、文化)主任“尽量任用兼职人员、以杜过去党政磨擦,政教分立,军政、教建各异之弊,完成真正“管、教、养、卫“之政治思想。“事后,将此写成《苍溪县乡镇政务改进意见书》报省审核。这种所谓“"
xianzhi,A,国民党,p-0072,"。33年冬,四川省党部派施清宇来苍溪督导党务,召开","苍溪县党部执行委员会委员、监察委员会委员、区党部书记、县城直属区分部书记、党政军干部会议,会上传达蒋介石“攘外必先安内“旨意。会期组织党员通讯网,由县党部书记长杨旭负责,区党部书记任通讯组长,国民党骨干党员为通讯员。通讯员采取单线联系,用黄国荣(杨旭化名)署名油印的“快邮代电“与"
xianzhi,A,会议,p-0072,"会委员、区党部书记、县城直属区分部书记、党政军干部",",会上传达蒋介石“攘外必先安内“旨意。会期组织党员通讯网,由县党部书记长杨旭负责,区党部书记任通讯组长,国民党骨干党员为通讯员。通讯员采取单线联系,用黄国荣(杨旭化名)署名油印的“快邮代电“与通讯员联系。“快邮代电“向通讯员说明中共地下党的活动情况以及侦察、防范和采取的手段。至3"
xianzhi,A,会上,p-0072,"、区党部书记、县城直属区分部书记、党政军干部会议,","传达蒋介石“攘外必先安内“旨意。会期组织党员通讯网,由县党部书记长杨旭负责,区党部书记任通讯组长,国民党骨干党员为通讯员。通讯员采取单线联系,用黄国荣(杨旭化名)署名油印的“快邮代电“与通讯员联系。“快邮代电“向通讯员说明中共地下党的活动情况以及侦察、防范和采取的手段。至31年底"
xianzhi,A,抗拒,p-0072,"为由,再次调整乡镇情报组织,下发枪支,组织应变会,","解放。′组训设防民国37年(1948)!月,县政府、县参议会、县党部联名向省党部、省政府呼吁,要求“增加地方武装,补充械弹,巩固巴山防务“,以抗拒解放。并推参议员侯峻峰、赵子恺起草呼吁电。县成立“民众自卫总队部“,区成立“民众自卫大队部“乡成立“民众自卫中队“,保成立“民众自卫分"
xianzhi,A,乡长,p-0072,"陶子征,二区大队长赵琏,三区大队长刘汉卿。乡中队长","兼任,保分队长保长兼任。同时下发枪支,开展“自卫“训练。山垭隘口站岗放哨。各中队应支薪米由大队部核发。次年苍溪解放时,此组织惶于解放军的威刀,不攻自散。“二五“减租民国38年(1949)8月,省政府发布告各县市民众书:“农地减租是永久性的。从本年起,所有民众土地租佃一律按照租佃约"
xianzhi,A,保长,p-0072,"赵琏,三区大队长刘汉卿。乡中队长乡长兼任,保分队长","兼任。同时下发枪支,开展“自卫“训练。山垭隘口站岗放哨。各中队应支薪米由大队部核发。次年苍溪解放时,此组织惶于解放军的威刀,不攻自散。“二五“减租民国38年(1949)8月,省政府发布告各县市民众书:“农地减租是永久性的。从本年起,所有民众土地租佃一律按照租佃约租额或习惯实收租额"
xianzhi,A,减租,p-0072,"解放时,此组织惶于解放军的威刀,不攻自散。“二五“","民国38年(1949)8月,省政府发布告各县市民众书:“农地减租是永久性的。从本年起,所有民众土地租佃一律按照租佃约租额或习惯实收租额减四分之一,以后年年如此,不得增加.“苍溪农村正当议论推行减租事宜时,县政府于是年10月4日发出训令:“案奉四川省训令,“关于本省原订37、38两"
xianzhi,X,训练,p-0072,"兼任,保分队长保长兼任。同时下发枪支,开展“自卫“","。山垭隘口站岗放哨。各中队应支薪米由大队部核发。次年苍溪解放时,此组织惶于解放军的威刀,不攻自散。“二五“减租民国38年(1949)8月,省政府发布告各县市民众书:“农地减租是永久性的。从本年起,所有民众土地租佃一律按照租佃约租额或习惯实收租额减四分之一,以后年年如此,不得增加."
xianzhi,A,国民党,p-0073,"员会1949年11月,中国人民解放军进军四川.同月","胡宗南部一六四师(师长黄剑夫)由广元退至芯溪。苍溪县长向竹修企图拉拢黄师上九龙山打游击。在中共地下党组织的支持下,地下党员杨伯刚与进步人士邹德涵,一道劝说黄剑夫“看清中国出路…...寻求光明前途.“经他们做耐心细致的说服工作,黄由待徨、徘徊,到下决心起义。数日后黄于阅中率部起义;"
xianzhi,A,大会,p-0073,"委员李浚泉。2日,在原县政府礼堂召开解放委员会成立",",各界人士和来宾1000余人参加,各界代表发了言,并宣读了给主席毛泽东、总司令朱德及第二野战军司令员刘伯承、政委邓小平的致敬电。解放委员会的职能是暂时执掌苍溪政务,维持社会治安,支捷人民解放军粮饷,对资遣过境的国民党军政人员给予供给。l月18日苍溪县人民政权一一苍溪县人民政府成立"
xianzhi,A,减租,p-0073,"人民政府成立,19日宣告解放委员会完成其历史使命。","退押苍溪县减程退押与清匪反霸工作同时进行。1950年11月24日县召开农民代表会议,会上先“吐苦水“「,“挥穷根“,提高阶级觉俞;接着学习清匪、反霸、减租、退押政策。会后抽调干部900人组成工作团。县委设总团部,下辖3个分团。蔡宝山任第一分园团长,负责第一、二、三区工作;刘篓青任"
xianzhi,A,退押,p-0073,"政府成立,19日宣告解放委员会完成其历史使命。减租","苍溪县减程退押与清匪反霸工作同时进行。1950年11月24日县召开农民代表会议,会上先“吐苦水“「,“挥穷根“,提高阶级觉俞;接着学习清匪、反霸、减租、退押政策。会后抽调干部900人组成工作团。县委设总团部,下辖3个分团。蔡宝山任第一分园团长,负责第一、二、三区工作;刘篓青任第二"
xianzhi,A,清匪,p-0073,"解放委员会完成其历史使命。减租退押苍溪县减程退押与","反霸工作同时进行。1950年11月24日县召开农民代表会议,会上先“吐苦水“「,“挥穷根“,提高阶级觉俞;接着学习清匪、反霸、减租、退押政策。会后抽调干部900人组成工作团。县委设总团部,下辖3个分团。蔡宝山任第一分园团长,负责第一、二、三区工作;刘篓青任第二分团团长,负责第四、"
xianzhi,A,反霸,p-0073,"委员会完成其历史使命。减租退押苍溪县减程退押与清匪","工作同时进行。1950年11月24日县召开农民代表会议,会上先“吐苦水“「,“挥穷根“,提高阶级觉俞;接着学习清匪、反霸、减租、退押政策。会后抽调干部900人组成工作团。县委设总团部,下辖3个分团。蔡宝山任第一分园团长,负责第一、二、三区工作;刘篓青任第二分团团长,负责第四、五区"
xianzhi,A,会议,p-0073,"工作同时进行。1950年11月24日县召开农民代表",",会上先“吐苦水“「,“挥穷根“,提高阶级觉俞;接着学习清匪、反霸、减租、退押政策。会后抽调干部900人组成工作团。县委设总团部,下辖3个分团。蔡宝山任第一分园团长,负责第一、二、三区工作;刘篓青任第二分团团长,负责第四、五区工作;张"
xianzhi,A,会上,p-0073,"时进行。1950年11月24日县召开农民代表会议,","先“吐苦水“「,“挥穷根“,提高阶级觉俞;接着学习清匪、反霸、减租、退押政策。会后抽调干部900人组成工作团。县委设总团部,下辖3个分团。蔡宝山任第一分园团长,负责第一、二、三区工作;刘篓青任第二分团团长,负责第四、五区工作;张"
xianzhi,A,会议,p-0074,"民协会。依靠农民协会以保或数保召开佃农、妇女代表等",",诉阶级苦,交待政策;扩大区干队、农民自卫队组织;废除保甲,建立村组政权。第二步,划分阶级,镇反惩违法,号召匪、特、反革命分子登记自首;地主、富农自报违法情况,自认违法金额,争取作开明人士。第三步,按上级规定,全县共减租黄谷297.2万公斤,退押黄谷323.86万公斤,惩违法黄谷"
xianzhi,A,镇反,p-0074,"队组织;废除保甲,建立村组政权。第二步,划分阶级,","惩违法,号召匪、特、反革命分子登记自首;地主、富农自报违法情况,自认违法金额,争取作开明人士。第三步,按上级规定,全县共减租黄谷297.2万公斤,退押黄谷323.86万公斤,惩违法黄谷40.17万公斤(黄金、白银、生丝未计)。′并捕杀10余名罪大恶极的匪、特、反革命分子。第四步,"
xianzhi,A,匪,p-0074,",建立村组政权。第二步,划分阶级,镇反惩违法,号召","、特、反革命分子登记自首;地主、富农自报违法情况,自认违法金额,争取作开明人士。第三步,按上级规定,全县共减租黄谷297.2万公斤,退押黄谷323.86万公斤,惩违法黄谷40.17万公斤(黄金、白银、生丝未计)。′并捕杀10余名罪大恶极的匪、特、反革命分子。第四步,分配胜利果实,"
xianzhi,A,反革命,p-0074,"组政权。第二步,划分阶级,镇反惩违法,号召匪、特、","分子登记自首;地主、富农自报违法情况,自认违法金额,争取作开明人士。第三步,按上级规定,全县共减租黄谷297.2万公斤,退押黄谷323.86万公斤,惩违法黄谷40.17万公斤(黄金、白银、生丝未计)。′并捕杀10余名罪大恶极的匪、特、反革命分子。第四步,分配胜利果实,开庆功会,布"
xianzhi,A,地主,p-0074,"阶级,镇反惩违法,号召匪、特、反革命分子登记自首;","、富农自报违法情况,自认违法金额,争取作开明人士。第三步,按上级规定,全县共减租黄谷297.2万公斤,退押黄谷323.86万公斤,惩违法黄谷40.17万公斤(黄金、白银、生丝未计)。′并捕杀10余名罪大恶极的匪、特、反革命分子。第四步,分配胜利果实,开庆功会,布置生产。减租、退押"
xianzhi,A,富农,p-0074,"镇反惩违法,号召匪、特、反革命分子登记自首;地主、","自报违法情况,自认违法金额,争取作开明人士。第三步,按上级规定,全县共减租黄谷297.2万公斤,退押黄谷323.86万公斤,惩违法黄谷40.17万公斤(黄金、白银、生丝未计)。′并捕杀10余名罪大恶极的匪、特、反革命分子。第四步,分配胜利果实,开庆功会,布置生产。减租、退押、惩违"
xianzhi,A,减租,p-0074,"法金额,争取作开明人士。第三步,按上级规定,全县共","黄谷297.2万公斤,退押黄谷323.86万公斤,惩违法黄谷40.17万公斤(黄金、白银、生丝未计)。′并捕杀10余名罪大恶极的匪、特、反革命分子。第四步,分配胜利果实,开庆功会,布置生产。减租、退押、惩违法所得胜利果实,以雇农、贫农为主要受益对象。第一区(城郊)共减、退、惩黄谷"
xianzhi,A,退押,p-0074,"三步,按上级规定,全县共减租黄谷297.2万公斤,","黄谷323.86万公斤,惩违法黄谷40.17万公斤(黄金、白银、生丝未计)。′并捕杀10余名罪大恶极的匪、特、反革命分子。第四步,分配胜利果实,开庆功会,布置生产。减租、退押、惩违法所得胜利果实,以雇农、贫农为主要受益对象。第一区(城郊)共减、退、惩黄谷46.16万公斤,受益户3"
xianzhi,A,杀,p-0074,"谷40.17万公斤(黄金、白银、生丝未计)。′并捕","10余名罪大恶极的匪、特、反革命分子。第四步,分配胜利果实,开庆功会,布置生产。减租、退押、惩违法所得胜利果实,以雇农、贫农为主要受益对象。第一区(城郊)共减、退、惩黄谷46.16万公斤,受益户3392户。其中雄农515户,分黄谷7.83万公斤,户平150余公斤;贫农1650户,"
xianzhi,A,罪大恶极,p-0074,"7万公斤(黄金、白银、生丝未计)。′并捕杀10余名","的匪、特、反革命分子。第四步,分配胜利果实,开庆功会,布置生产。减租、退押、惩违法所得胜利果实,以雇农、贫农为主要受益对象。第一区(城郊)共减、退、惩黄谷46.16万公斤,受益户3392户。其中雄农515户,分黄谷7.83万公斤,户平150余公斤;贫农1650户,分黄谷22.98"
xianzhi,A,清匪,p-0074,"507户,分黄谷11.54万公斤,户平70余公斤。","、镇反县人民政权建立初期,匪患频仍,同特务、反动会道门相互勾结、猫獗一时,妄图扼杀新生的人民政权。1950年1月18日县人民政府成立后,布告全县。令所有眈、特织织立即解散、停止一切活动。各级政府建立剿匪委员会、一面发动群众,广泛宣传党的“坦白从宽、抗拒从严“,“首恶必办,胁从不问"
xianzhi,A,特务,p-0074,"余公斤。清匪、镇反县人民政权建立初期,匪患频仍,同","、反动会道门相互勾结、猫獗一时,妄图扼杀新生的人民政权。1950年1月18日县人民政府成立后,布告全县。令所有眈、特织织立即解散、停止一切活动。各级政府建立剿匪委员会、一面发动群众,广泛宣传党的“坦白从宽、抗拒从严“,“首恶必办,胁从不问,立功受奖“政策,县、区政府成立匪、特、反"
xianzhi,A,会道门,p-0074,"匪、镇反县人民政权建立初期,匪患频仍,同特务、反动","相互勾结、猫獗一时,妄图扼杀新生的人民政权。1950年1月18日县人民政府成立后,布告全县。令所有眈、特织织立即解散、停止一切活动。各级政府建立剿匪委员会、一面发动群众,广泛宣传党的“坦白从宽、抗拒从严“,“首恶必办,胁从不问,立功受奖“政策,县、区政府成立匪、特、反动党团会道门"
xianzhi,A,剿匪,p-0074,"所有眈、特织织立即解散、停止一切活动。各级政府建立","委员会、一面发动群众,广泛宣传党的“坦白从宽、抗拒从严“,“首恶必办,胁从不问,立功受奖“政策,县、区政府成立匪、特、反动党团会道门人员自新登记室,号召他们登记自新,给以出路;一面成立吊卫队.协同人民解放军、公安干警对负陕顽抗的武装匪徒合力清剿。1月26日,匪首、川北反共同盟救国"
xianzhi,A,抗拒,p-0074,"剿匪委员会、一面发动群众,广泛宣传党的“坦白从宽、","从严“,“首恶必办,胁从不问,立功受奖“政策,县、区政府成立匪、特、反动党团会道门人员自新登记室,号召他们登记自新,给以出路;一面成立吊卫队.协同人民解放军、公安干警对负陕顽抗的武装匪徒合力清剿。1月26日,匪首、川北反共同盟救国军第二团团长龚方谷,率匪众袭击筹建中的第七区(岳东"
xianzhi,A,首恶,p-0074,"面发动群众,广泛宣传党的“坦白从宽、抗拒从严“,“","必办,胁从不问,立功受奖“政策,县、区政府成立匪、特、反动党团会道门人员自新登记室,号召他们登记自新,给以出路;一面成立吊卫队.协同人民解放军、公安干警对负陕顽抗的武装匪徒合力清剿。1月26日,匪首、川北反共同盟救国军第二团团长龚方谷,率匪众袭击筹建中的第七区(岳东)人民政府,抢"
xianzhi,A,自新,p-0074,"奖“政策,县、区政府成立匪、特、反动党团会道门人员","登记室,号召他们登记自新,给以出路;一面成立吊卫队.协同人民解放军、公安干警对负陕顽抗的武装匪徒合力清剿。1月26日,匪首、川北反共同盟救国军第二团团长龚方谷,率匪众袭击筹建中的第七区(岳东)人民政府,抢走枪支弹药、电话机,劫毁仓库粮食。苍(滓)阅(中)两县县大队同中国人民解放军"
xianzhi,A,公安,p-0074,"记自新,给以出路;一面成立吊卫队.协同人民解放军、","干警对负陕顽抗的武装匪徒合力清剿。1月26日,匪首、川北反共同盟救国军第二团团长龚方谷,率匪众袭击筹建中的第七区(岳东)人民政府,抢走枪支弹药、电话机,劫毁仓库粮食。苍(滓)阅(中)两县县大队同中国人民解放军四十六师五一三团指战员紧密配合,于4月2日在巴中县渔溪天池察将其歼灭,龚"
xianzhi,A,匪首,p-0074,"公安干警对负陕顽抗的武装匪徒合力清剿。1月26日,","、川北反共同盟救国军第二团团长龚方谷,率匪众袭击筹建中的第七区(岳东)人民政府,抢走枪支弹药、电话机,劫毁仓库粮食。苍(滓)阅(中)两县县大队同中国人民解放军四十六师五一三团指战员紧密配合,于4月2日在巴中县渔溪天池察将其歼灭,龚方谷被活捉押至苍溪县城枪决。匪首、西南长官部巴山中"
xianzhi,A,歼灭,p-0074,"团指战员紧密配合,于4月2日在巴中县渔溪天池察将其",",龚方谷被活捉押至苍溪县城枪决。匪首、西南长官部巴山中美技术合作所支队长李坤山率部盘踢九龙山,勾结惯匪苏雕飞及匪首“杨氏五郎“(杨言中、杨厚中、杨明中、杨恪中、杨克中兄弟〉于1950年2月16日夜连劫漓江乡民主村农民3户;19日夜袭击第五区(歧坪)人民政府,抢走印章、枪支,烧毁档"
xianzhi,A,枪决,p-0074,"巴中县渔溪天池察将其歼灭,龚方谷被活捉押至苍溪县城","。匪首、西南长官部巴山中美技术合作所支队长李坤山率部盘踢九龙山,勾结惯匪苏雕飞及匪首“杨氏五郎“(杨言中、杨厚中、杨明中、杨恪中、杨克中兄弟〉于1950年2月16日夜连劫漓江乡民主村农民3户;19日夜袭击第五区(歧坪)人民政府,抢走印章、枪支,烧毁档案材料、杀害民政委员吕洪元,打"
xianzhi,A,杀害,p-0074,"区(歧坪)人民政府,抢走印章、枪支,烧毁档案材料、","民政委员吕洪元,打伤电话员苟家云;3月杀害第四区(三川)区长王先政,绑架征粮工作员2人。县人民政府派解放军五四六团、警卫萍、县大队、县公安队与当地自卫队员司力清剿,至1951年1月全歼茹、杨、李三股武装匪徒、匪首李坤山被当场击毙,匪首苏雄飞、“杨氏五郎“被活捉,依法处以极刑。年底"
xianzhi,A,征粮,p-0074,"话员苟家云;3月杀害第四区(三川)区长王先政,绑架","工作员2人。县人民政府派解放军五四六团、警卫萍、县大队、县公安队与当地自卫队员司力清剿,至1951年1月全歼茹、杨、李三股武装匪徒、匪首李坤山被当场击毙,匪首苏雄飞、“杨氏五郎“被活捉,依法处以极刑。年底,县境大小15股土匪基本肃清,共缴获枪支1500余支(挺)、子弹2590余发"
xianzhi,A,击毙,p-0074,"年1月全歼茹、杨、李三股武装匪徒、匪首李坤山被当场",",匪首苏雄飞、“杨氏五郎“被活捉,依法处以极刑。年底,县境大小15股土匪基本肃清,共缴获枪支1500余支(挺)、子弹2590余发,击毙匪徒20余人,担获土匪骨干100余人,其余匪众或投诚或自新。"
xianzhi,A,极刑,p-0074,"当场击毙,匪首苏雄飞、“杨氏五郎“被活捉,依法处以","。年底,县境大小15股土匪基本肃清,共缴获枪支1500余支(挺)、子弹2590余发,击毙匪徒20余人,担获土匪骨干100余人,其余匪众或投诚或自新。"
xianzhi,A,土匪,p-0074,"氏五郎“被活捉,依法处以极刑。年底,县境大小15股","基本肃清,共缴获枪支1500余支(挺)、子弹2590余发,击毙匪徒20余人,担获土匪骨干100余人,其余匪众或投诚或自新。"
xianzhi,A,清匪,p-0075,"860苍溪县志在","的同时,对死心踏地的反革命分子进行镇压。1950年3月运山乡同善社性真、巴山中美技术合作所特派员肖履臣,伙同河地乡同善社善长、巴山中美技术合作所情报|处处长何仕彦等导演“皇娘案“反革命事件,县公安人员当场揭露其反革命复辟阴谋,受5袋蔽的群众醒悟后自动解散,首犯肖履臣,骨干分子何仕"
xianzhi,A,反革命,p-0075,"860苍溪县志在清匪的同时,对死心踏地的","分子进行镇压。1950年3月运山乡同善社性真、巴山中美技术合作所特派员肖履臣,伙同河地乡同善社善长、巴山中美技术合作所情报|处处长何仕彦等导演“皇娘案“反革命事件,县公安人员当场揭露其反革命复辟阴谋,受5袋蔽的群众醒悟后自动解散,首犯肖履臣,骨干分子何仕彦、何仕新、何仕万被判处死"
xianzhi,A,镇压,p-0075,"0苍溪县志在清匪的同时,对死心踏地的反革命分子进行","。1950年3月运山乡同善社性真、巴山中美技术合作所特派员肖履臣,伙同河地乡同善社善长、巴山中美技术合作所情报|处处长何仕彦等导演“皇娘案“反革命事件,县公安人员当场揭露其反革命复辟阴谋,受5袋蔽的群众醒悟后自动解散,首犯肖履臣,骨干分子何仕彦、何仕新、何仕万被判处死刑.3月同善"
xianzhi,A,公安,p-0075,"所情报|处处长何仕彦等导演“皇娘案“反革命事件,县","人员当场揭露其反革命复辟阴谋,受5袋蔽的群众醒悟后自动解散,首犯肖履臣,骨干分子何仕彦、何仕新、何仕万被判处死刑.3月同善社号首、巴山中美技术合作所总司令蒙恩普与副总司令、东漫乡恶霸吴俊丰、唉马乡巴山中美技术合作所广(广元)、昭(化)、苍(溪)、阅(中)《县指导员王天文等,勾结驻"
xianzhi,A,判处死刑,p-0075,"解散,首犯肖履臣,骨干分子何仕彦、何仕新、何仕万被",".3月同善社号首、巴山中美技术合作所总司令蒙恩普与副总司令、东漫乡恶霸吴俊丰、唉马乡巴山中美技术合作所广(广元)、昭(化)、苍(溪)、阅(中)《县指导员王天文等,勾结驻南江国民党溃军师长丁玉佩组织“子弟兵“,人、枪百余,企图在龙干山建立据点进行武装暴乱,被解放军追击至南江县境歼灭"
xianzhi,A,恶霸,p-0075,"、巴山中美技术合作所总司令蒙恩普与副总司令、东漫乡","吴俊丰、唉马乡巴山中美技术合作所广(广元)、昭(化)、苍(溪)、阅(中)《县指导员王天文等,勾结驻南江国民党溃军师长丁玉佩组织“子弟兵“,人、枪百余,企图在龙干山建立据点进行武装暴乱,被解放军追击至南江县境歼灭。1953年“紫霞坛“司铎范良侯、主讲龙海生等,在苍溪、南江、旺苍、巴"
xianzhi,A,国民党,p-0075,"、苍(溪)、阅(中)《县指导员王天文等,勾结驻南江","溃军师长丁玉佩组织“子弟兵“,人、枪百余,企图在龙干山建立据点进行武装暴乱,被解放军追击至南江县境歼灭。1953年“紫霞坛“司铎范良侯、主讲龙海生等,在苍溪、南江、旺苍、巴中4县的10乡、17村秘密发展道徒1200余人,制造印信、“疏文“〈反动传单)、电报密码,散布谣言,企图颜翔"
xianzhi,A,歼灭,p-0075,"龙干山建立据点进行武装暴乱,被解放军追击至南江县境","。1953年“紫霞坛“司铎范良侯、主讲龙海生等,在苍溪、南江、旺苍、巴中4县的10乡、17村秘密发展道徒1200余人,制造印信、“疏文“〈反动传单)、电报密码,散布谣言,企图颜翔新生人民政权。19541年5月至翌年6月被公安部门破获、依法对道首范良侯、龙海生等进行了制裁。在清匪镇"
xianzhi,A,镇反,p-0075,"破获、依法对道首范良侯、龙海生等进行了制裁。在清匪","中,各级人民政府强化人民政权、建立人民自卫武装,发动群众,站岗放哨,收缴武嘴;对匪、特分子实行监督、管制、限制其行动自由。通过广泛宣传党的“教育为主,打击为辅“政策,凡自新登记者,不咎既往,给以出路;顽抗不化者,按照《惩治反革命条例》从严惩处。对混入人民政权的反革命分子、特务、反"
xianzhi,A,匪,p-0075,"建立人民自卫武装,发动群众,站岗放哨,收缴武嘴;对","、特分子实行监督、管制、限制其行动自由。通过广泛宣传党的“教育为主,打击为辅“政策,凡自新登记者,不咎既往,给以出路;顽抗不化者,按照《惩治反革命条例》从严惩处。对混入人民政权的反革命分子、特务、反动会道门骨于分子,通过各种运动如“三反“、“五反“、“三反鉴定“等,清洗打击。至1"
xianzhi,A,管制,p-0075,"动群众,站岗放哨,收缴武嘴;对匪、特分子实行监督、","、限制其行动自由。通过广泛宣传党的“教育为主,打击为辅“政策,凡自新登记者,不咎既往,给以出路;顽抗不化者,按照《惩治反革命条例》从严惩处。对混入人民政权的反革命分子、特务、反动会道门骨于分子,通过各种运动如“三反“、“五反“、“三反鉴定“等,清洗打击。至19541年县内各种反、"
xianzhi,A,自新,p-0075,"由。通过广泛宣传党的“教育为主,打击为辅“政策,凡","登记者,不咎既往,给以出路;顽抗不化者,按照《惩治反革命条例》从严惩处。对混入人民政权的反革命分子、特务、反动会道门骨于分子,通过各种运动如“三反“、“五反“、“三反鉴定“等,清洗打击。至19541年县内各种反、特、反动会道门组织被取缔。嗣后各级人民政府和机关、企事业单位以及农村"
xianzhi,A,特务,p-0075,"反革命条例》从严惩处。对混入人民政权的反革命分子、","、反动会道门骨于分子,通过各种运动如“三反“、“五反“、“三反鉴定“等,清洗打击。至19541年县内各种反、特、反动会道门组织被取缔。嗣后各级人民政府和机关、企事业单位以及农村基层组织,均成立治安保卫委员会,巩固“镇反“成果。抗美捷朝1951什1月25日县城举行了有3000多名各"
xianzhi,A,会道门,p-0075,"》从严惩处。对混入人民政权的反革命分子、特务、反动","骨于分子,通过各种运动如“三反“、“五反“、“三反鉴定“等,清洗打击。至19541年县内各种反、特、反动会道门组织被取缔。嗣后各级人民政府和机关、企事业单位以及农村基层组织,均成立治安保卫委员会,巩固“镇反“成果。抗美捷朝1951什1月25日县城举行了有3000多名各界人士参加的"
xianzhi,A,反对,p-0075,"城举行了有3000多名各界人士参加的保卫世界和平、","美帝侵略的示威游行。苍溪县于1月16日成立抗美援朝分会,李清碧任主任,蔡达源、牛庆丰任副主任。分会设秘书、宣传、募捐、总务4股。编印《抗美援朝通讯)》、《苍溪小报》;各区办有《捐献通讯》,指导援朝工作。各地利用大、小会议,广播、黑板报、标语、街头演唱、示威游行等形式,揭露美帝侵朝"
xianzhi,A,会议,p-0075,"各区办有《捐献通讯》,指导援朝工作。各地利用大、小",",广播、黑板报、标语、街头演唱、示威游行等形式,揭露美帝侵朝罪行及宣讲抗美援朝,保家卫国重要性;城乡广泛开展“和平签名“运动,并向世界安全理事会写信抗议美帝侵略行径。全县参加和平签名人数达259230余人,写信3650封。9月3日,分会结合抗日胜利六周年纪念日,在县城召开抗美捷朝"
xianzhi,A,大会,p-0075,",分会结合抗日胜利六周年纪念日,在县城召开抗美捷朝",",响应县各界人民代表会议发出的捐献15亿人民币购买“苍漫号战斗机“一架支摒中国人民志愿军的号召。会后抽调干部16人,组织8个工作队到各区协助募捐工作。至10月25日止,全县捐献现金及黄金、白银、实物等折人民币16.83亿元,超额完成任务。截至1953年底,苍溪人民共送出自己的优秀"
xianzhi,A,土地改革,p-0076,"大事记“61。了生命。","1951年1月7日,县委、县人民政府组织85名干部(编为4个分队、12个小组)到歧坪乡开展实验土地改革。10月,川北行政区土地改革(以下简称“土改“)工作团,由胡健率领来苍滦(工作团总部设县委)指导苍溪、旺苍两县及昭化县一个区的土改工作。10月24日总部召集土改工作人员1200余"
xianzhi,A,土改,p-0076,"验土地改革。10月,川北行政区土地改革(以下简称“","“)工作团,由胡健率领来苍滦(工作团总部设县委)指导苍溪、旺苍两县及昭化县一个区的土改工作。10月24日总部召集土改工作人员1200余人,以半月时间学习政策、建立组织、讨论工作方法。总部下设五个分团部,一分团部设县城,刘篓青任团长,分管城郊、东青区土改工作;二分团部设三川,彭长登"
xianzhi,A,团总,p-0076,"(以下简称“土改“)工作团,由胡健率领来苍滦(工作","部设县委)指导苍溪、旺苍两县及昭化县一个区的土改工作。10月24日总部召集土改工作人员1200余人,以半月时间学习政策、建立组织、讨论工作方法。总部下设五个分团部,一分团部设县城,刘篓青任团长,分管城郊、东青区土改工作;二分团部设三川,彭长登任团长,分管五龙、三川区土改工作;三分"
xianzhi,A,富农,p-0076,"束。历时5个多月。遨照“依靠贫雄农,团结中农,中立",",打击消灭地主阶级“的土改工作路线,整个工作分五步进行:第一步(11月11日一12月5日)宣传政策,访贫问苦,培养骨干,整顿农民协会、乡村政权、自卫武装组织;第二步(12月6日一12月20日)掌握生产资料占有情况,划分阶级成分。全县划出地主3292户、富农1913户、半地主式富农"
xianzhi,A,地主,p-0076,"月。遨照“依靠贫雄农,团结中农,中立富农,打击消灭","阶级“的土改工作路线,整个工作分五步进行:第一步(11月11日一12月5日)宣传政策,访贫问苦,培养骨干,整顿农民协会、乡村政权、自卫武装组织;第二步(12月6日一12月20日)掌握生产资料占有情况,划分阶级成分。全县划出地主3292户、富农1913户、半地主式富农778户、小土"
xianzhi,A,地主兼,p-0076,"户、小土地出租者1043户、小土地经营者534户、","工商业754户、工商业兼地主22户、工商业者170户、中农25016户、贫农34896户、鹿农2892户、小手工业160户、小商贩649户、其他116户。第三步(12月21日一1952年1月10日)惩处违法结合镇压反革命。全县违法地主981户,赔偿违法款108亿元,对民愤极大、敌"
xianzhi,A,镇压反革命,p-0076,"(12月21日一1952年1月10日)惩处违法结合","。全县违法地主981户,赔偿违法款108亿元,对民愤极大、敌对顽抗的地主阶级分子及反革命分子,根据“杀、关、管、放“政策,依法处理。第四步(1月11日一20日)进行征收、没收,全县共征、没收土地4148735.5背,约12万亩;粮食8502石,每石约350公斤,共约298万公斤;"
xianzhi,A,反革命,p-0076,"款108亿元,对民愤极大、敌对顽抗的地主阶级分子及","分子,根据“杀、关、管、放“政策,依法处理。第四步(1月11日一20日)进行征收、没收,全县共征、没收土地4148735.5背,约12万亩;粮食8502石,每石约350公斤,共约298万公斤;耕牛3716.5头,大型农具16980件;家具226925件,瓦房31308间,草房15"
xianzhi,A,杀,p-0076,"愤极大、敌对顽抗的地主阶级分子及反革命分子,根据“","、关、管、放“政策,依法处理。第四步(1月11日一20日)进行征收、没收,全县共征、没收土地4148735.5背,约12万亩;粮食8502石,每石约350公斤,共约298万公斤;耕牛3716.5头,大型农具16980件;家具226925件,瓦房31308间,草房15575间,还有"
xianzhi,A,依法处理,p-0076,"阶级分子及反革命分子,根据“杀、关、管、放“政策,","。第四步(1月11日一20日)进行征收、没收,全县共征、没收土地4148735.5背,约12万亩;粮食8502石,每石约350公斤,共约298万公斤;耕牛3716.5头,大型农具16980件;家具226925件,瓦房31308间,草房15575间,还有金银首饰衣物等。第五步(1月"
xianzhi,X,543,p-0076,"白庙、东溪、龙山、元坝八乡为基点乡。村设工作组,共","个工作组,其中有205个基点组。总部、分部设巡视组,队设巡视员,巡回检查工作进展情况。土改工作自11月7日开始,至次年4月15日结束。历时5个多月。遨照“依靠贫雄农,团结中农,中立富农,打击消灭地主阶级“的土改工作路线,整个工作分五步进行:第一步(11月11日一12月5日)宣传政"
xianzhi,A,复查,p-0077,"衣物等缺多多分,缺少少分,不缺不分.分配结束后进行",",补潘。最后发给《土地证书》。从此每个农民均有土地等生产资料和生产资金。“三反““五反“【1952年1月苍漫县结合土地改革工作,在机关工作人员中开展“反贪污、反浪费、反官僚主义“的三反运动。全县机关工作人员749人(包括土改工作人员),参加运动710人。采取人人“下水“步步深入,"
xianzhi,A,土地改革,p-0077,"产资金。“三反““五反“【1952年1月苍漫县结合","工作,在机关工作人员中开展“反贪污、反浪费、反官僚主义“的三反运动。全县机关工作人员749人(包括土改工作人员),参加运动710人。采取人人“下水“步步深入,普道“洗澡“办法,同资产阶级腐蚀行为斗争、并两次掀起“打虎“高潮,反出贪污分子425人,收缴贪污黄金7211两、银圆175"
xianzhi,A,土改,p-0077,"僚主义“的三反运动。全县机关工作人员749人(包括","工作人员),参加运动710人。采取人人“下水“步步深入,普道“洗澡“办法,同资产阶级腐蚀行为斗争、并两次掀起“打虎“高潮,反出贪污分子425人,收缴贪污黄金7211两、银圆17585元、大烟11917两、粮食24.77万公斤,加上其它实物折合人民币共3.14亿元.其中贪污百万元以"
xianzhi,A,斗争,p-0077,"水“步步深入,普道“洗澡“办法,同资产阶级腐蚀行为","、并两次掀起“打虎“高潮,反出贪污分子425人,收缴贪污黄金7211两、银圆17585元、大烟11917两、粮食24.77万公斤,加上其它实物折合人民币共3.14亿元.其中贪污百万元以下319人,千万元以下的63人,千万元以上的43人。对贪污额大、颐固自守的23只“老虎“,组织“"
xianzhi,A,人民法庭,p-0077,"的23只“老虎“,组织“打虎队“追赃。“三反“机关",",根据认罪和退赔情况分别处置。对355名情节较轻者免予处分;对70名情节较重的,给予警告处分的10人、记过处分的35人、降职的7人、撒职的5人、开除公职的11人、判刑2人。运动于6月中旬结束。在开展“三反“运动的同时,于3月初在全县工商业、小商贩、小手工业者中开展“反偷税漏税、反"
xianzhi,A,判刑,p-0077,"35人、降职的7人、撒职的5人、开除公职的11人、","2人。运动于6月中旬结束。在开展“三反“运动的同时,于3月初在全县工商业、小商贩、小手工业者中开展“反偷税漏税、反行贿、反盗窃国家资材、反偷工减料、反盗窃国家经济情报“的五反斗争。在接到川北区党委关于暂停“五反“运动指示后,苍溪县为了尽快收尾,于4月17日至28日将“五反“对象集"
xianzhi,A,土改,p-0078,"大事记.63.求全县","工作人员结合土改善后工作,协助农民办好互助组.4月苍溪县第一个互助组一一严文贵互助组在城郊乡建立。6月20日县政府召开互助组长及劳动模范会议,评选出胡宗义、李淑贞等11个模范互助组。10月县召开第二次互助组劳模会议,县委提出《巩固提高互助组,发展合作社的意见》,并拟订了《工作方案"
xianzhi,A,会议,p-0078,"城郊乡建立。6月20日县政府召开互助组长及劳动模范",",评选出胡宗义、李淑贞等11个模范互助组。10月县召开第二次互助组劳模会议,县委提出《巩固提高互助组,发展合作社的意见》,并拟订了《工作方案》。是年底县委、县政府将严文贵互助组试办为苍溪县第一个半“会主义性质的初级农业生产合作社一民主社,对入社农户实行土地分红。是时,全县互助组增"
xianzhi,X,训练,p-0078,"经济骏点.3月县委开办有400余人参加的互助组骨干","班.年底常年性互助组增到910个,季节性5934个,并增办民力、群力两个初级农业生产合作社。1954年3月县委开办互助组长与建党训练班,结合建立农村党组织,总结互助合作优越性,认识“单干不如互助组,互助组不如合作社“的道理,是年办起39个初级农业生产合作社;有常年性互助组2214"
xianzhi,A,处理,p-0079,"“,“不究历史政治,不追帐外资金“,认真执行“从宽",",尽快了结“方针。年底私营商业,包括饮食服务业,加入各种公私合营企业的227户,从业347人,其中实行定息的33户;入合作商店365户,从业495人;入合作小组1333户,从业1626人,已改造的户数、人数均达95%以上。个体手工业者组织生产合作社25个,从业922人;供销生产社"
xianzhi,A,大会,p-0079,"和办公室。8月31日,县委召开县级机关干部整风动员",",到会干部742人,其中党员239人、团员243人、群众260人;县级干部15人、科局干部42人、一般干部685人。接着以系统或单位划分小组开展整风。随后整风运动在区、乡干部中展开,参加整风学习的干部492人,其中党员258人、团员127人、群众107人;行政干部419人、财经干"
xianzhi,A,会议,p-0079,"开以整风运动为主要内容的县、区、乡、村四级扩大干部",",到会750人,其中党员6416人、团员57人、群众47人;区干部16人、乡干部128人、村党支书记512人、治保主任94人。1958年!月1日至2月15日,又集中全县小学(包括民办小学)、幼儿园(包括民办幼儿园)教职工和未参加南充地区“整风反右“运动的部分中学教职工在县城开展整"
xianzhi,A,发言,p-0079,"敞开思想,畅所欲言,以大字报、小字报、大会和、小会","、设意见箱、办墙报等形式给党的领导和组织提出各方面的批评意见和建议,帮助党整风,仅参加四级扩大干部会议人员就提出各种批评意见和建议3095条,第二阶段〉继续鸢放、争辩,反击右派进攻。在深入大鸣大放的基础上,以大组或小组为单位对"
xianzhi,A,争辩,p-0079,"各种批评意见和建议3095条,第二阶段〉继续鸢放、",",反击右派进攻。在深入大鸣大放的基础上,以大组或小组为单位对"
xianzhi,A,争辩,p-0080,"系“、“民主与集中“、“个人与集体“等主要问题开展","。而后组织学习中央《关于组织力量反击右派分子进攻的指示》。在此基础上采取大会、小会、大字报、大辩论等形式转入反击右派分子和反社会主义分子的进攻。特别是对重点对象进行批判和斗争。第三阶段整改。各单位整改小组将鸣放意见汇集,分类排队,而后对党组织进行怡想、作风和组织整顿。思想和作风整"
xianzhi,A,大会,p-0080,"于组织力量反击右派分子进攻的指示》。在此基础上采取","、小会、大字报、大辩论等形式转入反击右派分子和反社会主义分子的进攻。特别是对重点对象进行批判和斗争。第三阶段整改。各单位整改小组将鸣放意见汇集,分类排队,而后对党组织进行怡想、作风和组织整顿。思想和作风整顿以反对官僚主义、宗派主义和主观主义为主。在此基础上制定整改方案,建立规章制"
xianzhi,A,斗争,p-0080,"和反社会主义分子的进攻。特别是对重点对象进行批判和","。第三阶段整改。各单位整改小组将鸣放意见汇集,分类排队,而后对党组织进行怡想、作风和组织整顿。思想和作风整顿以反对官僚主义、宗派主义和主观主义为主。在此基础上制定整改方案,建立规章制度。第四阶段,每个干部写出自我总结,小组进行鉴定,整风领导小组结论后装入千部档案。在运动中有214"
xianzhi,A,反对,p-0080,"对党组织进行怡想、作风和组织整顿。思想和作风整顿以","官僚主义、宗派主义和主观主义为主。在此基础上制定整改方案,建立规章制度。第四阶段,每个干部写出自我总结,小组进行鉴定,整风领导小组结论后装入千部档案。在运动中有214人被划为“右派分子“,运动后期分别给予党纪、政纪处分,并监督劳动。从1957年10月中旬起,整风和社会主义教育运动"
xianzhi,A,破坏,p-0080,"。在鸣放、争辩、批斗(包括打击地、富、反、坏分子的","活动)和整改过程中,重点围绕“是社会主义还是资本主义两条道路“、“合作化“》、“统购统销“等问题反复辩论,提高认识,坚持走社会主义道路.运动后期,在生产队长以上干部和企业职工中划出“反社会主义分子“1000余人,运动中发生反右派斗争扩大化错误,误伤了一批干部、职工和群众,使他们长"
xianzhi,X,训练,p-0081,"社会主义教育运动(简称“社教“)试点。10月抽调并","社教工作队队员800多人组成工作团、队,10月8日分赴东青、城郊两个区、12个公社、125个大队、815个生产队开展社教,即开展以“清理帐目、清理仓库、清理财务、清理工分“为主要内容的“小四清“。运动中“重新组织以贫下中农为主体的革命阶级队伍“,依靠基层组织和基层干部,发动群众,"
xianzhi,A,斗争,p-0082,"8月结柱。整个运动主要以学习文件,发动群众,揭阶级","盖子,干部“洗澡下楼“,批判资本主义,批斗“有现行破坏活动的阶级敌人“和组织整顿以及建立健全各项规章制度的程序进行,但始终“以阶级斗争为纲“。9月,中共南充地委抽调苍溪数百名干部和农村青年积极分子,先后去南充县、岳池县搞社教(1966年底撒回苍溪)。10月,县城机关开展社教运动,"
xianzhi,A,破坏,p-0082,"盖子,干部“洗澡下楼“,批判资本主义,批斗“有现行","活动的阶级敌人“和组织整顿以及建立健全各项规章制度的程序进行,但始终“以阶级斗争为纲“。9月,中共南充地委抽调苍溪数百名干部和农村青年积极分子,先后去南充县、岳池县搞社教(1966年底撒回苍溪)。10月,县城机关开展社教运动,11月15日至12月初,县委召开县、区、公社三级扩大干"
xianzhi,A,会议,p-0082,"15日至12月初,县委召开县、区、公社三级扩大干部",",会议的主要议程是整顿县委常委、县区科(局)级领导班子(包括公司正副经理)。会上揭露了领导干部中“四不清“问题,并对重点对象进行了批判斗争。中共中央关于《农村社会主义教育运动中目前提出的一些问题》(即《二十三条》)公布后,1965年1月24日至28日,中共苍溪县委派工作组先后在东"
xianzhi,A,会上,p-0082,"常委、县区科(局)级领导班子(包括公司正副经理)。","揭露了领导干部中“四不清“问题,并对重点对象进行了批判斗争。中共中央关于《农村社会主义教育运动中目前提出的一些问题》(即《二十三条》)公布后,1965年1月24日至28日,中共苍溪县委派工作组先后在东青、城郊、三川、五龙、元坝、歧坪、龙山、文昌、东溟9区召开群众大会,共到会576"
xianzhi,A,群众大会,p-0082,"、三川、五龙、元坝、歧坪、龙山、文昌、东溟9区召开",",共到会57616人,原原本本宣读了《二十三条》和播放省委书记李井泉讲话录音。1966年10月17日,南充地区第五期社教运动在苍溪开展.中共苍溪县委首先派出先遣队到城郊、东青、五龙、三川、元坝5个区、43个公社、365个大队、2147个生产队走村串户、走访十部和社员,进行大量的调"
xianzhi,A,大会,p-0083,"所谓“走资本主义道路当权派“(以下简称“走资派“〉",",会上“1226“以“工农兵司令部“是“舍车马保主帅“为由,造丁大会的反,从此形成观点对立的两大派。“四大“(大鸣、大放、大字报、大辩论)全面展开,并逐步向农村波及。在“上海“一月风暴“影响下,“红卫兵“夺了各级县机关、企事业单位的党、政、财、文大权,大小领导干部靠边站,各条战线"
xianzhi,A,会上,p-0083,"走资本主义道路当权派“(以下简称“走资派“〉大会,","“1226“以“工农兵司令部“是“舍车马保主帅“为由,造丁大会的反,从此形成观点对立的两大派。“四大“(大鸣、大放、大字报、大辩论)全面展开,并逐步向农村波及。在“上海“一月风暴“影响下,“红卫兵“夺了各级县机关、企事业单位的党、政、财、文大权,大小领导干部靠边站,各条战线、各个"
xianzhi,A,斗争,p-0083,"两派的下鹄组织“造反团“、“战斗队“数以千计,派性","日赴激烈。他们都在“保卫党中央“、“保卫毛主席“、“革命无罪,造反有理“的口号下,在打倒禁人、保棠人等问题上发生严重分歧,辩论和互相用大字报攻击不休。在激烈的派性斗争中,少数坏头头煽动不明真相的群众搞打、础、抢、抄、抓,社会秩序极度混乱。从3月6日起县公安部门奉命抓捕30名干部和"
xianzhi,A,煽动,p-0083,"相用大字报攻击不休。在激烈的派性斗争中,少数坏头头","不明真相的群众搞打、础、抢、抄、抓,社会秩序极度混乱。从3月6日起县公安部门奉命抓捕30名干部和群众、同月12日成立以军队干部为主的“苍溪县生产委员会“指挥全县经济工作。1月23日至27日县城部分“红卫兵“到县公安局“静坐示威“,开展“绝食斗争“,要求释放被抓捕人员,并予平反。同"
xianzhi,A,公安,p-0083,"、础、抢、抄、抓,社会秩序极度混乱。从3月6日起县","部门奉命抓捕30名干部和群众、同月12日成立以军队干部为主的“苍溪县生产委员会“指挥全县经济工作。1月23日至27日县城部分“红卫兵“到县公安局“静坐示威“,开展“绝食斗争“,要求释放被抓捕人员,并予平反。同时冲击县人民武装部。5月24日,县人民武装部在县城召开群众大会传达《中共"
xianzhi,A,平反,p-0083,"示威“,开展“绝食斗争“,要求释放被抓捕人员,并予","。同时冲击县人民武装部。5月24日,县人民武装部在县城召开群众大会传达《中共中央关于处理四川问题的决议》,并为在“三月镇反“中被抓捕的干部和群众平反、道歉。当天部分“红卫兵“冲击县人民武装部,打伤解放军5人、群众33人。5月29日,县人民武装部召开有3000人参加的“军民团结大会"
xianzhi,A,群众大会,p-0083,"击县人民武装部。5月24日,县人民武装部在县城召开","传达《中共中央关于处理四川问题的决议》,并为在“三月镇反“中被抓捕的干部和群众平反、道歉。当天部分“红卫兵“冲击县人民武装部,打伤解放军5人、群众33人。5月29日,县人民武装部召开有3000人参加的“军民团结大会“,声明“坚决支持苍溪县革命造反派和革命师生的一切革命行动“,实为"
xianzhi,A,处理,p-0083,",县人民武装部在县城召开群众大会传达《中共中央关于","四川问题的决议》,并为在“三月镇反“中被抓捕的干部和群众平反、道歉。当天部分“红卫兵“冲击县人民武装部,打伤解放军5人、群众33人。5月29日,县人民武装部召开有3000人参加的“军民团结大会“,声明“坚决支持苍溪县革命造反派和革命师生的一切革命行动“,实为一派的群众参加会议,后"
xianzhi,A,镇反,p-0083,"达《中共中央关于处理四川问题的决议》,并为在“三月","“中被抓捕的干部和群众平反、道歉。当天部分“红卫兵“冲击县人民武装部,打伤解放军5人、群众33人。5月29日,县人民武装部召开有3000人参加的“军民团结大会“,声明“坚决支持苍溪县革命造反派和革命师生的一切革命行动“,实为一派的群众参加会议,后两派更加对立,由围攻辩论,唾骂推拉"
xianzhi,A,民团,p-0083,"5月29日,县人民武装部召开有3000人参加的“军","结大会“,声明“坚决支持苍溪县革命造反派和革命师生的一切革命行动“,实为一派的群众参加会议,后两派更加对立,由围攻辩论,唾骂推拉,发展为拳脚相加,进而使用武器。8月17日、29日,永宁公社、苍滓磷肥厂发生两派武斗,打死3人,打伤40余人。是月,县人民武装部对县电信局、气象站实行军"
xianzhi,A,会议,p-0083,"反派和革命师生的一切革命行动“,实为一派的群众参加",",后两派更加对立,由围攻辩论,唾骂推拉,发展为拳脚相加,进而使用武器。8月17日、29日,永宁公社、苍滓磷肥厂发生两派武斗,打死3人,打伤40余人。是月,县人民武装部对县电信局、气象站实行军管。10月,县内部分农村小学“复课闹革命“。11月,苍溪传达毛泽东关于大联合的谈话,但两派"
xianzhi,A,打死,p-0083,"17日、29日,永宁公社、苍滓磷肥厂发生两派武斗,","3人,打伤40余人。是月,县人民武装部对县电信局、气象站实行军管。10月,县内部分农村小学“复课闹革命“。11月,苍溪传达毛泽东关于大联合的谈话,但两派未能实现大联合。由于江青鼓吹“文攻武卫“,1968年3月10日,县城派性组织的部分成员在中江一派组织少数成员的配合下抢劫了苍溪县"
xianzhi,A,死亡,p-0083,"东滦、新观、鞍子等地发生大规模武斗事件。在武斗中共","10余"
xianzhi,X,学习班,p-0083,"代表10人及地方干部、人武部干部8人进北京参加中央","四川班学习。后部分派性组织成员还同当地派性组织部分成员一道抢绵阳、广汉、青川、阳平关、剑阁、广元等地军事单位的枪械,苍溪武斗升级。5月5日至9月下旬白桥、享子、两河电站、马桑、桥溪、东滦、新观、鞍子等地发生大规模武斗事件。在武斗中共死亡10余"
xianzhi,A,斗争,p-0084,"教师被打成“九种人“和有“严重问题“的人,受到批判","。1970年1月又集中全县小学教师“清理阶级队伍“,掀斗教职工400多人,占小学教职工总数的30%以上。同时全县开展“三反“运动,5月开展“一批两清“(批极“左“思愚,清查“三老会“、“五。一六“份子)。7月建立中共苍溪县革委核心领导小组,各基层党委相继建立。11月至翌年6月,全"
xianzhi,A,会议,p-0084,"核心小组、县革委召开“批陈(陈伯达)整风“扩大干部",",历时19天,学习毛泽东关于《我的一点意见》。8月30日至9月5日,中共苍溪县第三次代表大会在县城召开,选举产生中共苍滦县第三届委员会,同时撒销原中共苍溪县革委核心小组。10月17日,召开全县有1500余名党员干部参加的揭发批判林虔反革命罪行大会,历时6天,揭发批判林彪叛党叛国罪"
xianzhi,A,大会,p-0084,"意见》。8月30日至9月5日,中共苍溪县第三次代表","在县城召开,选举产生中共苍滦县第三届委员会,同时撒销原中共苍溪县革委核心小组。10月17日,召开全县有1500余名党员干部参加的揭发批判林虔反革命罪行大会,历时6天,揭发批判林彪叛党叛国罪行。会后机关、厂矿、学校、农村通过各种会议剥画皮,驳谬论,揭本质,批罪行,联系实际肃清流河,"
xianzhi,A,反革命,p-0084,",召开全县有1500余名党员干部参加的揭发批判林虔","罪行大会,历时6天,揭发批判林彪叛党叛国罪行。会后机关、厂矿、学校、农村通过各种会议剥画皮,驳谬论,揭本质,批罪行,联系实际肃清流河,1970一1971年全县开展“一打三反“(打击现刑反革命破环活动,反贪污盗窃、投机倒把、铺张浪费活动。共清出贪污盗窃投机倒把现金140多万元、粮食"
xianzhi,X,学习班,p-0084,"场、黄泥嘴蚕种场、苍中校、县委党校参加“斗私批修“","学习和“清理阶级队伍“,历时一年。11月,集中全县中学教师“清理阶级队伍“,有305%以上的中学教师被打成“九种人“和有“严重问题“的人,受到批判斗争。1970年1月又集中全县小学教师“清理阶级队伍“,掀斗教职工400多人,占小学教职工总数的30%以上。同时全县开展“三反“运动,"
xianzhi,A,群众大会,p-0085,"批孔的规划》2月4日,在县城召开1000多人参加的","。会后在全县开展群众性的“批林批孔“活动。3月,县委农村工作团在歧坪、文昌、龙山区开展基本路线教育。5月,按照毛泽东“工人阶级必须领导一切“的指示,工宣队进驻学校搞“斗、批、改“。10月至1978年3月,县委农村工作团还先后在东溟、元坝、歧坪(第二次)、三川、东青区开展党的基本路"
xianzhi,A,斗争,p-0085,"“(课堂教育、书本知识、教师),强调上好阶级、生产","课。1976年3月24日开始对“文化大革命“中武斗致死和非法残害不同观点群众的案件进行复查。同月各单位相继开展“批邓反击右倾翻案风“,并追查所谓“政治诫言“,使全县再度陷入混乱。10月21日县委、县革委组织县城军民收听中央人民广播电台一举粉碎王、张、江、姚“四人帮“的新闻,开庆祝"
xianzhi,A,复查,p-0085,"大革命“中武斗致死和非法残害不同观点群众的案件进行","。同月各单位相继开展“批邓反击右倾翻案风“,并追查所谓“政治诫言“,使全县再度陷入混乱。10月21日县委、县革委组织县城军民收听中央人民广播电台一举粉碎王、张、江、姚“四人帮“的新闻,开庆祝大会,并敲锣打鼓上街游行,宣告长达10年之久的“文化大革命“结柬。落实政策1961一196"
xianzhi,A,大会,p-0085,"电台一举粉碎王、张、江、姚“四人帮“的新闻,开庆祝",",并敲锣打鼓上街游行,宣告长达10年之久的“文化大革命“结柬。落实政策1961一1962年苍溪县在贯彻《中共中央十二条紧急指示信》时,对1959年反右倾以来受处分的各级干部(包括农村基层干部)进行甄别,其中对处理有错的3000多人作了纠正;同时对1957年整风反右中被划为“右派分"
xianzhi,A,处理,p-0085,"处分的各级干部(包括农村基层干部)进行甄别,其中对","有错的3000多人作了纠正;同时对1957年整风反右中被划为“右派分子“的绝大多数摘掉了“帽子“。1978年5月中共苍溪县委成立落实政策办公室,陆续对“文化大革命“中立案审查的700多名干部作了实事求是的结论。从1979年起,按照党和国家在新时期的有关政策精神,有关部、委、室、局"
xianzhi,A,平反,p-0085,"59年反“右倾“时被错误批判和处理的500多名干部",",其中.100多名党员恢复党籍;对历年审干中定性、处理有偏差的700多人作了纠正,其中全错全纠的600余人、部分错部分纠的100多人;对在“反右倾“、“四清“等运动中被错误批判、处理的800多名农村基层干部也全部作了纠正。落实干部政策,包括撒销处分、恢复名誉、恢复公职、销毁材料和"
xianzhi,A,反革命,p-0085,"红军干部、战土、苏维埃干部和人民群众中被错误扣上“","“、、“异己分子“和“通反“等罪名道杀害的1100多人,全部平反昭雪,发放扳饯费,对遗属给予生活补助。五是对革命战争时期统一战线中的几位老朋友被错杀、错判、错管的全部恢复名誉,发给家属抚饯费和基本生"
xianzhi,A,杀害,p-0085,"误扣上“反革命“、、“异己分子“和“通反“等罪名道","的1100多人,全部平反昭雪,发放扳饯费,对遗属给予生活补助。五是对革命战争时期统一战线中的几位老朋友被错杀、错判、错管的全部恢复名誉,发给家属抚饯费和基本生"
xianzhi,A,杀,p-0085,"补助。五是对革命战争时期统一战线中的几位老朋友被错","、错判、错管的全部恢复名誉,发给家属抚饯费和基本生"
xianzhi,X,审查,p-0085,"县委成立落实政策办公室,陆续对“文化大革命“中立案","的700多名干部作了实事求是的结论。从1979年起,按照党和国家在新时期的有关政策精神,有关部、委、室、局也先后抽调人员,组织专门班子,开展“落实政策“的工作。一是对解放后被处理错了的干部作了纠正,其中改正了1957年反右斗争中被错划为“右派分子“的200多人;对1959年反“右"
xianzhi,A,国民党,p-0086,"发了财物,被扣减工资的50余人补发丁工资。六是对原","起义、投诚的491人作了普查,颁发了证书,对其中曾被错误处理的40人全部孙以改正,曾有工作的作退休安置,生活有困难的给于经济补助。七是对台属、港骗、侨属中曾受到不公正对待的得到纠正。八是对宗教人员、宗教财产按国家有关政策作了落实。九是1985年对未经法定手续被戴上地、富分子帽子的"
xianzhi,A,处理,p-0086,"投诚的491人作了普查,颁发了证书,对其中曾被错误","的40人全部孙以改正,曾有工作的作退休安置,生活有困难的给于经济补助。七是对台属、港骗、侨属中曾受到不公正对待的得到纠正。八是对宗教人员、宗教财产按国家有关政策作了落实。九是1985年对未经法定手续被戴上地、富分子帽子的400多人改了错.十显宣布原工商业者已改造成为劳动者,把.原"
xianzhi,A,大会,p-0086,")生产责任制。10月县委召开农村党支部书记以上干部",",历时16天,深入开展“实践是检验真理的唯一标准“的讨论,解放思想,大胆探索。年底县委又召开三级扩大干部会,贯彻中共四川省委(1979)100号文件精神,并介绍岳东公社五星、光荣两个大"
xianzhi,A,会议,p-0087,"。1981年2月,县委召开县、区、公社三级扩大干部",",提出进一步解放思想,改进和完善农业生产质任制;3月,又召开区、社党委书记会议贯彻中央和省委关于农村经济体制改革精神,根据苍溪社队不同情况,建立健全各种形式的生产责任制,秋天,全县5003个生产队中,实行包干到户的2220个、包产到户的750个、联产到劳的-1752个、包产到组和"
xianzhi,A,处理,p-0087,"土地还家「“。“社员承包责任地只有种植权,没有任何","权或种植以外的使用权“。“包产地搞得不好的,生产队有权收回“,制止了混乱现象。1982年春全县普遍推行并完善以户若为主的联产承包责任制(包干到户),将过去口度统一和集中的农业生产经营管理体制变为与社员“责“》、“权“、“利“相结合的经营管理体制。农业生产责任制建立后,部分社员怕政"
xianzhi,A,大会,p-0089,"规划(1989一1991)},苍漫县第十届人民代表","第三次会议审议通过了这个规划.县精神文明建设委员会办公室总结1983年以籼全县军民、警民共建文明村的经验.次年10月广元市在苍溪县召开共建文明村经验交流现场会、中共广元市委、市人民政府肯定了苍溪共建工作所取得的成绩。1990年苍滦县参加广元市第二届文明城市竞赛活动,再次荣获全市总"
xianzhi,A,会议,p-0089,"89一1991)},苍漫县第十届人民代表大会第三次","审议通过了这个规划.县精神文明建设委员会办公室总结1983年以籼全县军民、警民共建文明村的经验.次年10月广元市在苍溪县召开共建文明村经验交流现场会、中共广元市委、市人民政府肯定了苍溪共建工作所取得的成绩。1990年苍滦县参加广元市第二届文明城市竞赛活动,再次荣获全市总分第一名。"
xianzhi,A,大会,p-0092,"十九日)在文昌宫(今文昌区供销社处)召开工农兵代表",",选举产生苍溪县苏维埃政府。原隶长赤县苏维埃的白店、龙山、文昌、石马区改隶苍溪县苏维埃。1934年9月苍溪县苏维埃由文昌宫迁巴中县境,后又迁今阅中县老观场,1935年3月初由老观场迁今苍漫县城。5月,红军全部撒离苍溪后,防区县政府重返县城。民国24年(1935)夏,“川政统一“。"
xianzhi,A,监狱,p-0099,"“文化大革命“中巳毁)。老者说,青山观还有县衔门和",";西南三里处有接官亭,东南三里处有钦差垭和“德洽民心“石碑。此外,还有官茅厕、棺水岩(乱营坟)及古井9口。上述种种,证明非一般场镇所有,实为汉昌县治地。1985年苍溟县政协副主席李蕴璞将考证情况写信给蒲孝荣,蒲赞同汉昌县治地应是青山观,并于1986年3月由四川人民出版社正式出版《"
xianzhi,A,联保,p-0100,"现川政统一。县以下设区分保,全县划为5个区,36个",",203保.25年夏,改5个区为3个区,改36个联保为东北、西南、"
xianzhi,A,联保,p-0101,"。民国28年8月《四川省保甲概况》:,“苍溪区3,","(乡)30,保208,甲3045“。29年将30乡并为城暗、东青、玉树、五峰、伏回、三川、五龙、龙王、元中、歧白、东石、岳滑、高黄、文运、龙彭15乡,辖288保,、3153甲。34年,为集中权力,撒销区,改设指导员.将城厢乡改为城厢镇。36年,国民政府为缓和政局,增划乡保。恢复三"
xianzhi,A,村民,p-0102,",全县为9区、1区级镇、61乡、3乡级镇、739个","委员会、12个居民委员会、4889个村民组、70个居民组。|第二节区(镇)“乡(镇)陵江镇|陵江镇驻地嘉陵路下段.因嘉陵江由西至东绕镇而过,故名,唐为文安乡归何里、元、明、清为桂花乡。清末至民国22年(1933)隶属城区,1934年红四方面军在金垭子建乡苏维捉。民国24年6月分属"
xianzhi,A,联保,p-0102,"面军在金垭子建乡苏维捉。民国24年6月分属东北乡(",")、西南乡(联保),尔后属城厢镇。1951年建"
xianzhi,A,镇压,p-0103,"里处的嘉腔江西岸。驻地孙家仑。因其地有五百年前建的","“独角水兽“的镇水寺,故名。1935年红四方面军在赵家山建立乡苏维埃。1935年5月后属城厢镇。1951年成立镇水乡。1958年改为镇水人民公社。1984年复名镇水乡。全乡面积32.91平方公里,辖解放、百利、金花、嘉陵、镇江、高城、洪梁、群辉、杜里、金斗、古梁11村。五里乡位于"
xianzhi,A,联保,p-0103,"军在五里场建立乡苏维埃。1935年5月后属五里乡(","〉当时五里场西半街及任家沟为阅中县属地。1951年建政时将属阆中的部分地域划入芯溪,同时将五峰乡的插花、三清、蚕丝三村和城厢镇的八字、古梁两村划出,成立五里乡。1958年改为五里人民公社。1984年复名五里乡,全乡面积31.13平方公里,辖紫练、柏树、皇观、石家坝、紫云、张王、插"
xianzhi,A,联保,p-0104,"军在回水场建立乡苏维埃。1935年5月后属回水乡(",")。1951年成立回水乡。1958年改为回水人民公社。1984年复名回水乡。全乡面积21.76平方公野,辖红旗桥、太峰、陈家沟、回水、扑船、沙溪、李花沟、钟家浩8村。庙垭乡位于县治地西北11公里处。驻地今庙子垭,因有明代古刹,故名,清宣统二年起先后为城区、一区所辖,民国26年起城"
xianzhi,A,联保,p-0105,"“90,苍溟县志怜乡(",")。1951年成立八庙乡,1958年改为八庙人民公社。19841年复名八庙乡,全乡面积38.68平方公里,辖玉树、和平、王容口、瑚琏、青春、余家沟、举台、涧溪、唐家坪、方斗、新岭、龙岭、七树13村。禅林乡位于县治西南2公里处,驻地今禅林场,因有宋代佛教禅宗派系的大寺院禅林寺,故名"
xianzhi,A,土改,p-0105,"以后属昭化县龙风乡。1952年划入苍溪成立弘农乡。","结束后,改名白桥乡。1958年改为白桥人民公社。1984年复名白桥乡。全乡面积34.11平方公里,辖白桥、梁柏、吉心、火烽、宝珠、白水、龙门、柏林、青林、金光10村。马桑乡位于县治西北26公里处,驻地今马栖垭.因其地原为一片马栾林,清代兴场,名马栖垭,故名。光绪元年起属南路总保,"
xianzhi,A,联保,p-0106,"龙隐寺分别建立乡苏维埃。民国24年5月后为五龙乡(",").1951年成立五龙乡.1958年改为五龙人民公社。1984年复名五龙乡,全乡面积64.14平方公里,辖五里、石板、新梁、九燕、玉顶、灯照、龙隐、平安、青几、印盒、天池、大树、三会、双树、马虹15村。白鹤乡“位于县治北19公里处,驻地今白鹤铺,因地处古驿道白鹤铺,故名。1933"
xianzhi,A,联保,p-0107,"沟、柳树湾建立乡苏维埃。民国24年5月后为龙王乡(",")。1951年建政成立龙王乡。1958年改为龙王人民公社。1984年复名龙王乡。全乡面积46.64平方公里,辖田家坝、九龙、三房沟、市场、健康、箭口、凉溪、伍家垭、钟山、洛阳、陡嘴、清水、大房沟13村和1居民委员会。两河乡位于县治北49公里处,驻地今两河口、因地处园滩河。石板河交"
xianzhi,A,联保,p-0108,"马家湾建立区、乡苏维埃。民国24年5月后建新观乡(","。1951年成立新观乡。1958年改为新观人民公社。1984年复名新观乡。全乡面积51.6平方公里,辖向阳、轿顶、荀英、山花、五柏、天宝、星桥、玲珑、伏龙、梓潼10村。雍河乡位于县治地北67公里处,驻地今马桑坝。明末,一雍姓人在此开店经商,后兴市成场,称为雍家河,故名。1933年"
xianzhi,A,镇压,p-0108,"38公里处,驻地今分水岭。因元末其地一韩姓富户,为","反元农民军,效法河南南阳招募兵勇成立“毛荔芦万户府“,称万户府为“南阳县“,故名。民国22年6月以前属元坝镇。6月后属大若乡苏维埃。民国24年5月后属岐坪(歧白》乡。1951年成立南阳乡。1958年改为南阳人民公社,1984年复名南阳乡。全乡面积24.16平方公里,辖彭家梁、杨家"
xianzhi,A,联保,p-0109,"军在青狮子建立乡苏维埃.民国24年5月后属岳东乡(",")。1951年成立文林乡。1958年改为文林人民公社。1984年复名文林乡。全乡面积23.97平方公里,辖文坪、神马、新华、两利、太阳、合力、天山、文水、双柏、′勇士10村。′烟峰乡“位于县治东北64公里处,驻地今傅家暨。因一山高峰挺拔,烟云绍绕,称烟峰山,故名。清道光二十年后分"
xianzhi,A,联保,p-0111,"坡场建立乡苏维埃。民国24年5月后属四区、口黄乡(",")。1951年成立高坡乡。1958年改为高坡人民公社。1984年复名口坡乡。全乡面积41.36平方公里,辖双凤、童家、柏木、严家、松岷、黄荆、土寨、清庙、红岩、苍湾、大坝、竹林、梨树13村。龙洞乡位于县治东北105公里处,驻地今回龙场。因其地有龙洞湾,故名。1933年10月红四方"
xianzhi,A,联保,p-0112,"在观音寺建立乡苏维埃。民国24年分属王渡、元坝乡(","),后为中土乡,34年属元中乡。1951年成立中土乡。1958年改为中土人民公社。1984年复名中土乡。全乡面积33.51平方公里,辖裕华、元宝、大坪、桥溪、板庙、罐山、麻溪浩、人和、白溪、五马、三岔沟、裕兴12村。王渡乡位于县治东20公里处,驻地今王渡场.图清代一王姓秀才赴考,"
xianzhi,A,联保,p-0113,"属玉台山、石门韩家河苏维埃。民国24年起属唤马乡(","),。1951年成立唤马乡。1958年改为唤马人民公社。1984年复名晦马乡。全乡面积35.8平方公里,辖鱼塌、石顶、龙台、黑山、龙口、云龙、彭城、大林、瓦店、红金、庙梁、金刚12村。石门乡“位于县治地东北32公里处,驻地今石门场。因江中巨石横卧,船行受阻,如门关闭,故名。清宣统"
xianzhi,A,联保,p-0114,"建立乡苏维埃。民国24年6月至38年先后属龙彭乡(",")、双龙乡,部分属文运乡。1951年成立柏杨乡。1955年茨林乡并入仍为柏杨乡。1958年改为柏杨人民公社。1981年复名柏杨乡。全乡面积27.84平方公里,辖美福、柏杨、凉桥、金虎、宝宁、田坝、团结、塘山、桂阳、分水、茨林11村。,河地乡“位于县治东北105公里处、驻地今两河口"
xianzhi,A,联保,p-0115,"东场分别建立区、乡苏维埃。民国24年5月为岳东乡(",")。34年属岳滑乡。1951年建政为岳东乡。后因规模大分出青龙乡,部分划入地干乡。1955年又将划出郡分划归岳东乡。1958年改为岳东人民公社。1984年复名岳东乡。全乡面积42.06平方公里,辖青狮、平顶、守垭、三墙、老树、药柏、云察、青茨、红碑、金银、解元、石庙、长岗、尖包、"
xianzhi,A,破坏,p-0140,"年后,大跃进等运动对植被影响颇大,原生植被先后受到",",70年代中、后期逐渐得到恢复。森林植被有乔木46科,122种;灌木39科,119种;藤本7科,19种;草本23科,87种。藻类、菌类、地衣植物种类繁多。乔木主要有柏树、马尾松、格木、青桐、枫杨、枫香、苦楝、桦树、香椿、三尖杉、杉树、皂角、楠木、银杏、红豆、樟树、油桐、核桃、板根"
xianzhi,A,村民,p-0149,"13日,大雨润沱,复兴乡境约2公里长山地滑坡,硬死","3人。1964年9月13日,大雨,山洪暴发,土鲤公社火箭大队约2公里长一段耕地滑坡,陷落约207.4亩。1966年7月23日前后连日暴雨,登高公社和平二队长0.5公里,宽0.15公里的山地滑坡,塌房38间,11户社员受灾。1981年7月至9月大一频仍,全县山地滑波525处,损毁水"
xianzhi,A,村民,p-0150,"为奇观。1984年5月11日上午9时许,三川乡场头","刘兴华宅后竹林地,突然出现杂有少许癫蛤蟆之蛙群“列阵“两路,首尾长约100米,向宽约3米的街道蛐数前行,行经乡电影院门前折向乡供销社房后,至午后7时半方斯渐消失于夜幕下。"
xianzhi,A,死于,p-0152,"人口约1.62万。明末清初,战乱、饥镳迭起,“老者","沟塘,壮者逃之四方“。清顺治十一年(16541),苍溪人口减少到5000人左右。康熙十三年(1674),吴三桂据溶、黔、蜀,百姓逃亡,苍溪人口减少到1000人左右。继后湖广等地移民来苍“插占为业“,乾隆四十七年(1782)全县人口比康熙十三年增加3.85万人。到宣统二年(1910"
xianzhi,X,543,p-0153,"69195283512一1170220626320","9、195385415418951209933209021、解195485410428728215119213609一195585668432445217016215429195686470446798223748223050195791987480537241415123638"
xianzhi,X,543,p-0154,"4832134506119761482956965","509193456351977150704702559354228348331197815182770495635530434965219791538907093813580473513341980`1566387119923600353519571981161021720242"
xianzhi,A,死亡,p-0155,",多迷亡异乡。民国5年(1916)出生5978人,","1707人。25年出生620人、死亡315人。31年出生1050人,死亡694人。38年出生率21.75市,死亡率10.35%,,自然增长率14.月%。1953年出生率47.411%,,死亡率6.58%。1959一1961年短时间出现低出生,高死亡。其间的1960年出生率8.97"
xianzhi,X,543,p-0156,"7.8952309.6715270丨28.2238","98119682080237.月154329.771537027.645659480019692353241.076517【11.381701529.596631557619702592243.535780|9.692014233.815765716919712681043.33"
xianzhi,A,死亡,p-0172,"解放前,县境人民贫困,缺医少药,人口呈“高出生、高","、低增长“态势。解放后,人民生活、文化及卫生条件日渐改善,婴儿存活率高,人口出现“高出生、低死亡、高增长“状态。从1955年起,城乡开展避孕,提倡“生育方面加以适当节育“;1957年6月以后,县节育工作指导委员会和县妇幼保健站节育宣传组分别在云峰乡民合等农业生产合作社开展节育试点"
xianzhi,A,破坏,p-0172,"女家落户,经济上扶持实行计划生育的生活困难户,打击","计划生育的刑事犯,教育群众自觉计划生育,1976年全县人口出生率下降到14.52%,翘年人口出生率下降到12.67%,自然增长率下降到5.55%,国家计划生育领导小组办公室向全国转发《苍溪县今年计划生育形势的分析和意见》,得到国家的肯定。云峰公社党委书记何国俊出席全国计划生育工作"
xianzhi,A,不满,p-0173,"法定年龄结婚;蛛符合照顾生育二胎规定,但第一个孩子","4周岁;生育未经县批准;婴儿出生证发放“等清理,清理出计划外生育8100余人。清理工作结合宣传贯彻《四川省计划生育条例},依法管理计划生育。1988年、1989年全县开展计划生育“综合管理“,1990年人口出生率下降到12.75%,自然增长率下降到5.89妨。第二节节育揩施||1"
xianzhi,X,审查,p-0174,"生育指标。欲生育者书面申请,群众评议,公社、区公所",",县计划生育办公室批准。“三、五“期间计划出生94942人,实际出生111216人;“四-五“期间计划出生93206人,实际出生111851人;“五。五“期间计划出生88494人,实际出生44477人。1980年、姆86年分押编制县“六、五“和“七,五“人口生育计划时,掌握各个年"
xianzhi,A,会议,p-0177,"在城)、乔维新等在下五里子牛滚岩农民李忠新家里召开",",正式成立中共苍溪县委员会。县委成立后,发动农民开展武装斗争,先后在三堆石、四蛮寨、与英寨、城厢等地发动两万余农民武装暴动,建立革命武装和苏维埃政权。苍溪新观、三堆石、四蛮寨、老观(现阅中市辖区)等地连成一片,武装力量发展到2000余人,500多枪支,随时策应在通(江、南(江)、"
xianzhi,A,斗争,p-0177,"成立中共苍溪县委员会。县委成立后,发动农民开展武装",",先后在三堆石、四蛮寨、与英寨、城厢等地发动两万余农民武装暴动,建立革命武装和苏维埃政权。苍溪新观、三堆石、四蛮寨、老观(现阅中市辖区)等地连成一片,武装力量发展到2000余人,500多枪支,随时策应在通(江、南(江)、巴(中)一带的红军作战。同时中共四川省委还在苍溪建立与中共四"
xianzhi,A,国民党,p-0177,"到达中共川陕省委。1935年5月,红四方面军西进,","军队卷土重来,苍溪地下党组织被破坏,革命活动暂时处于低潮1937年11月,从延安回苍溪的韩文炳、王相才(即王子模)先后到三堆石、六包垭等地秘密恢复苏区时期入党的黄国俊等8人的组织关系,1938年1月24日,建立中共韩家店支部,相继恢复三堆石、罐儿山、圆包梁、大坪、麻坪梁等党支部,"
xianzhi,A,破坏,p-0177,"四方面军西进,国民党军队卷土重来,苍溪地下党组织被",",革命活动暂时处于低潮1937年11月,从延安回苍溪的韩文炳、王相才(即王子模)先后到三堆石、六包垭等地秘密恢复苏区时期入党的黄国俊等8人的组织关系,1938年1月24日,建立中共韩家店支部,相继恢复三堆石、罐儿山、圆包梁、大坪、麻坪梁等党支部,恢复34名党员的组织关系。并在槐树"
xianzhi,A,反对,p-0177,"日,开展义卖捐献活动,将捐款寄往重庆八路军办事处;","地主、债主向抗日家属加租加押,催租逼债;动员青壮年参军参战,抵御日本市国主义侵略,县委书记潘实之亲拟抗日标语,锦"
xianzhi,A,地主,p-0177,"开展义卖捐献活动,将捐款寄往重庆八路军办事处;反对","、债主向抗日家属加租加押,催租逼债;动员青壮年参军参战,抵御日本市国主义侵略,县委书记潘实之亲拟抗日标语,锦"
xianzhi,A,国民党,p-0178,"坪张家山,继续组织民众开展抗日救亡活动。1940年","县党部贯彻《限制异党活动办法》,苍漫处于白色恐余之下、翌年1月241日深夜,潘实之等13人在县城被国民党苍溪县执行委员会逮捕,中共苍湃地下组织其他成员隐居外地,停止活动。1946年8月,上级党组织派梁仕信来苍漫永宁场发展欧明政等5人入党于次年7月建立中共永宁场支部、欧明政任支部书"
xianzhi,A,逮捕,p-0178,"深夜,潘实之等13人在县城被国民党苍溪县执行委员会",",中共苍湃地下组织其他成员隐居外地,停止活动。1946年8月,上级党组织派梁仕信来苍漫永宁场发展欧明政等5人入党于次年7月建立中共永宁场支部、欧明政任支部书记,隶中共阅南边区委员会领导。在党的领导下,开展抗租、抗税、抗丁群众斗争和迎接解放活动。1949年秋,中共川东组织在阅中建立"
xianzhi,A,斗争,p-0178,"委员会领导。在党的领导下,开展抗租、抗税、抗丁群众","和迎接解放活动。1949年秋,中共川东组织在阅中建立领导小组后,苍溪双河场中共党员蒲清波发展程鹏、胡承普为党员,并建立党的支部。9月中共党员杨建华在苍溪漕泥沟发展赵子仁等2人入党,建立济泥沟党小组,隶中共川东阀中领导小组。1933一1940年中共苍溪县地下县委负责人名录ET一TT"
xianzhi,A,大会,p-0178,"陕革命根据地的组成部分。23日中共川陕省第二次代表","决定建,立中共苍溪县委。7月,中共苍溪县委正式成立,县委机关驻文昌宫,下设组织郯、宜传部。苍溪党组织的活动由秘密转入公开,处于执政地位。9月增设妇女部、秘书室。9月后县委先后辖文昌、石马、岳东、新观、三川、白庙、老观、龙山、东溪、永宁、元圣、玉六12个区委、95个支部,有党员10"
xianzhi,X,训练,p-0178,"昭来苍漫检查工作,在中共党员李清碧家里举办县委成员","班,学习斯大林《论列宁主义基础》一书中的“民族问′题“、“农民问题“、“党“等内容。冬,县委部分成员墓霸,上级党组织欧定改组县委,潘实之调阅中中心县委任执委,被派往广元、昭化等地开展党的地下工作,县委其他成员就地疏散隐蔽。改组后的县委和县委机关从县城苗圃迁歧坪张家山,继续组织民众"
xianzhi,A,土豪,p-0179,"民开展以土地革命为中心的各项工作,领导农民建政、打","、分田地、禁烟、清剖、肃反;开展宣传、教育、文化、卫生工作,发展经济,扩充红军;在党的建设方面着重抓后进支部整顿,训练骨十,充实加强支部核心领导,发展党员等工作。中共苍漫县基层组织在红四方面军反“三路围攻“,、“六路围攻“、“强渡嘉陵江“等重大战役和几次收缩阵地的关键时刻,既配合"
xianzhi,A,大会,p-0179,"丁完成任务出色。1934年在川限省第三次工农兵代表","上苍漫县被评为模范县。会上总结苍溟革命根据地的成绩是:扩大红军,支援战争;1933年10月,红军收缩阵地撒退时,组织工作做得好,不但为红军准备了充足的粮食,还有力配合红军作战;对敌斗争勇敢,吃苦耐劳精神强;拥军优属做得好。9月,县委机关迁老观场奉国寺(今阆中市辖);1935年3月"
xianzhi,A,会上,p-0179,"在川限省第三次工农兵代表大会上苍漫县被评为模范县。","总结苍溟革命根据地的成绩是:扩大红军,支援战争;1933年10月,红军收缩阵地撒退时,组织工作做得好,不但为红军准备了充足的粮食,还有力配合红军作战;对敌斗争勇敢,吃苦耐劳精神强;拥军优属做得好。9月,县委机关迁老观场奉国寺(今阆中市辖);1935年3月,县委机关迁苍溪县城。5月"
xianzhi,A,斗争,p-0179,"但为红军准备了充足的粮食,还有力配合红军作战;对敌","勇敢,吃苦耐劳精神强;拥军优属做得好。9月,县委机关迁老观场奉国寺(今阆中市辖);1935年3月,县委机关迁苍溪县城。5月,红四方面军强渡嘉陵江,县委机关随红军西进。红四方面军在苍溪活动期间,先后有3万多人参加红军,其中妇女1500多人。中共川陕省苍溪县委员会书记、副书记名录aT"
xianzhi,A,会议,p-0179,"委员3名。从此,各届全体委员会委员每年召开1一2次",",讨论"
xianzhi,X,训练,p-0179,"经济,扩充红军;在党的建设方面着重抓后进支部整顿,","骨十,充实加强支部核心领导,发展党员等工作。中共苍漫县基层组织在红四方面军反“三路围攻“,、“六路围攻“、“强渡嘉陵江“等重大战役和几次收缩阵地的关键时刻,既配合红军作战,又担负支前工作,而丁完成任务出色。1934年在川限省第三次工农兵代表大会上苍漫县被评为模范县。会上总结苍溟革"
xianzhi,A,大会,p-0180,"体委员会摇痰。1971年9月,中共苍溪县第三次代表","恢复全体委员会,选出第三届全体委员会委员33名、候补委员8名。至1990年,全体委员会委员换届选举7次。常务委员会1956年6月,中共苍滓县第一届一次全体委员会议选出常务委员会委员6名,组成领导班子,霜行全体委员会职能。常务委员会设书记、副书记和委员。1959年6月,书记改称第一"
xianzhi,A,会议,p-0180,"委员会1956年6月,中共苍滓县第一届一次全体委员","选出常务委员会委员6名,组成领导班子,霜行全体委员会职能。常务委员会设书记、副书记和委员。1959年6月,书记改称第一书记,副书记改称书记。1963年1月,中共南充地委通知,县委负责人仍改称书记、副书记。1970年7月29日,成立中共苍溪县革命委员会核心小组,取代常务委员会。19"
xianzhi,A,斗争,p-0183,"。1967年1月至1969年1月,两派群众组织派性","激烈,“武斗“频繁,县委办事机构瘫瘀。1970年11月,成立县保密委员会办公室。1972年起县委办事机构陆续恢复。1973年成立群工部(1975撒销),建立县委、县革委工交工作部、农村工作部、财贸工作部。1982年3月,成立县委、县政府信访科。7月,设对台工作领导小组及其办公室。"
xianzhi,A,公安,p-0184,";1965年4月财贸党组改为财贸分党组,5月,建立","局党组。县委同各党委、总支的联系,负责实现党的方针政策。“文化大革命“初期,除县人民武装部党委继续存在外,各级党组织均受冲击而瘫瘀。1973年建立县委直属机关党委,领导和管理党、政部门基层党组织,做好党的工作。1975年6月恢复政法党组。1976年粉碎“四人帮“后,党的政治生活逐"
xianzhi,A,民团,p-0185,"人数增加,在机关、厂矿、企事业单位、学校、农村、人","体和大型基建工地等,按党章规定相继建立党的支部。至1990年,全县有党支部1351个。党支部书记、委员由党员大会选举产生。党支部是党在基层的战斗堡垒,担负宣传和执行党的路线、方针、政策,执行上级党组织的指示、决定,,发挥党员的模范作用,组织党员学习政治理论,开展批评和自我批评,联"
xianzhi,A,大会,p-0185,"年,全县有党支部1351个。党支部书记、委员由党员","选举产生。党支部是党在基层的战斗堡垒,担负宣传和执行党的路线、方针、政策,执行上级党组织的指示、决定,,发挥党员的模范作用,组织党员学习政治理论,开展批评和自我批评,联系群众,执行党纪、国法,团结党内外干部群众,完成本地区、本单位所担负的各项任务。党员代表大会1956年5月29日"
xianzhi,A,镇反,p-0187,"作化,手工业合作化与资本主义工商业的公私合营及社会","工作;指出镇反中犯有扩大化错误;提出从1956年秋起有计划有步骤地将1453个农业合作小社合并为478个高级社的任务。大会通过了《关于苍溪贯彻执行一九五六年至一九六七年全国农业发展纲要(草案)简要规划},选出中共苍溪县第一届委员会委员14名、候补委员3名;选出中共苍溪县监察委员会"
xianzhi,A,大会,p-0187,"1453个农业合作小社合并为478个高级社的任务。","通过了《关于苍溪贯彻执行一九五六年至一九六七年全国农业发展纲要(草案)简要规划},选出中共苍溪县第一届委员会委员14名、候补委员3名;选出中共苍溪县监察委员会委员5名,选举谢长庚、严文贵为出席中共四川省第一次代表大会代表。一届一次全委会议选出县委常务委员会委员6名。1966年3月"
xianzhi,A,会议,p-0187,"贵为出席中共四川省第一次代表大会代表。一届一次全委","选出县委常务委员会委员6名。1966年3月23日一27日,在县城召开中共苍溪县第二次代表大会,正式代表350名,列席代表34名,代表全县7093名党员。此次代表大会是在中共四川省委号召全省学苍溪的情况下召开的。张友益代表县委作《高举毛泽东思想伟大红旗,动员全党为把苍溪建成大寨式的"
xianzhi,A,大会,p-0188,"的新苍溪》工作报告和杨珍良代表县纪委作的工作报告。","就开展全面整党,擒好党的组织、思想、作风建设,加快城市经济体制改革,发展农村商品经济,搞活流通,促进经济发展,“富民升位“:实现干部队伍革命化、年轻化、知识化和专业化;在建设社会主义物质文明的同时,建设社会主义精神文明;发展社会主义民主,加强社会主义法制,继续打击一切犯罪活动等方"
xianzhi,A,会议,p-0188,"出中共苍溪县纪律检查委员会委员13名。五届一次全委","选出县委常务委员会委员8名。1987年7月22日一25日在县城召开中共苍溪县第六次代表大会。正式代表313名,列席代表31名,代表全县23260名党员。听取、审议了赵洪银代表县委作的《加强党的建设加快改革步伐,为振兴苍溪经济努力奋斗》工作报告和陈崇凯代表县纪委作的纪检工作报告;总"
xianzhi,A,反对,p-0188,"验。讨论继续坚持改革、开放、坚持“四项基本原则“,","资产阶级自由化,切实纠正党内不正之风,发展工农业生产和其他各项工作任务;选出中共苍溪县第六届委员会委员26名,候补委员2名,选出中共苍溪县纪律检查委员会委员11名;六届一次全委会议选出县委常务委员会委员10名。1990年3月21日一27日,在县城召开中共苍溪县第七次代表大会。正式"
xianzhi,A,错案,p-0189,"委成立落实政策办公室,对“文化大革命“中的冤、假、","予以平反纠正;对历次政治运动中处理的党员干部及其平时查处的历史老案进行逐件核实,处理错了的,于以纠正,恢复174人的党籍,对于历次政治运动中受审查处理的4000余名农村基层干部,经过复查该平反的平了反,该纠错的纠了错。1980一1990年,共受理来信7586件,接待群众来访669"
xianzhi,A,平反,p-0189,"实政策办公室,对“文化大革命“中的冤、假、错案予以","纠正;对历次政治运动中处理的党员干部及其平时查处的历史老案进行逐件核实,处理错了的,于以纠正,恢复174人的党籍,对于历次政治运动中受审查处理的4000余名农村基层干部,经过复查该平反的平了反,该纠错的纠了错。1980一1990年,共受理来信7586件,接待群众来访669人次,办"
xianzhi,A,处理,p-0189,"命“中的冤、假、错案予以平反纠正;对历次政治运动中","的党员干部及其平时查处的历史老案进行逐件核实,处理错了的,于以纠正,恢复174人的党籍,对于历次政治运动中受审查处理的4000余名农村基层干部,经过复查该平反的平了反,该纠错的纠了错。1980一1990年,共受理来信7586件,接待群众来访669人次,办结率和结案率均在90%以上"
xianzhi,A,复查,p-0189,"治运动中受审查处理的4000余名农村基层干部,经过","该平反的平了反,该纠错的纠了错。1980一1990年,共受理来信7586件,接待群众来访669人次,办结率和结案率均在90%以上。1987年袖广元市纪委评为纪检信访达标县。1980年2月以后,配合有关部门对区委宣传干事、分管党务工作的副书记、农村支部书记和县城机关党员5186人进"
xianzhi,X,审查,p-0189,"于以纠正,恢复174人的党籍,对于历次政治运动中受","处理的4000余名农村基层干部,经过复查该平反的平了反,该纠错的纠了错。1980一1990年,共受理来信7586件,接待群众来访669人次,办结率和结案率均在90%以上。1987年袖广元市纪委评为纪检信访达标县。1980年2月以后,配合有关部门对区委宣传干事、分管党务工作的副书记"
xianzhi,A,土地改革,p-0190,"军党员转业干部及地下党员。1951年结合政权建设、","等运动,培养积极分子。县委建党工作队在基层干部、工人、农民等积极分子中发展党员27名,年底有党员91名。1952年土改结束后,有计划有步骤地开展建党工作。7月30日,县委举办第一期党训班,发展党员240人,至年底发展党员564名,其中农村党员4118名.从1953年起,在农业、手"
xianzhi,A,土改,p-0190,"分子中发展党员27名,年底有党员91名。1952年","结束后,有计划有步骤地开展建党工作。7月30日,县委举办第一期党训班,发展党员240人,至年底发展党员564名,其中农村党员4118名.从1953年起,在农业、手工业合作化和对私改造中发现和培养积极分子,并在其中发展党员。至1956年,党员人数增至4134人。从1957年起,随着"
xianzhi,A,土改,p-0191,"法进行思想、组织和作风整顿,解决农村基层干部党员在","后出现的“换班思想“,进行大目标教育,增强党支部战斗力和党员党性修养。“三反“运动后,县委对机关党组织进行整顿,纠正组织不纯和思想不纯问题。同时对农村基层党组织,坚持边建边整改。1956年5月,农村开展整党整社,对于对“取消土地分红“、“山林、大型农具入社“、“统购统销“有严重抵"
xianzhi,A,处理,p-0191,"入社“、“统购统销“有严重抵触情绪的党员进行批判和","。1957年春,在党内开展以反主观主义、宗派主义和官僚主义为内容的整风运动。并发动群众向党提批评性建议。8月,按照中央部署,开展反右派斗争,全县党内外人士有200余人被错划为“右派分子“。1959年又在全县党员于部中开展以“反右倾“为主要内容的整风运动,批判“对所谓总路线、大跋进"
xianzhi,A,斗争,p-0191,"众向党提批评性建议。8月,按照中央部署,开展反右派",",全县党内外人士有200余人被错划为“右派分子“。1959年又在全县党员于部中开展以“反右倾“为主要内容的整风运动,批判“对所谓总路线、大跋进和人民公社有抵触情绪“的人,有180余名党员干部被错定为“严重右倾“或“右倾分子“受到处分。随后又在农村开展“反右倾“斗争,一批农村党员受"
xianzhi,A,反对,p-0192,"职处分!人。1989年7月,以“坚持四项基本原则,","资产阶级自由化“为指导思想,开展民主评议党员工作,处理不合格党员1005人,其中取消预备党员资格35人,劝退除名53人,限期改正679人,受党纪处分238人,占党员总数4.2%。培养选拔干部1950年4月,苍溪县有南下干部13人、解放军转业干部20人、原地下党员担任干部的12人、"
xianzhi,A,处理,p-0192,"资产阶级自由化“为指导思想,开展民主评议党员工作,","不合格党员1005人,其中取消预备党员资格35人,劝退除名53人,限期改正679人,受党纪处分238人,占党员总数4.2%。培养选拔干部1950年4月,苍溪县有南下干部13人、解放军转业干部20人、原地下党员担任干部的12人、新参加工作的知识分子干部280人、新提拔的工作千部11"
xianzhi,A,土地改革,p-0192,"51年3月择优选调农村基层十部300人去阆中县参加","。1952年选拔土改中的积极分子446人,充实县委、县政府、政法机关和财经、文教、群团等部门。1953年建立后备干部档案及培训制度。这年提拔为县级干部1人,区级干部3人。1954年提升县级或相当于县级干部3人,区级或相当于区级干部88人。1959年按照“又红又专“、立场坚定、忠诚"
xianzhi,A,土改,p-0192,"层十部300人去阆中县参加土地改革。1952年选拔","中的积极分子446人,充实县委、县政府、政法机关和财经、文教、群团等部门。1953年建立后备干部档案及培训制度。这年提拔为县级干部1人,区级干部3人。1954年提升县级或相当于县级干部3人,区级或相当于区级干部88人。1959年按照“又红又专“、立场坚定、忠诚老实、有高度的共产主"
xianzhi,A,副乡长,p-0193,"“工78。苍漫县志或","。至1986年吸收干部1888名,十部队伍中具大专文化程度的干部由1978年的349名增加到590名。1990年县级干部平均年龄由1985年的52岁下降到51.7岁.20名县级十部中具有大专文化程度的6名,中专、高中文化程度的7名,初中以下文化程度的7名;362名区局级干部中,具"
xianzhi,A,处理,p-0193,"央十二条紧急指示信)时,对1959年起在各个运动中","的2名地管干部、4000余名县管干部、100余名教师进行甄别,平反或改变原处分决定。经复查处理正确400余人,原处理部分有错的700余人原处理完全有错的3000余人。同时给被划为“右派分子“的大多数人摘掉“右派分子“帽子。1978年中共十一届三中全会后,县委成立落实政策办公室,对"
xianzhi,A,平反,p-0193,"部、4000余名县管干部、100余名教师进行甄别,","或改变原处分决定。经复查处理正确400余人,原处理部分有错的700余人原处理完全有错的3000余人。同时给被划为“右派分子“的大多数人摘掉“右派分子“帽子。1978年中共十一届三中全会后,县委成立落实政策办公室,对“反右倾“。“四清“、“文化大革命“和中共苍溪地下党遗留问题等案件"
xianzhi,A,复查,p-0193,"、100余名教师进行甄别,平反或改变原处分决定。经","处理正确400余人,原处理部分有错的700余人原处理完全有错的3000余人。同时给被划为“右派分子“的大多数人摘掉“右派分子“帽子。1978年中共十一届三中全会后,县委成立落实政策办公室,对“反右倾“。“四清“、“文化大革命“和中共苍溪地下党遗留问题等案件共1800余件,进行全面"
xianzhi,A,斗争,p-0193,"00多名干部,作了实事求是的结论;对1957年反右","时错定的200余名“右派分子“作了改正;对1959年反右倾时错误批判的70余名干部于以平反,100余名党员恢复党籍.到1990年,全错全纠500余人;部分错部分纠100余人,不错不纠200余人。对审干处理的干部1000余人,全错全纠的600余人,部分错部分纠190余人,不错不纠的"
xianzhi,A,错案,p-0193,"分纠380余人,不错不纠390余人。对过去因受冤假","株连的干部家属、子女而影响按政策规定享受“农转非“待逼的12人,由农村户口转为非农业户口。党员教育三会一课1950年基层党组织建立“三会一课“(支部党员大会、支部委员会、党小组会和上党课)制度。自1950年以来,除“文化大革命“中党组织瘢痰,被迫停止活动外,其余时间基本坚持这一制"
xianzhi,A,大会,p-0193,"一课1950年基层党组织建立“三会一课“(支部党员","、支部委员会、党小组会和上党课)制度。自1950年以来,除“文化大革命“中党组织瘢痰,被迫停止活动外,其余时间基本坚持这一制度。中共十一届三中全会后,要求“三会一课“有充分准备;有组织生活和支部工作记录筱;有督促检查。1981年起,县委常委、党员正副县长分别编入各支部与普通党员一"
xianzhi,A,土地改革,p-0193,"设等方面的训练。1951年县委干部训练班成立,配合","分期分批轮训正副乡长、乡农会主幌、自卫队中队长、村代"
xianzhi,X,审查,p-0193,"0余件,进行全面复查,对其中“文化大革命“中被立案","的700多名干部,作了实事求是的结论;对1957年反右斗争时错定的200余名“右派分子“作了改正;对1959年反右倾时错误批判的70余名干部于以平反,100余名党员恢复党籍.到1990年,全错全纠500余人;部分错部分纠100余人,不错不纠200余人。对审干处理的干部1000余人"
xianzhi,X,训练,p-0193,"训“建国初期轮训干部着重政治理论、党的建设等方面的","。1951年县委干部训练班成立,配合土地改革分期分批轮训正副乡长、乡农会主幌、自卫队中队长、村代"
xianzhi,A,斗争,p-0194,"方工作团干部、妇女干部共1896人。对他们进行阶级","、国际国内形势、土改政策、民主作风的教育。1952年起,县、区、乡党委定期对新党员进行党的基本知识培训。7月,县党建班第一期开学,陆续培训一批党建骨干和党员积极分子。翌年,开办党训班培训理论骨干325人。1959年以后,还采取以会代训方法举办新党员培训班。1980一1990年,县"
xianzhi,A,土改,p-0194,"部共1896人。对他们进行阶级斗争、国际国内形势、","政策、民主作风的教育。1952年起,县、区、乡党委定期对新党员进行党的基本知识培训。7月,县党建班第一期开学,陆续培训一批党建骨干和党员积极分子。翌年,开办党训班培训理论骨干325人。1959年以后,还采取以会代训方法举办新党员培训班。1980一1990年,县级机关党支部委员不定"
xianzhi,A,会议,p-0194,"《中国农村的社会主义高潮(序言3》、《在“最高国务","上的讲话》及《一九五六年至一九五七年全国农业发展纲要(草案)》。在开始全面建设社会主义的1958年,组织干部学习毛泽东《关于正确处理人民内部矛盾的问题}《关心群众生活,注意工作方法》、《改造我们的学习》等著作。1962年以后,县委常委成立中心学习小组,县委宣传部理论干部辅导学习毛"
xianzhi,A,处理,p-0194,"社会主义的1958年,组织干部学习毛泽东《关于正确","人民内部矛盾的问题}《关心群众生活,注意工作方法》、《改造我们的学习》等著作。1962年以后,县委常委成立中心学习小组,县委宣传部理论干部辅导学习毛泽东《关于领导方法的若干问题》、《关于健全党委制》、《党委会工作方法》、《工作方法六十条(草案1》、加强民主"
xianzhi,X,训练,p-0194,"溪县委党校于1961年3月建立后,围绕党的中心工作","党支部书记,学习《中国共产党党章》,《做一个好共产党员》,《农村人民公社条例}等文件.1973一1976年,举办干部读书班和工农干部学习班,培训干部和学习辆导员,农村大队党支部书记共743人,学习“无产阶级专政条件下继续革命“的错误理论,提商所谓的阶级斗争和路线斗争觉悟。1978"
xianzhi,X,学习班,p-0194,"件.1973一1976年,举办干部读书班和工农干部",",培训干部和学习辆导员,农村大队党支部书记共743人,学习“无产阶级专政条件下继续革命“的错误理论,提商所谓的阶级斗争和路线斗争觉悟。1978年,组织县级机关支部书记、区委宣传干事、公社党委副书记157人,在县委党校学习《共产党宣言》、《哥达纲领批判》、《国家与革命》等领袖著作。"
xianzhi,A,会议,p-0195,"泽东著作经验交流会。“文化大革命“运动中,通过各种","、办学习班、大幅标语、有线广播、毛泽东思想文艺宣传队演出等形式,反复宣传“无产阶级专政下继续革命“理论。1976年10月粉硼“四人帮“后,要求干部在恩想和行动上必须坚持“两个凡是“。1978年起理论教育主要围绕“实践是检验真理的唯一标准“的学习讨论进行,从理论和实践的结合上批判、"
xianzhi,A,反对,p-0195,"及《建设有中国特色的社会主义》、《坚持四项基本原则","资产阶级自由化}的宣传学习活动,印发学习辅导材料6000册发至基层单位供学习参考,并对全县1000多名干部职工的学习情况进行书面考核。1989一1990年,学习《关于社会主义若干问题学习纲要。部、委、室、局主要领导每月11、12日集中在党校系统地学习《哲学3》、《纲要》和关于社会"
xianzhi,A,民主建政,p-0195,"|群众宣传1950一1953年先后在人民群众中开展","、土地改革、抗美援朝、中苏友好、过渡时期总路线、农业合作化、《婚姻法》宣传活动,保证民主革命和社会主义改造的顺利进行。1954年为保证过渡时期总路线的实施,吸收部分小学教师组成594个报告小组,在城、乡开展“一化三改造“的宣传活动。1956年3月,在农业合作化运动中组织农业社员开"
xianzhi,A,土地改革,p-0195,"1950一1953年先后在人民群众中开展民主建政、","、抗美援朝、中苏友好、过渡时期总路线、农业合作化、《婚姻法》宣传活动,保证民主革命和社会主义改造的顺利进行。1954年为保证过渡时期总路线的实施,吸收部分小学教师组成594个报告小组,在城、乡开展“一化三改造“的宣传活动。1956年3月,在农业合作化运动中组织农业社员开展“爱国爱"
xianzhi,X,学习班,p-0195,"经验交流会。“文化大革命“运动中,通过各种会议、办","、大幅标语、有线广播、毛泽东思想文艺宣传队演出等形式,反复宣传“无产阶级专政下继续革命“理论。1976年10月粉硼“四人帮“后,要求干部在恩想和行动上必须坚持“两个凡是“。1978年起理论教育主要围绕“实践是检验真理的唯一标准“的学习讨论进行,从理论和实践的结合上批判、否定“两个"
xianzhi,X,训练,p-0195,"、贯彻、学习中共十一届三中全会精神.县、区、社举办","班,培训学习骨干3730多人,参加学习的干部5800多人。为适应中共工作重点转移到经济建设上来的需要,组织干部学习《陈云文选》、薛暮桥《中国社会主义经济问题》。宣传部派出干部巡回各区及县城机关、部门作“学习《邓小平文选》,建设有中国特色社会主义“辅导报告12场,听讲干部、职工、学"
xianzhi,A,斗争,p-0196,"届三中全会后,向群众宣传全党工作重心由过去的以阶级","为纲转移到社会主义经济建设轨道上来。1982一1985年,每年中共中央1号文件下发后,利用橱窗、墙报、黑板报、文艺节目、有线广播等形式,广泛向群众宣传,深入进行农村经济体制改革,巩固和发展改革成果。1988、1990年组织群众和干部反复宥传和学习中共中央十三届四中、六中全会精神,"
xianzhi,A,国民党,p-0196,"各界人士踊既宣传、支持欢迎中国人民解放军解放苍溪,","一六六师师长黄剑夫率部起义,12月31日苍溪和平解放。1950年1月,各界人士组织成立苍溪县解放委员会,维持社会治安,为县人民政府的成立准备了条件。中共苍溪县委成立后,吸收社会贤达、知名人士参加人民政府工作,任副县长1人、科长3人、建仓主任!人。这年至1953年7月,召开各届人民"
xianzhi,A,会议,p-0196,"仓主任!人。这年至1953年7月,召开各届人民代表","共11次,民主人士参加“苍溪县各界人民代表会议常务委员会“的人数占常委总人数12.3%,1952年6月,县委统一战线工作部成立后,组织知识分子、爱国民主人士、民族工商业者、宗教界人士参加民主改革、经济恢复及减租退押工作。抗美援朝运动中党外各界人士6000余人订立爱国公约,捐献运动"
xianzhi,A,减租,p-0196,"、民族工商业者、宗教界人士参加民主改革、经济恢复及","退押工作。抗美援朝运动中党外各界人士6000余人订立爱国公约,捐献运动中捐款1.64亿元,占全县捐款总数的7%;有51名民主人士参加土改工作。9月8日,各界人士28人组成苍滦县各界人士学习委员会,支持县委、政府开展各项政治、经济活动。1956年全县1992户私营工商户,积极参加社"
xianzhi,A,退押,p-0196,"族工商业者、宗教界人士参加民主改革、经济恢复及减租","工作。抗美援朝运动中党外各界人士6000余人订立爱国公约,捐献运动中捐款1.64亿元,占全县捐款总数的7%;有51名民主人士参加土改工作。9月8日,各界人士28人组成苍滦县各界人士学习委员会,支持县委、政府开展各项政治、经济活动。1956年全县1992户私营工商户,积极参加社会主"
xianzhi,A,土改,p-0196,"4亿元,占全县捐款总数的7%;有51名民主人士参加","工作。9月8日,各界人士28人组成苍滦县各界人士学习委员会,支持县委、政府开展各项政治、经济活动。1956年全县1992户私营工商户,积极参加社会主义改造,在年底加入公私合营企业的有227户;合作商店365户;区合作小组333户。1957年反右斗争中,工商、文艺、卫生、教育等各界"
xianzhi,A,破坏,p-0196,"划为右派分子。“文化大革命“中,统一战线工作遮严重","。知识分子被斥为“臭老九“,工商业人士被诬为“反动资本家“,侨眷及台、港同胞在大陆的亲属被视为“敌特关系“,正常_的宗教活动被取缔,统一战线工作处于瘫痰状态。中共十一屉三中全会后,县委多次召开统战工作会议和各届人士座谈会,贯彻落实党在新时期的统战政策,纠正冤假错案.至1986年对"
xianzhi,A,错案,p-0196,"人士座谈会,贯彻落实党在新时期的统战政策,纠正冤假",".至1986年对错划为右派20余人给予彻底改正,"
xianzhi,A,国民党,p-0197,"株连由城镇户口转为农业户口的居民恢复城镇户口,对原","起义投诚人员受到错误处理的作了纠正;对错杀、判、管的中共地下党时期的几位朋友给予纠正,对1950年苍溪县解放委员会曾经受到不公正划定的30余名或员重新作了政治结论;对历届省、市、县人民代表、政协委员和党外知识分子中受到错误处理的60余人和错误处理的侨、台、港属30人作了纠正。对土"
xianzhi,A,处理,p-0197,"的居民恢复城镇户口,对原国民党起义投诚人员受到错误","的作了纠正;对错杀、判、管的中共地下党时期的几位朋友给予纠正,对1950年苍溪县解放委员会曾经受到不公正划定的30余名或员重新作了政治结论;对历届省、市、县人民代表、政协委员和党外知识分子中受到错误处理的60余人和错误处理的侨、台、港属30人作了纠正。对土改时没收的宗教教产进行清"
xianzhi,A,杀,p-0197,"对原国民党起义投诚人员受到错误处理的作了纠正;对错","、判、管的中共地下党时期的几位朋友给予纠正,对1950年苍溪县解放委员会曾经受到不公正划定的30余名或员重新作了政治结论;对历届省、市、县人民代表、政协委员和党外知识分子中受到错误处理的60余人和错误处理的侨、台、港属30人作了纠正。对土改时没收的宗教教产进行清理,收回基督教、天"
xianzhi,A,土改,p-0197,"60余人和错误处理的侨、台、港属30人作了纠正。对","时没收的宗教教产进行清理,收回基督教、天主教被拆迁变卖的宗教房产1036平方米。1987年县第十届人民代表大会312名代表中党外人士代表106名,占总数的34%,其中属统战对象60余`名,占总数20%。9月,召开统战工作会议暨首次统战理论讨论会,并成立苍漫县统战理论研究会,建立党"
xianzhi,A,大会,p-0197,"宗教房产1036平方米。1987年县第十届人民代表","312名代表中党外人士代表106名,占总数的34%,其中属统战对象60余`名,占总数20%。9月,召开统战工作会议暨首次统战理论讨论会,并成立苍漫县统战理论研究会,建立党外知识分子于部学习制度,通过学习中共中央、省、市有关文件,使他们“知情出力“。开展党外人士的举荐、考察、培养和"
xianzhi,A,会议,p-0197,"战对象60余`名,占总数20%。9月,召开统战工作","暨首次统战理论讨论会,并成立苍漫县统战理论研究会,建立党外知识分子于部学习制度,通过学习中共中央、省、市有关文件,使他们“知情出力“。开展党外人士的举荐、考察、培养和安排工作。全县有民盟成员4人,九三学社成员1人,民进成员1人。为加强海外统战工作,和平统一祖国,1971年,建立中"
xianzhi,A,村民,p-0197,"57个,乡治安室67个,治安联防队4个,从县政府到","小组,层层建立行政主要负责人为第一治安承包责任人制度,形成上下成线、横向成片、综合治理社会治安的群防群治网络格局。鉴于社会上的一些丑恶现象,县政法领导小组拟定出《关于开展除“六害“工作意见》经县委批转全县执行。1990年"
xianzhi,A,会上,p-0197,"向成片、综合治理社会治安的群防群治网络格局。鉴于社","的一些丑恶现象,县政法领导小组拟定出《关于开展除“六害“工作意见》经县委批转全县执行。1990年"
xianzhi,A,会议,p-0198,"团*183、5月,根据中央政法委员会“五。五“电话","精神和省、市的部署,成立严厉打击刑事犯罪活动领导小组及办公室,在全县开展严厉打击刑事犯罪活动的斗争,社会治安明显好转。政策研究1987年1月,县委政策研究室建立后,围绕党的中心工作开展决策研究和决策服务。这年牵头组织有关经济部门和有关专家为振兴苍溪经济献计献策;编辑《农村经济开发"
xianzhi,A,斗争,p-0198,"领导小组及办公室,在全县开展严厉打击刑事犯罪活动的",",社会治安明显好转。政策研究1987年1月,县委政策研究室建立后,围绕党的中心工作开展决策研究和决策服务。这年牵头组织有关经济部门和有关专家为振兴苍溪经济献计献策;编辑《农村经济开发》论文集;结合苍溪实际,对庭院经济的地位作用、特点、规律和模式选择,发展中的问题、趋势、对策等作了"
xianzhi,A,村民,p-0198,"、摘活商品流通、服务体系建设、基层组织配套建设、农","主政治建设、科技人才现状、用足用活政策、生产力标准等方面的专题论文和调查报告,全国、省、市有关刊物采用54篇。编辑了《山魂》、《梨乡魂》两本书,《梨乡魂》由农村读物出版社出版发行,从不同角度介绍苍溪人民艰苦创业的精神和经验。1990年还参加了《四川农业持续稳定协调发展》的课题研究"
xianzhi,A,复查,p-0199,"为1个、5个、35个、328个;其间凡经命名一年后","巳不再完全具备文明单位条件而被撒销的地(市)、县级文明单位(村)分别为3个、88个。信“访1950年,信访工作分别由县委、县政府秘书室兼理。1953年1一3月共办理人民来信179件,其中批评建议62件,询问政策法令26件,干部违法乱纪39件,控告38件,其他14件.县委、县政府通"
xianzhi,A,处理,p-0199,"人民来信来访接待登记、交办、催办、请示、报告、归口","等7项制度,在处理信访案件中,本着“宁可信其有,不可信其无“的精神,指派专人及时调查处理,但由于“左“的影响仍然存在,部分信访案件仍木实事求是的解决。至1963年8月、人民来信来访618件,已结论601件。“文化大革命“中,县革命委员会办事组秘书组负责信访工作,接受的信访案件多属"
xianzhi,A,斗争,p-0199,"本主义道路的当权派“问题,信访工作主要为当时的阶级","、路线斗争服务。1979一1990年,县信访办公室(科)共受理人民来信2.17万件、来访9827人次,其中立案查处的各类案件2503件,查处中央、省、地(市)和《报社》交办的案件179件。筛选信息271条,中央、省、地(市)采用47条。1990年县信访办公室(科)被省委、省人民政"
xianzhi,A,国民党,p-0200,"乡红毁》一书被帮山毛泽东图书馆收藏。′第二章“中国","、么青团苍游县地方组织第一节中国国民党苍溪县党部组“织′中国国民党在苍溪县建立基层组织始于民国14年〔(1925),张翘任国民党苍溪县党"
xianzhi,A,国民党,p-0201,"员,负责委员会工作。15年刘笃、16年李阳川相继任","苍滓县登记委员会委员。20年7月,余光珩经国民党苍溪县登记委员会委员杨旭介绍加入国民党任苍溪县党务指导委员会委员。之后,张翘、李阳川、刘笃先后离职。27年,余光珍、杨旭奉调参加四川省国民党员干部训练班受训。28年,国民党四川省党务指导委员会任咋余光玛、杨旭、蔡铮为国民党苍溪县执行"
xianzhi,A,乡长,p-0201,"高黄乡建立14个直属区分部。区分部书记、委员一般由",".及乡中心小学校长担任.32年6月,县执行委员会筹备召开国民党苍溪县党员代表大会,国民党四川省临时党部派督导员赵炯来苍溪监迷。9月国民党苍溪县首次党员代表大会召开,正式成立国民党苍溪县党郯。到会代表40多人。选出杨旭、余光玛、舒思永、文景伟、赵琏为国民党苍溪县党部执行委员会委员;"
xianzhi,A,大会,p-0201,"2年6月,县执行委员会筹备召开国民党苍溪县党员代表",",国民党四川省临时党部派督导员赵炯来苍溪监迷。9月国民党苍溪县首次党员代表大会召开,正式成立国民党苍溪县党郯。到会代表40多人。选出杨旭、余光玛、舒思永、文景伟、赵琏为国民党苍溪县党部执行委员会委员;赵子恒、罗伯雷当选为国民党苍溪县党部监察委员,呈报省临时党部。33年3月,省临时"
xianzhi,A,三青团,p-0201,",颁发党员证书2087人。36年冬,国民党县党部与","县分团部合并,由杨旭任县党部书记长,原三青团苍溪分团部干事长罗伯雷任县党部副书记长,有党员3871人,设区党部15个、直属及普通区分部121个。党团合并后,县党部开展党团总清查。37年春杨旭死后,罗伯雷任书记长,赵琏任副书记长,直至1949年。活“动民国14年(1925)国民党苍"
xianzhi,A,团总,p-0201,"直属及普通区分部121个。党团合并后,县党部开展党","清查。37年春杨旭死后,罗伯雷任书记长,赵琏任副书记长,直至1949年。活“动民国14年(1925)国民党苍溪县登记委员会成立后,利用各种集会宣传孙中山先生的“新三民主义“、“反帝反封建“以及“联俄、联共、扶助农工“三大政策。“九.一八“事变后,国民党苍溪县党务指导委员会李阳川,"
xianzhi,A,特务,p-0201,"指导委员会委员余光玛、杨旭与驻军旅长何睿如勾结,派","监视、追踪,逮捕在县城刘家巷贴标语的中共党员樊绍平,不久樊被暗杀。6月速捕杀害中共党员王文焕。26年8月13日日本侵略军大举进攻上海,翌日国民党政府被迫发表“自卫“宣言。27年国民党苍漫县党务指导委员会组织青年学生上街宣传“抗日救国“,开展为抗日将士捐款等活动。30年1月21日深"
xianzhi,A,逮捕,p-0201,"光玛、杨旭与驻军旅长何睿如勾结,派特务监视、追踪,","在县城刘家巷贴标语的中共党员樊绍平,不久樊被暗杀。6月速捕杀害中共党员王文焕。26年8月13日日本侵略军大举进攻上海,翌日国民党政府被迫发表“自卫“宣言。27年国民党苍漫县党务指导委员会组织青年学生上街宣传“抗日救国“,开展为抗日将士捐款等活动。30年1月21日深夜,县长曾锦柏、"
xianzhi,A,杀,p-0201,"逮捕在县城刘家巷贴标语的中共党员樊绍平,不久樊被暗","。6月速捕杀害中共党员王文焕。26年8月13日日本侵略军大举进攻上海,翌日国民党政府被迫发表“自卫“宣言。27年国民党苍漫县党务指导委员会组织青年学生上街宣传“抗日救国“,开展为抗日将士捐款等活动。30年1月21日深夜,县长曾锦柏、国民党县执行委员会书记长余光玖"
xianzhi,A,杀害,p-0201,"家巷贴标语的中共党员樊绍平,不久樊被暗杀。6月速捕","中共党员王文焕。26年8月13日日本侵略军大举进攻上海,翌日国民党政府被迫发表“自卫“宣言。27年国民党苍漫县党务指导委员会组织青年学生上街宣传“抗日救国“,开展为抗日将士捐款等活动。30年1月21日深夜,县长曾锦柏、国民党县执行委员会书记长余光玖"
xianzhi,X,训练,p-0201,"职。27年,余光珍、杨旭奉调参加四川省国民党员干部","班受训。28年,国民党四川省党务指导委员会任咋余光玛、杨旭、蔡铮为国民党苍溪县执行委员会委员,余光玖任书记长。29年,县城建立4个直属区分部。同时在五峰、伏回、东青、玉树、元中、三川、五龙、龙王、歧白、东石、文运、龙彭、岳滑、高黄乡建立14个直属区分部。区分部书记、委员一般由乡长"
xianzhi,X,审查,p-0201,"及普通区分部65个,年底全县共有党员2371人,经","合格,颁发党员证书2087人。36年冬,国民党县党部与三青团县分团部合并,由杨旭任县党部书记长,原三青团苍溪分团部干事长罗伯雷任县党部副书记长,有党员3871人,设区党部15个、直属及普通区分部121个。党团合并后,县党部开展党团总清查。37年春杨旭死后,罗伯雷任书记长,赵琏任副"
xianzhi,A,三青团,p-0202,"四篇.党派群团“187。密派驻县保安中队长夏俊能,","一区队长等各带武装士兵10多人分头出动,速挨中共地下党员潘实之、杨伯刚等13人,后被解送青城山集中荫。民国32年(1943)国民党苍滓县党部设立四川省特委会苍滦分会,开展训练党员、宣传、党务监督等活动。各区分部自行训练党员,县党部派员督导。至35年(1946)6月,先后调训各区党"
xianzhi,A,国民党,p-0202,"3人,后被解送青城山集中荫。民国32年(1943)","苍滓县党部设立四川省特委会苍滦分会,开展训练党员、宣传、党务监督等活动。各区分部自行训练党员,县党部派员督导。至35年(1946)6月,先后调训各区党部书记、委员、小队长87人。党的各级组织建立有宣传委员会、县党部创办有《苍溪旬刊》,县城及重要乡镇设置大型的“建国标语牌“。五峰、"
xianzhi,A,处理,p-0202,"强训练,严格执行党纪,厉行检举贪污,考核从政党员,","违反党纪案件、审查党务工作之开展,稽核同级及下级党部财政之收支,协助政府强化地方自治之推进,协助选举,完成民意机构之健全,极尽监察之能事“。实际上是监视中共苍漫地下党的特务机构。至民国35年6月,县监察委员会建区党部筹备会监察网15个,直属及普通区分部监察网65个,监察网工作人员"
xianzhi,A,特务,p-0202,"全,极尽监察之能事“。实际上是监视中共苍漫地下党的","机构。至民国35年6月,县监察委员会建区党部筹备会监察网15个,直属及普通区分部监察网65个,监察网工作人员98人。33一36年杨旭除担任县党部书记外,还兼任特委分会秘书,进行特务活动,不遗余力地破坏中共苍溪地下党组,织。34年2月县党部所属的区分部选举出席国民党四川省代表大会的"
xianzhi,A,破坏,p-0202,"记外,还兼任特委分会秘书,进行特务活动,不遗余力地","中共苍溪地下党组,织。34年2月县党部所属的区分部选举出席国民党四川省代表大会的代表.竞选省代表的有罗映江、杨旭、舒思永,均各自派人去各区分部搞拉选票活动,结果罗映江、杨旭当选。第二节中国三民主义青年团苍溪县分团部民国28年(1939)7月,国民党县执行委员会书记长余光玖派其弟余"
xianzhi,A,大会,p-0202,"4年2月县党部所属的区分部选举出席国民党四川省代表","的代表.竞选省代表的有罗映江、杨旭、舒思永,均各自派人去各区分部搞拉选票活动,结果罗映江、杨旭当选。第二节中国三民主义青年团苍溪县分团部民国28年(1939)7月,国民党县执行委员会书记长余光玖派其弟余以福等13名青年参加川陕鄂边区绥靖主任公署举办的三民主义青年团夏令营受训,余以"
xianzhi,X,训练,p-0202,"3)国民党苍滓县党部设立四川省特委会苍滦分会,开展","党员、宣传、党务监督等活动。各区分部自行训练党员,县党部派员督导。至35年(1946)6月,先后调训各区党部书记、委员、小队长87人。党的各级组织建立有宣传委员会、县党部创办有《苍溪旬刊》,县城及重要乡镇设置大型的“建国标语牌“。五峰、城厢、玉树、龙王、歧白、东石、高黄、龙彭、文"
xianzhi,X,调训,p-0202,"员,县党部派员督导。至35年(1946)6月,先后","各区党部书记、委员、小队长87人。党的各级组织建立有宣传委员会、县党部创办有《苍溪旬刊》,县城及重要乡镇设置大型的“建国标语牌“。五峰、城厢、玉树、龙王、歧白、东石、高黄、龙彭、文运等乡设立民众阅报室、民众俱乐部,分部所在地设置“中山室“。县党部监察委员会名义上是“发展组织,加强"
xianzhi,X,审查,p-0202,"纪,厉行检举贪污,考核从政党员,处理违反党纪案件、","党务工作之开展,稽核同级及下级党部财政之收支,协助政府强化地方自治之推进,协助选举,完成民意机构之健全,极尽监察之能事“。实际上是监视中共苍漫地下党的特务机构。至民国35年6月,县监察委员会建区党部筹备会监察网15个,直属及普通区分部监察网65个,监察网工作人员98人。33一36"
xianzhi,A,大会,p-0203,"'“188,′苍溪县志,′四川省代表","代表。三青团苍溪县分团部干事会派出的秘探遍布城乡,暗查、秘报共产党员、进步人士活动,36年冬,团员总甄核,国民党苍溪县党部与三青团苍溪县分团部合并,经甄核后的三青团员转为国民党员。第世章“群团第一节_工会总工会1933年9月,县苏维埃第一次工农兵代表大会后,在文昌官建立苍溪县工会"
xianzhi,A,三青团,p-0203,"'“188,′苍溪县志,′四川省代表大会代表。","苍溪县分团部干事会派出的秘探遍布城乡,暗查、秘报共产党员、进步人士活动,36年冬,团员总甄核,国民党苍溪县党部与三青团苍溪县分团部合并,经甄核后的三青团员转为国民党员。第世章“群团第一节_工会总工会1933年9月,县苏维埃第一次工农兵代表大会后,在文昌官建立苍溪县工会执行委员会,"
xianzhi,A,国民党,p-0203,"秘报共产党员、进步人士活动,36年冬,团员总甄核,","苍溪县党部与三青团苍溪县分团部合并,经甄核后的三青团员转为国民党员。第世章“群团第一节_工会总工会1933年9月,县苏维埃第一次工农兵代表大会后,在文昌官建立苍溪县工会执行委员会,曾文煌任工会常务委员长,冯开尧任副常务委员长,随后在苏区建立军工、被服、鞋袜、火药、兵篷、造船、渔业"
xianzhi,A,会上,p-0203,"964年1月,在县城召开首届工代会,代表136名,","决定改县工会为县总工会。选出县总工会执行委员15名。1966一1972年“造反组织“派性斗争激烈,工会工作中断。1973年7月,在县城召开苍溪县第二届工代会,出席会议代表202人,选举执行委员25名,19741年6月,县总工会整顿基层工会组织,以犯有各种所谓的“错误“为由未登记的"
xianzhi,A,斗争,p-0203,"行委员15名。1966一1972年“造反组织“派性","激烈,工会工作中断。1973年7月,在县城召开苍溪县第二届工代会,出席会议代表202人,选举执行委员25名,19741年6月,县总工会整顿基层工会组织,以犯有各种所谓的“错误“为由未登记的会员350名,其中缓登325名,不于登记的25名,1978年7月,县总工会与共青团苍溪县委等"
xianzhi,A,会议,p-0203,"1973年7月,在县城召开苍溪县第二届工代会,出席","代表202人,选举执行委员25名,19741年6月,县总工会整顿基层工会组织,以犯有各种所谓的“错误“为由未登记的会员350名,其中缓登325名,不于登记的25名,1978年7月,县总工会与共青团苍溪县委等单位联合开展故事创作讲述活动,巡回在各工厂、企事业单位及区、社演讲360多"
xianzhi,A,乡保长,p-0204,",发动贫苦农民抗粮、抗捐,打击土家劣绅。7月因当地","密报被迫停止活动。1932年8月,中共党员赵鱿平、孟晓川、郑枢在三堆石召开农民协会成立大会,选举张大福为副主席。三堆石农协会组织游击队,开展打土豪的斗争,处决土家马老四、恶棍芜大树。这年冬,中共阆南中心县委派王灵山到新观、雍河恢复原农民协会,成立农民武装游击队,中共地下党员陈子谦"
xianzhi,A,大会,p-0204,"共党员赵鱿平、孟晓川、郑枢在三堆石召开农民协会成立",",选举张大福为副主席。三堆石农协会组织游击队,开展打土豪的斗争,处决土家马老四、恶棍芜大树。这年冬,中共阆南中心县委派王灵山到新观、雍河恢复原农民协会,成立农民武装游击队,中共地下党员陈子谦担任农民武装游击队队长。翌年5月,游击队收缴祖永直等地主武装的枪支弹药,壮大农民武装。19"
xianzhi,A,土豪,p-0204,"选举张大福为副主席。三堆石农协会组织游击队,开展打","的斗争,处决土家马老四、恶棍芜大树。这年冬,中共阆南中心县委派王灵山到新观、雍河恢复原农民协会,成立农民武装游击队,中共地下党员陈子谦担任农民武装游击队队长。翌年5月,游击队收缴祖永直等地主武装的枪支弹药,壮大农民武装。1933年6月,红四方面军11师之一部和73师之一部相继进入"
xianzhi,A,斗争,p-0204,"大福为副主席。三堆石农协会组织游击队,开展打土豪的",",处决土家马老四、恶棍芜大树。这年冬,中共阆南中心县委派王灵山到新观、雍河恢复原农民协会,成立农民武装游击队,中共地下党员陈子谦担任农民武装游击队队长。翌年5月,游击队收缴祖永直等地主武装的枪支弹药,壮大农民武装。1933年6月,红四方面军11师之一部和73师之一部相继进入苍溪,"
xianzhi,A,处决,p-0204,"副主席。三堆石农协会组织游击队,开展打土豪的斗争,","土家马老四、恶棍芜大树。这年冬,中共阆南中心县委派王灵山到新观、雍河恢复原农民协会,成立农民武装游击队,中共地下党员陈子谦担任农民武装游击队队长。翌年5月,游击队收缴祖永直等地主武装的枪支弹药,壮大农民武装。1933年6月,红四方面军11师之一部和73师之一部相继进入苍溪,先建立"
xianzhi,A,地主,p-0204,"任农民武装游击队队长。翌年5月,游击队收缴祖永直等","武装的枪支弹药,壮大农民武装。1933年6月,红四方面军11师之一部和73师之一部相继进入苍溪,先建立的乡苏维埃政府普遍建立贫农团,联合中农、.争取富农,消灭地主势力。1950年!月,中共苍滓县委召开农民代表会议,出席会议代表263人,学寸《农民协会章程》和民主改革的纲领,成立县"
xianzhi,A,富农,p-0204,"建立的乡苏维埃政府普遍建立贫农团,联合中农、.争取",",消灭地主势力。1950年!月,中共苍滓县委召开农民代表会议,出席会议代表263人,学寸《农民协会章程》和民主改革的纲领,成立县农民协会筹备委员会,设常委7名,李寅任筹备′委员会主任。在农村新旧政权交替中农民协会代行人民政权的职能,将“减租退押“的稻谷及清匪反霸运动中所得财物分配"
xianzhi,A,会议,p-0204,"地主势力。1950年!月,中共苍滓县委召开农民代表",",出席会议代表263人,学寸《农民协会章程》和民主改革的纲领,成立县农民协会筹备委员会,设常委7名,李寅任筹备′委员会主任。在农村新旧政权交替中农民协会代行人民政权的职能,将“减租退押“的稻谷及清匪反霸运动中所得财物分配给贫苦农民。11月,县召开农民代表大会,出席代表中,贫农32"
xianzhi,A,旧政权,p-0204,"员会,设常委7名,李寅任筹备′委员会主任。在农村新","交替中农民协会代行人民政权的职能,将“减租退押“的稻谷及清匪反霸运动中所得财物分配给贫苦农民。11月,县召开农民代表大会,出席代表中,贫农321名、雄农38名、中农87名、富裕中农!名。会上学习中国共产党关于民主建政、清匪、反霸、减租退押、恢复国民经济等有关政策;规划和部署废除保"
xianzhi,A,减租,p-0204,"农村新旧政权交替中农民协会代行人民政权的职能,将“","退押“的稻谷及清匪反霸运动中所得财物分配给贫苦农民。11月,县召开农民代表大会,出席代表中,贫农321名、雄农38名、中农87名、富裕中农!名。会上学习中国共产党关于民主建政、清匪、反霸、减租退押、恢复国民经济等有关政策;规划和部署废除保甲,建立村组任务,成立苍漫县农民协会,选举"
xianzhi,A,退押,p-0204,"新旧政权交替中农民协会代行人民政权的职能,将“减租","“的稻谷及清匪反霸运动中所得财物分配给贫苦农民。11月,县召开农民代表大会,出席代表中,贫农321名、雄农38名、中农87名、富裕中农!名。会上学习中国共产党关于民主建政、清匪、反霸、减租退押、恢复国民经济等有关政策;规划和部署废除保甲,建立村组任务,成立苍漫县农民协会,选举汪幼"
xianzhi,A,清匪,p-0204,"农民协会代行人民政权的职能,将“减租退押“的稻谷及","反霸运动中所得财物分配给贫苦农民。11月,县召开农民代表大会,出席代表中,贫农321名、雄农38名、中农87名、富裕中农!名。会上学习中国共产党关于民主建政、清匪、反霸、减租退押、恢复国民经济等有关政策;规划和部署废除保甲,建立村组任务,成立苍漫县农民协会,选举汪幼仪为协会主席,"
xianzhi,A,反霸,p-0204,"协会代行人民政权的职能,将“减租退押“的稻谷及清匪","运动中所得财物分配给贫苦农民。11月,县召开农民代表大会,出席代表中,贫农321名、雄农38名、中农87名、富裕中农!名。会上学习中国共产党关于民主建政、清匪、反霸、减租退押、恢复国民经济等有关政策;规划和部署废除保甲,建立村组任务,成立苍漫县农民协会,选举汪幼仪为协会主席,曹维"
xianzhi,A,会上,p-0204,"农321名、雄农38名、中农87名、富裕中农!名。","学习中国共产党关于民主建政、清匪、反霸、减租退押、恢复国民经济等有关政策;规划和部署废除保甲,建立村组任务,成立苍漫县农民协会,选举汪幼仪为协会主席,曹维汉、曹大庸为副主席。至1951年2月先后建立区农民协会8个、乡农民协会58个、村农民协会524个,发展男会员4.78万人,女会"
xianzhi,A,民主建政,p-0204,"、中农87名、富裕中农!名。会上学习中国共产党关于","、清匪、反霸、减租退押、恢复国民经济等有关政策;规划和部署废除保甲,建立村组任务,成立苍漫县农民协会,选举汪幼仪为协会主席,曹维汉、曹大庸为副主席。至1951年2月先后建立区农民协会8个、乡农民协会58个、村农民协会524个,发展男会员4.78万人,女会员2.02万人。1951年"
xianzhi,A,土地改革,p-0204,"女会员2.02万人。1951年冬至1952年4月的","运动中,农民协会贯彻执行“依靠贫农、雄农,团结中农,中立富农、打倒地主“的阶级路线。土改结束后、随着农村政权的巩固与加强,农民协会完成历史使和。"
xianzhi,A,土改,p-0204,"、雄农,团结中农,中立富农、打倒地主“的阶级路线。","结束后、随着农村政权的巩固与加强,农民协会完成历史使和。"
xianzhi,A,斗争,p-0205,"阶级队伍,开展对地、富、反、坏、右分子的监督改造和","。1966年1月,县召开贫下中农代表会,到会代表1017名,参观全国大寨式的农业先进单位图片和本县粮食、多种经营、收入图表对比展览及县委的农业生产样板田;会议通过《学先进、鼓干劲、争上游,当年实现亩产800斤,人平总收入达100元的决议》、推选出吊友益等11人为出席四川省贫下中农"
xianzhi,A,会议,p-0205,"多种经营、收入图表对比展览及县委的农业生产样板田;","通过《学先进、鼓干劲、争上游,当年实现亩产800斤,人平总收入达100元的决议》、推选出吊友益等11人为出席四川省贫下中农代表大会代表。“文化大革命“前期贫下中农协会停I活动。1973年县革命委员会组织的“批林批孔“宣传队在元坝公社协助裕群、民力两个大队、15个生产队建立贫下中农"
xianzhi,A,大会,p-0205,"议》、推选出吊友益等11人为出席四川省贫下中农代表","代表。“文化大革命“前期贫下中农协会停I活动。1973年县革命委员会组织的“批林批孔“宣传队在元坝公社协助裕群、民力两个大队、15个生产队建立贫下中农协会,有1030人入会,占应入会人数96.1%。县革命委员会将裕群、民力两个大队建立贫下中农协会的办法和经验通过行文向全县农村推广"
xianzhi,A,大会,p-0206,"3年1月召开中国新民主主义青年团苍溪县首次团员代表",",出席代表169名,会上改团县工委为团县委、大会选举产生团县委第一届委员会委员9名,通过《关于当前团的工作的决议》。动员广大团员、青年积极参加中共各项中心工作,动员农村青年带头加入农业合作社。1955年全县团员、青年开荒约2000亩,收粮80多万斤,植树106万多株。1956年8"
xianzhi,A,会上,p-0206,"义青年团苍溪县首次团员代表大会,出席代表169名,","改团县工委为团县委、大会选举产生团县委第一届委员会委员9名,通过《关于当前团的工作的决议》。动员广大团员、青年积极参加中共各项中心工作,动员农村青年带头加入农业合作社。1955年全县团员、青年开荒约2000亩,收粮80多万斤,植树106万多株。1956年8月县召开第二次团代会,出"
xianzhi,A,会议,p-0206,"63年3月,县召开第四次团代会,出席代表443名,","表彰11个先进集体,树立9名红旗标兵;选出团县委第四届委员会委员19名、候补委员2名;选举出席四川省团代会代表7名,这年女共青团员白山公社饲养员、养猪模范母仕兰,出席团中央第九次代表大会。1966年8月,县召开第五次团代会,出席代表572名,选举产生团县委第五届委员会委员21名、"
xianzhi,A,斗争,p-0206,"伯达)整风“、“批林(虏)整风“和揭批“四人帮“的","中,给县委当“参谋“,起助手作用。至1978年县、区、乡大队共培训青年理论骨干1.4万余人,建立青年突击队2388个,科研组3959个,种试验田1976亩、造“青年林“472片。1979年起,在团员和青年中广泛开展以社会主义物质和精神文明建设,学雷锋、送温暖、“五讲“、“四美“、"
xianzhi,A,大会,p-0207,"83年3月,县召开第七次团代会,出席代表361名,","选举产生团县委第七届委员会委员26名。1984年4月,改公社团委为乡团委。8月鸳溪乡女少先队员杨芹英为抢救落水儿童英勇献身,翌年团县委授予她“少年英雄“光荣称号,并命名其生前所在队为“杨芹英中队“,共青团南充地委、共青团四川省委分别授予她“舍己救人的优秀少先队员“、“优秀少先队员"
xianzhi,A,民团,p-0207,",罗淑宪任主任。1933年5月,军阀田颂尧调集苍阅","围剿三堆石革命根据地“妇工、妇农协会“会|员,女赤卫队员不分县夜站岗放哨,救护伤员,配合游击队击退敌人数十次进攻。王秀_兰巧朽白军、陈焕儿智擒敌兵。8月2日,三堆石“妇工、妇农协会“组织妇女开展“抗_粮、抗捐、抗暴“斗争。9月,中共川陕省苍溪县委成立妇女部,同时成立县“妇女生活改"
xianzhi,A,斗争,p-0207,"妇工、妇农协会“组织妇女开展“抗_粮、抗捐、抗暴“","。9月,中共川陕省苍溪县委成立妇女部,同时成立县“妇女生活改善委员会“,同年先后改称“妇女农妇会“、“女工农妇会“,芜文秀任主任。全县有500多名妇女参加各级苏维埃政府领导工作。12月2日文昌宫召开苍滦县妇女代表大会,到会代表80多人,省委派张琴秋到会讲了话.会议着重讨论并作出灯"
xianzhi,A,会议,p-0207,"表大会,到会代表80多人,省委派张琴秋到会讲了话.","着重讨论并作出灯定:要建立健全妇女、"
xianzhi,A,清匪,p-0208,"县妇女工作委员会,县委组织部部长蔡宝山兼任主任。在","反霸、减租退押、抗美援朝等运动中,妇女走向社会,有2万多名妇女参加农民协会,6000多名妇女参加武装自卫队。1952年改县妇女工作委员会为县民主妇女联合会.区,乡、村、组相继建立妇女组织。110多名妇女参加“土改“工作队。5月6日一9日,县城召开首次妇代会,出席代表480名,通过"
xianzhi,A,反霸,p-0208,"女工作委员会,县委组织部部长蔡宝山兼任主任。在清匪","、减租退押、抗美援朝等运动中,妇女走向社会,有2万多名妇女参加农民协会,6000多名妇女参加武装自卫队。1952年改县妇女工作委员会为县民主妇女联合会.区,乡、村、组相继建立妇女组织。110多名妇女参加“土改“工作队。5月6日一9日,县城召开首次妇代会,出席代表480名,通过爱国"
xianzhi,A,减租,p-0208,"委员会,县委组织部部长蔡宝山兼任主任。在清匪反霸、","退押、抗美援朝等运动中,妇女走向社会,有2万多名妇女参加农民协会,6000多名妇女参加武装自卫队。1952年改县妇女工作委员会为县民主妇女联合会.区,乡、村、组相继建立妇女组织。110多名妇女参加“土改“工作队。5月6日一9日,县城召开首次妇代会,出席代表480名,通过爱国增产竞"
xianzhi,A,退押,p-0208,"会,县委组织部部长蔡宝山兼任主任。在清匪反霸、减租","、抗美援朝等运动中,妇女走向社会,有2万多名妇女参加农民协会,6000多名妇女参加武装自卫队。1952年改县妇女工作委员会为县民主妇女联合会.区,乡、村、组相继建立妇女组织。110多名妇女参加“土改“工作队。5月6日一9日,县城召开首次妇代会,出席代表480名,通过爱国增产竞赛活"
xianzhi,A,土改,p-0208,",乡、村、组相继建立妇女组织。110多名妇女参加“","“工作队。5月6日一9日,县城召开首次妇代会,出席代表480名,通过爱国增产竞赛活动和妇女带头参加互助组等决议,蔡宝山当选为妇女联合会主任.1953一1957年开展农业合作化运动,96.68%的妇女带头参加农业生产合作章，有正副女社主任‖73名,女菅委会委员M…名.女县人民委员2"
xianzhi,A,大会,p-0208,"妇女为完成和超额完成国民经济第一个五年计划而奋斗。","选举第二届执行委员18名。1960年2月26日一29日,县城召开第三次妇代会,出席代表330名。会议动员妇女高举“总路线、大跃进、人民公社“三面红旗,为巩固集体经济,发展农业生产作贡献;会议选出第三届执委25名。1963年2月10一13日,县城召开第四次妇代会,出席代表318名、"
xianzhi,A,会议,p-0208,"一29日,县城召开第三次妇代会,出席代表330名。","动员妇女高举“总路线、大跃进、人民公社“三面红旗,为巩固集体经济,发展农业生产作贡献;会议选出第三届执委25名。1963年2月10一13日,县城召开第四次妇代会,出席代表318名、动员妇女坚定不移地走社会主义道路,为妇女的彻底鲑放而奋斗,会议选举第四届执委23名。19641年农村"
xianzhi,A,反对,p-0209,"城东门外广场召开各行业各界人士参加的保卫世界和平、","美帝侵略朝鲜的示威游行大会,支援朝鲜人民反击侵略者的正义斗争。全县工商业界6000余人响应政府抗美援朝,捐献购买“新苍溪县号“战斗机的号召。7月召开县工商业联合会第一款会员代表大会,正式成立苍溪县工商业联合会,大会选出第一届执行委员会委员15暮莫茎姿蛋薯更凸乏10名。嗣后,相继建"
xianzhi,A,大会,p-0209,"人士参加的保卫世界和平、反对美帝侵略朝鲜的示威游行",",支援朝鲜人民反击侵略者的正义斗争。全县工商业界6000余人响应政府抗美援朝,捐献购买“新苍溪县号“战斗机的号召。7月召开县工商业联合会第一款会员代表大会,正式成立苍溪县工商业联合会,大会选出第一届执行委员会委员15暮莫茎姿蛋薯更凸乏10名。嗣后,相继建立区、乡分会29个,行业公"
xianzhi,A,斗争,p-0209,"略朝鲜的示威游行大会,支援朝鲜人民反击侵略者的正义","。全县工商业界6000余人响应政府抗美援朝,捐献购买“新苍溪县号“战斗机的号召。7月召开县工商业联合会第一款会员代表大会,正式成立苍溪县工商业联合会,大会选出第一届执行委员会委员15暮莫茎姿蛋薯更凸乏10名。嗣后,相继建立区、乡分会29个,行业公会27个。1953年2月召开县工商"
xianzhi,A,会议,p-0209,"五次会员代表大会、传达学习贤彻民建中央、全国工商联",",关于“更加和风细雨,指出大有进步,还有问题,还要改造“精神;选举五届执行委员27名、常务委员11名。1962年8月召开县工商业联合会第六次会员代表大会,选举执委35名、常委15名“文化大革命“运动中,县工商业联合会被迫停止活动。中共十一届三中全会后对1957年以来工商业者在历次"
xianzhi,A,错案,p-0209,"对1957年以来工商业者在历次政治运动中的冤、假、","子以彻底纠正,下放到农村劳动的公私合营户全部收回、给予经济补偿。1981年3月,县政协代算工商联工作。1986年"
xianzhi,A,大会,p-0210,"联合会。翌年3月,召开县工商业联合会第七次会员代表",",选举第七届执行委员19名、常务委员7名。先后吸收新会员85名。1990年7月,召开县工商业联合会第八次会员代表大会,传达贯彻全国工商业联合会“六大“提出的“改革、团结、民主、奋进“的方针,选举第八届执行委员23名,常务委员9名。第六节_侨眷联合会1983年10月20日,召开苍溪"
xianzhi,A,会议,p-0210,"初年。民国17年(1928)召开苍溪县教育会第一次",",有全县高等小学校校长、私垒教师参加会议,与会者为会员。会上研究了学校教育、社会教育、家庭教育等议题,选举李盛唐任理事长。34年7月,县教育会召开第二次会议,研究发展国民中心小学和保国民学校等议题。同年,有15乡(镇)成立教育会,会长由中心小学校长担任,会员636人。"
xianzhi,A,会上,p-0210,"县高等小学校校长、私垒教师参加会议,与会者为会员。","研究了学校教育、社会教育、家庭教育等议题,选举李盛唐任理事长。34年7月,县教育会召开第二次会议,研究发展国民中心小学和保国民学校等议题。同年,有15乡(镇)成立教育会,会长由中心小学校长担任,会员636人。"
xianzhi,A,国民党,p-0211,"(镇)农会15个,发展会员2434名。34年7月,","苍溪县党部主持召开第一次农会会员代表大会,由所属乡(镇)各派代表2人出席大会。会上制定会章,选举农会理事9名、候补理事3名、常务理事3名、监事3名、常务监事1名,米书船任理事长。之后,乡(镇)农会理事会相继成立,农会理事长由当地国民党区党部或区分部委员或地主、豪绅担任。工会清宣统"
xianzhi,A,大会,p-0211,"年7月,国民党苍溪县党部主持召开第一次农会会员代表",",由所属乡(镇)各派代表2人出席大会。会上制定会章,选举农会理事9名、候补理事3名、常务理事3名、监事3名、常务监事1名,米书船任理事长。之后,乡(镇)农会理事会相继成立,农会理事长由当地国民党区党部或区分部委员或地主、豪绅担任。工会清宣统二年(1910)苍溪县始有工会。民国6年"
xianzhi,A,会上,p-0211,"会员代表大会,由所属乡(镇)各派代表2人出席大会。","制定会章,选举农会理事9名、候补理事3名、常务理事3名、监事3名、常务监事1名,米书船任理事长。之后,乡(镇)农会理事会相继成立,农会理事长由当地国民党区党部或区分部委员或地主、豪绅担任。工会清宣统二年(1910)苍溪县始有工会。民国6年(1917)绅士陶鸿安任会长。18年县工会"
xianzhi,A,地主,p-0211,"继成立,农会理事长由当地国民党区党部或区分部委员或","、豪绅担任。工会清宣统二年(1910)苍溪县始有工会。民国6年(1917)绅士陶鸿安任会长。18年县工会组织县民生职业工厂200多名工人反对厂方打骂虐待工人、举行罢工斗争,迫使厂方接受工人合理要求。之后县工会自行消失。24年再次成立县工会筹备委员会。28年县成立土工、木工、石工、"
xianzhi,A,豪绅,p-0211,",农会理事长由当地国民党区党部或区分部委员或地主、","担任。工会清宣统二年(1910)苍溪县始有工会。民国6年(1917)绅士陶鸿安任会长。18年县工会组织县民生职业工厂200多名工人反对厂方打骂虐待工人、举行罢工斗争,迫使厂方接受工人合理要求。之后县工会自行消失。24年再次成立县工会筹备委员会。28年县成立土工、木工、石工、竹业、"
xianzhi,A,反对,p-0211,"会长。18年县工会组织县民生职业工厂200多名工人","厂方打骂虐待工人、举行罢工斗争,迫使厂方接受工人合理要求。之后县工会自行消失。24年再次成立县工会筹备委员会。28年县成立土工、木工、石工、竹业、五金、纺织、成衣、理发等产业或职业工会组织,会员577人。29年11月28日成立县工会,陶少卿任理事长。县工会下属城厕、石门、东滦3个"
xianzhi,A,斗争,p-0211,"业工厂200多名工人反对厂方打骂虐待工人、举行罢工",",迫使厂方接受工人合理要求。之后县工会自行消失。24年再次成立县工会筹备委员会。28年县成立土工、木工、石工、竹业、五金、纺织、成衣、理发等产业或职业工会组织,会员577人。29年11月28日成立县工会,陶少卿任理事长。县工会下属城厕、石门、东滦3个区工会。31年8月召开第一次会"
xianzhi,A,国民党,p-0212,"派群团“197。妇女会民国27年(1938)9月,","苍溪县党务指导委员会派城厢镇7名妇女组成苍溟县妇女会筹备委员会,发震会员104名,10月召开县妇女会成立大会。34年8月,妇女会在国民党苍溪县党部礼堂召开会员代表大会,选举3人为常务理事。妇女会成立后,组织妇女上街游行,街头巷尾讲演,演出鼓动人民抗日的歌曲和新剧,为抗日将士捐款4"
xianzhi,A,大会,p-0212,"备委员会,发震会员104名,10月召开县妇女会成立","。34年8月,妇女会在国民党苍溪县党部礼堂召开会员代表大会,选举3人为常务理事。妇女会成立后,组织妇女上街游行,街头巷尾讲演,演出鼓动人民抗日的歌曲和新剧,为抗日将士捐款4.58万个铜元。"
xianzhi,A,大会,p-0213,"9年12月31日苍溪解放,未换届。苏维埃工农兵代表","1933年9月在文昌场召开县苏维埃工农兵代表大会,选举"
xianzhi,X,审查,p-0213,"、副议长。内设第一,第二、第三委员会,分别担任提案","、施政报告和起草宣言等。35年4月正式成立苍溪县参议会,参议员21人,候补参议员5人,常诲清\罗伯雷分别任正、副议长,参议会下设3个委员会,分别负责宣言、施政报告、提案审查。同时废县临时参议会。县参议会从成立到1949年12月31日苍溪解放,未换届。苏维埃工农兵代表大会1933年"
xianzhi,A,会议,p-0214,"5年5月红四方面军离县西进,活动停止。各界人民代表","1950年4月成立县各界人民代表会议(简称“各代会“),由委员、正副主席组成各代会常务委员会,二届一次代表会后,始设驻会副主席1人、专职干部1人。1953年7月常委会设驻会副主席2人,委员1人、专职干部3人、勤杂员1人。会内设秘书、学习.事务、代表联系4个小组。各代会主席.副主席"
xianzhi,A,大会,p-0214,"四届一次会议1953年7月一1954年9月人民代表","1951年9月苍溪始行人民代表大会制,县人民代表大会(简称“人代会“),为县级最商权力机关。大会设主席团,置主席、副主席或执行主席、秘书长,下设代表"
xianzhi,A,大会,p-0215,"。1954年9月至1965年12月共召开县人民代表","8次。1981年3月起每年召开一次大会,至1990年3月,共开县人民代表大会10次。大会各项决议,由县人民政府、县人民法院、县人民检察院施行,县人民代表、县人大常务委员会监督。人民代表大会常务委员会1955年起,按当时《地方组织法}规定,县人民代表大会闭幕期间行使其权力的常设机构"
xianzhi,A,法院,p-0215,"代表大会10次。大会各项决议,由县人民政府、县人民","、县人民检察院施行,县人民代表、县人大常务委员会监督。人民代表大会常务委员会1955年起,按当时《地方组织法}规定,县人民代表大会闭幕期间行使其权力的常设机构,为经代表大会选举产生的与县行政机构合一的县人民委员会。代表大会监督、决定、任免诸权,在闭幕期间由县人民委员会政务会议施行"
xianzhi,A,会议,p-0215,"监督、决定、任免诸权,在闭幕期间由县人民委员会政务","施行。1981年县第八届人民代表大会,始选举产生县人民代表大会常务委员会,在大会闭幕期间行使监督、决定任免诸权。常务委员会由主任、副主任,委员组成,下设人秘、调研、政法3个小组和办公室,19841年九届一次会后改设为代表联系科、经济科,政法科、教科文卫科和办公室,1990年十一届"
xianzhi,X,审查,p-0215,"“200。苍淑县志资格、提案(议案)、财政预决算等","委员会。1954年9月至1965年12月共召开县人民代表大会8次。1981年3月起每年召开一次大会,至1990年3月,共开县人民代表大会10次。大会各项决议,由县人民政府、县人民法院、县人民检察院施行,县人民代表、县人大常务委员会监督。人民代表大会常务委员会1955年起,按当时《"
xianzhi,A,大会,p-0216,"第五篇.政“权.201。代表",",大会设主席团和提案、代表资格、财政预决算3个审查委员会.至1990年共开代表大会4次,大会各项决议,由镇人民政府施行,镇政府接受镇人民代表监督。乡级机构乡(镇)民代表大会民国31年(1942)全县15乡(镇)相继召开乡(镇)民代表大会,:选举乡、镇长、县民代表,决定乡(镇)内兴"
xianzhi,A,会议,p-0216,"事官。设主席!人,一月或数月召开一次乡(镇)民代表",",所议各事,交乡(镇)政府施行。35年换届后,延至38年。乡(镇)人民代表大会1953年7月至1954年1月,各乡(镇)在普选的基础上先后召开乡(镇)人民代表大会.大会各项决议由乡(镇)人民政府(人委)执行,乡(镇)人民政府(人委)接受代表监督。乡(镇)人民代表大会在县人民代表大"
xianzhi,A,公安,p-0216,",改县知事为县长。县政府设秘书室和财务,教育.建设","4科及团练委员会。县长由防区驻军军部委任,政务受防区制约。1935年3月底红四方面军解放苍溪全境,县政府撒离县境。5月红军离县西进,6月县政府重返苍溪县城。是年川政统一,苍溪县隶第14行政督察区专员公署。按三等县编制机构及人员,设一科(管民政、军事)、二科(管财税经济)、三科(管"
xianzhi,X,审查,p-0216,"大会,大会设主席团和提案、代表资格、财政预决算3个","委员会.至1990年共开代表大会4次,大会各项决议,由镇人民政府施行,镇政府接受镇人民代表监督。乡级机构乡(镇)民代表大会民国31年(1942)全县15乡(镇)相继召开乡(镇)民代表大会,:选举乡、镇长、县民代表,决定乡(镇)内兴革事官。设主席!人,一月或数月召开一次乡(镇)民代"
xianzhi,A,国民党,p-0217,"3日夜携眷出走。于16日成立苍溪县紧急治安维持会,","县党部监察委员赵子佩任主任,县自卫总队副总队长陶式草、县参议会秘书陶茂椿任副主任,杨伯刚等11人为常委,代行县政府职权。直至1950年1月2日苍溪县解放委员会成立时停止工作。县苏维埃政府1933年6月,红四方面军进入苍溪县境,7月上旬在运山坝建立苍溪县苏维埃政府,中旬迁文昊客。9"
xianzhi,A,大会,p-0217,",中旬迁文昊客。9月在文昌宫召开县苏维埃工农兵代表",",选举产生新的苏维埃政府。县苏维埃政府下设土地、粮食、劳工、财政、文化、内务6个委员会和保卫局、交通局、经济处、革命法庭、军区指挥部。1934年春,红四方面军为反击刘湘部六路围攻,县苏维埃政府机关随红军转移巴中兮境。9月,红四方面取得反六路围攻胜利,解放苍溪县境嘉腔江以东全部地区"
xianzhi,A,民主建政,p-0217,"先后设18个办事机构。1952年,经过第二、第三次",",县政府办事机构增加到20个。1955年9月,改县人民政府为县人民委员会,至次年底,办事机构增为25个。1957年9月精简机构,下放科宗人员,县人委办事机构由原来25个减到14个。1959年起,县人委办事机构又逐渐增多,至1966年办事机构增加到33个。1967年1月,“造反派“"
xianzhi,A,公安,p-0217,"971年成立计划生育办公室。1972年恢复民政局、","局、成立多种经营、安全生产两个领导小组。1973年,县革委"
xianzhi,A,法院,p-0218,"府、农业、财贸、工交、文卫、计划、政法7口。县人民","、检察院蛛独立于县政府,但归在政法,口县长负责主持全面工作,副县长中有一常务副县长,县长不在县内时,由常务副县长主持全面工作。副县长分工管1一2个口,处理日常政务。重大政务由县长召开办公会议集体决定。“附一,县属行政、事业机构县人民政府办公室1950年为县政府秘书室;1955年改"
xianzhi,A,处理,p-0218,"由常务副县长主持全面工作。副县长分工管1一2个口,","日常政务。重大政务由县长召开办公会议集体决定。“附一,县属行政、事业机构县人民政府办公室1950年为县政府秘书室;1955年改为县人民委员会办公室;1969年为县革命委员会办事组;1973年改为县革命委员会办公室;1981年改建为县人民政府办公室至今。民政局1950年9月建立县政"
xianzhi,A,会议,p-0218,"管1一2个口,处理日常政务。重大政务由县长召开办公","集体决定。“附一,县属行政、事业机构县人民政府办公室1950年为县政府秘书室;1955年改为县人民委员会办公室;1969年为县革命委员会办事组;1973年改为县革命委员会办公室;1981年改建为县人民政府办公室至今。民政局1950年9月建立县政府民政科;1955年改为县人委民政科"
xianzhi,A,公安,p-0219,"8月改.为农林局;1977年12月复为农业局至今。","局1950年1月建立县人民政府公安局;1955年9月为县公安局;1969年2月为县革委人民保卫组;1972年8月复名县公安局至今。商业局1950年成立县政府工商科;1956年11月成立县商业局;1969年1月为商业局革命领导小组;1978年7月复名县商业局至今。\粮食局1950年"
xianzhi,A,法院,p-0219,"成立县政府司法科;1951年3月废司法科成立县人民",",司法行政由法院承办;1981年恢复县司法局至今。.城乡建设环境保护局1950年成立建设科;1955年废;1973年成立县推广沼气领导小组,隶县委农村工作部;1975年6月成立县城镇规划领导小组;1979年成立县沼气办公室;1980年4月成立县建设局;1981年成立县沼气建设局;"
xianzhi,X,训练,p-0228,"【曾锦柏窿萱责旦董四川开江县民国27年(1938》","所罗映江|大学|四川阀中县|县长|民国31年(1942)5厂志|anss一[[agzeeH厂不|anK玲a|Rey#aa5王页厂HHakHn75刘云髓四川苍溪县鳕霜1950年4月a5y[ases[aga51年2月一52年8月代县长,8月27刘山西中阳谢长庚|“初中|四川巴中县|县"
xianzhi,A,民主建政,p-0231,"36年增乡划保,复建3个区署。1950年2月第一次","时,建立10个区人民政府,第一区驻地炯峰楼(今云峰场).第二区东岳庙(今东青场),第三区五龙场,第四区三川寺,第五区歧坪场,第六区龙王场,第七区岳东场,第八区东溪场,第九区文昌场、第十区龙山场。41月裁六、七、九区人民收府,第一区人民政府迁县城,原第八区改为第六区人民政府,原第十"
xianzhi,A,公安,p-0231,"政府设镇长!人,副镇长2人。区、镇下设民政、财粮、","、生产等助理员。乡级机构苍溪建县后,地方建制为乡,理一乡政务之长,晋为啬夫,隋为乡正,哥为父老、乡长。清光绪元年(1875),改乡为总保,置总保长。宣统二年(1910)废总保,实行区域自治,将全县划为八区域,各区域设自治总董。民国初仍袱清制。民国6年(1917)“匪患频仍“,镇、"
xianzhi,A,乡长,p-0231,"乡,理一乡政务之长,晋为啬夫,隋为乡正,哥为父老、","。清光绪元年(1875),改乡为总保,置总保长。宣统二年(1910)废总保,实行区域自治,将全县划为八区域,各区域设自治总董。民国初仍袱清制。民国6年(1917)“匪患频仍“,镇、乡设团练分局,置团总,城区设团练总局,置正副局长,分局受总局节制。1933年6月至1935年5月,红"
xianzhi,A,保长,p-0231,"老、乡长。清光绪元年(1875),改乡为总保,置总","。宣统二年(1910)废总保,实行区域自治,将全县划为八区域,各区域设自治总董。民国初仍袱清制。民国6年(1917)“匪患频仍“,镇、乡设团练分局,置团总,城区设团练总局,置正副局长,分局受总局节制。1933年6月至1935年5月,红四方面军先后在苍溪县境建立乡苏维埃政府95个,"
xianzhi,A,匪,p-0231,"设自治总董。民国初仍袱清制。民国6年(1917)“","患频仍“,镇、乡设团练分局,置团总,城区设团练总局,置正副局长,分局受总局节制。1933年6月至1935年5月,红四方面军先后在苍溪县境建立乡苏维埃政府95个,乡苏维埃政府,设主席和裁判、土地粮食、劳工内务委员,管理全乡政务。民国24年(1935)夏,全县设36个联保办事处,置联"
xianzhi,A,团总,p-0231,"6年(1917)“匪患频仍“,镇、乡设团练分局,置",",城区设团练总局,置正副局长,分局受总局节制。1933年6月至1935年5月,红四方面军先后在苍溪县境建立乡苏维埃政府95个,乡苏维埃政府,设主席和裁判、土地粮食、劳工内务委员,管理全乡政务。民国24年(1935)夏,全县设36个联保办事处,置联保主任、文书。翌年夏,改36联保办"
xianzhi,A,联保,p-0231,"理全乡政务。民国24年(1935)夏,全县设36个","办事处,置联保主任、文书。翌年夏,改36联保办事处为36乡公所,设乡长、乡队附。26年又并为30个乡公所。29年实施新县制,推行_-地方自治,将30乡改编为15乡(均为乙等乡),旋改城厢乡为城厢镇,乡镇公所,设乡长、镇长.乡(镇)公所、学校、自卫队部合署办公,实行“政、教、军“三"
xianzhi,A,联保主任,p-0231,"国24年(1935)夏,全县设36个联保办事处,置","、文书。翌年夏,改36联保办事处为36乡公所,设乡长、乡队附。26年又并为30个乡公所。29年实施新县制,推行_-地方自治,将30乡改编为15乡(均为乙等乡),旋改城厢乡为城厢镇,乡镇公所,设乡长、镇长.乡(镇)公所、学校、自卫队部合署办公,实行“政、教、军“三位一体,“管、教."
xianzhi,A,旧乡,p-0231,"县为19个乡公所、1个镇公所。1950年1月,维持","(镇)政权体制原状,随即建立乡(镇)生产、征粮、剿匪委员会。接着成立乡农民协会行使乡政府权力,开展民主改革.至年底,结合减租退押,开展民主建"
xianzhi,A,征粮,p-0231,"维持旧乡(镇)政权体制原状,随即建立乡(镇)生产、","、剿匪委员会。接着成立乡农民协会行使乡政府权力,开展民主改革.至年底,结合减租退押,开展民主建"
xianzhi,A,剿匪,p-0231,"乡(镇)政权体制原状,随即建立乡(镇)生产、征粮、","委员会。接着成立乡农民协会行使乡政府权力,开展民主改革.至年底,结合减租退押,开展民主建"
xianzhi,A,减租,p-0231,"农民协会行使乡政府权力,开展民主改革.至年底,结合","退押,开展民主建"
xianzhi,A,退押,p-0231,"协会行使乡政府权力,开展民主改革.至年底,结合减租",",开展民主建"
xianzhi,A,乡长,p-0232,"立1街(城关街)人民政府和58个乡人民政府。街长、","兼民政委员,乡农会主席兼任生产委员,文书兼财粮委员,武装兼公安委员。1952年春,第二次民主建政,全县为1街政府、89乡政府,乡(街)召开农民(居民)代表大会选举乡(街)长、委员,组成乡(街)人民政府委员会.委员在乡(街)长领导下分管民政、财政、生产、文化、公安、武装等工作,形成"
xianzhi,A,公安,p-0232,"员,乡农会主席兼任生产委员,文书兼财粮委员,武装兼","委员。1952年春,第二次民主建政,全县为1街政府、89乡政府,乡(街)召开农民(居民)代表大会选举乡(街)长、委员,组成乡(街)人民政府委员会.委员在乡(街)长领导下分管民政、财政、生产、文化、公安、武装等工作,形成以政权为核心,以农会为基础的统一领导体制。3月,撒销龙井、新建"
xianzhi,A,民主建政,p-0232,"书兼财粮委员,武装兼公安委员。1952年春,第二次",",全县为1街政府、89乡政府,乡(街)召开农民(居民)代表大会选举乡(街)长、委员,组成乡(街)人民政府委员会.委员在乡(街)长领导下分管民政、财政、生产、文化、公安、武装等工作,形成以政权为核心,以农会为基础的统一领导体制。3月,撒销龙井、新建两乡人民政府,将元坝、东溪街村升为"
xianzhi,A,大会,p-0232,"1街政府、89乡政府,乡(街)召开农民(居民)代表","选举乡(街)长、委员,组成乡(街)人民政府委员会.委员在乡(街)长领导下分管民政、财政、生产、文化、公安、武装等工作,形成以政权为核心,以农会为基础的统一领导体制。3月,撒销龙井、新建两乡人民政府,将元坝、东溪街村升为镇人民政府。4月,城关街人民政府改为城关镇人民政府,直隶县人民"
xianzhi,A,甲长,p-0232,"制,以十户为牌、十牌为甲、十甲为保,保置保正,甲置",",牌置牌首。民国8年(1919)改保为团,置团正,下仍为甲,置甲长。1933年红四方面军在苍溪废保建村,全县建539个村苏维埃政府,各村苏维埃政府设主席、劳工、土地各1人。村以下每10户举1代表,名叫“十家代表“,讨论决定村内兴废之事。1935年5月以后,民国县政府恢复保甲制,全"
xianzhi,A,保长,p-0232,"县政府恢复保甲制,全县编为203保、2122甲,置","、甲长。民国28年(1939)“编整保甲“。保长208人,甲长3015人。翘年5月实施新县制,推行地方自治,全县288保,置保办公处设正、副保长、文书。3153甲各甲设甲长一人。民国36年增划1街保(县城),全县为289保,各增设一保队附办理“民众自卫“训练,甲数仍旧,1950"
xianzhi,A,副保长,p-0232,"县制,推行地方自治,全县288保,置保办公处设正、","、文书。3153甲各甲设甲长一人。民国36年增划1街保(县城),全县为289保,各增设一保队附办理“民众自卫“训练,甲数仍旧,1950"
xianzhi,X,训练,p-0232,"),全县为289保,各增设一保队附办理“民众自卫“",",甲数仍旧,1950"
xianzhi,A,村民,p-0233,"队长,组设组长。1951年改行政村为群众自治组织一","代表会,村长改称代表主任。组为代表组,称组长为组代表。1952一1954年,政区调整,村民代表会增至547个,组增至4231个,4个街村人民代表会改为4个居民委员会,后又将1个居民委员会改建为东关、正西、西关3个居民委员会。1953一1956年,农业合作化运动冲破了原村、组界限,"
xianzhi,A,会议,p-0237,"节国民代表选举民国2年(1913),县议事会、参事","长、议员由县团总和绅士推举。27年县民意咨询委员会委员,由县长函聘社会有知识有名望的人担任。31年5月,成立县选举事务所,在各乡(镇)进行公民登记和公民宣誓的基础上,组织民众选举保民代表,再由保民代表选举乡(镇)民代表。各职业团体也分别选举出各自的代表。8月县选举事务所、国民党苍"
xianzhi,A,团总,p-0237,"国2年(1913),县议事会、参事会议长、议员由县","和绅士推举。27年县民意咨询委员会委员,由县长函聘社会有知识有名望的人担任。31年5月,成立县选举事务所,在各乡(镇)进行公民登记和公民宣誓的基础上,组织民众选举保民代表,再由保民代表选举乡(镇)民代表。各职业团体也分别选举出各自的代表。8月县选举事务所、国民党苍溪县党部召集乡镇"
xianzhi,A,国民党,p-0237,"职业团体也分别选举出各自的代表。8月县选举事务所、","苍溪县党部召集乡镇长和党政军要员60余人参加的联席会议,选举县临时参议会议员及议长。34年自下而上换届选举乡(镇)民代表和各职业团体代表,于翎年4月由乡(镇)民代表投票选举县参议会正式议员21人、候补议员5人、正副议长各1人。25一37年间,县内曾2次选举国大代表、1次选举中央立"
xianzhi,A,法院,p-0237,"一37年间,县内曾2次选举国大代表、1次选举中央立","立法委员。25年8月第一次选举国大代表。按《国民代表大会选举法}规定,各省“各选区由该区各县之乡(镇)长联名推选候选人“。苍溪县为四川省第14选区之一部,县成立选举事务所,召开全县联保主任会议推选候选人,常诲清、舒子铭、杨廷椿3人当选,呈报省政府批准常诲清、杨廷椿2人为正式代表。"
xianzhi,A,大会,p-0237,"法委员。25年8月第一次选举国大代表。按《国民代表","选举法}规定,各省“各选区由该区各县之乡(镇)长联名推选候选人“。苍溪县为四川省第14选区之一部,县成立选举事务所,召开全县联保主任会议推选候选人,常诲清、舒子铭、杨廷椿3人当选,呈报省政府批准常诲清、杨廷椿2人为正式代表。翊年抗日战争爆发,国民代表大会停开。36年第二次选举国大"
xianzhi,A,联保主任,p-0237,"四川省第14选区之一部,县成立选举事务所,召开全县","会议推选候选人,常诲清、舒子铭、杨廷椿3人当选,呈报省政府批准常诲清、杨廷椿2人为正式代表。翊年抗日战争爆发,国民代表大会停开。36年第二次选举国大代表,省政府委任县长为县选举事务所主任,各乡(镇)设投票站,组织民众选举国大代表1人,初订常诲清、罗峄礼、赵北垣、杨廷椿.舒子铭、吴"
xianzhi,A,大会,p-0238,"席9月在文旺场召开的苍溪县第一次县苏维埃工农兵代表",".大会选举执行委员27人、常务委员11人、正副主席4人,组成苍溪县苏维埃政府。第三节“人民代表选举各代会代表刀1950一1953年,县各代会共举行过4届11次选举和换届选举.各代会代表中的60%丨…要]工、〈宅{乏`r葡、学`壹匙、矗鹫宜、二】琶壬毽壬罗旱乡}另‖i乏丨苣晋L着岫"
xianzhi,A,大会,p-0239,"之后,全县各选区在统一规定的选举日以投票站召开选民",",进行无记名投票.按照分配名额以获选票过半数中最多者当选,并发给当选证书。规定所选代表总数中中共党员代表不超过65%,民主党派和无党派人士代表不得低于35%,其中妇女代表不少于20%。县、乡人民代表选出后,按《村民委员会组织法(试行)}规定,改选村(居)民委员会,接着召开乡(镇)"
xianzhi,A,村民,p-0239,"中妇女代表不少于20%。县、乡人民代表选出后,按《","委员会组织法(试行)}规定,改选村(居)民委员会,接着召开乡(镇)人民代表大会,选举正副乡(镇)长和人民陪审员。最后召开县人民代表大会,选举产生新一届人大常委会组成人员和县政府正副县长法院院长、检察院检察长。|"
xianzhi,A,法院,p-0239,",选举产生新一届人大常委会组成人员和县政府正副县长","院长、检察院检察长。|"
xianzhi,X,审查,p-0239,"宣传《选举法》、划分选区、分配代表名频、登记选民,","选民资格\发选民证、征集提案、酝酿候选人、确定正式候选人等工作之后,全县各选区在统一规定的选举日以投票站召开选民大会,进行无记名投票.按照分配名额以获选票过半数中最多者当选,并发给当选证书。规定所选代表总数中中共党员代表不超过65%,民主党派和无党派人士代表不得低于35%,其中妇"
xianzhi,A,会议,p-0241,".226.苍溟县志|第乏章主要","第一节县参议会会议县临时参议会,民国31年(1942)8月奶立,至35年4月开会7次,收报告书19件,议案120件.函2件。先后作出“清查土地“.“定赋税“、“测量阅(中)苍(溟)公路“、“整治河堤“.“救灾“.“赈济贫困“,“修李公祠“、“建立抗日阵亡将士纪念碑“和“公园“等决"
xianzhi,A,大会,p-0241,"“等事项。第二节县苏维埃代表会议县苏维埃工农兵代表","于1933年9月5日至8日在文昌客召开,出席代表230余人,其中妇女代表20余人。会议选举县苏维埃政府领导班子;通过《苍溪县第一次工农兵代表大会决议书,向全县工农兵群众提出十大任务:第一,扩大红军及地方武装;第二,开展新的区域;第三,集中粮食;第四,查田均土;第五,优待红军家属;"
xianzhi,A,法院,p-0241,"7月,共经历1届,召开过11次会议.会议由县政府、","等部门负责人报告工作,审议县内有关重大事项,选举产生新的领导班子或补选领导成员.常委。通过有关议案.决定。"
xianzhi,A,会议,p-0242,"第五篇.政“权*227。一届一次","1950年4月19一21日在县城召开,到会正式代表71人,列席代表21人。选举常委11人、主席1人\副主席3人。议题有征粮、剽匪肃特、生产建设、文教、工商、医药和发行人民币、公债等事项。|一届二次会议1950年8月23一25日在县城召开。到会正式代表218人,列席代表13人。选举"
xianzhi,A,征粮,p-0242,"1人。选举常委11人、主席1人\副主席3人。议题有","、剽匪肃特、生产建设、文教、工商、医药和发行人民币、公债等事项。|一届二次会议1950年8月23一25日在县城召开。到会正式代表218人,列席代表13人。选举常委21!人,正,副主席各1人。主席刘云报告各代会工作。审议《各代会常委会组织条例3。通过废除保甲、建立村组、收缴枪支等议"
xianzhi,A,匪,p-0242,"举常委11人、主席1人\副主席3人。议题有征粮、剽","肃特、生产建设、文教、工商、医药和发行人民币、公债等事项。|一届二次会议1950年8月23一25日在县城召开。到会正式代表218人,列席代表13人。选举常委21!人,正,副主席各1人。主席刘云报告各代会工作。审议《各代会常委会组织条例3。通过废除保甲、建立村组、收缴枪支等议案。一"
xianzhi,A,肃特,p-0242,"常委11人、主席1人\副主席3人。议题有征粮、剽匪","、生产建设、文教、工商、医药和发行人民币、公债等事项。|一届二次会议1950年8月23一25日在县城召开。到会正式代表218人,列席代表13人。选举常委21!人,正,副主席各1人。主席刘云报告各代会工作。审议《各代会常委会组织条例3。通过废除保甲、建立村组、收缴枪支等议案。一届三"
xianzhi,A,减租,p-0242,"开,到会代表220人,县长刘笠青报告政府工作;通过","退押.清匪反霸、抗美援朝等议案。审查代表提案16件。选举常委13人、主席!人、副主席1人。.二届一次会议1951年3月16一20日在县城召开。到会代表295人,列席代表8人。总结各代会一年来的工作,审议并通过土地改革镇压反革命,惩治不法地主,反对美日单独妙和、反对美帝侵略朝鲜等议"
xianzhi,A,退押,p-0242,"到会代表220人,县长刘笠青报告政府工作;通过减租",".清匪反霸、抗美援朝等议案。审查代表提案16件。选举常委13人、主席!人、副主席1人。.二届一次会议1951年3月16一20日在县城召开。到会代表295人,列席代表8人。总结各代会一年来的工作,审议并通过土地改革镇压反革命,惩治不法地主,反对美日单独妙和、反对美帝侵略朝鲜等议案。"
xianzhi,A,清匪,p-0242,"表220人,县长刘笠青报告政府工作;通过减租退押.","反霸、抗美援朝等议案。审查代表提案16件。选举常委13人、主席!人、副主席1人。.二届一次会议1951年3月16一20日在县城召开。到会代表295人,列席代表8人。总结各代会一年来的工作,审议并通过土地改革镇压反革命,惩治不法地主,反对美日单独妙和、反对美帝侵略朝鲜等议案。选举常"
xianzhi,A,反霸,p-0242,"20人,县长刘笠青报告政府工作;通过减租退押.清匪","、抗美援朝等议案。审查代表提案16件。选举常委13人、主席!人、副主席1人。.二届一次会议1951年3月16一20日在县城召开。到会代表295人,列席代表8人。总结各代会一年来的工作,审议并通过土地改革镇压反革命,惩治不法地主,反对美日单独妙和、反对美帝侵略朝鲜等议案。选举常委1"
xianzhi,A,土地改革,p-0242,",列席代表8人。总结各代会一年来的工作,审议并通过","镇压反革命,惩治不法地主,反对美日单独妙和、反对美帝侵略朝鲜等议案。选举常委13人,主席1人、副主席2人及出席川北区一届二次各代会代表21人。二届二次会议1951年6月21一25日在县城召开。到会代表311人。会议吻取县政府关于镇反、惩违法、生产,救灾等工作报告.传达川北行署与川"
xianzhi,A,镇压反革命,p-0242,"表8人。总结各代会一年来的工作,审议并通过土地改革",",惩治不法地主,反对美日单独妙和、反对美帝侵略朝鲜等议案。选举常委13人,主席1人、副主席2人及出席川北区一届二次各代会代表21人。二届二次会议1951年6月21一25日在县城召开。到会代表311人。会议吻取县政府关于镇反、惩违法、生产,救灾等工作报告.传达川北行署与川北区政治协"
xianzhi,A,地主,p-0242,"年来的工作,审议并通过土地改革镇压反革命,惩治不法",",反对美日单独妙和、反对美帝侵略朝鲜等议案。选举常委13人,主席1人、副主席2人及出席川北区一届二次各代会代表21人。二届二次会议1951年6月21一25日在县城召开。到会代表311人。会议吻取县政府关于镇反、惩违法、生产,救灾等工作报告.传达川北行署与川北区政治协商会第二次扩大"
xianzhi,A,反对,p-0242,"工作,审议并通过土地改革镇压反革命,惩治不法地主,","美日单独妙和、反对美帝侵略朝鲜等议案。选举常委13人,主席1人、副主席2人及出席川北区一届二次各代会代表21人。二届二次会议1951年6月21一25日在县城召开。到会代表311人。会议吻取县政府关于镇反、惩违法、生产,救灾等工作报告.传达川北行署与川北区政治协商会第二次扩大联席会"
xianzhi,A,镇反,p-0242,"日在县城召开。到会代表311人。会议吻取县政府关于","、惩违法、生产,救灾等工作报告.传达川北行署与川北区政治协商会第二次扩大联席会议精神。审议并通过“成立处理反革命积案委员会“,捐献“苍溪号战斗机“1架支摒中国人民志愿军等决定。二届三次会议1951年11月16一21日在县城召开。到会代表312人。会议听取并审议县政府和各代会常委会"
xianzhi,A,处理,p-0242,"政治协商会第二次扩大联席会议精神。审议并通过“成立","反革命积案委员会“,捐献“苍溪号战斗机“1架支摒中国人民志愿军等决定。二届三次会议1951年11月16一21日在县城召开。到会代表312人。会议听取并审议县政府和各代会常委会工作报告.学习土改工作团关于(土地改革总路线和总政策的报告》《土地改革法》《惩治不法地主条例3等文件。选举"
xianzhi,A,反革命,p-0242,"协商会第二次扩大联席会议精神。审议并通过“成立处理","积案委员会“,捐献“苍溪号战斗机“1架支摒中国人民志愿军等决定。二届三次会议1951年11月16一21日在县城召开。到会代表312人。会议听取并审议县政府和各代会常委会工作报告.学习土改工作团关于(土地改革总路线和总政策的报告》《土地改革法》《惩治不法地主条例3等文件。选举各代会"
xianzhi,A,土改,p-0242,"。会议听取并审议县政府和各代会常委会工作报告.学习","工作团关于(土地改革总路线和总政策的报告》《土地改革法》《惩治不法地主条例3等文件。选举各代会常委和正、副主席以及出席川北区各代会代表。审议建议、意见25件。二届四次会议1952年1月15一18日在县城召开。到会代表316人。选举各代会常委、主席、副主席。通过爱国增产“三反“.“"
xianzhi,A,土改复查,p-0242,"3人。总结土改、生产,“三反“、“五反“工作。通过","、发展互相司作.开展爱国丰产竞赛等议案。审议代表建议、意见38件。会议选举常委15人、正副主席3人。三届二次会议1952年10月3一7日在县城召开。到会正式代表338人。列席代表10人。会议听取县政府关于发展巩固“三大合作“、开展物资交流、粮食秋征任务完成情况的报告和县法院工作报"
xianzhi,A,法院,p-0242,"作“、开展物资交流、粮食秋征任务完成情况的报告和县","工作报告。吻取文化播音,卫生防疫等专题发言并作出相应决议。选举委员15人、主席!人,副主席2人。四届一次会议1953年2月27日至3月3日在县城召开,到会正式代表345人。会议对巩固提高互助组.贯彻执行《(婚娇法》,开展“三反“(反官僚主义、命令主义、违法乱"
xianzhi,A,发言,p-0242,"报告和县法院工作报告。吻取文化播音,卫生防疫等专题","并作出相应决议。选举委员15人、主席!人,副主席2人。四届一次会议1953年2月27日至3月3日在县城召开,到会正式代表345人。会议对巩固提高互助组.贯彻执行《(婚娇法》,开展“三反“(反官僚主义、命令主义、违法乱"
xianzhi,X,审查,p-0242,"政府工作;通过减租退押.清匪反霸、抗美援朝等议案。","代表提案16件。选举常委13人、主席!人、副主席1人。.二届一次会议1951年3月16一20日在县城召开。到会代表295人,列席代表8人。总结各代会一年来的工作,审议并通过土地改革镇压反革命,惩治不法地主,反对美日单独妙和、反对美帝侵略朝鲜等议案。选举常委13人,主席1人、副主席"
xianzhi,A,会议,p-0243,"议.选举常委22人、主席1人、副主席2人。四届二次","1953年7月6一16日在县城召开。到会代表316人。县委书记作“朝鲜战场形势和美帝武装日本复活军国主义阴谋“的报告。听取县政府工作报告:通过农业生产十项政策及普选工作安排等议案。收各种建议、意见186条,选举常委27人、主席1人、副主席2人。第四节县人民代表会议县人民代表会议,"
xianzhi,A,法院,p-0243,"持外,每次会议均设主席团主持会议,听取县长、县人民","院长,县人民检察院检察长工作报告并作出相应的决议、决定.每届第一次代表会议均设代表资格审查委员会审查代表资格,进行换届选举。一届一次会议19541年9月6一8日在县城召开。出席代表310人。听取和审议政府工作报告、贯彻执行《中华人民共和国宪法(草案)}报告、关于选举省人民代表的报"
xianzhi,X,审查,p-0243,"出相应的决议、决定.每届第一次代表会议均设代表资格","委员会审查代表资格,进行换届选举。一届一次会议19541年9月6一8日在县城召开。出席代表310人。听取和审议政府工作报告、贯彻执行《中华人民共和国宪法(草案)}报告、关于选举省人民代表的报告;作出把巩固提高互助组,建立初级农业生产合作社作为压倒一切的中心工作的决议.选举谢长庚、"
xianzhi,A,会议,p-0244,"“的总路线和《农业发展纲要(四十「条3》。四届一次","1962年2月12一11日在县城召开。出席代表350人,会议昕取和审.`议县人委、法院工作报告和财政预决算报告,总结1961年以来贯彻《中共中央关于农村工作十二条指示3和《农村人民公社工作条例}所取得的成就并作出相应决定,选举县人民委员会委员及正、副县长。选举刘锦元为县人民法院院"
xianzhi,A,法院,p-0244,"召开。出席代表350人,会议昕取和审.`议县人委、","工作报告和财政预决算报告,总结1961年以来贯彻《中共中央关于农村工作十二条指示3和《农村人民公社工作条例}所取得的成就并作出相应决定,选举县人民委员会委员及正、副县长。选举刘锦元为县人民法院院长。审议提案87件。五届一次会议1963年7月13一15日在县城召开,出席代表326人"
xianzhi,A,斗争,p-0244,"业都要有大的发展,“要按中共八届十中全会精神抓阶级",",纠正单干风,广泛开展社会主义教育运动“等决议。六届一次会议1965年12月26一29日在县城召开。出席代表319人,列席代表16人。会议听取审议县人委、法院工作报告和国民经济计划.财政预决算报告。听取农,工、商代表和模范人物的发言。选举县人民委员会委员及正.副县长。选举韩绍政为"
xianzhi,A,发言,p-0244,"划.财政预决算报告。听取农,工、商代表和模范人物的","。选举县人民委员会委员及正.副县长。选举韩绍政为县人民法院院长。补选张友益为省第三届人民代表大会代表。“七届(由县荣命委员会取代)一次会议县革委成立前,县人民武装部多次召集苍滦两派群众组织的头头协商,各派出代表到省革命委员会协商县革委组成人员,省革命委员会圈定主任!人、副主任5人"
xianzhi,A,大会,p-0244,"绍政为县人民法院院长。补选张友益为省第三届人民代表","代表。“七届(由县荣命委员会取代)一次会议县革委成立前,县人民武装部多次召集苍滦两派群众组织的头头协商,各派出代表到省革命委员会协商县革委组成人员,省革命委员会圈定主任!人、副主任5人、常委17人,委员36人,于1969年2月24日在县苍中校体育场召开苍溪县革命委员会成立大会.到"
xianzhi,X,名单,p-0244,"员会的批示,宣布县革委委员、.常委、.主任、副主任","。通过给毛泽东致敬电和给县人民武装部全体指战员的慰问信。自此县革委行使县人民代表大会、中共苍溪县委、县人民委员会一切权力,实行“一元化领导“。七届二次会议“县革委成立之后,接着召开全委会议,常委、委员进行分工,作出实现无产阶级在上层建筑其中包括在各个文化领域里的专政,深入持久开展"
xianzhi,A,会议,p-0245,"产新飞跃}和《关于坚决拥护和贯彻党和八届十二中全会","公报34个决议。七届五次会议1970年5月13日召开县革委第一次常务委员会议。讨论干部审批、办事机构人员调整、下放九龙山农场“劳动改造“干部安排及中学“清理阶级队伍“等事项,并作出相应决定。:八屉一次会议1981年3月19一26日在县城召开,出席代表334人,列席代表34人。会议"
xianzhi,A,大会,p-0245,"委员15人,人大常委正、副主任4人。成立县人民代表","常务委员会。选举县政府正、副县长。选举胡正均为县人民法院院长,李先成为县人民检察院检察长。收议案,意见257件。,八届二次会议“1982年3月21一24日在县城召开。出席代表380人。听取和审议县人大常委会、县政府、法院、检察院工作报告和国民经济计划执行情况以及县财政预决算报告,"
xianzhi,A,法院,p-0245,"务委员会。选举县政府正、副县长。选举胡正均为县人民","院长,李先成为县人民检察院检察长。收议案,意见257件。,八届二次会议“1982年3月21一24日在县城召开。出席代表380人。听取和审议县人大常委会、县政府、法院、检察院工作报告和国民经济计划执行情况以及县财政预决算报告,并作出相应决定.有关决定重视1981年洪涝灾害给全县人民"
xianzhi,A,处理,p-0245,"春力开发与能源建设。收到议案31件,经审议均作意见",",收代表批评建议共126件。九届三次会议1986年3月26一29日在县城召开。出席代表345人,列席代表50"
xianzhi,A,会议,p-0246,"第五箭.政“权*231。,“余人,","听取、审议并通过县政府一年来关于贯彻执行“坚定不移,馍重初战,务求必胜“改革方针情况的报告。审议并通过县政府提出的“稳定一个基础(农业),壮大三个支柱(林果业、畜牧业、乡镇企业),猛攻一个突破口(水果业),以加强农村商品生产发展“的战略,并作出相应的决议。审议议案18件,建议与意"
xianzhi,A,大会,p-0246,"与意见134件,选举出席广元市第一届第二次人民代表","代表96名。十届一次会议1987年2月28日至3月3日在县城召开.出席代表312人,列席代表60余人。吻取、审议并通过县人大常委会工作和县政府《全面开发苍溪经济,加快脱贫致富步伐}的报告及法院、检察院的工作报告,作出相应决定.选举县人大常委会委员及正副主任,县政府正\副县长,选举"
xianzhi,A,法院,p-0246,"政府《全面开发苍溪经济,加快脱贫致富步伐}的报告及","、检察院的工作报告,作出相应决定.选举县人大常委会委员及正副主任,县政府正\副县长,选举张国安为县人民法院院长,游传明为县人民检察院检察长.审查议案23件和建议、意见233件。十届二次会议1988年4月6一10日在县城召开.出席代表312人,列席代表80佘人.会议听取、审议并通过"
xianzhi,X,审查,p-0246,"国安为县人民法院院长,游传明为县人民检察院检察长.","议案23件和建议、意见233件。十届二次会议1988年4月6一10日在县城召开.出席代表312人,列席代表80佘人.会议听取、审议并通过县政府关于(千头万绪抓改革,全民奋起创新业}政府工作报告和人大常委、法院、检察院工作报告.审议通过财政预决算和国民经济计划执行情况报告,作出相应"
xianzhi,A,会议,p-0247,"志建议和意见172件。第五节_县各代会、人大常委会","各代会常委会议各代会建立初,主席、委员均属兼职,无常设机构,会议多随政府工作会议进行。1954年2月至9月,共召开三次会议。一次会议1954年2月10一12日召开,出席会议常委13人,易收各阶层代表57人,会议审议县政府关于贯彻过渡时期总路线情况的报告,对推销1954年国家经济建"
xianzhi,A,会上,p-0247,"月14一17日召开,到会常委和列席代表共108人。","县政府作《动员一切力量开展增产运动,为完成和超频完成1954年增产任务而奋斗}的报告,会议听取关于税收工作的发言,批判生产上的盲目乐观、消极等待思愚,动员开展增产运动。三次会议1954年9月17日召开,到会25人。报告各代会儿年来的工作,肯定各代会所取得的成缎和各委员所作的贡献。"
xianzhi,A,发言,p-0247,"4年增产任务而奋斗}的报告,会议听取关于税收工作的",",批判生产上的盲目乐观、消极等待思愚,动员开展增产运动。三次会议1954年9月17日召开,到会25人。报告各代会儿年来的工作,肯定各代会所取得的成缎和各委员所作的贡献。宣布撒销各界人民代表会议常务委员会及其办事机构。人代会常委会议1一2届县人民委员会每届开3一4次全委会议,3一6"
xianzhi,A,大会,p-0247,"次全委会议上推选小学教师石鉴元为第三届全国人民代表","代表.由于权力机构与行政机构不分,不能有效地发挥人民的监督作用。县八届人代会一次会议闭幕后,始设立常设机构人大常委会,单独行使监督权、决定权、任免权。按照《地方组织法}规定,人大常委会每两月开会一次。8一10届共开会58次,其中有“一府““两院“人大常委各科室人员参加的扩大会议和"
xianzhi,A,法院,p-0247,"次。第八届“共开会18次。听取、审议县政府、县人民","、人民检察院工作报告,审议涉及全县政治,经济,文教卫生、科技、民政等议题23项,对其中15个重大事项作出决议和欧定,任免国家工作人员132名;组织常务委员和部分县、乡(镇)人民代表开展大、小型视′察16次。办理,接待人民来信来访233件(次)、督促县政府有关部门办理人民意见174"
xianzhi,A,会议,p-0248,"来信357件,接待来访160人次。第六节县政府政务","民国期间,县政府有“县政会议“,一月1一2次,县长主持,县政府秘书,科处长.县党部书记、白卫囡长.工商团体负责人参加.会议由县长报告政务,各科.处汇报工作,讨论与会人员提出的有关议瓯,并作出相应决议,交有关职能部门施行.解放后,县人民政府建立政务会议(政府工作会议)制度,一般每年"
xianzhi,A,会议,p-0249,"当场拍板解决,有的转令有关部门办理,有的交县长办公","集体讨论决定后书面答复本人。"
xianzhi,A,会议,p-0250,"1950年4月至1953年7月,苍溪县各界人民代表","(简称县各代会)选举产生的县各代会常务委员会,代行县政协职权。1954年7月,苍溪县第一届人民代表大会第一次会议召开后,县各代会常务委员会仍作为县的统一战线组织之一继续存在并进行工作,直至1956年6月7日建立县学委会止。县学委会在“文化大革命“中被迫停止活动。1981年3月县政"
xianzhi,A,大会,p-0250,"行县政协职权。1954年7月,苍溪县第一届人民代表","第一次会议召开后,县各代会常务委员会仍作为县的统一战线组织之一继续存在并进行工作,直至1956年6月7日建立县学委会止。县学委会在“文化大革命“中被迫停止活动。1981年3月县政协成立。第一节政协委员会政协苍溪县委员会由中国共产党、民主党派成员、无党派人士、人民团体、少数民族和各"
xianzhi,A,民团,p-0250,"县委员会由中国共产党、民主党派成员、无党派人士、人","体、少数民族和各界的代表,台湾同胞、港澳同胞和国外侨胞的亲属代表以及特别邀请的人士组成。县政协从1981年3月成立至今,已值第四届,每届任期3年,设主席1人、副主席4一6人,是中国人民政治协商会议苍漫县级政治协商机构。县政协组织机构分全体委员会、常务委员会和主席会。全体委员会每年"
xianzhi,A,会议,p-0251,",些通过提出建议和批评,发挥民主监督作用。全体委员","闭会期间,由全体委员会议选举产生的常务委员会主持日常事务。主席主持常务委员会的工作,副主席、秘书长协助主席工作。常务委员会由主席、副主席、秘书长和常务委员组成,通常每季度举行一次会议。常务委员会召集并主持全体委员会议(每届第一次全体委员会议由委员选举产生的主席团主持);组织实施政"
xianzhi,A,大会,p-0251,"决议;执行全体委员会决议;审议并通过提交县人民代表","及其常务委员会或县人民政府的重要建议案;根据秘书长提议,任免副秘书长;决定县政,华工作机构设置和变动,并任免其领导成员。主席会由主席、副主席、秘书长组成,通常每月举行一次会议,处理常务委员会的重要日常工作。^第二节_机关委(组、科)、室(处)1981年3月全委会议后至1984年3"
xianzhi,A,处理,p-0251,"由主席、副主席、秘书长组成,通常每月举行一次会议,","常务委员会的重要日常工作。^第二节_机关委(组、科)、室(处)1981年3月全委会议后至1984年3月,机关设“一处、两委、六组“,即秘书处、学习委员会、提案工作委员会、文化教育组、医药卫生组、科学技术组、财贸工商组、文〈史资料组、社会组。机关在编人员13人。参加委组活动的政协委"
xianzhi,A,会议,p-0252,"1983年,由县和南充地区推荐,经中国人民政治协商","四川省第四届委员会常务委员会决定,苍溪县白岩乡油房村农民石大荣为省政协第五届委员会委员。二、1986年1月,中国人民政治协商会议四川省广元市第一届委员会第二次会议送举中共苍溪县委书记雍湘为市政协副主席。三、1990年4月,中国人民政治协商会议四川省广元市第二届委员会第一次会议送举"
xianzhi,A,民团,p-0253,"位、委员名额和人选,首届由中共苍溪县委坭以并与各人","体、有关部门和各界人士代表民主协商决定,其余各届由上届常务委员会协商决定。每届任期内,增加或者变更参加单位、委员名频和决定人选,由本届常务委员会协商决定。决定后即通知本人,并发给委员证书。第二节_构“成第一届(1981年3月18日至19841年3月)有中共、无党派、工会、共青团、"
xianzhi,A,会议,p-0254,"的,有5名是三届九次常委会决定增补的。第么章“历屈","第一节全体委员会议第一届一届一次会议于1981年3月18日一3月27日在县城召开,到会委员68人,列席15人。中共苍溪县委副书记张玉源致开幕词。会议听取并审议中国人民政治协商会议四川.省苍溪县第一届委员会筹备小组副组长伏明远作的关于筹备中国人民政治协商会议四川省苍溪县委员会的工作"
xianzhi,A,会议,p-0255,"240。苍溪县志习《中共中央关于转发〈全国统战工作","纪要〉的通知》和中共中央总书记胡耀邦在全国统战工作会议上的讲话,认为提出“肝胆相照、荣辱与共“,感人肺腑,给人力量,催人奋进,一致表示要在中共苍溪县委领导下为四化建设多作贡献。一届三次会议于1983年3月21日一26日在县城召开,到会委员67人,列席20人。会议昕取并审议副主席罗"
xianzhi,A,大会,p-0255,"把这次会议开成一个同心协力干四化,再展宏图立新功的","。.会议听取并审议副主席周承瞬作的二届二次会议以来常务委员会工作报告.会议要求全体政协委员和各界人士,在中共苍溪县委领导下,为“七.五“计划的实施和经济、科技、教育体制改革的顺利进行献计献策,做出应有的贡献。本次会议补选了副主席1名,常委2名。【第三届三届一次会议于1987年2月"
xianzhi,A,会议,p-0256,"第六篇.政“协“241。三届二次","于1988年41月5日一10日亦县城召开,到会委员98人,列席46人。会议听取并审议副主席侯永康作的三届一次会议以来常务委员会工作报告。中共苍漫县委书记赵洪银就深化改革问题讲了话。会议要求全体政协委员和各界人士深入学习社会主义初级阶段理论和中国共产党的基本路线,为苍溪经济的振兴和"
xianzhi,A,会议,p-0257,"志第二届1984年4月一1987年2月,举行常委会","15次。主要研究县政协委组建设、召开政协委员和各界人土为振兴苍溪经济服务经验交流会有关问题;传达省政协五届八次常委(扩大)会议和南充地区人才交流会议精神;学习《中共中央关于经济体制改革的决定》、《中共中央关于社会主义精神文明建设指导方针的决定》;研讨振兴苍漫经济之路,能源开发和对"
xianzhi,X,名单,p-0257,"定》;通报政协广元市第二届委员会苍溪范围内委员建议",";听取并讨论县人民政府关于经济工作,县政协组织委员视察全县贯彻中共苍漫县委政协统战工作会议精神的情况通报和县政协关于农村集体经济的调查报告,主席郑文常赴法国考察肉毛兔生产情况汇报。"
xianzhi,A,会议,p-0258,"第六箭.政_协“243。第三节主席","第一届(1981年3月至1984年3月)举行主席会议36次,第二届(1984年4月至1987年2月)举行主席会议36次,第三届(t1987年3月至1990年2月)】]'愉儡肴于主′罩B=会妻i冀之36次,第四届(1990年3月至年底)举行主席会议4次,主要研究召开全体委员会和常务"
xianzhi,A,处理,p-0258,"协会议、县内重要会议精神的传达和委组工作情况汇报,","其他重要日常工作。第四章“主要工作第一节“协商监督|1981年3月至1990年底,县政协通过10次全体委员会议并列席相应的10次县人民代表大会,50次常委会,112次主席会,120多次委组会,上百次专题调查、视察以及列席中共苍溪县委、县人大常委会,县人民政府及各部门主要会议,就县"
xianzhi,A,大会,p-0258,"通过10次全体委员会议并列席相应的10次县人民代表",",50次常委会,112次主席会,120多次委组会,上百次专题调查、视察以及列席中共苍溪县委、县人大常委会,县人民政府及各部门主要会议,就县内政治、经济、文化等方面的重大事务和群众生活中的重大问题进行政治协商和民主监督。本着协商于决策之前,监督于执行之中的原则,已逐步形成确定议题一"
xianzhi,A,会议,p-0260,"学校的建议和具体措施。县人民政府儿次协商论证,形成","纪要。年底,县农业广播电视学校既有连续开办的三年制班,又有不同时段的县、区、乡三级农业科学技术培训班。第三节广交朋友常委(扩大)会、常委会、专题座谈会和常委会下设的各专门委员会(组)、1989年9月成立的政协之友联宜会以及1986年以来建立起的10个区(镇)、三川、永宁两个乡的政"
xianzhi,A,发言,p-0260,"务经验交流会。已先后召开4次,参加者共617人次,","者共141人次。各界朋友高举社会主义和爱国主义旗帜,常通过政协渠道提出许多好的关于苍溪两个文明稚设的建议。知识界朋友,通过政协办讲座,兴学校,搞科研,传技术,把知识献给人民。1982年五龙乡九燕村老兽医唐文敬把其家珍藏两百多年的学本乾隆《苍溪县志}献给政协.一、二届政协副主席李蕴"
xianzhi,A,会议,p-0261,"1年5月至1987年10月,县政协召开文史资料工作","4次;征稿800余篇,60余万字;油印文史资料选辑34辑,收录稿件160篇,12.3万字;铅印出版《苍溪县文史资料选辑》第一辑,14万字,载文31篇。其中的《苍溪古汉昌治地考略》认定苍溪“古汉昌治地不在东青场而在青山观“,被有关史学家认同。从1987年11月县政协第五次文史资料工"
xianzhi,A,会议,p-0262,"委员会审查立案后,送有关单位办理,均于下次全体委员","前办复完毕,做到事事有交代,件件有着落,1982年委员提案60件,文教局收到其中“关于建立中心幼儿园“的提案后,立即上报项目,挽款修建。1983年委员提案43件,1984年75件,1985年107件,1986年101件,1987年99件,1988年120件。县人民政府收到其中“充"
xianzhi,A,副乡长,p-0262,"分发挥科技人员作用“的提案后,作出下派科技副区长、","、副厂长(经理)和鼓励科技人员下厂下乡摘技术承包、举办技术培训班等科学决策,广开才路。1989年委员提案111件,其中“建立县长接待日“的提案,县人民政府采纳后,收到密切联系群众,广开言路效果。1990年委员提案189件,对其中必须要办的重要提案,如关于社会治安的提案,主席郑文常"
xianzhi,X,审查,p-0262,"节“提案办理1981年委员提案116件。提案委员会","立案后,送有关单位办理,均于下次全体委员会议前办复完毕,做到事事有交代,件件有着落,1982年委员提案60件,文教局收到其中“关于建立中心幼儿园“的提案后,立即上报项目,挽款修建。1983年委员提案43件,1984年75件,1985年107件,1986年101件,1987年99件"
xianzhi,A,公安,p-0263,"5“248。苍溪县志`第七篇“","司法第一章“来#第一节公安局|清光绪三十四年(1908)设县暹察局。宣统元年(1909),县警察局在县城置警察兵20人。宣统三年(1911)改县警察局为县巡警署。民国2年(1913)改县巡警署为县警察事务所。3年,警察事务所更名警察所。将警察兵组建为警备队。18年改警察所为县公安"
xianzhi,A,公安,p-0264,"第七篇、","司法“249。1950年1月初,县解放委员会接管旧警察局。18日县人民政府公安局成立。1951年1月31日,县看守所、监狱移交县公安局管理。1952年,开办肖家坝劳改农场。1953年9月,撒肖家坝劳改农场,开办三漫劳改农场。1957年12月,三溪劳改农场移交南充专区公安处管理。1"
xianzhi,A,看守所,p-0264,"8日县人民政府公安局成立。1951年1月31日,县","、监狱移交县公安局管理。1952年,开办肖家坝劳改农场。1953年9月,撒肖家坝劳改农场,开办三漫劳改农场。1957年12月,三溪劳改农场移交南充专区公安处管理。1966年12月起,“文化大革命“运动冲击公安部门,公安机构瘫痰。从1968年1月5日起,由苍滓县军事管制领导小组行使"
xianzhi,A,监狱,p-0264,"民政府公安局成立。1951年1月31日,县看守所、","移交县公安局管理。1952年,开办肖家坝劳改农场。1953年9月,撒肖家坝劳改农场,开办三漫劳改农场。1957年12月,三溪劳改农场移交南充专区公安处管理。1966年12月起,“文化大革命“运动冲击公安部门,公安机构瘫痰。从1968年1月5日起,由苍滓县军事管制领导小组行使公安局"
xianzhi,A,劳改,p-0264,"守所、监狱移交县公安局管理。1952年,开办肖家坝","农场。1953年9月,撒肖家坝劳改农场,开办三漫劳改农场。1957年12月,三溪劳改农场移交南充专区公安处管理。1966年12月起,“文化大革命“运动冲击公安部门,公安机构瘫痰。从1968年1月5日起,由苍滓县军事管制领导小组行使公安局职权。从1969年2月26日起,由县革命委员"
xianzhi,A,管制,p-0264,"公安机构瘫痰。从1968年1月5日起,由苍滓县军事","领导小组行使公安局职权。从1969年2月26日起,由县革命委员会人民保卫组行使公安局职权。1972年8月25日恢复苍溪县公安局及其下属机构。1982年3月31日,各区(镇)均设派出所,同时撒销公安特派员。1984年公安局下属的股改为移,设政保、内保、治安、预审、消防、政工6科。1"
xianzhi,A,破坏,p-0264,"研究室)、1985年1月新增林业检察科。同年8月将","森林案办理工作划归公安局,撒销林业检察科。1987年4月,增设政工科。1988年3月,成立税务检察室。8月成立歧坪检察所。1989年!月,成立民事行政检察科。1990年2月,经济检察科更名为贪污贿赂检察科。"
xianzhi,A,人民法庭,p-0265,"年1月18日县人民政府下设司法科。9月22日成立县","。歧坪、三川两区设分庭。法庭设审判长、宙判员。翌年3月1日撒销司法科成立县人民法院,设院长、副院长、审判员。1952年成立4个派出法庭,巡回于五龙、三川、元坝、歧坪、龙山、文昌、东溪7个区,受理民事及轻微刑事案件。1953年设刑、民事案件审判组、秘书室、审判委员会。1956年2月"
xianzhi,A,法院,p-0265,"设审判长、宙判员。翌年3月1日撒销司法科成立县人民",",设院长、副院长、审判员。1952年成立4个派出法庭,巡回于五龙、三川、元坝、歧坪、龙山、文昌、东溪7个区,受理民事及轻微刑事案件。1953年设刑、民事案件审判组、秘书室、审判委员会。1956年2月将巡回法庭改为常驻区人民法庭。7月,县法院置民、刑.事两个审判庭。1966年“文化"
xianzhi,A,公安,p-0266,"第七篇,","司法“251。建。1981年1月,县法院设经济审判庭。1985年底,全县9区1镇各派驻一人民法庭。1987年10月,县法院设告诉、申诉庭和执行庭。1988年12月,设行政审判庭。历任人民法庭审判长、人民法院院长名录蛊名|性别|_籍“贾_|职务|任职时间_|叶沥刘等青男山西省临县审"
xianzhi,A,法院,p-0266,"第七篇,公安司法“251。建。1981年1月,县","设经济审判庭。1985年底,全县9区1镇各派驻一人民法庭。1987年10月,县法院设告诉、申诉庭和执行庭。1988年12月,设行政审判庭。历任人民法庭审判长、人民法院院长名录蛊名|性别|_籍“贾_|职务|任职时间_|叶沥刘等青男山西省临县审判长1950.9一1951.2县长兼刘箱"
xianzhi,A,人民法庭,p-0266,"院设经济审判庭。1985年底,全县9区1镇各派驻一","。1987年10月,县法院设告诉、申诉庭和执行庭。1988年12月,设行政审判庭。历任人民法庭审判长、人民法院院长名录蛊名|性别|_籍“贾_|职务|任职时间_|叶沥刘等青男山西省临县审判长1950.9一1951.2县长兼刘箱青5《院长1951.3-一1951.100刘楷“山西省中"
xianzhi,A,公安,p-0267,"出禁烟通令后,吸、贩烟毒者由公开转为隐蔽。同年经县","、民政部门调查、全县制、贩、运、吸者约占总人口的255%。县人民政府命令钩掉烟苗30多处,查封常年性烟馆58家。12月6日,县禁烟禁毒委员会成立,在县城人民会场召开有1500多人参加的禁烟毒群众大会,宣布政策法令,公审烟毒贩3人,当众焚毁鸦片86两5钱2分,烟具三大筐,同时各区、"
xianzhi,A,群众大会,p-0267,"成立,在县城人民会场召开有1500多人参加的禁烟毒",",宣布政策法令,公审烟毒贩3人,当众焚毁鸦片86两5钱2分,烟具三大筐,同时各区、乡也成立禁烟禁毒委员会。8日,县人民政府发出《布告》,号召全县人民严格遨守禁点禁毒政策、法令,与烟毒活动作斗争。1951年各区、乡(街)设立戒烟所,登记瘦民,限期戒绝,到期化验,未戒绝者,分期分批送"
xianzhi,A,公审,p-0267,"有1500多人参加的禁烟毒群众大会,宣布政策法令,","烟毒贩3人,当众焚毁鸦片86两5钱2分,烟具三大筐,同时各区、乡也成立禁烟禁毒委员会。8日,县人民政府发出《布告》,号召全县人民严格遨守禁点禁毒政策、法令,与烟毒活动作斗争。1951年各区、乡(街)设立戒烟所,登记瘦民,限期戒绝,到期化验,未戒绝者,分期分批送所施戒,每期半月,自"
xianzhi,A,斗争,p-0267,"召全县人民严格遨守禁点禁毒政策、法令,与烟毒活动作","。1951年各区、乡(街)设立戒烟所,登记瘦民,限期戒绝,到期化验,未戒绝者,分期分批送所施戒,每期半月,自缴费用。乡村召开烟民座谈会,坦白烟毒来源,检举毒犯,登记瘾民。重点清查,收缴烟毒、炯具,同年全县收缴鸦片1064两、贩卖烟毒银圆1.09万元和大批烟具。大部分烟民自动登记。"
xianzhi,A,公安,p-0268,"箩七篇,","司法“253。人,迫使尚在等待观望的烟毒九向人民政府自首。9月8日前往各登记点登记的烟民有|128名。至10月全县新收缴鸭片180多两、烟具1500多套、贩烟毒黄金5.5钱(27.5克)、银圆110元。对全县新查山的350名烟毒犯,本着“坦白从宽,抗拒从严“的政策,不予追究的有1"
xianzhi,A,抗拒,p-0268,"元。对全县新查山的350名烟毒犯,本着“坦白从宽,","从严“的政策,不予追究的有166人、登记自新的128人、给予严厉打击的73人,鸦片基本禁绝。1959年2月,文昌、龙山区的部分边远地区,个别暗藏烟犯重操旧业,3月10日至4月10日,县公安局于以打击和取缔。1982年以后,县境边缘山区时有个别户偷种命粟。1989年11月至1990"
xianzhi,A,自新,p-0268,"从宽,抗拒从严“的政策,不予追究的有166人、登记","的128人、给予严厉打击的73人,鸦片基本禁绝。1959年2月,文昌、龙山区的部分边远地区,个别暗藏烟犯重操旧业,3月10日至4月10日,县公安局于以打击和取缔。1982年以后,县境边缘山区时有个别户偷种命粟。1989年11月至1990年5月,在天观、双田、河地三乡境内查获8户偷"
xianzhi,A,地主,p-0268,"以光先后将1000多亩田产输光,至解放前夕沙为破产","。1950年,各级人民政府严惩赌博行为。对庇护、窝藏赌博案犯,同罪论处。在非公共场所赌博,情节轻微者,或在公共场所有类似赌博行为者,处10日以下拘留,7日以下罚役或10万罚金(旧版人民币)。对职业赌棍,施以集中教育,令其劳动改造。1952|年底基本刻住了赌博之风。1982年赌博再"
xianzhi,A,匪,p-0268,"罚款1404人,收缴赌资2205元,赌势稍息。清“","民国6年(1917),川北巨匪段绍武、韩维川率众盘蹈九龙山、龙享山一带,抢劫商贾,拦截嘉陵江、东河上下船只。致使“交通断绝,商贾不通“。县知事熊献方率团丁与匪激战,匪患未息。8年四川陆军第一师营长鲁屏周率部剿灭其大部,段匪选道。9年5"
xianzhi,A,匪,p-0269,"“2541。苍漫县志月,段","支棚匠首冯玉成、万兴发伙同股匠20支,近1000人换掠县城。后来,段、韩股匪被驻阆中熊克武部招安。段绍武、韩维川妹招安后,又企图为匪,被杀。这年,一些地方团阀、明办团练,暗为盗匪。锋滦、于龙、小浙河、府君庙(今属剑阁鹤林区辖)、龙彭、高坡等地团练与土匪勾结,坐地分肥,各霸一方。1"
xianzhi,A,股匪,p-0269,"伙同股匠20支,近1000人换掠县城。后来,段、韩","被驻阆中熊克武部招安。段绍武、韩维川妹招安后,又企图为匪,被杀。这年,一些地方团阀、明办团练,暗为盗匪。锋滦、于龙、小浙河、府君庙(今属剑阁鹤林区辖)、龙彭、高坡等地团练与土匪勾结,坐地分肥,各霸一方。10年9月,川军罗通琼部的一个萍驻苍溪,同地方武装一道合力清蔚,匪风稍息。25"
xianzhi,A,被杀,p-0269,"熊克武部招安。段绍武、韩维川妹招安后,又企图为匪,","。这年,一些地方团阀、明办团练,暗为盗匪。锋滦、于龙、小浙河、府君庙(今属剑阁鹤林区辖)、龙彭、高坡等地团练与土匪勾结,坐地分肥,各霸一方。10年9月,川军罗通琼部的一个萍驻苍溪,同地方武装一道合力清蔚,匪风稍息。25年9月17日,土匪100余人,持抢60多支,由阅中思依窜至苍溪"
xianzhi,A,土匪,p-0269,"、府君庙(今属剑阁鹤林区辖)、龙彭、高坡等地团练与","勾结,坐地分肥,各霸一方。10年9月,川军罗通琼部的一个萍驻苍溪,同地方武装一道合力清蔚,匪风稍息。25年9月17日,土匪100余人,持抢60多支,由阅中思依窜至苍溪,从下五里子起,一路抢掠至三川场,19日“围攻(三川)区署,搜走区员,洗劫全场“。县保安队出剿,匪众逃窄。37年,"
xianzhi,A,剿匪,p-0269,"、警察队缉拿,均无明显效果。1950年,县、区成立","委员会,县组建人民武装大队、公驱队,区有区干队,乡村有农民自卫队。勒令土匪投案自首,坦白登记,争取从宽处理。1950年2月,人民解放军513团和苍溪县大队、公安队合力围剿境内土匪。县公安局派员随军侦查作战。是年4月活捉龚方谷,6月拿获“杨氏五郎“,翌年1月击毙李坤山、县内匠患平息"
xianzhi,A,投案,p-0269,"队、公驱队,区有区干队,乡村有农民自卫队。勒令土匪","自首,坦白登记,争取从宽处理。1950年2月,人民解放军513团和苍溪县大队、公安队合力围剿境内土匪。县公安局派员随军侦查作战。是年4月活捉龚方谷,6月拿获“杨氏五郎“,翌年1月击毙李坤山、县内匠患平息。镇压反革命1950年1月,县人民政府令一切反动党团组织立即解散,停止活动。从"
xianzhi,A,处理,p-0269,"有农民自卫队。勒令土匪投案自首,坦白登记,争取从宽","。1950年2月,人民解放军513团和苍溪县大队、公安队合力围剿境内土匪。县公安局派员随军侦查作战。是年4月活捉龚方谷,6月拿获“杨氏五郎“,翌年1月击毙李坤山、县内匠患平息。镇压反革命1950年1月,县人民政府令一切反动党团组织立即解散,停止活动。从10月开始,对坚持反动立场,"
xianzhi,A,公安,p-0269,"。1950年2月,人民解放军513团和苍溪县大队、","队合力围剿境内土匪。县公安局派员随军侦查作战。是年4月活捉龚方谷,6月拿获“杨氏五郎“,翌年1月击毙李坤山、县内匠患平息。镇压反革命1950年1月,县人民政府令一切反动党团组织立即解散,停止活动。从10月开始,对坚持反动立场,罪大恶极的反动党团骨干、特务、土匪、恶霸、反动会道门头"
xianzhi,A,拿获,p-0269,"县公安局派员随军侦查作战。是年4月活捉龚方谷,6月","“杨氏五郎“,翌年1月击毙李坤山、县内匠患平息。镇压反革命1950年1月,县人民政府令一切反动党团组织立即解散,停止活动。从10月开始,对坚持反动立场,罪大恶极的反动党团骨干、特务、土匪、恶霸、反动会道门头子进行…镇压,巩固新生的人民政权。1951年,结合土改,依靠土改工作团队深"
xianzhi,A,击毙,p-0269,"是年4月活捉龚方谷,6月拿获“杨氏五郎“,翌年1月","李坤山、县内匠患平息。镇压反革命1950年1月,县人民政府令一切反动党团组织立即解散,停止活动。从10月开始,对坚持反动立场,罪大恶极的反动党团骨干、特务、土匪、恶霸、反动会道门头子进行…镇压,巩固新生的人民政权。1951年,结合土改,依靠土改工作团队深入乡村,开展反动党、团、军"
xianzhi,A,镇压反革命,p-0269,"获“杨氏五郎“,翌年1月击毙李坤山、县内匠患平息。","1950年1月,县人民政府令一切反动党团组织立即解散,停止活动。从10月开始,对坚持反动立场,罪大恶极的反动党团骨干、特务、土匪、恶霸、反动会道门头子进行…镇压,巩固新生的人民政权。1951年,结合土改,依靠土改工作团队深入乡村,开展反动党、团、军、政、警人员调查登记。每区设1一"
xianzhi,A,罪大恶极,p-0269,"立即解散,停止活动。从10月开始,对坚持反动立场,","的反动党团骨干、特务、土匪、恶霸、反动会道门头子进行…镇压,巩固新生的人民政权。1951年,结合土改,依靠土改工作团队深入乡村,开展反动党、团、军、政、警人员调查登记。每区设1一2个登记处,印发《反动党团登记实施办法》,布告上述人员限于1952年!月5一31日到指定地点办理登记手"
xianzhi,A,特务,p-0269,"0月开始,对坚持反动立场,罪大恶极的反动党团骨干、","、土匪、恶霸、反动会道门头子进行…镇压,巩固新生的人民政权。1951年,结合土改,依靠土改工作团队深入乡村,开展反动党、团、军、政、警人员调查登记。每区设1一2个登记处,印发《反动党团登记实施办法》,布告上述人员限于1952年!月5一31日到指定地点办理登记手续。其中绝大多数成员"
xianzhi,A,恶霸,p-0269,"坚持反动立场,罪大恶极的反动党团骨干、特务、土匪、","、反动会道门头子进行…镇压,巩固新生的人民政权。1951年,结合土改,依靠土改工作团队深入乡村,开展反动党、团、军、政、警人员调查登记。每区设1一2个登记处,印发《反动党团登记实施办法》,布告上述人员限于1952年!月5一31日到指定地点办理登记手续。其中绝大多数成员都自动到登记"
xianzhi,A,会道门,p-0269,"场,罪大恶极的反动党团骨干、特务、土匪、恶霸、反动","头子进行…镇压,巩固新生的人民政权。1951年,结合土改,依靠土改工作团队深入乡村,开展反动党、团、军、政、警人员调查登记。每区设1一2个登记处,印发《反动党团登记实施办法》,布告上述人员限于1952年!月5一31日到指定地点办理登记手续。其中绝大多数成员都自动到登记处登记,交出"
xianzhi,A,镇压,p-0269,"动党团骨干、特务、土匪、恶霸、反动会道门头子进行…",",巩固新生的人民政权。1951年,结合土改,依靠土改工作团队深入乡村,开展反动党、团、军、政、警人员调查登记。每区设1一2个登记处,印发《反动党团登记实施办法》,布告上述人员限于1952年!月5一31日到指定地点办理登记手续。其中绝大多数成员都自动到登记处登记,交出组织名册、档案"
xianzhi,A,土改,p-0269,"子进行…镇压,巩固新生的人民政权。1951年,结合",",依靠土改工作团队深入乡村,开展反动党、团、军、政、警人员调查登记。每区设1一2个登记处,印发《反动党团登记实施办法》,布告上述人员限于1952年!月5一31日到指定地点办理登记手续。其中绝大多数成员都自动到登记处登记,交出组织名册、档案、武器、财产及违禁物品等,悔过自新。31日"
xianzhi,A,自新,p-0269,",交出组织名册、档案、武器、财产及违禁物品等,悔过","。31日,全县登记工作结束,收缴各种反动证件1000余份,破获“暗杀团“、“反共救国青年军“等反革命组织和特务案10多件。1953年,印发反动党团首恶罪行,交群众讨论,对罪大恶极者依法召开公审大会批斗后依法处炜。对反动党团成员中的绝大多数进行教育或劳动改造。1956年,为清除隐藏"
xianzhi,A,杀,p-0269,"记工作结束,收缴各种反动证件1000余份,破获“暗","团“、“反共救国青年军“等反革命组织和特务案10多件。1953年,印发反动党团首恶罪行,交群众讨论,对罪大恶极者依法召开公审大会批斗后依法处炜。对反动党团成员中的绝大多数进行教育或劳动改造。1956年,为清除隐藏在革命队伍内部的反革命分子,开展内部肃反。1958年在“扫残“(清查"
xianzhi,A,反革命,p-0269,"1000余份,破获“暗杀团“、“反共救国青年军“等","组织和特务案10多件。1953年,印发反动党团首恶罪行,交群众讨论,对罪大恶极者依法召开公审大会批斗后依法处炜。对反动党团成员中的绝大多数进行教育或劳动改造。1956年,为清除隐藏在革命队伍内部的反革命分子,开展内部肃反。1958年在“扫残“(清查反革命残余)斗争中,挖出土匪、特"
xianzhi,A,首恶,p-0269,"革命组织和特务案10多件。1953年,印发反动党团","罪行,交群众讨论,对罪大恶极者依法召开公审大会批斗后依法处炜。对反动党团成员中的绝大多数进行教育或劳动改造。1956年,为清除隐藏在革命队伍内部的反革命分子,开展内部肃反。1958年在“扫残“(清查反革命残余)斗争中,挖出土匪、特务、反动道首和其他反革命分子100余名。取缔反动会"
xianzhi,A,公审,p-0269,"反动党团首恶罪行,交群众讨论,对罪大恶极者依法召开","大会批斗后依法处炜。对反动党团成员中的绝大多数进行教育或劳动改造。1956年,为清除隐藏在革命队伍内部的反革命分子,开展内部肃反。1958年在“扫残“(清查反革命残余)斗争中,挖出土匪、特务、反动道首和其他反革命分子100余名。取缔反动会道门解放前夕,苍溪有同善社、紫霞坛、一贯道"
xianzhi,A,大会,p-0269,"党团首恶罪行,交群众讨论,对罪大恶极者依法召开公审","批斗后依法处炜。对反动党团成员中的绝大多数进行教育或劳动改造。1956年,为清除隐藏在革命队伍内部的反革命分子,开展内部肃反。1958年在“扫残“(清查反革命残余)斗争中,挖出土匪、特务、反动道首和其他反革命分子100余名。取缔反动会道门解放前夕,苍溪有同善社、紫霞坛、一贯道、高"
xianzhi,A,斗争,p-0269,"展内部肃反。1958年在“扫残“(清查反革命残余)","中,挖出土匪、特务、反动道首和其他反革命分子100余名。取缔反动会道门解放前夕,苍溪有同善社、紫霞坛、一贯道、高峰道、保生会、青斋门、归根道等封建会道门组织,在城乡设坛、堂128个,尧以同善社、紫霞坛、一贯道为甚,它们以传道为名,印发反动经文,张贴《反共纪纲》。同善社头子操纵组织"
xianzhi,X,名册,p-0269,"手续。其中绝大多数成员都自动到登记处登记,交出组织","、档案、武器、财产及违禁物品等,悔过自新。31日,全县登记工作结束,收缴各种反动证件1000余份,破获“暗杀团“、“反共救国青年军“等反革命组织和特务案10多件。1953年,印发反动党团首恶罪行,交群众讨论,对罪大恶极者依法召开公审大会批斗后依法处炜。对反动党团成员中的绝大多数进"
xianzhi,A,公安,p-0270,"第七箭、","司法*255。筹集军火、人枪100俊,号“子弟兵“1950年盘蹈龙干山。3月,同善社恩职、“巴山中美技术所“特派员肖履臣等制造轰动全县的“皇娘“反革命事件、妄图颠覆新生的人民政权。8月17日,西南军政委员会明令取缔反动会道门,巩固革命秩序。县公安局抽出部分干警组成专案组,以唤马乡"
xianzhi,A,反革命,p-0270,"山中美技术所“特派员肖履臣等制造轰动全县的“皇娘“","事件、妄图颠覆新生的人民政权。8月17日,西南军政委员会明令取缔反动会道门,巩固革命秩序。县公安局抽出部分干警组成专案组,以唤马乡“同善社“为突破口,重点取缔“同善社“、“一贻道“。1951年1月,破获敌特组织“巴山中美技术所“,速挪首恶分子。在区、乡分别召开当地道首、道徒自新会"
xianzhi,A,会道门,p-0270,"的人民政权。8月17日,西南军政委员会明令取缔反动",",巩固革命秩序。县公安局抽出部分干警组成专案组,以唤马乡“同善社“为突破口,重点取缔“同善社“、“一贻道“。1951年1月,破获敌特组织“巴山中美技术所“,速挪首恶分子。在区、乡分别召开当地道首、道徒自新会,启发受骗者现身说法,使之幡然悔悟,1953年1月至5月,开展“第三期镇反"
xianzhi,A,首恶,p-0270,"951年1月,破获敌特组织“巴山中美技术所“,速挪","分子。在区、乡分别召开当地道首、道徒自新会,启发受骗者现身说法,使之幡然悔悟,1953年1月至5月,开展“第三期镇反“,打击处理一批以反动封建会道门头子为主的首恶分子。至1958年还查出漏掉的“明理道“、“万金堂“两个反动会道门支系与道首10余人。至此,反动会道门组织全被摧毁。特"
xianzhi,A,自新,p-0270,"所“,速挪首恶分子。在区、乡分别召开当地道首、道徒","会,启发受骗者现身说法,使之幡然悔悟,1953年1月至5月,开展“第三期镇反“,打击处理一批以反动封建会道门头子为主的首恶分子。至1958年还查出漏掉的“明理道“、“万金堂“两个反动会道门支系与道首10余人。至此,反动会道门组织全被摧毁。特种行业管理民国时期,旅店、印刷、刻字、旧"
xianzhi,A,镇反,p-0270,",使之幡然悔悟,1953年1月至5月,开展“第三期","“,打击处理一批以反动封建会道门头子为主的首恶分子。至1958年还查出漏掉的“明理道“、“万金堂“两个反动会道门支系与道首10余人。至此,反动会道门组织全被摧毁。特种行业管理民国时期,旅店、印刷、刻字、旧货等行业,由警察机关监督管理。开设旅店顾到警察机关登记,购置营业登记筱。店主"
xianzhi,A,处理,p-0270,"悟,1953年1月至5月,开展“第三期镇反“,打击","一批以反动封建会道门头子为主的首恶分子。至1958年还查出漏掉的“明理道“、“万金堂“两个反动会道门支系与道首10余人。至此,反动会道门组织全被摧毁。特种行业管理民国时期,旅店、印刷、刻字、旧货等行业,由警察机关监督管理。开设旅店顾到警察机关登记,购置营业登记筱。店主对旅客逐人癸"
xianzhi,A,破坏,p-0270,"止营业等处罚。“文化大革命“中,特种行业管理制度被","。1978年,后逐步恢复。1986年1月中旬,废止原特种行业《条例》,执行四川省《旅店业治安管理办法》、《旧货业治安算理办法》、《印刷刻字业治安管理办法》。对赌博活动猖猫、窝贼窝赃、容留卖淫嫦宿的旅馆停业整顿;添制安全设备,整顿充实特种行业治保会、组52个,组建旅店业治安联防队1"
xianzhi,A,抓获,p-0270,"各类违法犯罪线索177起,协助侦破刑事案件35起,","各类违法犯罪人员87人,收缴赃款赃物折款3.3万多元。"
xianzhi,A,清匪,p-0271,"“256。吊漫县志2危险物品管理解放初,结合","、镇反,清缴社会上敞存的枪支、弹药,禁止任何人非法收藏和制造枪弹。此后,对公安、检察、法院以及其他机关的保卫枪支弹药,民用火药枪、猎枪,由公安局登记发证管理。对易燃液体、气体、固体、氯化剂和可燃物品及易毒品由经营、管理单位管理,公安、消防就保管使用进行安全监督。“文化大革命“中,"
xianzhi,A,镇反,p-0271,"“256。吊漫县志2危险物品管理解放初,结合清匪、",",清缴社会上敞存的枪支、弹药,禁止任何人非法收藏和制造枪弹。此后,对公安、检察、法院以及其他机关的保卫枪支弹药,民用火药枪、猎枪,由公安局登记发证管理。对易燃液体、气体、固体、氯化剂和可燃物品及易毒品由经营、管理单位管理,公安、消防就保管使用进行安全监督。“文化大革命“中,派性组"
xianzhi,A,会上,p-0271,"漫县志2危险物品管理解放初,结合清匪、镇反,清缴社","敞存的枪支、弹药,禁止任何人非法收藏和制造枪弹。此后,对公安、检察、法院以及其他机关的保卫枪支弹药,民用火药枪、猎枪,由公安局登记发证管理。对易燃液体、气体、固体、氯化剂和可燃物品及易毒品由经营、管理单位管理,公安、消防就保管使用进行安全监督。“文化大革命“中,派性组织哄抢枪支、"
xianzhi,A,公安,p-0271,"枪支、弹药,禁止任何人非法收藏和制造枪弹。此后,对","、检察、法院以及其他机关的保卫枪支弹药,民用火药枪、猎枪,由公安局登记发证管理。对易燃液体、气体、固体、氯化剂和可燃物品及易毒品由经营、管理单位管理,公安、消防就保管使用进行安全监督。“文化大革命“中,派性组织哄抢枪支、弹药,制造步枪、手榴弹、火药枪搞“武斗“,枪支、弹药曾一度管"
xianzhi,A,法院,p-0271,"禁止任何人非法收藏和制造枪弹。此后,对公安、检察、","以及其他机关的保卫枪支弹药,民用火药枪、猎枪,由公安局登记发证管理。对易燃液体、气体、固体、氯化剂和可燃物品及易毒品由经营、管理单位管理,公安、消防就保管使用进行安全监督。“文化大革命“中,派性组织哄抢枪支、弹药,制造步枪、手榴弹、火药枪搞“武斗“,枪支、弹药曾一度管理混乱。19"
xianzhi,A,地主,p-0271,"解放后,采取“政府管理与群众监督相结合“的办法,对","、富农、反革命分子和杯分子(简称“四类分子“)进行监督改造。在监改期间,由村治保会建立《改造手册}、《改造登记簿》,定期查思想改造、遨守政策法令、劳动改造、尊重集体情况,并组织群众对其逐个评查。对确实改造好的,经群众评议,报县人民政府(县人委)批准摘掉“分子“帽子;对有现行破坏活"
xianzhi,A,富农,p-0271,",采取“政府管理与群众监督相结合“的办法,对地主、","、反革命分子和杯分子(简称“四类分子“)进行监督改造。在监改期间,由村治保会建立《改造手册}、《改造登记簿》,定期查思想改造、遨守政策法令、劳动改造、尊重集体情况,并组织群众对其逐个评查。对确实改造好的,经群众评议,报县人民政府(县人委)批准摘掉“分子“帽子;对有现行破坏活动的报"
xianzhi,A,反革命,p-0271,"“政府管理与群众监督相结合“的办法,对地主、富农、","分子和杯分子(简称“四类分子“)进行监督改造。在监改期间,由村治保会建立《改造手册}、《改造登记簿》,定期查思想改造、遨守政策法令、劳动改造、尊重集体情况,并组织群众对其逐个评查。对确实改造好的,经群众评议,报县人民政府(县人委)批准摘掉“分子“帽子;对有现行破坏活动的报县公安部"
xianzhi,A,破坏,p-0271,"县人民政府(县人委)批准摘掉“分子“帽子;对有现行","活动的报县公安部门批准,宣布依法管制。1963年,公“安政法干部300余人,组成14个工作组,开展对“四类分子“大评查。在评查中,执行“政治上区别对待、经济上同工同酬,对家属子女不歧视“政策,促使“四类分子“接受改造。“文化大革命“中,受“左“的干扰,不少人被乱戴上“四类分子“帽"
xianzhi,A,管制,p-0271,"帽子;对有现行破坏活动的报县公安部门批准,宣布依法","。1963年,公“安政法干部300余人,组成14个工作组,开展对“四类分子“大评查。在评查中,执行“政治上区别对待、经济上同工同酬,对家属子女不歧视“政策,促使“四类分子“接受改造。“文化大革命“中,受“左“的干扰,不少人被乱戴上“四类分子“帽子,中共十一届三中全会后孙以纠正。1"
xianzhi,A,处理,p-0271,"县暹佐室成立以后,违警案件由城区警察所和派出所直接","。全县共处理酗酒互殴、随地便溺、妨害公共卫生、互殴不听禁止、饲养敞猪、折毁树木等违警案件20件,违警人员28人。从民国35年(1946)起,县城区警察所,巡逻、查号,维护县城治安秩序,处理违警案件。县城“收管所“,置8仓,可容60余人。1957年10月,按《中华人共和国治安管理处"
xianzhi,A,公安,p-0272,"′第七箭,","司法.257。序,妨害公共安全,侵犯公民人身权利,损坊公私财产,情节轻微不够刑事处罚的,实行治安拘留、罚款或者警告处罚。拘留宝凭“裁决书“、“治安管理处罡执行通知书“收所拘留。1961年停止执行《条例5%。1988年1月恨复执行《条例》,对被拘留人员以思愚教育为主,针对其违法行为"
xianzhi,A,土匪,p-0272,"安保卫委员会,组织群众揭发检举和收集反动党团骨干、","、特务、恶霸地主、反动会道门的罪恶,协助公安机关查破案件,教育改造烟民、赌徒、懒汉、二流子。土改后,县商贸单位建立保管、值班、守护制度。农业合作化后,农村组织群众护社,制定财会管理办法,建立仓库、重要农具、水利设施等防范制度。县政府(人委)经常组织力量,对农村集体粮棣仓库、保管室"
xianzhi,A,特务,p-0272,"委员会,组织群众揭发检举和收集反动党团骨干、土匪、","、恶霸地主、反动会道门的罪恶,协助公安机关查破案件,教育改造烟民、赌徒、懒汉、二流子。土改后,县商贸单位建立保管、值班、守护制度。农业合作化后,农村组织群众护社,制定财会管理办法,建立仓库、重要农具、水利设施等防范制度。县政府(人委)经常组织力量,对农村集体粮棣仓库、保管室,国普"
xianzhi,A,恶霸,p-0272,",组织群众揭发检举和收集反动党团骨干、土匪、特务、","地主、反动会道门的罪恶,协助公安机关查破案件,教育改造烟民、赌徒、懒汉、二流子。土改后,县商贸单位建立保管、值班、守护制度。农业合作化后,农村组织群众护社,制定财会管理办法,建立仓库、重要农具、水利设施等防范制度。县政府(人委)经常组织力量,对农村集体粮棣仓库、保管室,国普单位的"
xianzhi,A,地主,p-0272,"织群众揭发检举和收集反动党团骨干、土匪、特务、恶霸","、反动会道门的罪恶,协助公安机关查破案件,教育改造烟民、赌徒、懒汉、二流子。土改后,县商贸单位建立保管、值班、守护制度。农业合作化后,农村组织群众护社,制定财会管理办法,建立仓库、重要农具、水利设施等防范制度。县政府(人委)经常组织力量,对农村集体粮棣仓库、保管室,国普单位的粮油"
xianzhi,A,会道门,p-0272,"检举和收集反动党团骨干、土匪、特务、恶霸地主、反动","的罪恶,协助公安机关查破案件,教育改造烟民、赌徒、懒汉、二流子。土改后,县商贸单位建立保管、值班、守护制度。农业合作化后,农村组织群众护社,制定财会管理办法,建立仓库、重要农具、水利设施等防范制度。县政府(人委)经常组织力量,对农村集体粮棣仓库、保管室,国普单位的粮油、百货、物资"
xianzhi,A,土改,p-0272,"安机关查破案件,教育改造烟民、赌徒、懒汉、二流子。","后,县商贸单位建立保管、值班、守护制度。农业合作化后,农村组织群众护社,制定财会管理办法,建立仓库、重要农具、水利设施等防范制度。县政府(人委)经常组织力量,对农村集体粮棣仓库、保管室,国普单位的粮油、百货、物资进行安全检查,消除隐患。1958年,在城乡开展无火灾、抢劫、盗窃、赌"
xianzhi,A,杀,p-0272,",在城乡开展无火灾、抢劫、盗窃、赌博、走私烟毒、凶","、强奸、较大群众性迷信活动等十无安全韶赛,社会治安秩序良好。1962年,生产大队治保小组改为治保会,设治保主任,组建治保小组。1972年后,企事业单位设保卫科(股》,配专职保卫干部,负责本单位治保工作。1975年,各物资部门以防火、防盗为主,建立高档商品夜间专柜存放、现金当天存银"
xianzhi,A,公安,p-0273,"局行政科承办刑事案件侦查。解放后,刑事案件侦查由县","局负质。1950一1954年,在清匪反霸、土地改革和镇压反革命运动中,先后破获“西南长官部巴山中美技术合作所“、“暗杀团“、“反共救国青年军“等反革命组织。1956年开展内部肃反,组织内查外调,清除隐藏在革命队伍内部的反革命分子。1958一1959年,结合“扫残“清理流窜犯罪活动"
xianzhi,A,清匪,p-0273,"事案件侦查由县公安局负质。1950一1954年,在","反霸、土地改革和镇压反革命运动中,先后破获“西南长官部巴山中美技术合作所“、“暗杀团“、“反共救国青年军“等反革命组织。1956年开展内部肃反,组织内查外调,清除隐藏在革命队伍内部的反革命分子。1958一1959年,结合“扫残“清理流窜犯罪活动。在“大跃进“中,有的案件发生后以拘"
xianzhi,A,反霸,p-0273,"件侦查由县公安局负质。1950一1954年,在清匪","、土地改革和镇压反革命运动中,先后破获“西南长官部巴山中美技术合作所“、“暗杀团“、“反共救国青年军“等反革命组织。1956年开展内部肃反,组织内查外调,清除隐藏在革命队伍内部的反革命分子。1958一1959年,结合“扫残“清理流窜犯罪活动。在“大跃进“中,有的案件发生后以拘代侦"
xianzhi,A,土地改革,p-0273,"由县公安局负质。1950一1954年,在清匪反霸、","和镇压反革命运动中,先后破获“西南长官部巴山中美技术合作所“、“暗杀团“、“反共救国青年军“等反革命组织。1956年开展内部肃反,组织内查外调,清除隐藏在革命队伍内部的反革命分子。1958一1959年,结合“扫残“清理流窜犯罪活动。在“大跃进“中,有的案件发生后以拘代侦,搞“逼、"
xianzhi,A,镇压反革命,p-0273,"负质。1950一1954年,在清匪反霸、土地改革和","运动中,先后破获“西南长官部巴山中美技术合作所“、“暗杀团“、“反共救国青年军“等反革命组织。1956年开展内部肃反,组织内查外调,清除隐藏在革命队伍内部的反革命分子。1958一1959年,结合“扫残“清理流窜犯罪活动。在“大跃进“中,有的案件发生后以拘代侦,搞“逼、供、信“,造"
xianzhi,A,杀,p-0273,"中,先后破获“西南长官部巴山中美技术合作所“、“暗","团“、“反共救国青年军“等反革命组织。1956年开展内部肃反,组织内查外调,清除隐藏在革命队伍内部的反革命分子。1958一1959年,结合“扫残“清理流窜犯罪活动。在“大跃进“中,有的案件发生后以拘代侦,搞“逼、供、信“,造成一些冤假错案。1962年春,县公安局集中力量,迅速侦破"
xianzhi,A,反革命,p-0273,"中美技术合作所“、“暗杀团“、“反共救国青年军“等","组织。1956年开展内部肃反,组织内查外调,清除隐藏在革命队伍内部的反革命分子。1958一1959年,结合“扫残“清理流窜犯罪活动。在“大跃进“中,有的案件发生后以拘代侦,搞“逼、供、信“,造成一些冤假错案。1962年春,县公安局集中力量,迅速侦破一些贪污盗窃案件,为国家、集体和"
xianzhi,A,错案,p-0273,"案件发生后以拘代侦,搞“逼、供、信“,造成一些冤假","。1962年春,县公安局集中力量,迅速侦破一些贪污盗窃案件,为国家、集体和个人挽回经济损失10多万元。“文化大革命“中的1967一1972年7月,公安机关瘫痰,案件侦破工作停顿。1972年8月恢复公安局和案件侦破工作.从1980年4月起,刑警队专管刑事案件侦查和预防工作。1983"
xianzhi,A,破坏,p-0273,",破获一批杀人、放火、流氓集团、拐卖妇女儿童、严重","社会秩序的刑事案件。1986年5月,开展反盗窃犯罪活动,破获重大刑事案19起,抓获各类别事犯罪分子60人,追回现金及财产折款11.3万余元。1989年,通过案件侦破,缴获赃款赃物折款31.87万元。1990年,重点查破拐卖妇女儿童、聚众赌博和利用封建迷信骗财害人等案件384起。第"
xianzhi,A,抓获,p-0273,"年5月,开展反盗窃犯罪活动,破获重大刑事案19起,","各类别事犯罪分子60人,追回现金及财产折款11.3万余元。1989年,通过案件侦破,缴获赃款赃物折款31.87万元。1990年,重点查破拐卖妇女儿童、聚众赌博和利用封建迷信骗财害人等案件384起。第三节_户“政民国初期,沿袭清制,把户口列为保甲制度管理。每次编查保甲,先行户口编查"
xianzhi,A,管制,p-0273,"个乡各设户籍员1人管理户籍。30年,对户口实行户牌","。县政府统一编号制发户牌,一户一牌,无牌不许居住。人口变动,户长申报甲长,甲长申报保长注牌,违者罚金。31年,县政府设户籍室管理户口,警察协办。区、乡(镇〉设兼职民政户籍主任,配备户籍干事和助理干事各1人。33年,县政府户籍室改为户政股,专管户口,警察协办。36年春,县政府集中户"
xianzhi,A,甲长,p-0273,"发户牌,一户一牌,无牌不许居住。人口变动,户长申报",",甲长申报保长注牌,违者罚金。31年,县政府设户籍室管理户口,警察协办。区、乡(镇〉设兼职民政户籍主任,配备户籍干事和助理干事各1人。33年,县政府户籍室改为户政股,专管户口,警察协办。36年春,县政府集中户籍人员、正副保长、国民教师及每保1编查员,共1000余人,在县民众教育馆"
xianzhi,A,保长,p-0273,"牌,无牌不许居住。人口变动,户长申报甲长,甲长申报","注牌,违者罚金。31年,县政府设户籍室管理户口,警察协办。区、乡(镇〉设兼职民政户籍主任,配备户籍干事和助理干事各1人。33年,县政府户籍室改为户政股,专管户口,警察协办。36年春,县政府集中户籍人员、正副保长、国民教师及每保1编查员,共1000余人,在县民众教育馆举"
xianzhi,A,副保长,p-0273,"管户口,警察协办。36年春,县政府集中户籍人员、正","、国民教师及每保1编查员,共1000余人,在县民众教育馆举"
xianzhi,A,公安,p-0274,"第七锭“","司法259。办户口调查,登记讲习培训班,12月5日至月底,培训人员同甲长一起,以保为单位,逐甲逐户核实人口、年龄、籍贯等,居民填具户籍登记申请书。向所在地乡(镇》公所申请登记,然后给18岁以上男女填发《国民身分证》。19850至1956年2月,公安机关只管理设派出所的集镇和水上户"
xianzhi,A,甲长,p-0274,"调查,登记讲习培训班,12月5日至月底,培训人员同","一起,以保为单位,逐甲逐户核实人口、年龄、籍贯等,居民填具户籍登记申请书。向所在地乡(镇》公所申请登记,然后给18岁以上男女填发《国民身分证》。19850至1956年2月,公安机关只管理设派出所的集镇和水上户口。并在城关镇和东溪、龙山场首次进行常住户口登记,派出所民警分段管理。未"
xianzhi,A,死亡,p-0274,"记条例》公布,县公安局照条例办理常住、暂住、出生、","、迁出、迁人、变更和更正七项登记。“文化大革命“运动中的1967一1976年,户口管理工作受冲击。1977年逐步恢复正常。1981年,全县进行户口系统调查、清理和整颓,纠正常年登记、统计中存在的重、溥、差、错户口。1982年,建立《暂住人口登记册》,派员深入陵江镇段区、单位暂住人"
xianzhi,A,复查,p-0274,"洞,防止偏差。1990年3月,全县清理整顿户口.经","验收,项目差错仅0.9%。,人头差错仅2%%。4月所有乡(镇)的非农业户口全部移交公安派出所管理;各乡(镇)由一名副乡(镇)长分管、设兼职户政管理员处理日常事务,使用省公安厅制发的户口专用章。第四节_消“防民国时期,警察机关负责消防。民国9年(1920)县城街巷备置石消防水缸14"
xianzhi,A,处理,p-0274,"各乡(镇)由一名副乡(镇)长分管、设兼职户政管理员","日常事务,使用省公安厅制发的户口专用章。第四节_消“防民国时期,警察机关负责消防。民国9年(1920)县城街巷备置石消防水缸14个。21年县政府拨款购置斧、锟、钩、叉等消防设备。因设备简陋,发生大的火灾仍无力扑救。17年、20年,县城发生两次火灾,损失修重。35年4月19日,新街"
xianzhi,A,公安,p-0275,"*260。苯溪县志煌解放后,消防工作由","部门主管。1951年农村以乡,城镇以街道为单位建消防委员会,村建消防小组。县政府拨欲为城镇购置灭火器具。1954年12月28日,县政府有关部门联合组成“苍溪县护林防火指挥部“,主管防治森林火灾。层层组建防火机构。到1957年,全县有义务消防宣传队1593个,4100人,设街头宣传"
xianzhi,A,公安,p-0276,"第七篇、","司法“261。第五节_看守劳改看“守民国元年〈(1912),凡属要监禁的人犯送管狱署。18年建看守所,羁押轻罪人犯。29年7月1日,改组答狱署,分设司法看守所、军事人犯看守所,分别看守特种刑事犯和军事人犯,羁押未设犯和被刑事拘留人员。穷苦老百姓进监,无力给狱史、监丁送钱物,就被关"
xianzhi,A,劳改,p-0276,"第七篇、公安司法“261。第五节_看守","看“守民国元年〈(1912),凡属要监禁的人犯送管狱署。18年建看守所,羁押轻罪人犯。29年7月1日,改组答狱署,分设司法看守所、军事人犯看守所,分别看守特种刑事犯和军事人犯,羁押未设犯和被刑事拘留人员。穷苦老百姓进监,无力给狱史、监丁送钱物,就被关进阴暗潮涨的牢房。人犯中有钱有"
xianzhi,A,看守所,p-0276,"〈(1912),凡属要监禁的人犯送管狱署。18年建",",羁押轻罪人犯。29年7月1日,改组答狱署,分设司法看守所、军事人犯看守所,分别看守特种刑事犯和军事人犯,羁押未设犯和被刑事拘留人员。穷苦老百姓进监,无力给狱史、监丁送钱物,就被关进阴暗潮涨的牢房。人犯中有钱有势者,只要买通守狱,可自带粮、肉,在监狱内开小灶,打牌行赌,吸鸦片烟,"
xianzhi,A,监狱,p-0276,"。人犯中有钱有势者,只要买通守狱,可自带粮、肉,在","内开小灶,打牌行赌,吸鸦片烟,均不受限。解放后,人民政府彻底废止旧监狱制度,以改造罪犯为目的,坚持“教育、感化、挽救“的方针,依法看守人犯,文明管理监狱,不准侮厉人犯人格,不准枉法纵犯,不准克扣掀用人犯供应物资。看守所每月定期对人犯有计划地进行形势、政策、法律、前途、认罪服法等教"
xianzhi,A,土匪,p-0276,"教,打消顾虑和幻想,促其全面改造。1951年6月,","李如帮入狱后,经教育,新供认杀害3名行商,交出步枪3支。监内备有纸张笔墨、报刊。1979年购置《宪法》、《刑法}、《刑事诉讼法》、《法律知识》读物和农业科技书籍等,供犯人阅读。每年定期防疫检查,给人犯服用季节性预防药,发现疾病,及时医治,流行病隔离治疗。冬夏两季,国家拨款给无家可"
xianzhi,A,杀害,p-0276,"。1951年6月,土匪李如帮入狱后,经教育,新供认","3名行商,交出步枪3支。监内备有纸张笔墨、报刊。1979年购置《宪法》、《刑法}、《刑事诉讼法》、《法律知识》读物和农业科技书籍等,供犯人阅读。每年定期防疫检查,给人犯服用季节性预防药,发现疾病,及时医治,流行病隔离治疗。冬夏两季,国家拨款给无家可侬、外籍人犯统一制发榴衣、榻被、"
xianzhi,A,在押,p-0276,"文明建设竞赛活动,评“文明监舍“。当年收到认罪率占","案犯总人数97.3%的好效果。1989年拆除监所原建筑,修建了更加透光、通风、空间宽大的新监所一座。1990年4月,请雷锐生前所在团政治处干部佘标林为在押犯作“失足青年怎样学雷锋“的专题报告,在人犯中开展立功赎罪、重新做人活动。1987一1990年,监所连续四年被广元市公安局评为"
xianzhi,A,判刑,p-0276,"安局评为~“安全无事故“先进集体。劳“改解放初,已","人犯改造任务由看守所代行。1951!年6月25日,公安局设劳改股,下设劳改队,专责就地教育改造人犯。从1952年起,已判刑人犯送肖家坝、三溪劳改农场劳动改造。凡进场人犯,对其进行认罪服法教育。劳改队因人分工,做种植、养殖业、"
xianzhi,A,劳改,p-0277,"用以改善或全部解决人犯生活,一部分用以扩大再生产。","部门根据“有功必奖,有过必惩“的政策,依据《劳改条例3,对人犯视其劳动改造过程中的功过大小,给予表扬、奖励、记功、减刑或严肃批评教育、延长刑期。1957年12月三溪劳改农场移交南充专区公安处管理。“文化大革命“中,三漫劳改农场撒销,短刑犯由县看守所就地教育改造,两年以上刑犯送外地"
xianzhi,A,公安,p-0277,"延长刑期。1957年12月三溪劳改农场移交南充专区","处管理。“文化大革命“中,三漫劳改农场撒销,短刑犯由县看守所就地教育改造,两年以上刑犯送外地劳改场(厂)改造。第六节交通安全公路交通安全县公安局从1952年开始管理交通安全,宣传交通法规,处理交通事故。1973年协助农机部门办中型及手扶拖拉机驾驶员训练班,统一考核,填发“三照“。"
xianzhi,A,看守所,p-0277,"理。“文化大革命“中,三漫劳改农场撒销,短刑犯由县","就地教育改造,两年以上刑犯送外地劳改场(厂)改造。第六节交通安全公路交通安全县公安局从1952年开始管理交通安全,宣传交通法规,处理交通事故。1973年协助农机部门办中型及手扶拖拉机驾驶员训练班,统一考核,填发“三照“。1980年1月21日,县革委成立整顿交通秩序领导小组,检审驾"
xianzhi,A,处理,p-0277,"公安局从1952年开始管理交通安全,宣传交通法规,","交通事故。1973年协助农机部门办中型及手扶拖拉机驾驶员训练班,统一考核,填发“三照“。1980年1月21日,县革委成立整顿交通秩序领导小组,检审驾驶员1010人,检审各类机动车937台。1981年县政府成立整顿城镇交通秩序领导小组,县公安局人员上路检查车辆11978台次,纠正违"
xianzhi,A,死亡,p-0277,"3台次,考核指数与1987年相比,事故下降22%,","人数下降115%,受伤人数下降20%,直接经济损失下降7%。1990年结合公路安全管理,打击车匪路霸,对盗窃物资、破坏公路者拘留10余人,对在车上赌博的给予处罚。全年共处理交通肇事人员90人。水路交通安全1950年,县公安局分管水上安全。1951年水上治安划段建组,设治安员,城关"
xianzhi,A,匪,p-0277,"济损失下降7%。1990年结合公路安全管理,打击车","路霸,对盗窃物资、破坏公路者拘留10余人,对在车上赌博的给予处罚。全年共处理交通肇事人员90人。水路交通安全1950年,县公安局分管水上安全。1951年水上治安划段建组,设治安员,城关镇、东溪场设水上安全检查站,各派出所民警分段“防特、防破坏、防事故“,负责检查登记船只、码头。1"
xianzhi,A,破坏,p-0277,"90年结合公路安全管理,打击车匪路霸,对盗窃物资、","公路者拘留10余人,对在车上赌博的给予处罚。全年共处理交通肇事人员90人。水路交通安全1950年,县公安局分管水上安全。1951年水上治安划段建组,设治安员,城关镇、东溪场设水上安全检查站,各派出所民警分段“防特、防破坏、防事故“,负责检查登记船只、码头。1952年12月至195"
xianzhi,A,抓获,p-0277,"955年在城关、元坝、歧坪、东溪码头建治安巡逻组,","违法分子15人,破获案件18起。1960年4月29日,县公安局、交通局联合发出《交于加强农副业船只管理意见》,由航管部门统一考核驾长,发给执照,并在城关、鹄溪、歧坪、东漫设联合安全检查站,检查长、短航船3755只,"
xianzhi,X,训练,p-0277,"故。1973年协助农机部门办中型及手扶拖拉机驾驶员","班,统一考核,填发“三照“。1980年1月21日,县革委成立整顿交通秩序领导小组,检审驾驶员1010人,检审各类机动车937台。1981年县政府成立整顿城镇交通秩序领导小组,县公安局人员上路检查车辆11978台次,纠正违章892台次、开交通肇事现场会2次,集训肇事驾驶员5期、15"
xianzhi,A,公安,p-0278,"第七篇","司法*263,清除隐患991起,事故大减。“文化大革和“中,事故上升。1972年,改造部分木质船为钢质、水泥船,变人力船为机动船,事故由原来的一年20多起降至10起以下。1987年县政府决定对沿江的28个乡(镇)的船只实行县、区、乡三级管理,县只负责参加若运的船船管理,区、乡分别"
xianzhi,A,定案,p-0278,"侦讯。检察官则凭原告、被告的陈述和口供及旁证为依据",",分别作出批挺、起诉、免诉、不诉的决定。县检察院于1955年3月起正式行使刹事检察权。受理公安机关提请批捕的案件。实行“个人阅卷,集体研究,领导决定,党委批准“的制度。履行侦查监督、审判监督职能。确定检察员以国家公诉人的资格出席法庭履行公诉职责。在农业合作化为中心的社会主义改造中"
xianzhi,A,复查,p-0278,"类案犯800多人,经审查结果批准速捕500多人。经","错捕5人,可捕可不捕而又挪了109人,及时作出纠正。1957年.8月至1961年2月,提出“反右倾“,“破常规“的口号,一些正常的职能分工和法律程序被视为“繁琥哲学“于以废除,实行公、检、法联合办案,“一长代三长“(检察院检察长、公安局长、法院院长,其中一人可代行另二人职权),“"
xianzhi,A,法院,p-0278,"联合办案,“一长代三长“(检察院检察长、公安局长、","院长,其中一人可代行另二人职权),“一员代三员“(预审员、检察员、审判员,其中一人可代行另二人职责)的办案方法,批损、起诉,均由一人负责到底。由于认真执行党的“少杀、少捕、管制也要少“的三少政策,4年只批捕412人。1962年重新确立检察工作以办案为中心,把审查批捕、审查起诉放在"
xianzhi,A,杀,p-0278,"批损、起诉,均由一人负责到底。由于认真执行党的“少","、少捕、管制也要少“的三少政策,4年只批捕412人。1962年重新确立检察工作以办案为中心,把审查批捕、审查起诉放在首位。坚持以事实为根据,以法律为准绳的办案原则和“惩办与宽大相结合“的政策,严格区分罪与非罪、违法与犯罪的界限,恢复与建立按法定程序办案制度。审查批挪、起诉实行两道"
xianzhi,A,管制,p-0278,",均由一人负责到底。由于认真执行党的“少杀、少捕、","也要少“的三少政策,4年只批捕412人。1962年重新确立检察工作以办案为中心,把审查批捕、审查起诉放在首位。坚持以事实为根据,以法律为准绳的办案原则和“惩办与宽大相结合“的政策,严格区分罪与非罪、违法与犯罪的界限,恢复与建立按法定程序办案制度。审查批挪、起诉实行两道工序,把好两"
xianzhi,A,惩办,p-0278,"首位。坚持以事实为根据,以法律为准绳的办案原则和“","与宽大相结合“的政策,严格区分罪与非罪、违法与犯罪的界限,恢复与建立按法定程序办案制度。审查批挪、起诉实行两道工序,把好两道关口,凡发现主要事实不清的案件,或退回公安机关补充侦查或自行补查,在"
xianzhi,X,审查,p-0278,"检察院受理公安机关提请批捕的各类案犯800多人,经","结果批准速捕500多人。经复查错捕5人,可捕可不捕而又挪了109人,及时作出纠正。1957年.8月至1961年2月,提出“反右倾“,“破常规“的口号,一些正常的职能分工和法律程序被视为“繁琥哲学“于以废除,实行公、检、法联合办案,“一长代三长“(检察院检察长、公安局长、法院院长,"
xianzhi,A,公安,p-0279,"“264。苍溟县志“准“字上下功夫。这年共受理","机关提请批捕各类案件100余件,审查结果,批准速捕数十名案犯。1963一1965年,围绕社会主义教育运动,在刑事检察中贯彻中共中央“依靠群众专政,依靠群众办案“的指示,派员深入社教地区与社教工作团、队联系,核实拟捕对参,就地审查证据,把好批担质量关。1967一1978年刑事检查权"
xianzhi,A,逮捕,p-0279,"了8件批捕案件。1979年贯彻实施中华人民共和国《","拘留条例》,县委不再批案,县检察院独立行使批捕权。1980年正式实施中华人民共和国《刑法》和《刑事诉讼法》,制定《审查批捕办案制度十二条》,严格依法办案。受理提请批捕案53件、58人,经审查依法批准速捕52人,不捕4人,不够追究刑事责任的1件、1人,建议公安机关撒销案件,退回公安"
xianzhi,A,法办,p-0279,"事诉讼法》,制定《审查批捕办案制度十二条》,严格依","案。受理提请批捕案53件、58人,经审查依法批准速捕52人,不捕4人,不够追究刑事责任的1件、1人,建议公安机关撒销案件,退回公安机关补充侦察1件、1人。1981一1982年,围绕整顿社会治安秩序、把打击的重点指向杀人、放火、抢劫、强妃、爆炸和严重危害社会治安的现行犯罪分子。19"
xianzhi,A,杀,p-0279,"1982年,围绕整顿社会治安秩序、把打击的重点指向","人、放火、抢劫、强妃、爆炸和严重危害社会治安的现行犯罪分子。1983年刑事犯罪分子结伙作案,杀人越货,拦路强妃,拐卖人口以及重大恶性案件不断发生。遵照中央《关于严厉打击严重刑事犯罪活动的决定》,8一12月第一批共搜捕案犯400余人,经审查批准逢捕382人,其中属于打击的七种主要重"
xianzhi,A,斗争,p-0279,"政法部门连续开展“打现行,反盗扒,端窝子“为重点的",",运用审查批捕职能,着重打击案发多、危害深、影响大的刑事犯罪分子。1990年,刑事犯罪回升,公安提请审查批捕各类案犯228人,与1988年相比,上升45.5%,经审查批捕209人,退公安补查3人。同时通过审查起诉,深挖余罪溥犯,追诉案犯1人。对法院开庭审理的100余案、200余人"
xianzhi,A,法院,p-0279,"。同时通过审查起诉,深挖余罪溥犯,追诉案犯1人。对","开庭审理的100余案、200余人均出庭公诉,审判结果均作出有罪判欧。第二节“法纪检察1956年县检察院开始法纪检察工作,国家工作人员违法乱纪案件,由侦察组侦办。这年共侦办损坏名胜古迹、侵犯人权、偷盗集体粮食等案44件。为广泛开展法纪检察,机关、事业单位和农业生产合作社聘兼职检察通"
xianzhi,A,处理,p-0279,"起公诉的刑事案件2件,纠正违法10余件,转有关单位","40余件。1958年重点查处公职人员侵犯人权、徇私报复、渎职等案10余件。1963年办理各类法纪案件20"
xianzhi,X,审查,p-0279,"夫。这年共受理公安机关提请批捕各类案件100余件,","结果,批准速捕数十名案犯。1963一1965年,围绕社会主义教育运动,在刑事检察中贯彻中共中央“依靠群众专政,依靠群众办案“的指示,派员深入社教地区与社教工作团、队联系,核实拟捕对参,就地审查证据,把好批担质量关。1967一1978年刑事检查权先后由县军管会、人保组、公安局、检察"
xianzhi,A,公安,p-0280,"第上篇.","司法265,余件、30余人。1964年,冷纪检查工作重点放在侵犯人权的案件上,并将“一年来基层干部违法乱纪情况“函告哟委,县委将此函转发各公社,教育干部引以为戒。在“文化大革命“运动中的1967一1976年法纪检察工作停顿。1978年9月,县检察院重建后,首先把法纪检察列为工作重"
xianzhi,A,法院,p-0280,"陷害、妨害邮电通讯、毒打教师等重点案件30余件,向","提起公诉数件、数人,均作了有罪判决。1983年法纪科抽出干部4名,深入白山、石马两个公社,走遍29个大队及部分生产队,调查基层干部执行政策、法律情况,从中查处或纠正违法违纪案件10件。这年至1985年,围绕严厉打击刑事犯罪活动,办理法纪案60件、73人。其中立案侦查数件、数人。1"
xianzhi,A,处理,p-0280,"搞好预防。在办理法纪案件的同时,针对一些基层干部在","群众争山坡、地界、水利、树木等纠纷时,发生侵权问题,将立案标准制成挂图,派员到东溟、歧坪、冬山等场镐开展以案讲泷,纠正违法行为,做好善后工作,增强基层干部执法意识。第三节“经济检察县检察院从1956年起,指定专人办理贪污、行贿受贿、偷税抗税、挪用公款案以及贪污、挪用救灾、抢险、防"
xianzhi,A,群众大会,p-0280,"3名,不于起诉作其它处理!名。9月16日在县城召开",",配合县法院公开宣判,县委分管政法工作的领导在会上郑重宣布:有经济犯罪行为的人投案自首,积极退赃,给予从宽处理.会后,到检察院主动投案4人,交出赃款1.23万元,为国家和集体挽回经济损失2万多元。1982年根据中共中央、国务院《关于打击经济领域中严重犯罪活动的决定》,县检察院集中"
xianzhi,A,宣判,p-0280,"!名。9月16日在县城召开群众大会,配合县法院公开",",县委分管政法工作的领导在会上郑重宣布:有经济犯罪行为的人投案自首,积极退赃,给予从宽处理.会后,到检察院主动投案4人,交出赃款1.23万元,为国家和集体挽回经济损失2万多元。1982年根据中共中央、国务院《关于打击经济领域中严重犯罪活动的决定》,县检察院集中力量查办贪污案10余"
xianzhi,A,会上,p-0280,"大会,配合县法院公开宣判,县委分管政法工作的领导在","郑重宣布:有经济犯罪行为的人投案自首,积极退赃,给予从宽处理.会后,到检察院主动投案4人,交出赃款1.23万元,为国家和集体挽回经济损失2万多元。1982年根据中共中央、国务院《关于打击经济领域中严重犯罪活动的决定》,县检察院集中力量查办贪污案10余件、盗伐林木案1件、索贿受贿案"
xianzhi,A,投案,p-0280,"管政法工作的领导在会上郑重宣布:有经济犯罪行为的人","自首,积极退赃,给予从宽处理.会后,到检察院主动投案4人,交出赃款1.23万元,为国家和集体挽回经济损失2万多元。1982年根据中共中央、国务院《关于打击经济领域中严重犯罪活动的决定》,县检察院集中力量查办贪污案10余件、盗伐林木案1件、索贿受贿案20余件。其中重点查办犯罪金频在"
xianzhi,A,逮捕,p-0280,"经理、公社管委会主任以上的大案要案7件、7人,欧定","6人,向法院起诉,判决7件、7人,免予起诉11件、11人,不孙起诉2件、2人,撒案1件、1人,追回赃款、赃物9.45万元。1984年经济检察干部分别到金融、农贸、工交系统办结各类经济案件数十件,其中包括向法院起诉追究刑事责任6人,免于起诉〈"
xianzhi,A,法院,p-0281,"万元以上的大案数件、数人。侦查终结后,逢捕8人,向","起诉判刑6件、7人,免二起诉10件、10人,其它处理3件、4人。在办案的各个环节上抓紧追赃,缴获赃款和赃物折款22万多元,追回被掀用的公款60多万元,1986年,将经济检察工作列为首要检察任务,立案10余件,速捕各类案犯10人。向法院起诉追究刑事质任10余件10余人。追回赃欺赃物"
xianzhi,A,判刑,p-0281,"的大案数件、数人。侦查终结后,逢捕8人,向法院起诉","6件、7人,免二起诉10件、10人,其它处理3件、4人。在办案的各个环节上抓紧追赃,缴获赃款和赃物折款22万多元,追回被掀用的公款60多万元,1986年,将经济检察工作列为首要检察任务,立案10余件,速捕各类案犯10人。向法院起诉追究刑事质任10余件10余人。追回赃欺赃物折款29"
xianzhi,A,处理,p-0281,"院起诉判刑6件、7人,免二起诉10件、10人,其它","3件、4人。在办案的各个环节上抓紧追赃,缴获赃款和赃物折款22万多元,追回被掀用的公款60多万元,1986年,将经济检察工作列为首要检察任务,立案10余件,速捕各类案犯10人。向法院起诉追究刑事质任10余件10余人。追回赃欺赃物折款29万余元。1987年,聘用18名经济检察联络员"
xianzhi,A,投案,p-0281,"院《关于贪污、贿赂、投机倒把等犯罪分子必须在限期内","自首坦白的通告》,派出6个宣传组,广泛宣传,形成政治攻势,收到检举人提供经济案线索70余件,16名有贪污、受贿行为的人投案自首,坦白交待犯罪金额13万余元。这年,对经济案件检察实行侦、诉分开,共立案30余件30余人,其中逮捕经济案犯10余人,收容审查数人,向法院起诉追究刑事责任9"
xianzhi,A,逮捕,p-0281,"件检察实行侦、诉分开,共立案30余件30余人,其中","经济案犯10余人,收容审查数人,向法院起诉追究刑事责任9件、10人,追回赃款14万余元。结合办案为企业催收松帐、欠款,挽回经济损失100万余元。1990年,以肃贪倡廉,惩治腐败为主线办大案,全年立案办理20余件、20余人,其中万元以上6件7人。同时,查处了偷、抗税案件。第四节民事"
xianzhi,A,劳改,p-0281,"法院的无理缠诉,维护当事人合法利益。第五节_看守、","检察看守所检察「1955年,县检察院开始行使看守所检察权。派出的检察员对看守所进行不定期检查。1956年正式纳入检察业务范围,每季度全面检查一次,发现问题,提出建议,二以纠正。1957年,县检察院、公安局联合制定《关于贯彻劳动改造条例试行工作制度》,共5项、`21条,形成制庭。1"
xianzhi,A,看守所,p-0281,"理缠诉,维护当事人合法利益。第五节_看守、劳改检察","检察「1955年,县检察院开始行使看守所检察权。派出的检察员对看守所进行不定期检查。1956年正式纳入检察业务范围,每季度全面检查一次,发现问题,提出建议,二以纠正。1957年,县检察院、公安局联合制定《关于贯彻劳动改造条例试行工作制度》,共5项、`21条,形成制庭。1959年9"
xianzhi,A,公安,p-0281,"现问题,提出建议,二以纠正。1957年,县检察院、","局联合制定《关于贯彻劳动改造条例试行工作制度》,共5项、`21条,形成制庭。1959年9月,中央人民政府发布特敖令后,县检察院与公安局、法院"
xianzhi,X,审查,p-0281,"案30余件30余人,其中逮捕经济案犯10余人,收容","数人,向法院起诉追究刑事责任9件、10人,追回赃款14万余元。结合办案为企业催收松帐、欠款,挽回经济损失100万余元。1990年,以肃贪倡廉,惩治腐败为主线办大案,全年立案办理20余件、20余人,其中万元以上6件7人。同时,查处了偷、抗税案件。第四节民事、行政检察1989年1月,"
xianzhi,A,公安,p-0282,"第七篇,","司法“267。组成工作组,深入监所,开展宣传,核实材料,报经上级批准,10月21日在看守所内召开特敖罪犯大会,对两名改恶从善的罪犯,宣布特赫,当场释放。会后,组织狱内人犯讨论,促使他们加速思想改造。1960年以后,监所检察的重点放在执法、安全、生活卫生管理与在押人犯的思想教育工作"
xianzhi,A,看守所,p-0282,",开展宣传,核实材料,报经上级批准,10月21日在","内召开特敖罪犯大会,对两名改恶从善的罪犯,宣布特赫,当场释放。会后,组织狱内人犯讨论,促使他们加速思想改造。1960年以后,监所检察的重点放在执法、安全、生活卫生管理与在押人犯的思想教育工作上.1962年10月,监所人犯中病号增加,在检察院建议下,治防并举,改善人犯生活,打扫和保"
xianzhi,A,大会,p-0282,",报经上级批准,10月21日在看守所内召开特敖罪犯",",对两名改恶从善的罪犯,宣布特赫,当场释放。会后,组织狱内人犯讨论,促使他们加速思想改造。1960年以后,监所检察的重点放在执法、安全、生活卫生管理与在押人犯的思想教育工作上.1962年10月,监所人犯中病号增加,在检察院建议下,治防并举,改善人犯生活,打扫和保持监所环境卫生,开"
xianzhi,A,在押,p-0282,"以后,监所检察的重点放在执法、安全、生活卫生管理与","人犯的思想教育工作上.1962年10月,监所人犯中病号增加,在检察院建议下,治防并举,改善人犯生活,打扫和保持监所环境卫生,开展疾病防治工作,监督人犯口粮下锅,添制草垫115床、被盖16床、棺衣21套、单衣17件。至1966年底,共纠正无证拘留和超羁押期一年以上人犯5名。会同公安"
xianzhi,A,处理,p-0282,"押期一年以上人犯5名。会同公安机关清理在押犯两次,","未决犯、拘留犯30名,释放错捕、可捕可不捕而捕了的人犯5名。同时审查人犯判决执行情况,依法改判2名并二释放。1979年1月恢复看守所检察工作,每一季度末进行一次检察。按照各自的职责范围,分头预审、起诉,对应判刑的依法判刑,及时投入劳改,对不够判刑的,也很快审结,分别作出免诉、不诉"
xianzhi,A,判刑,p-0282,"一次检察。按照各自的职责范围,分头预审、起诉,对应","的依法判刑,及时投入劳改,对不够判刑的,也很快审结,分别作出免诉、不诉或其他处理。1980一1982年,按照《看守所检察实施办法》,每月对看守所进行一次检查,年终进行一次全面大检查。对检查中发现的问题,及时整改。三年中,检查监所68次。1983年,严厉打击刑事犯罪活动中,固定一名"
xianzhi,A,劳改,p-0282,"范围,分头预审、起诉,对应判刑的依法判刑,及时投入",",对不够判刑的,也很快审结,分别作出免诉、不诉或其他处理。1980一1982年,按照《看守所检察实施办法》,每月对看守所进行一次检查,年终进行一次全面大检查。对检查中发现的问题,及时整改。三年中,检查监所68次。1983年,严厉打击刑事犯罪活动中,固定一名检察干部驻所检察,一副检"
xianzhi,A,会议,p-0282,"进行个别谈话教育691人次。参加公安、武警中队联席","7次。协同监所边查边改。1987年,重点抓对人犯的教育感化工作,邀请县人大、政协、妇联、团委等8单位,每月轮流到看守所给人犯讲守法教育课。1989年依据最高人民检察院颁布的《看守所检察工作细则》,加强对看守所的管理、教育活动与安全保障的监督,实行定人、定位、定任务及勤看、勤问、勤"
xianzhi,A,关押,p-0282,"并协同公安局进行整改。1990年,因重新犯罪再次被","人犯增多,有的恶习不改,破坏监规,寻峄滋事,检察干部与看守人员在严格管理的同时,发动人犯检举揭发,兼以严厉打击。在押犯纷纷写心得、体会、悔过书160份,检举材料50份。申诉不服判决裁定检察1956年以来,县检察院把申诉不服判央裁定检察归口于监所检察业务范围。至1966年,受理罪犯"
xianzhi,A,破坏,p-0282,"0年,因重新犯罪再次被关押人犯增多,有的恶习不改,","监规,寻峄滋事,检察干部与看守人员在严格管理的同时,发动人犯检举揭发,兼以严厉打击。在押犯纷纷写心得、体会、悔过书160份,检举材料50份。申诉不服判决裁定检察1956年以来,县检察院把申诉不服判央裁定检察归口于监所检察业务范围。至1966年,受理罪犯及家属的再申诉案件152件,"
xianzhi,A,不服,p-0282,"写心得、体会、悔过书160份,检举材料50份。申诉","判决裁定检察1956年以来,县检察院把申诉不服判央裁定检察归口于监所检察业务范围。至1966年,受理罪犯及家属的再申诉案件152件,通过审查案件材料和实地调查核实,建议法院改判19件,其余作维持原判与驳回处理。1980一1981年,按照中共十一届三中全会和"
xianzhi,A,法院,p-0282,"案件152件,通过审查案件材料和实地调查核实,建议","改判19件,其余作维持原判与驳回处理。1980一1981年,按照中共十一届三中全会和"
xianzhi,X,审查,p-0282,"30名,释放错捕、可捕可不捕而捕了的人犯5名。同时","人犯判决执行情况,依法改判2名并二释放。1979年1月恢复看守所检察工作,每一季度末进行一次检察。按照各自的职责范围,分头预审、起诉,对应判刑的依法判刑,及时投入劳改,对不够判刑的,也很快审结,分别作出免诉、不诉或其他处理。1980一1982年,按照《看守所检察实施办法》,每月对"
xianzhi,A,在押,p-0283,"*268。苍溪县志上级检察院通知精神,纠正","劳改犯中的冤假错案,共受理申诉300余件,其中除转有关部门办理的外,自办43件中,属于申诉无理孙以驳回29件;属于定性不当,量刑畴重,建议法院改判1件,平反纠正错案1件。1982年以后,不服刑事判决、裁定的申诉减少,按照归口处理原则,到1990年自办65件,其中驳回申诉的36件,"
xianzhi,A,劳改,p-0283,"*268。苍溪县志上级检察院通知精神,纠正在押","犯中的冤假错案,共受理申诉300余件,其中除转有关部门办理的外,自办43件中,属于申诉无理孙以驳回29件;属于定性不当,量刑畴重,建议法院改判1件,平反纠正错案1件。1982年以后,不服刑事判决、裁定的申诉减少,按照归口处理原则,到1990年自办65件,其中驳回申诉的36件,主罪"
xianzhi,A,错案,p-0283,"苍溪县志上级检察院通知精神,纠正在押劳改犯中的冤假",",共受理申诉300余件,其中除转有关部门办理的外,自办43件中,属于申诉无理孙以驳回29件;属于定性不当,量刑畴重,建议法院改判1件,平反纠正错案1件。1982年以后,不服刑事判决、裁定的申诉减少,按照归口处理原则,到1990年自办65件,其中驳回申诉的36件,主罪有出入或量刑晟"
xianzhi,A,法院,p-0283,"诉无理孙以驳回29件;属于定性不当,量刑畴重,建议","改判1件,平反纠正错案1件。1982年以后,不服刑事判决、裁定的申诉减少,按照归口处理原则,到1990年自办65件,其中驳回申诉的36件,主罪有出入或量刑晟重的,建议法院改判7件。劳改检查1956年4月,县检察院对县公安局监管已决犯的县劳改农场行使劳改监督检察权。从这年起,劳改检"
xianzhi,A,平反,p-0283,"29件;属于定性不当,量刑畴重,建议法院改判1件,","纠正错案1件。1982年以后,不服刑事判决、裁定的申诉减少,按照归口处理原则,到1990年自办65件,其中驳回申诉的36件,主罪有出入或量刑晟重的,建议法院改判7件。劳改检查1956年4月,县检察院对县公安局监管已决犯的县劳改农场行使劳改监督检察权。从这年起,劳改检查重点贯彻“改"
xianzhi,A,不服,p-0283,"议法院改判1件,平反纠正错案1件。1982年以后,","刑事判决、裁定的申诉减少,按照归口处理原则,到1990年自办65件,其中驳回申诉的36件,主罪有出入或量刑晟重的,建议法院改判7件。劳改检查1956年4月,县检察院对县公安局监管已决犯的县劳改农场行使劳改监督检察权。从这年起,劳改检查重点贯彻“改造第一、生产第二“方针和抓管教工作"
xianzhi,A,处理,p-0283,"82年以后,不服刑事判决、裁定的申诉减少,按照归口","原则,到1990年自办65件,其中驳回申诉的36件,主罪有出入或量刑晟重的,建议法院改判7件。劳改检查1956年4月,县检察院对县公安局监管已决犯的县劳改农场行使劳改监督检察权。从这年起,劳改检查重点贯彻“改造第一、生产第二“方针和抓管教工作正规化。至1966.年底,对改造好的犯"
xianzhi,A,公安,p-0283,"法院改判7件。劳改检查1956年4月,县检察院对县","局监管已决犯的县劳改农场行使劳改监督检察权。从这年起,劳改检查重点贯彻“改造第一、生产第二“方针和抓管教工作正规化。至1966.年底,对改造好的犯人,依法减刑3名,1957年12月,县劳改农场移交南充专区公安处管理后,来自全专区的劳改、劳教人员增加。县检察院受南充检察分院委托,对"
xianzhi,A,大会,p-0283,"。1959年协同场部召开贯彻中央人民政府“特敖令“",",特赦罪犯29名,对6名有现行破坏的劳改犯和劳教人员依法加刑或判刑,对其他人犯进行“改恶从善“教育。会后有138名人犯交待隐瞒的潘罪,大部分人犯写丁改造决心书,农场产值产量也逐步上升。“文化大革命“中,县境劳改农场撒销。1985年元旦前夕,检察院向外地有关劳改单位的人犯发出《致苍"
xianzhi,A,破坏,p-0283,"民政府“特敖令“大会,特赦罪犯29名,对6名有现行","的劳改犯和劳教人员依法加刑或判刑,对其他人犯进行“改恶从善“教育。会后有138名人犯交待隐瞒的潘罪,大部分人犯写丁改造决心书,农场产值产量也逐步上升。“文化大革命“中,县境劳改农场撒销。1985年元旦前夕,检察院向外地有关劳改单位的人犯发出《致苍滦籍在押服刑人员一封信》,通报在改"
xianzhi,A,判刑,p-0283,"9名,对6名有现行破坏的劳改犯和劳教人员依法加刑或",",对其他人犯进行“改恶从善“教育。会后有138名人犯交待隐瞒的潘罪,大部分人犯写丁改造决心书,农场产值产量也逐步上升。“文化大革命“中,县境劳改农场撒销。1985年元旦前夕,检察院向外地有关劳改单位的人犯发出《致苍滦籍在押服刑人员一封信》,通报在改革前进中的家乡新面貌,进行前途教"
xianzhi,A,会上,p-0283,"教育。第六节“社改检察|1959年开始,对分布在社","被判处管制和监外执行的罪犯以及交由群众改造人员|的社会改造工作,实行检察监督。至1960年,先后对全县监管对象的表现,进行检查,纠正应管而漏管的156名,组织监改小组,对管制期满未宣布撒销的20人宣布撒销,对63名地、富、反、坏分子家属、子女纳入答制的错误子以纠正;对有现行破坏的"
xianzhi,A,管制,p-0283,"节“社改检察|1959年开始,对分布在社会上被判处","和监外执行的罪犯以及交由群众改造人员|的社会改造工作,实行检察监督。至1960年,先后对全县监管对象的表现,进行检查,纠正应管而漏管的156名,组织监改小组,对管制期满未宣布撒销的20人宣布撒销,对63名地、富、反、坏分子家属、子女纳入答制的错误子以纠正;对有现行破坏的被监管分子"
xianzhi,A,公安,p-0284,"第七篇、","司法*269。「管、包教、包改造仙保评改造质量的“三包一保证“的制度。1980年后,社改检察的重点转移到对监外执行罪犯社会改造工作实行检察、监督,实地考察。对分布在县内的监外执行、保外就医、缓刑、假释、管制和被剥夺政治权利的“六种人“进行一年一度全面考校,建档建卡,严格管理。19"
xianzhi,A,管制,p-0284,"察。对分布在县内的监外执行、保外就医、缓刑、假释、","和被剥夺政治权利的“六种人“进行一年一度全面考校,建档建卡,严格管理。1986年底,在对就地改造罪犯工作检察中发现脱管、溥管10人,到期未解除、撒销、办理释放手续的41人及时作了纠正。1987年11月,对就地改造的56名罪犯进行考察,表现好的16名,一般的35名,不好的3名,抗拒"
xianzhi,A,抗拒,p-0284,"行考察,表现好的16名,一般的35名,不好的3名,","改造又犯新罪的2名,都分别采取了宽、严浑施。第七节“控告申诉格察1955年县检察院开始控告申诉检察工作,受理人民来信来访,办理控申案件和案件复查等工作,查处人民来信、来访,建立信访、登记、接待、处理等制度。1956年在县城东、南、西门设置“人民检举控告箱“,受理人民来信207件,"
xianzhi,A,复查,p-0284,"申诉检察工作,受理人民来信来访,办理控申案件和案件","等工作,查处人民来信、来访,建立信访、登记、接待、处理等制度。1956年在县城东、南、西门设置“人民检举控告箱“,受理人民来信207件,接待来访11次。1957一1960年受理信访案件1012件,其中自办631件,会同有关单位办16件,直复与当面解答315件。1963年后,人民来"
xianzhi,A,处理,p-0284,"等工作,查处人民来信、来访,建立信访、登记、接待、","等制度。1956年在县城东、南、西门设置“人民检举控告箱“,受理人民来信207件,接待来访11次。1957一1960年受理信访案件1012件,其中自办631件,会同有关单位办16件,直复与当面解答315件。1963年后,人民来信来访相对喜少,至1966年,共受理来信来访511件。"
xianzhi,A,法院,p-0284,"信752件,其中自办660件。10月,与县公安局、","配合,纠正“文化大革命“期间的冤假错案200余件。1984年后,对告急案27件和长期、反复申诉的信访50件均作了妥善处理。1985年3月,实行正、副检察长每月15、30日为接待日制度,派检察干部深入桥溪、龙山、新观等区、乡(镇宣传法制,开展法律咨询,就地受理、调查、解决群众控告申"
xianzhi,A,错案,p-0284,"与县公安局、法院配合,纠正“文化大革命“期间的冤假","200余件。1984年后,对告急案27件和长期、反复申诉的信访50件均作了妥善处理。1985年3月,实行正、副检察长每月15、30日为接待日制度,派检察干部深入桥溪、龙山、新观等区、乡(镇宣传法制,开展法律咨询,就地受理、调查、解决群众控告申诉156件,其中妥善处理“老大难“问题"
xianzhi,A,死于,p-0285,"。有的案件事实不明,长期案悬莫结,罪行未定,被告早","狱中。至38年,司法处共审理刑事案件8786件。解放初期,县人民法庭在清匪反霸、土地改革、镇压反革命、农业互助合作运动中,按照《中华人民共和国惩治反革命条例},在审理反革命案件的同时,审理各种刑事犯罪案件。1950一1953年10月,县人民法院(庭)判处了一批土匪、恶霸、特务、反"
xianzhi,A,人民法庭,p-0285,"8年,司法处共审理刑事案件8786件。解放初期,县","在清匪反霸、土地改革、镇压反革命、农业互助合作运动中,按照《中华人民共和国惩治反革命条例},在审理反革命案件的同时,审理各种刑事犯罪案件。1950一1953年10月,县人民法院(庭)判处了一批土匪、恶霸、特务、反动党团骨干、反动会道门头子的死刑、无期徒刑或有期徒刑,以巩固新生的人"
xianzhi,A,清匪,p-0285,"处共审理刑事案件8786件。解放初期,县人民法庭在","反霸、土地改革、镇压反革命、农业互助合作运动中,按照《中华人民共和国惩治反革命条例},在审理反革命案件的同时,审理各种刑事犯罪案件。1950一1953年10月,县人民法院(庭)判处了一批土匪、恶霸、特务、反动党团骨干、反动会道门头子的死刑、无期徒刑或有期徒刑,以巩固新生的人民政权"
xianzhi,A,反霸,p-0285,"审理刑事案件8786件。解放初期,县人民法庭在清匪","、土地改革、镇压反革命、农业互助合作运动中,按照《中华人民共和国惩治反革命条例},在审理反革命案件的同时,审理各种刑事犯罪案件。1950一1953年10月,县人民法院(庭)判处了一批土匪、恶霸、特务、反动党团骨干、反动会道门头子的死刑、无期徒刑或有期徒刑,以巩固新生的人民政权。1"
xianzhi,A,土地改革,p-0285,"事案件8786件。解放初期,县人民法庭在清匪反霸、","、镇压反革命、农业互助合作运动中,按照《中华人民共和国惩治反革命条例},在审理反革命案件的同时,审理各种刑事犯罪案件。1950一1953年10月,县人民法院(庭)判处了一批土匪、恶霸、特务、反动党团骨干、反动会道门头子的死刑、无期徒刑或有期徒刑,以巩固新生的人民政权。1954年县"
xianzhi,A,镇压反革命,p-0285,"86件。解放初期,县人民法庭在清匪反霸、土地改革、","、农业互助合作运动中,按照《中华人民共和国惩治反革命条例},在审理反革命案件的同时,审理各种刑事犯罪案件。1950一1953年10月,县人民法院(庭)判处了一批土匪、恶霸、特务、反动党团骨干、反动会道门头子的死刑、无期徒刑或有期徒刑,以巩固新生的人民政权。1954年县法院根据中华"
xianzhi,A,反革命,p-0285,"革命、农业互助合作运动中,按照《中华人民共和国惩治","条例},在审理反革命案件的同时,审理各种刑事犯罪案件。1950一1953年10月,县人民法院(庭)判处了一批土匪、恶霸、特务、反动党团骨干、反动会道门头子的死刑、无期徒刑或有期徒刑,以巩固新生的人民政权。1954年县法院根据中华人民共和国《宪法》和人民法院组织法,实行法定审判制度"
xianzhi,A,法院,p-0285,"种刑事犯罪案件。1950一1953年10月,县人民","(庭)判处了一批土匪、恶霸、特务、反动党团骨干、反动会道门头子的死刑、无期徒刑或有期徒刑,以巩固新生的人民政权。1954年县法院根据中华人民共和国《宪法》和人民法院组织法,实行法定审判制度,采用审判公开、陪审、回避、辩护、合议等办法进行审判。1957一1958年反右斗争中、由于“"
xianzhi,A,土匪,p-0285,"50一1953年10月,县人民法院(庭)判处了一批","、恶霸、特务、反动党团骨干、反动会道门头子的死刑、无期徒刑或有期徒刑,以巩固新生的人民政权。1954年县法院根据中华人民共和国《宪法》和人民法院组织法,实行法定审判制度,采用审判公开、陪审、回避、辩护、合议等办法进行审判。1957一1958年反右斗争中、由于“左“的影响,审理案件"
xianzhi,A,恶霸,p-0285,"1953年10月,县人民法院(庭)判处了一批土匪、","、特务、反动党团骨干、反动会道门头子的死刑、无期徒刑或有期徒刑,以巩固新生的人民政权。1954年县法院根据中华人民共和国《宪法》和人民法院组织法,实行法定审判制度,采用审判公开、陪审、回避、辩护、合议等办法进行审判。1957一1958年反右斗争中、由于“左“的影响,审理案件应遵循"
xianzhi,A,特务,p-0285,"3年10月,县人民法院(庭)判处了一批土匪、恶霸、","、反动党团骨干、反动会道门头子的死刑、无期徒刑或有期徒刑,以巩固新生的人民政权。1954年县法院根据中华人民共和国《宪法》和人民法院组织法,实行法定审判制度,采用审判公开、陪审、回避、辩护、合议等办法进行审判。1957一1958年反右斗争中、由于“左“的影响,审理案件应遵循的法律"
xianzhi,A,会道门,p-0285,"庭)判处了一批土匪、恶霸、特务、反动党团骨干、反动","头子的死刑、无期徒刑或有期徒刑,以巩固新生的人民政权。1954年县法院根据中华人民共和国《宪法》和人民法院组织法,实行法定审判制度,采用审判公开、陪审、回避、辩护、合议等办法进行审判。1957一1958年反右斗争中、由于“左“的影响,审理案件应遵循的法律原则和程序,被当作资产阶级"
xianzhi,A,死刑,p-0285,"批土匪、恶霸、特务、反动党团骨干、反动会道门头子的","、无期徒刑或有期徒刑,以巩固新生的人民政权。1954年县法院根据中华人民共和国《宪法》和人民法院组织法,实行法定审判制度,采用审判公开、陪审、回避、辩护、合议等办法进行审判。1957一1958年反右斗争中、由于“左“的影响,审理案件应遵循的法律原则和程序,被当作资产阶级的货色批判"
xianzhi,A,徒刑,p-0285,"霸、特务、反动党团骨干、反动会道门头子的死刑、无期","或有期徒刑,以巩固新生的人民政权。1954年县法院根据中华人民共和国《宪法》和人民法院组织法,实行法定审判制度,采用审判公开、陪审、回避、辩护、合议等办法进行审判。1957一1958年反右斗争中、由于“左“的影响,审理案件应遵循的法律原则和程序,被当作资产阶级的货色批判,因而定罪"
xianzhi,A,斗争,p-0285,"辩护、合议等办法进行审判。1957一1958年反右","中、由于“左“的影响,审理案件应遵循的法律原则和程序,被当作资产阶级的货色批判,因而定罪判刑畸轻晴重“文化大革命“期间,军事管制小组和人民保卫组行使审判权后,刑事被告人无权辩护,导至大量的冤假错案。1972年9月恢复人民法院后,因积怨较多,余惩未消,刑事审判工作没有真正开展起来。"
xianzhi,A,判刑,p-0285,"法律原则和程序,被当作资产阶级的货色批判,因而定罪","畸轻晴重“文化大革命“期间,军事管制小组和人民保卫组行使审判权后,刑事被告人无权辩护,导至大量的冤假错案。1972年9月恢复人民法院后,因积怨较多,余惩未消,刑事审判工作没有真正开展起来。1978年后,审判工作走上实事求是,依法办案的正轨。1980一1990年共审结刘事案件100"
xianzhi,A,管制,p-0285,"批判,因而定罪判刑畸轻晴重“文化大革命“期间,军事","小组和人民保卫组行使审判权后,刑事被告人无权辩护,导至大量的冤假错案。1972年9月恢复人民法院后,因积怨较多,余惩未消,刑事审判工作没有真正开展起来。1978年后,审判工作走上实事求是,依法办案的正轨。1980一1990年共审结刘事案件1000余件,其中侵犯人身权利和民主权利案"
xianzhi,A,错案,p-0285,"组行使审判权后,刑事被告人无权辩护,导至大量的冤假","。1972年9月恢复人民法院后,因积怨较多,余惩未消,刑事审判工作没有真正开展起来。1978年后,审判工作走上实事求是,依法办案的正轨。1980一1990年共审结刘事案件1000余件,其中侵犯人身权利和民主权利案|515件、侵犯财产案703件,破坏社会主义经济秩序案31件,妨害社"
xianzhi,A,法办,p-0285,"正开展起来。1978年后,审判工作走上实事求是,依","案的正轨。1980一1990年共审结刘事案件1000余件,其中侵犯人身权利和民主权利案|515件、侵犯财产案703件,破坏社会主义经济秩序案31件,妨害社会主义管理秩序案70件,妨害婚婪、家庭案42件、其它刑事犯罪案23件。第二节民事审判民国24年(1935)由县政府司法室直接办"
xianzhi,A,破坏,p-0285,"身权利和民主权利案|515件、侵犯财产案703件,","社会主义经济秩序案31件,妨害社会主义管理秩序案70件,妨害婚婪、家庭案42件、其它刑事犯罪案23件。第二节民事审判民国24年(1935)由县政府司法室直接办理县内民事案件。29年7月起,第一审民事案件由可法处审理。审理案件时以言辞辩论为主,然后庭审判决。24年至38年,县政"
xianzhi,A,公安,p-0286,"第七箭-","司法“271。府和县司法处〔室)审结民腾案件4597件。解放后,县人民沐院审理民事案件以解决人民内部矛盾,增强团结,齐心协力进行社会主义革命和社会主义建设为目的,本着多“调“少“判“的原则进行审结。解放初期,人民法院配司各级人民政府宣传《婚姻法》,重点解决婚姻纠纷案件。1950一"
xianzhi,A,法院,p-0286,"本着多“调“少“判“的原则进行审结。解放初期,人民","配司各级人民政府宣传《婚姻法》,重点解决婚姻纠纷案件。1950一1957年县法院为便利人民诉讼,无论口头或书面起诉,均由问事代书处接待,视案情繁简分发给审判人员,共审结民事案件2215件,其中婚姻纠纷案275件、离婚案1177件。1954年人民法院《组织法》实施后,民事案件实行公"
xianzhi,A,处理,p-0286,"后,经济案件主要是由民事审判庭审理或由各级行政机关","。1956一1980年人民法院受理经济纠纷案127件。1981年随着城乡经济体制改革和经济开放政策的实施,各种经济合同纠纷案件日益突出。1月,经济审判庭成立。1982一1990年按照《经济合同法》、《民事诉许法》受理购销、建设工程承包、加工承搅、货物运输、供用电、财产租赁、借款等"
xianzhi,A,不服,p-0287,"理一审行政案件10件。其中,治安行政管理案件!件,","仲裁起诉土地案6件、交通运输案1件,计量1件,其他案件1件、诉讼标的额3.9万元。e个第五节_执“行民国29年(1940),公布《强制执行法》,执行按该法实施。解放后,对民事案件的′审结,本着多调少判原则,多以出自双方自愿达成协议,少数出现执行争议的,经审判人员说服教育履行,个别"
xianzhi,A,法院,p-0287,"定、调解协议和刑事判决、裁定中有关罚、没财产部分由","执行的,当事人必须执行,拒绝执行的,由承办该案之审判员采取强制措施执行。1987年10月成立执行庭,负责刑、民案件有关执行,并以法制教育和思想工作为主。1986年1月至1990年底,收案530件,执行429件,其中调解执行344件,强制执行17件,委托执行12件,协助执行46件,"
xianzhi,A,拒绝,p-0287,"中有关罚、没财产部分由法院执行的,当事人必须执行,","执行的,由承办该案之审判员采取强制措施执行。1987年10月成立执行庭,负责刑、民案件有关执行,并以法制教育和思想工作为主。1986年1月至1990年底,收案530件,执行429件,其中调解执行344件,强制执行17件,委托执行12件,协助执行46件,中止5件,撒销申诉4件。第六"
xianzhi,A,处理,p-0287,"期,信访工作由法院秘书室兼管。1956年,设接待室","催办、催执行和非诉讼问题的来信来访。对于发生法律效力的判决和裁定不服的申诉(来信、来访),由审判庭处理。建立审判员接待室轮流值班的制度。1978年后,来信来访大量增加,反映的问题面广、复杂、政策性强,随即配置专职信访人员,建立院长接待制度,及时处理。1987年10月,成立告诉申诉"
xianzhi,A,公安,p-0288,"第七篇","司法“273。复“查1956年县人民法院对解放以来混涤敌我和罪与非罪界限的已决案件、作过查错纠偏。1962年8月对整风整社运动中因扩大打击面而受刑事处分的党员、干部的案件作过甄别,11月又将甄别过案件中有疑点的、群众有意见的,提出75件进行复查,其中平反和改判51件。中共十一届三"
xianzhi,A,法院,p-0288,"第七篇公安司法“273。复“查1956年县人民","对解放以来混涤敌我和罪与非罪界限的已决案件、作过查错纠偏。1962年8月对整风整社运动中因扩大打击面而受刑事处分的党员、干部的案件作过甄别,11月又将甄别过案件中有疑点的、群众有意见的,提出75件进行复查,其中平反和改判51件。中共十一届三中全会后,按照“实事求是,有错必纠“的原"
xianzhi,A,复查,p-0288,"甄别过案件中有疑点的、群众有意见的,提出75件进行",",其中平反和改判51件。中共十一届三中全会后,按照“实事求是,有错必纠“的原则,对解放后历次政治运动中已判决的案件进行复查。特别是“文化大革命“期间判处的政治案件374件中,冤假错案占19%。1967、1969、1970年这3年的冤假错案共78件,都经过复查,陆续作了平反昭雪和纠"
xianzhi,A,平反,p-0288,"中有疑点的、群众有意见的,提出75件进行复查,其中","和改判51件。中共十一届三中全会后,按照“实事求是,有错必纠“的原则,对解放后历次政治运动中已判决的案件进行复查。特别是“文化大革命“期间判处的政治案件374件中,冤假错案占19%。1967、1969、1970年这3年的冤假错案共78件,都经过复查,陆续作了平反昭雪和纠错。第七节"
xianzhi,A,错案,p-0288,"是“文化大革命“期间判处的政治案件374件中,冤假","占19%。1967、1969、1970年这3年的冤假错案共78件,都经过复查,陆续作了平反昭雪和纠错。第七节“人民陪审员制苍滦于1955年开始实行人民陪审员制度。2月,在第一选区、第八选区各乡(镇)试行,选举出人民陪审员55名。第一选区30人,第八选区25人,参加人民法院刑事、民"
xianzhi,A,大会,p-0288,"。1956年经各乡(镇)提名,由各乡(镇)人民代表","代表酝酿,选举产生人民陪审员。全县共选出人民陪审员288人,任期与县人民代表任期相同。人民陪审员经县人民法院培训后参加各类刑事、民事案件的陪审。“文化大革命“中,人民法院瘙痰,人民陪审员制度被取消。1979年,依照宪法规定,重新恢复人民陪审员制度,人民陪审员仍由各乡(镇)人大主席"
xianzhi,A,反对,p-0289,"女早婚等典型事例为反f勃.,深入宣传男女婚姻自由,","强迫包办婚妾、买卖婚姻、童养媳、早婚等封建婚娘制度,印发宣传资料3500|份,受教育13.87万人。1954一1964年,以宣传《宪法》为主要内容。10年间共印发典型案例28万份、文告3.67万张,登黑板报367版,印发宣传材料1941份,制作宣传图片101幅、放幻灯35场,演讲"
xianzhi,A,斗争,p-0289,".34万人次。1973一1978年重点宣传“以阶级","为纲“,整顿社会治安。先后在龙山、文昌、歧坪、元坝等18个区、社、场镇召开公判大会,印发大小布告8000张,并以16个典型案例绘制成挂图179幅,赴全县9个区、22个公社和两个工厂、两处水利工地巡回展出,共解说395场,受教育群众11万人次。司法机关收到群众检举违法犯罪材料146"
xianzhi,A,大会,p-0289,"龙山、文昌、歧坪、元坝等18个区、社、场镇召开公判",",印发大小布告8000张,并以16个典型案例绘制成挂图179幅,赴全县9个区、22个公社和两个工厂、两处水利工地巡回展出,共解说395场,受教育群众11万人次。司法机关收到群众检举违法犯罪材料1465份。1980年起,以宣传《刑法》、《刑事诉讼法》等7个法律为主要内容。1981年"
xianzhi,A,公安,p-0289,"7个法律为主要内容。1981年法制宣传工作紧密配合","政法机关整顿社会治安,打击严重刑事犯罪活动进行。县人民法院把公开审理的刑事罪犯的罪行材料印发给县城单位,并绘制成图片送到各区、乡流动展出。1982年,县司法局通过专栏、墙报介绍律师公证业务知识,开展律师、公证常识问答,继续深入进行《刑法》、《刑事诉讼法)》《婚姻泷》和五届全国人大"
xianzhi,A,法院,p-0289,"机关整顿社会治安,打击严重刑事犯罪活动进行。县人民","把公开审理的刑事罪犯的罪行材料印发给县城单位,并绘制成图片送到各区、乡流动展出。1982年,县司法局通过专栏、墙报介绍律师公证业务知识,开展律师、公证常识问答,继续深入进行《刑法》、《刑事诉讼法)》《婚姻泷》和五届全国人大常委会《关于严惩严重破“坏经济的犯罪的决定》,中共中央、国"
xianzhi,X,训练,p-0289,"文献汇编8万余册。举办乡以上领导干部和普法宣讲骨干","班3期,参训371人。县司法局组织县城机关干部、职工和苍溪师范学校师生参加全省基本法律常识竞赛,获广元市组织奖。"
xianzhi,A,公安,p-0290,"第七篇","司法275。1987一1989年,深入开展“一五“普法教育,办各类普法宣讲骨干培训班78期,参训8301人次,3年共上普法课8031次,听众120余万人次。1989年组织农村干部参加首届全国农村法律知识竞赛获组织奖.乡以上行政干部1750人参加省举办的土地法知识会考,合格率达98"
xianzhi,A,土豪,p-0290,"镇公所建立调解委员会调解民事纠纷。由于调解委员会为","劣绅所把持,“调解“时多为有钱有势的人说话。1953年3月,全县乡(镇)建立调解委员会93个,调解委员会主任一舫由乡长或副乡长兼任,村设调解委员由群众选举产生,县人民法院进行业务指导。1954一1957年,全县共调解各种民事纠纷1.68万件。1958年公社化后,改乡调解委员会为公"
xianzhi,A,乡长,p-0290,"乡(镇)建立调解委员会93个,调解委员会主任一舫由","或副乡长兼任,村设调解委员由群众选举产生,县人民法院进行业务指导。1954一1957年,全县共调解各种民事纠纷1.68万件。1958年公社化后,改乡调解委员会为公社调处委员会,改村调解委员为管理区调处小组,1958一1965年全县共调解各种民事纠纷3.27万件。“文化大革命“中的"
xianzhi,A,副乡长,p-0290,")建立调解委员会93个,调解委员会主任一舫由乡长或","兼任,村设调解委员由群众选举产生,县人民法院进行业务指导。1954一1957年,全县共调解各种民事纠纷1.68万件。1958年公社化后,改乡调解委员会为公社调处委员会,改村调解委员为管理区调处小组,1958一1965年全县共调解各种民事纠纷3.27万件。“文化大革命“中的1967"
xianzhi,A,法院,p-0290,"长或副乡长兼任,村设调解委员由群众选举产生,县人民","进行业务指导。1954一1957年,全县共调解各种民事纠纷1.68万件。1958年公社化后,改乡调解委员会为公社调处委员会,改村调解委员为管理区调处小组,1958一1965年全县共调解各种民事纠纷3.27万件。“文化大革命“中的1967一1971年,公社、大队调解组织瘫痰。197"
xianzhi,A,处理,p-0290,"刑事案件的有390件。1986一1990年,共调解","各种民事纠纷6.78万件,其中驻区司法助理员直接参与调解的重大疑难纠纷585件。这段时间依据《人民调解委员会组织条例》规定,在全县711个村民委员会,3个居民委员会建立了调解委员会,主任由村(居民委员会主任兼任。第三节_公“证1956年3月,人民法院设公证室,公证业务由临时指派的"
xianzhi,A,村民,p-0290,"依据《人民调解委员会组织条例》规定,在全县711个","委员会,3个居民委员会建立了调解委员会,主任由村(居民委员会主任兼任。第三节_公“证1956年3月,人民法院设公证室,公证业务由临时指派的干部办理或由法院办公室代行.全年办理公证174件。1957年1一6月办理公证58件。因当时对公证过的经济合同很少检查回访,发生违反合同的纠纷不"
xianzhi,A,拒绝,p-0291,"258件,办结属于民事法律关系的公证130件。同时","办证8件,制止并揭霸违法合同、不可行性合同59件,避免经济损失4000万元。1987年配合企业深化改革,县公证处主动开展招标投标和企业经普承包、租赁合同公证。9月,正式办理涉外公证业务。为方便群众,聘请8名区司法助理员为公证联络员,协办公证业务。1990年围绕经济建设开展法律服务"
xianzhi,A,法院,p-0291,"解3件,接受刑事案件被告人委托担任辩护24件,人民","指定担任刑事辩护19件,其中被人民法院采纳辩护意见改变原起诉性质2件,撒回重新起诉1件,纠正原起诉部分事实7件,接待群众来访、解答法律询问90余人次,代写刑、民诉状7件。1983年为配合严厉打击严重刑事犯罪活动的开展,法律顾问处加强群众来信来访的接待和代写诉状工作.全年办理刑事辩"
xianzhi,A,被害,p-0291,"刑事辩护14件,接受刑事自诉代理1件,接受公诉案件","人委托代理9件,代写各类法律事务文书49件,接待群众来访、解答法律询问246件,接受聘请为23个机关、企业单位担任常年法律顾问。全年县法律顾问处收取律师酬金6355元。从1989年起,法律顾问处接受聘请,指派两名律师担任县人民政府的常年法律顾问。1986一1990年,共接受民事案"
xianzhi,X,审查,p-0291,"90年围绕经济建设开展法律服务和法律保障,通过公证","和办理公证,为当事人避免经济损失300余万元。1986一1990年,受理国内各类公证3125件,经审查民事主体不合格或法律事实不明确,劝其自动终止申请公证51件,发现有欺诈、舞弊行为拒绝公证46件,办结些出具公证书的3028件,受理涉外公证4件,办结出具公证书3件,终止1件。第四"
xianzhi,A,公安,p-0292,"第七籍.","司法,277。和人民法院指定担任辩护人、挂受自诉案件自诉人、公诉案件被害人及其亲属的委托担任代理人参加诉讼224件,为当榴人代写诉讼状书和其他有关泷律文书512件,为公民和法人解答关于法律询问6220人次。律师在民事代理和常年法律顾问工作中,依法维护当事人的合法权益,五年中为企业"
xianzhi,A,法院,p-0292,"第七籍.公安司法,277。和人民","指定担任辩护人、挂受自诉案件自诉人、公诉案件被害人及其亲属的委托担任代理人参加诉讼224件,为当榴人代写诉讼状书和其他有关泷律文书512件,为公民和法人解答关于法律询问6220人次。律师在民事代理和常年法律顾问工作中,依法维护当事人的合法权益,五年中为企业目接挽回经济损失734."
xianzhi,A,被害,p-0292,"民法院指定担任辩护人、挂受自诉案件自诉人、公诉案件","人及其亲属的委托担任代理人参加诉讼224件,为当榴人代写诉讼状书和其他有关泷律文书512件,为公民和法人解答关于法律询问6220人次。律师在民事代理和常年法律顾问工作中,依法维护当事人的合法权益,五年中为企业目接挽回经济损失734.50万元,帮助企业避免经济损失428万元,追收欠"
xianzhi,A,会议,p-0293,"四川省政府规定实行壮丁安家费,每人2000元,县政","议冲红人400元,由各保自筹。因自筹难以落实,改由省政府直换,但仍不能按期拨发。35年的安家费,省政府于36年8月才下拨,县政府又掷用该款购枪弹,37年4月才拨发给各乡。1951年对无力耕种土地的优抚对象1927户(占优抚对象22.55%),实行群众代耕。次年土地改革时,优先给优"
xianzhi,A,土地改革,p-0293,"7户(占优抚对象22.55%),实行群众代耕。次年","时,优先给优抚对象分好土地、好房子,并由群众评定代耕数量,乡政府制发代耕工票,村、组组织代耕小组,凭工票代耕。全县享受代耕的户占优抚对象的28%。1956年后,改代耕为优待劳动日,以所在社中等收入社员水平为基准,用优待劳动日补"
xianzhi,A,错案,p-0297,"称号和以莫须有罪名开除党籍、撒销公职、被掀斗的冤假","平反昭雪,分别恢复其党籍、公职、荣誉称号和优待。1980年慰问活动中用12.7万个劳动日为优抚对象种地、修房和做好事1.17万件。1982一1990年,常年开展“为优抚对象解愁,为国分忧,争做新时代活雷银“活动,号召人人为驻军和优抚对象做好事。1986年春节前后,全县开展声势浩大"
xianzhi,A,平反,p-0297,"和以莫须有罪名开除党籍、撒销公职、被掀斗的冤假错案","昭雪,分别恢复其党籍、公职、荣誉称号和优待。1980年慰问活动中用12.7万个劳动日为优抚对象种地、修房和做好事1.17万件。1982一1990年,常年开展“为优抚对象解愁,为国分忧,争做新时代活雷银“活动,号召人人为驻军和优抚对象做好事。1986年春节前后,全县开展声势浩大的“"
xianzhi,A,大会,p-0298,"都定期召开优抚对象和拥军优属先进人物、先进单位代表","。1951一1957年、1973年、1975年、1977年、1983年县政府(县人委、县革委)召开先进代表会,共有优抚对象先进模范2500多人、拥军优属先进单位43个(其中3个区、14个乡和26个村)参加会议.会上除给予耕牛、农具等物资奖励外,着重宣传其先进事迹。红、烈、军属蒋德"
xianzhi,A,会议,p-0298,"进单位43个(其中3个区、14个乡和26个村)参加",".会上除给予耕牛、农具等物资奖励外,着重宣传其先进事迹。红、烈、军属蒋德新、侯天金、徐仕昌3人,1951年9月出帽北京国庆观礼。烈属许宋珍、军属张平英和娄锡芳,1956年出席南充地区和四川省的优抚对象积极分子会,许索|珍被省选举出席了全国烈军属、残废、复员军人建设社会主义积极分子"
xianzhi,A,会上,p-0298,"43个(其中3个区、14个乡和26个村)参加会议.","除给予耕牛、农具等物资奖励外,着重宣传其先进事迹。红、烈、军属蒋德新、侯天金、徐仕昌3人,1951年9月出帽北京国庆观礼。烈属许宋珍、军属张平英和娄锡芳,1956年出席南充地区和四川省的优抚对象积极分子会,许索|珍被省选举出席了全国烈军属、残废、复员军人建设社会主义积极分子大会。"
xianzhi,A,错案,p-0299,"孤老添制衣被和医疗补助费用。第六节“二战“时期聿反","复查1933年6月一1935年5月,红四方面军在苍溪建立红色政权,有3万多苍溪人民参军、参政。张国焘推行“左“倾错误路线,借肃反排除异己,一些红军干部、战士、苏维埃干部、人民群众被扣上“反革命“、“异己分子“、“右倾分子“和“通反“等罪名,遭,到无争杀害。1986年2月根据国务院"
xianzhi,A,复查,p-0299,"添制衣被和医疗补助费用。第六节“二战“时期聿反错案","1933年6月一1935年5月,红四方面军在苍溪建立红色政权,有3万多苍溪人民参军、参政。张国焘推行“左“倾错误路线,借肃反排除异己,一些红军干部、战士、苏维埃干部、人民群众被扣上“反革命“、“异己分子“、“右倾分子“和“通反“等罪名,遭,到无争杀害。1986年2月根据国务院有关"
xianzhi,A,反革命,p-0299,",一些红军干部、战士、苏维埃干部、人民群众被扣上“","“、“异己分子“、“右倾分子“和“通反“等罪名,遭,到无争杀害。1986年2月根据国务院有关文件精神,成立苍溪县“二战“肃反错案复查领导小组,各区、乡也成立相应的机构。4月开始工作.工作中,各区、乡分别召开干部会,老党员、老农座谈会,走访知情人、幸存者及遇难者家属,向县内外苍溪籍"
xianzhi,A,杀害,p-0299,"己分子“、“右倾分子“和“通反“等罪名,遭,到无争","。1986年2月根据国务院有关文件精神,成立苍溪县“二战“肃反错案复查领导小组,各区、乡也成立相应的机构。4月开始工作.工作中,各区、乡分别召开干部会,老党员、老农座谈会,走访知情人、幸存者及遇难者家属,向县内外苍溪籍老红军发函,查阅档案、党史资料。组织县、区有关工作人员、乡(镇"
xianzhi,A,平反,p-0299,"工作,然后进行复查取证。经村委会签署意见,即填写《","昭雪人员审批表},承办人写出被杀人员情况调查报告,乡、区、县三级审查,县“二战“肃反错案复查领导小组审批认定后,对被错杀群众,由乡人民-.、政府对有直系亲属的家踊发丁平反通知书。对被错杀的红军指战员、苏维埃干部、共产党员、群众组织成员,由县政府制发平反昭雪证明书。其中对当时是脱产"
xianzhi,A,被杀,p-0299,"签署意见,即填写《平反昭雪人员审批表},承办人写出","人员情况调查报告,乡、区、县三级审查,县“二战“肃反错案复查领导小组审批认定后,对被错杀群众,由乡人民-.、政府对有直系亲属的家踊发丁平反通知书。对被错杀的红军指战员、苏维埃干部、共产党员、群众组织成员,由县政府制发平反昭雪证明书。其中对当时是脱产人员的,定为因公牺牲,对被错杀人"
xianzhi,A,杀,p-0299,",县“二战“肃反错案复查领导小组审批认定后,对被错","群众,由乡人民-.、政府对有直系亲属的家踊发丁平反通知书。对被错杀的红军指战员、苏维埃干部、共产党员、群众组织成员,由县政府制发平反昭雪证明书。其中对当时是脱产人员的,定为因公牺牲,对被错杀人员有直系亲属的发一次性抚伶费,对现仍有困难的直系亲属,自-1987年7月起实行定期救济。"
xianzhi,X,审查,p-0299,"},承办人写出被杀人员情况调查报告,乡、区、县三级",",县“二战“肃反错案复查领导小组审批认定后,对被错杀群众,由乡人民-.、政府对有直系亲属的家踊发丁平反通知书。对被错杀的红军指战员、苏维埃干部、共产党员、群众组织成员,由县政府制发平反昭雪证明书。其中对当时是脱产人员的,定为因公牺牲,对被错杀人员有直系亲属的发一次性抚伶费,对现仍"
xianzhi,A,国民党,p-0300,"垫“。资遣1950年2一9月,苍溪接待安置被资遣的","官兵65名。县人民政府按接待人民解放军复员退伍军人的规格办理。安排食宿,发放伙食费和行李脚费。回乡后,对无家可归的,乡村发动亲朋或利用祠堂安置、对生产有困难的政府在经济上扶持,帮助学技能,使生活自立。县召开复退军人座谈会时,组织他们推举代表参加。第二节“复退军人安置退伍红军老战士"
xianzhi,A,乡长,p-0301,"6年歧坪等5个区接收安置复员军人222名,这年选为","的5人,乡人民委员的32人,农业社干部的109人(占当年接收数的65.77切)。退伍军人1958年义务兵开始退伍。义务兵退伍后,按照“从哪里来,回哪里去“的原则进行安置,农村入伍的回农村,城镇入伍的回城镇优先安排就业,在职入伍的复工复职。1970年后,城镇上山下乡知识青年入伍的,"
xianzhi,A,不满,p-0303,"位按军龄(入伍前有工龄的一并计算)定级别:凡满8年","15年的定三级工,满15年不满20年的穴心级工,满20年及以上的定五级工,照同工种同级别发工资。至1990年,共接收安置110人,绝大部分安置在县城工、商企业和行政、事业单位工作。第么章“救灾“救济第一节“灾害救济抗灾自救民国和民国以前,灾害发生后,多为亲邻相帮,自愿施救,农家多"
xianzhi,A,杀,p-0303,"黑穗病,17万亩水稻道蜗害。县政府动员门农户人工捕",",收效甚微。解放后,一逼自然灾害,各级政府动员干部、群众抗灾自救。旱灾发生后,发动群众找水源,序水灌田,挑水保苗,采用“水路不通走旱路〔(即改种旱粮7“办法,种包谷、红茹和杂梅,种蔬菜和秋粮,以解决群众基本生活需要。农作物发生病虫害后,多用土法防治和人工捕杀。1952年农作物大面"
xianzhi,A,土改,p-0304,"和上亿元的国家和人民财产免受损失。灾后,对无收的田","种蔬菜3.2万亨,半年时间修复农房5.4万间,新建2.5万间,占水毁房屋97.60%,解决了无家可归的1万多灾民居住问题。1988年夏秋县内发生大暴雨,各级党委、政府组织9.7万多人次,抢出物资1156吨,救出遇险群众1264人。这年以乡(镇)为单位,建立农村救灾扶贫福利基金会,"
xianzhi,A,公安,p-0304,",加固河堤,整治病害工程。7月6日洪峰到达前,组织","干警、民兵、机关人员3500多人的抢险队伍,抢出化肥、农药、化纤材料3000多吨,使28辆汽车、47艘船舶、57台机电设备免遭损失。县级各部门领导县夜值班,收集、计算、传递水情、一情。水位超过警界线后,县委、人大、政府、政协的领导参加值班。7月7日洪峰到达后,代县长.兹异矩等县级"
xianzhi,A,土地改革,p-0306,"5万人次(约占总人口的75%),以维持其基本生活。","后,主要救济生产困难户,农村年均2.5万人次,城镇年均300人次。1956年,农村的2783名孤老孤幼由农业社“五保“[保吃、保穿、保烧(燃料)、保教(儿童和少年)、保萱],城镇的无业失业贫民大都安排就业,后来重点救济农村贫困户。贫困户入社时为其减免投资款,1958年开始,对城镇"
xianzhi,A,土地改革,p-0308,"济对象,纳入行政管理范围。对剥削起家的乞丐头头、在","时定为地主,监督劳动;对一般乞丐分配给土地、房屋,自食其力;对老残乞丐,给予救济;对流氓团伙及其头子瓦解和惩治.在完成社会主义改造过程中,已回乡的部分乞丐和其他逃避改造的分子重操旧业,县民政部门按县人民委员会1956年发布的《游民改造计划》,将“不事劳动生活或者以不正当手段为生,"
xianzhi,A,地主,p-0308,"政管理范围。对剥削起家的乞丐头头、在土地改革时定为",",监督劳动;对一般乞丐分配给土地、房屋,自食其力;对老残乞丐,给予救济;对流氓团伙及其头子瓦解和惩治.在完成社会主义改造过程中,已回乡的部分乞丐和其他逃避改造的分子重操旧业,县民政部门按县人民委员会1956年发布的《游民改造计划》,将“不事劳动生活或者以不正当手段为生,危害社会秩"
xianzhi,A,判刑,p-0308,"事劳动生活或者以不正当手段为生,危害社会秩序又不够","条件的“99人,大部分送去九龙山农场劳动教养,个别送原籍监督劳动,不能劳动的(老残人)送南充老残院。1959年因生活困难,流浪乞讨者增多,县民政科设专职干部负责收容遣送。“文化大革命“中的1972年,县设收容所。除收容游民外,还对公安部门清查出来路不明的、有违法活动又不够法办的人"
xianzhi,A,公安,p-0308,"命“中的1972年,县设收容所。除收容游民外,还对","部门清查出来路不明的、有违法活动又不够法办的人员进行收容遣送,年均收容遣送约600人次。1978年后,只对农村流入城镇街头乞讨的和其他露宿街头,生活无着的人进行收容,年收容约200人次。他们之中多为痴呆、残废人、精神病患者和顽劣儿童。1987年收容145人,经清查、其中以乞讨为生"
xianzhi,A,法办,p-0308,"外,还对公安部门清查出来路不明的、有违法活动又不够","的人员进行收容遣送,年均收容遣送约600人次。1978年后,只对农村流入城镇街头乞讨的和其他露宿街头,生活无着的人进行收容,年收容约200人次。他们之中多为痴呆、残废人、精神病患者和顽劣儿童。1987年收容145人,经清查、其中以乞讨为生的占35%,智力低下者占5%,有违法行为的"
xianzhi,A,死亡,p-0308,"年,苍溪县调集民兵参加修筑襄渝铁路。在筑路中,因公","14"
xianzhi,A,死亡,p-0309,",按本人月工资的10一60%作为应发的伤残补助费和","抚代金,并向四川省一次性拨足10年(1973一1982年)经费每年由民政局代发给有关享受人员。1983年以后,改由县财政拨发。1990年享受补助对象减至56人。起义、投诚、宽释人员救济1982年,根据中央正确处理历史遗留问题的指示精神,、对原国民党的起义、投诚和宽大释放人员(党、"
xianzhi,A,处理,p-0309,"。起义、投诚、宽释人员救济1982年,根据中央正确","历史遗留问题的指示精神,、对原国民党的起义、投诚和宽大释放人员(党、政、军、特)给予社会救济,对其因“左“的错误造成非正常死亡人员的遗尸给予补助,对生活有困难的人员给予定期定量补助。第四章“社会福邓|第一节“福利事业慈善事业清康熙初年,在县城西察外设养济院,收养鳕寡孤独及残废无靠"
xianzhi,A,国民党,p-0309,"年,根据中央正确处理历史遗留问题的指示精神,、对原","的起义、投诚和宽大释放人员(党、政、军、特)给予社会救济,对其因“左“的错误造成非正常死亡人员的遗尸给予补助,对生活有困难的人员给予定期定量补助。第四章“社会福邓|第一节“福利事业慈善事业清康熙初年,在县城西察外设养济院,收养鳕寡孤独及残废无靠之人。经费在丁条粮银项下支拨。道光二"
xianzhi,X,审查,p-0309,"94。苍溪县志人,因公负伤致残51人。经铁道兵部队","批准,按本人月工资的10一60%作为应发的伤残补助费和死亡抚代金,并向四川省一次性拨足10年(1973一1982年)经费每年由民政局代发给有关享受人员。1983年以后,改由县财政拨发。1990年享受补助对象减至56人。起义、投诚、宽释人员救济1982年,根据中央正确处理历史遗留问"
xianzhi,A,会议,p-0311,"1日苍溪县残疾人联合会成立。残疾人联合会第一次代表","选举产生联合会主席团主席和副主席及委员;选举残联常设机构一一执行理事会实行理事长负责制。残联属事业性团体,挂靠县民政局。1990年4月县民政局和县残联对新观乡残疾人工作进行调查和总结,县政府办公室通知全县各级学习、贯彻新观乡关心残疾人的做法,《四川残疾人》杂志1990年第二期刊载"
xianzhi,A,法院,p-0312,"子女合法权益的新婚娇、家庭制度。1952年县民政、","、妇联、团委随川北行署工作组深入乡村,召开各种会议,利用逢场天办申尺,演文艺节目,宣传新的婚姻法,批判旧的婚姻制度,同时惩办虐杀妇女、儿童的罪犯。1953年3月,县委、县政府召开县、区、乡363名干部参加的学习婚姻法,部署开展“婚姻法宣传月“活动会议。此后,结合婚姻登记继续进行宣"
xianzhi,A,会议,p-0312,"法院、妇联、团委随川北行署工作组深入乡村,召开各种",",利用逢场天办申尺,演文艺节目,宣传新的婚姻法,批判旧的婚姻制度,同时惩办虐杀妇女、儿童的罪犯。1953年3月,县委、县政府召开县、区、乡363名干部参加的学习婚姻法,部署开展“婚姻法宣传月“活动会议。此后,结合婚姻登记继续进行宣传。1980年,第二部婚姨法公布后,县委宣传部、县"
xianzhi,A,惩办,p-0312,"演文艺节目,宣传新的婚姻法,批判旧的婚姻制度,同时","虐杀妇女、儿童的罪犯。1953年3月,县委、县政府召开县、区、乡363名干部参加的学习婚姻法,部署开展“婚姻法宣传月“活动会议。此后,结合婚姻登记继续进行宣传。1980年,第二部婚姨法公布后,县委宣传部、县司法局等6单位联合编发《宣传新婚姻法,提倡婚事新办》宣传提纲,利用各种宣传"
xianzhi,A,杀,p-0312,"节目,宣传新的婚姻法,批判旧的婚姻制度,同时惩办虐","妇女、儿童的罪犯。1953年3月,县委、县政府召开县、区、乡363名干部参加的学习婚姻法,部署开展“婚姻法宣传月“活动会议。此后,结合婚姻登记继续进行宣传。1980年,第二部婚姨法公布后,县委宣传部、县司法局等6单位联合编发《宣传新婚姻法,提倡婚事新办》宣传提纲,利用各种宣传工具"
xianzhi,A,村民,p-0313,"离婚仍由区办理。婚姻登记由婚姻当事人双方,持户口和","(居民〉委员会(或工作单位)关于婚姻状况的证明(离婚的填登记表,到一方户口所在地的婚姻登记机关申请.登记机关经审查符合条件、即登记发给结婚证或离婚证。1985年将婚姻登记人员集中到县训练,经考试合格发给《婚姻登记员证书》后,才准予负责婚姻登记工作。1986年6月1日执行新的婚婪登"
xianzhi,A,死亡,p-0313,"升到270其,1989年上升到375具,火化率突破","人数的7%。"
xianzhi,X,审查,p-0313,"表,到一方户口所在地的婚姻登记机关申请.登记机关经","符合条件、即登记发给结婚证或离婚证。1985年将婚姻登记人员集中到县训练,经考试合格发给《婚姻登记员证书》后,才准予负责婚姻登记工作。1986年6月1日执行新的婚婪登记办法,婚姻当事人凭《居民身份证》即可申请登记。1989年县民政局推广龙山区各乡婚姻登记七到场(分管婚姻登记的乡干"
xianzhi,X,训练,p-0313,"给结婚证或离婚证。1985年将婚姻登记人员集中到县",",经考试合格发给《婚姻登记员证书》后,才准予负责婚姻登记工作。1986年6月1日执行新的婚婪登记办法,婚姻当事人凭《居民身份证》即可申请登记。1989年县民政局推广龙山区各乡婚姻登记七到场(分管婚姻登记的乡干部、民政干部、共青团、妇女干部、办公室文书、申请登记的男女双方到场)办法"
xianzhi,A,复查,p-0314,"90年10月县政府成立整顿社团领导小组,通过整顿和","登记、对合法的孙以确认,维护其合法权益。通过自查整顿,复查登记,认可的各类社会团体138个(县级社会团体67个,区、乡各类社会团体71个),其中学术性团体9个,专业性团体114个,行业性团体13,个,联合性团体2个,已被核准登记注册。"
xianzhi,A,民团,p-0316,"业、饮食服务,文教、卫生、科技、金融、党政机关和人","体等各业。1953年22.23万社会劳动力中,农业占98.835%;工业占0.11%;交通运输邹电业占0.035%;商业饮食服务业占0.15%;文教卫生事业占0.41%;金融业占0.045%;国家机关和人民团体占0.43%。1956年完成农业、个体手工业、私营工商业的社会主义改造"
xianzhi,A,国民党,p-0317,"失业人员147人,其中工人23人、知识分子73人、","军官15人、旧政权职员16人、小商贩8人。结合调查登记工作,安置63人。并不准私苑工商业者,随便解雄工人,避免新的失业产生。对于一时难以安置的少数人,组织生产自救或以工代赈安排生活出路。至1956年的7年间共安置失业、待业人员1719人。并对1950年起进城谋生农民82人动员还乡"
xianzhi,A,旧政权,p-0317,"其中工人23人、知识分子73人、国民党军官15人、","职员16人、小商贩8人。结合调查登记工作,安置63人。并不准私苑工商业者,随便解雄工人,避免新的失业产生。对于一时难以安置的少数人,组织生产自救或以工代赈安排生活出路。至1956年的7年间共安置失业、待业人员1719人。并对1950年起进城谋生农民82人动员还乡分给土地。至此,失"
xianzhi,A,死亡,p-0318,"致使1973一1975年无法招工,只对退职、退休、","职工子女补员招工100人。1977年全县有城镐待业人员1385人急待安置。这年成立苍溪县城镇待业人员安置领导小组,本着发展集体经济,兴办街道工业、交通运输业和商业服务业,组织起来从事集体生产劳动的安置原则,安置1151人,其中包括安置下乡知青855人。1978年安置1014人,其"
xianzhi,A,死亡,p-0320,"准返城待业495人。至1981年止,下乡“知青“除","13人、失踪1人、判刑劳教54人、自愿在农村长期落户7人外,全部安置完毕。历时15年的知青工作至此结束。第三章“职-一.第一节十“部民国时期,县长由省府避籍简任或委任,县政府秘书、科长、区长、处长、警察局长由县长昌报省批准委任,其余公务人员由县长委任或雇用.民国24一29年县政府"
xianzhi,A,判刑,p-0320,"1981年止,下乡“知青“除死亡13人、失踪1人、","劳教54人、自愿在农村长期落户7人外,全部安置完毕。历时15年的知青工作至此结束。第三章“职-一.第一节十“部民国时期,县长由省府避籍简任或委任,县政府秘书、科长、区长、处长、警察局长由县长昌报省批准委任,其余公务人员由县长委任或雇用.民国24一29年县政府6科、1!处,配备公务"
xianzhi,A,甲长,p-0320,"公处、保国民学校,职员1637人;第三级下属机关;","办公处3153人。1950年1月县人民政府成立后,上级委派南下干部16人、中共原地下党干部6人,共22人开展工作。年末全县共有干部617人,其中上级委派解放军干部20人、南下干里部20人、中共原地下党干部12人、原解放委员会成员和民主人士40人、选拨社会知识青年280人、留用原国"
xianzhi,A,征粮,p-0320,"0年初,经短期培训吸收青年知识分子280人,接着在","、巢匪、清匪反霸斗争中提拔工人干部14人、农民干部207人,形成人民政权基本骨干力量。1951一1953年,通过土地改革锻炼,川北人民革命大学、省地委党校、县党训班短期培训,陆续从工人、"
xianzhi,A,匪,p-0320,"经短期培训吸收青年知识分子280人,接着在征粮、巢","、清匪反霸斗争中提拔工人干部14人、农民干部207人,形成人民政权基本骨干力量。1951一1953年,通过土地改革锻炼,川北人民革命大学、省地委党校、县党训班短期培训,陆续从工人、"
xianzhi,A,清匪,p-0320,"期培训吸收青年知识分子280人,接着在征粮、巢匪、","反霸斗争中提拔工人干部14人、农民干部207人,形成人民政权基本骨干力量。1951一1953年,通过土地改革锻炼,川北人民革命大学、省地委党校、县党训班短期培训,陆续从工人、"
xianzhi,A,反霸,p-0320,"训吸收青年知识分子280人,接着在征粮、巢匪、清匪","斗争中提拔工人干部14人、农民干部207人,形成人民政权基本骨干力量。1951一1953年,通过土地改革锻炼,川北人民革命大学、省地委党校、县党训班短期培训,陆续从工人、"
xianzhi,A,斗争,p-0320,"收青年知识分子280人,接着在征粮、巢匪、清匪反霸","中提拔工人干部14人、农民干部207人,形成人民政权基本骨干力量。1951一1953年,通过土地改革锻炼,川北人民革命大学、省地委党校、县党训班短期培训,陆续从工人、"
xianzhi,A,土地改革,p-0320,"成人民政权基本骨干力量。1951一1953年,通过","锻炼,川北人民革命大学、省地委党校、县党训班短期培训,陆续从工人、"
xianzhi,A,公安,p-0321,"夜大毕业生、高中生及待业青年中招收124人,补充到","、检察、法院、司法局、工商局、税务局、银行等单位。聘用为适应社会主义现代化建设需要,1984年县人事部门实行“面向社会、公开报名,经过考试,择优录取招聘干部“制度,聘用时间3年。这年从农村招聘干部307人,补充区、乡财政、教师、计划生育、金融等部门。1985一1990年,在“五大"
xianzhi,A,法院,p-0321,"高中生及待业青年中招收124人,补充到公安、检察、","、司法局、工商局、税务局、银行等单位。聘用为适应社会主义现代化建设需要,1984年县人事部门实行“面向社会、公开报名,经过考试,择优录取招聘干部“制度,聘用时间3年。这年从农村招聘干部307人,补充区、乡财政、教师、计划生育、金融等部门。1985一1990年,在“五大“毕业生、职"
xianzhi,A,反革命,p-0326,"分的人“文化大革命“中的“三种人“(追随林虔、江青","集团造反起家的人,帮派思想严重的,打硬抢分子)暂不升级,待一年后再评定。企业调资实行“两挂钩“、“一浮动“,即工资与企业效益挂钩,与职工个人劳动成果挂钩;改固定升级为浮动升级。此次调资,应调15211人,升级11572人,占应调整人数76.085%,其中升两级1597人,占升级人"
xianzhi,A,乡长,p-0326,"0元,副局(科》、区长29一63.5元,主办科员、","23.5一55.5元,科员、区助理员,副乡长11.5一41元;机关工人执行1一10级岗位工资标准,工资11.5一71元.工龄工资按工作年限,每满1年加发0.5元计算。奖励工资7元。初步理顺工资关系。行政、事业单位职工6791人,参加工改6690人。工改前人平月工资58.97元,经"
xianzhi,A,副乡长,p-0326,"办科员、乡长23.5一55.5元,科员、区助理员,","11.5一41元;机关工人执行1一10级岗位工资标准,工资11.5一71元.工龄工资按工作年限,每满1年加发0.5元计算。奖励工资7元。初步理顺工资关系。行政、事业单位职工6791人,参加工改6690人。工改前人平月工资58.97元,经调整地差和工改,人平月增资20.51元。招聘"
xianzhi,A,村民,p-0327,"月工资19.26元。城镇民办教师按公办教师工改,农","办教师实行基本工资加教龄补贴,1982年底以前任教的增加基本工资10一12元,1982年以后任教的增加6一8元,工改后人平月增资9.57元。1986年机关、事业单位解决部分工资偏低人员工资,有1036|人升级,人平月增资6.56元。为完善企业工资制度,搞好内部分配,1740名全民"
xianzhi,A,公安,p-0329,"坏,发12一17元。值勤岗位津贴1987年1月起,","部门担任治安、侦察、交通安全、监所看守干警及在劳改、劳教等队以下单位工作的干警,值勤或办案时每人每天发给津贴5角,其他干警参加值勤、办案的每人每天发给津贴4角。"
xianzhi,A,劳改,p-0329,"公安部门担任治安、侦察、交通安全、监所看守干警及在","、劳教等队以下单位工作的干警,值勤或办案时每人每天发给津贴5角,其他干警参加值勤、办案的每人每天发给津贴4角。"
xianzhi,A,反对,p-0330,"服务人员2元、一般十部1.5元。1966年4月,“","物质刺激“,将活工资计入月工资,将年终奖改为年终加发活工资。1966年开始的“文化大革命“中,把过去正确的作法视为资本主义产物进行批判并取消。1978年9月首先在印刷厂、电厂、农机一、二厂、粮食机修厂、歧坪、龙山粮站、文昌、城郊供销社、县中药材、石油、五交化公司等13个经济效益好"
xianzhi,A,处理,p-0331,"月发给。1958年起执行国务院《关于工人、职员退休","的暂行规定》,男职工年满60周岁,连续工龄5年,一般工龄20年;女工人年满50周岁,女职员年满55周岁,连续工龄5年,一般工龄15年,退休后按月发给本人工资50一70%的退休费。男年满50周岁,女年满45周岁,连续工龄5年,一般工龄15年,身体裙骏丧失劳动力,经劳动鉴定委员会鉴定"
xianzhi,A,死亡,p-0332,"国苑企业离休、退休、退职职工离退休退职费、补助费、","丧葬补助费、因工致残护理费实地统筹统管统支。全年共筹集退休养老基金11.03万元,合同工养老金19.27万元。发放离退休费8.88万元.1988年起,定“九,九“重阳节,为“敬老节“,开展对离退老人的慕问活动。1990年末,全县共有离休干部85人、退休职工3654人。企业职工73"
xianzhi,A,死亡,p-0333,"0.2万元,医疗补助费54元。“职工疯、伤、产假和","待遇病伤假1951年起企业职工连续病假6个月以内、按工龄计发本人工资60一100%;连续病假6个月以上发40一60%。1986年改为停工治疗6月个月以内。工龄不满10年的发70%;满10年不满20年发80%,满20年不满30年发90%,30年以上发95%,停工治疗6个月以上,连续"
xianzhi,A,不满,p-0333,"一60%。1986年改为停工治疗6月个月以内。工龄","10年的发70%;满10年不满20年发80%,满20年不满30年发90%,30年以上发95%,停工治疗6个月以上,连续工龄不满10年发60%;不满20年发655%;20年以上发70%5。1955年起,国家机关工作人员连续病假6个月以内,从第二个月起,按工作年限发给本人工资70一1"
xianzhi,A,死亡,p-0334,"元,农村20一25元。1988年抚付费改为一次发给","者生前本人工资10个月,不足500元补足500元,11月再改为死者生前15个月工资,家属生活困难补助调整为:县城30一35元、场镇25一30元、农村20一25元。职工因病或非因工死亡,按供养人口多少一次发给死者生前本人标准工资6一12个月,1988年改为发给本人标准工资5个月,不"
xianzhi,A,处理,p-0334,"保健食品。1951年起建立企业按月报告职工伤亡事故","制度。1952年处理元坝伐木二厂伤亡事故13件,对新建私营民成工厂多次组织安全生产大检查。1958年全民大办工业,片面追求生产指标、事故不断发生,县人委不断调整工业部局,撒销一些不合格的新建厂,事故下降。"
xianzhi,A,大会,p-0335,"959年6月,成立县安全生产五人小组,7月召开职工",",宣传贯彻安全生产法规。建立安全生产大检查制度。各厂矿企业对在炎热季节、高温、露天作业工人实行调1整工作时间、调整人员、充实降温设备,供应清凉饮料等措施,以后每年形成制度。1960年开展“十防一灭“(防撞车翻车、坍塌、爆炸、触电、中毒、粉尘、火灾、水淹、烧烛、坠落)活动,查出隐患"
xianzhi,A,处理,p-0335,"厂矿企业劳动保护条例)》:《四川省厂矿劳动监寡违章","办法》,培训宣传员35人.翌年办劳动保护训练班11期,培训职工331人,并对企业领导、工人、干部进行劳动安全考试。1986年春运期间,组织局级以上干部对全县渡口及各种车辆进行安全检查,纠正违章车输,整改水上隐患,被广元市评为春运安全先进县。这年举办驾驶员、电工、锅炉工安全培训班1"
xianzhi,X,训练,p-0335,"寡违章处理办法》,培训宣传员35人.翌年办劳动保护","班11期,培训职工331人,并对企业领导、工人、干部进行劳动安全考试。1986年春运期间,组织局级以上干部对全县渡口及各种车辆进行安全检查,纠正违章车输,整改水上隐患,被广元市评为春运安全先进县。这年举办驾驶员、电工、锅炉工安全培训班12期,培训1596人。1988年起,把劳动安"
xianzhi,A,法院,p-0337,"1950一1952年,正副县长、正科(局)、区长、","院长、公司经理,由川北行政公署管理、任免;副科(局)、区长、法院副院长、副经理、公安局秘书和正副股长,由剑阁专署管理,任免;正副乡(镇》长,由县政府管理、任免,1953年起,正副县长由四川省政府管理、任免;正副科(局〉长、区长、法院正副院长、正副检察长,由专署管理、任免;正副乡("
xianzhi,A,公安,p-0337,"管理、任免;副科(局)、区长、法院副院长、副经理、","局秘书和正副股长,由剑阁专署管理,任免;正副乡(镇》长,由县政府管理、任免,1953年起,正副县长由四川省政府管理、任免;正副科(局〉长、区长、法院正副院长、正副检察长,由专署管理、任免;正副乡(镇〉长由县政府管理,任免。1955年县、乡人民代表大会选举产生的正副、县长、法院院长"
xianzhi,A,大会,p-0337,"镇〉长由县政府管理,任免。1955年县、乡人民代表","选举产生的正副、县长、法院院长,正副乡(镇)长,只报省、县人民委员会备案;正副科(局)级干部县人委任命报专署备案。1958年起执行《县以上人民委员会任免国家机关工作人员条例),县人民委员会正副科、局长、主任、法院院长(县人民代表大会选举)、区长、经理、校长及相当职位的人员由县人民"
xianzhi,X,训练,p-0338,"全民、集体工商业企业工人日益增多,各企业札取办业余","班、岗位练兵、以会带训,以老带新等方式,提高工人文化、技术和职业道德水平。1979年工作重点转移到社会主义现代化建设上,工商企业调整布局,工人成倍增加。为适应现代化建设需要,县成立取工教育委员会,抓职工“双补“(文化、技术补课)和文化进修。各企业亦相应成立管理组织。1980年县丝"
xianzhi,A,征粮,p-0339,"千部阶级立场,树立无产阶级观点,先后举办春节宣传、","、减租退押、清匪反霸等各种学习班,培训1654人。1951年县干部训练班成立,分批轮训千部1896人、开办党建班,陆续训练党建、政权建设骨干,8月,县培训农村基层干部982人。1955年县级机关干部110人进行业余文化补习。1956年在苍中校开办扫盲班、高小班,组织区、乡干部学文"
xianzhi,A,减租,p-0339,"级立场,树立无产阶级观点,先后举办春节宣传、征粮、","退押、清匪反霸等各种学习班,培训1654人。1951年县干部训练班成立,分批轮训千部1896人、开办党建班,陆续训练党建、政权建设骨干,8月,县培训农村基层干部982人。1955年县级机关干部110人进行业余文化补习。1956年在苍中校开办扫盲班、高小班,组织区、乡干部学文化。6"
xianzhi,A,退押,p-0339,"场,树立无产阶级观点,先后举办春节宣传、征粮、减租","、清匪反霸等各种学习班,培训1654人。1951年县干部训练班成立,分批轮训千部1896人、开办党建班,陆续训练党建、政权建设骨干,8月,县培训农村基层干部982人。1955年县级机关干部110人进行业余文化补习。1956年在苍中校开办扫盲班、高小班,组织区、乡干部学文化。60年"
xianzhi,A,清匪,p-0339,"立无产阶级观点,先后举办春节宣传、征粮、减租退押、","反霸等各种学习班,培训1654人。1951年县干部训练班成立,分批轮训千部1896人、开办党建班,陆续训练党建、政权建设骨干,8月,县培训农村基层干部982人。1955年县级机关干部110人进行业余文化补习。1956年在苍中校开办扫盲班、高小班,组织区、乡干部学文化。60年代转为"
xianzhi,A,反霸,p-0339,"产阶级观点,先后举办春节宣传、征粮、减租退押、清匪","等各种学习班,培训1654人。1951年县干部训练班成立,分批轮训千部1896人、开办党建班,陆续训练党建、政权建设骨干,8月,县培训农村基层干部982人。1955年县级机关干部110人进行业余文化补习。1956年在苍中校开办扫盲班、高小班,组织区、乡干部学文化。60年代转为各部"
xianzhi,X,学习班,p-0339,",先后举办春节宣传、征粮、减租退押、清匪反霸等各种",",培训1654人。1951年县干部训练班成立,分批轮训千部1896人、开办党建班,陆续训练党建、政权建设骨干,8月,县培训农村基层干部982人。1955年县级机关干部110人进行业余文化补习。1956年在苍中校开办扫盲班、高小班,组织区、乡干部学文化。60年代转为各部门自办文化班"
xianzhi,X,训练,p-0339,"反霸等各种学习班,培训1654人。1951年县干部","班成立,分批轮训千部1896人、开办党建班,陆续训练党建、政权建设骨干,8月,县培训农村基层干部982人。1955年县级机关干部110人进行业余文化补习。1956年在苍中校开办扫盲班、高小班,组织区、乡干部学文化。60年代转为各部门自办文化班,“文化大革命“开始后终止。1975年"
xianzhi,A,处理,p-0340,"2.5月本人标准工资的生活补助费;老职工按退职退休",",并发给职工本人及随行家属升旅费、途中伙食补助费,口粮供应至小春或大春产新止,并发给“光荣回乡证书“。第六节“行政监察民国时期,国民政府颁布有《盎察法》、《惩治贪污条例}、《奖惩条例》等行政监察法规。民国27年(1938)年,二区区长黄昭忠“疏于监守、遗失赉款“,被撒职究办。34"
xianzhi,A,反对,p-0340,"作人员业务与工“作作风进行监察。在反贪污、反浪费、","官僚主义运动中,处理贪污及违法乱纪干部49人,其中判刑9人、劳动改造3人、机芝管制8人、开除回家2人、劝其回家6人,撒职、降职、记过21人。1955年9月撒销监委、监察职能由人事科代行。1957年“整风反右“运动中,扩大了打击面,处理干部124人,其中下放劳动锻炼33人、开除工作"
xianzhi,A,判刑,p-0340,"官僚主义运动中,处理贪污及违法乱纪干部49人,其中","9人、劳动改造3人、机芝管制8人、开除回家2人、劝其回家6人,撒职、降职、记过21人。1955年9月撒销监委、监察职能由人事科代行。1957年“整风反右“运动中,扩大了打击面,处理干部124人,其中下放劳动锻炼33人、开除工作劳教13人,开除工作回家45人、留机关工作监督改造21"
xianzhi,A,管制,p-0340,"法乱纪干部49人,其中判刑9人、劳动改造3人、机芝","8人、开除回家2人、劝其回家6人,撒职、降职、记过21人。1955年9月撒销监委、监察职能由人事科代行。1957年“整风反右“运动中,扩大了打击面,处理干部124人,其中下放劳动锻炼33人、开除工作劳教13人,开除工作回家45人、留机关工作监督改造21人。逢捕法办12人。1959"
xianzhi,A,法办,p-0340,"开除工作回家45人、留机关工作监督改造21人。逢捕","12人。1959年“反右倾“中错处理干部61人,其中开除回家21人、开除留用察看!人、撒职16人、记过和记大过28人,1963年和翌年“四清“运动中处理干部51人,其中开除6人、开除留用12人、撒职3人、记大过和记过24人、法办6人。“文化大革命“中大批领导干部遵批斗,关“牛棚“"
xianzhi,A,错案,p-0340,"县委成立“落实十部政策办公室“,对历次运动中的冤假","进行清理,甄别、平反、纠错,1988年3月,丧监察局成立,至年底,监察局与落实政策办公室共撒销历史老案413件,收回工作262人,补发工资78人,作退休退职处理182人,恢复名能57人,已死亡55人给亲属拱恤,撒销原结论88人,纠正错定为敌我矛盾性质的77人。至1990年,共立案"
xianzhi,A,平反,p-0340,"策办公室“,对历次运动中的冤假错案进行清理,甄别、","、纠错,1988年3月,丧监察局成立,至年底,监察局与落实政策办公室共撒销历史老案413件,收回工作262人,补发工资78人,作退休退职处理182人,恢复名能57人,已死亡55人给亲属拱恤,撒销原结论88人,纠正错定为敌我矛盾性质的77人。至1990年,共立案查处千部违纪57人,"
xianzhi,A,死亡,p-0340,"78人,作退休退职处理182人,恢复名能57人,已","55人给亲属拱恤,撒销原结论88人,纠正错定为敌我矛盾性质的77人。至1990年,共立案查处千部违纪57人,受政纪处分50人,其中警告2人,记过9人、记大过7人、撒职2人、降级3人、开除留用2!人、开除公职6人。清查十部建私房306户,占地2.9万平方米,撒除多建房45户,收回土"
xianzhi,X,审查,p-0340,";1969年“清理阶级队伍“中有485名干部被立案",",1971年开除162人、速捕10人、使大批干部蒙受不白之冤。1979年5月,中共苍溪县委成立“落实十部政策办公室“,对历次运动中的冤假错案进行清理,甄别、平反、纠错,1988年3月,丧监察局成立,至年底,监察局与落实政策办公室共撒销历史老案413件,收回工作262人,补发工资7"
xianzhi,A,不服,p-0341,"调处,调处无效时由县劳动仲裁委员会仲裁,双方或一方","仲裁时,再向人民法院申诉,依法判决。1953年调解劳资纠纷41件、公私关系5件,1956年实现公私合营后,中止劳动争议仲裁业务。1986年10月,恢复仲裁工作,成立苍溪县劳动争议仲裁委员会,受理企业有关开除、除名、辞退违纪职工和履行劳动合同中发生的劳动争议案件,保护企业行政和职工"
xianzhi,A,法院,p-0341,"劳动仲裁委员会仲裁,双方或一方不服仲裁时,再向人民","申诉,依法判决。1953年调解劳资纠纷41件、公私关系5件,1956年实现公私合营后,中止劳动争议仲裁业务。1986年10月,恢复仲裁工作,成立苍溪县劳动争议仲裁委员会,受理企业有关开除、除名、辞退违纪职工和履行劳动合同中发生的劳动争议案件,保护企业行政和职工的合法权益,维护正常"
xianzhi,A,处理,p-0341,"秩序。1987年7月,国务院关于《国营企业劳动争议","暂行规定》颁布后,企业发生履行合同争议时,先由企业调解委员会调解;调解无效时,企业行政或职工向县仲裁委员会申诉,由仲裁委员会实行一次性裁决;不服裁决,15日内向县人民法院起诉。1989年私营企业劳动争议纳入仲裁范围。1990年乡村集体企业劳动争议也纳入仲裁范围。1987一1990"
xianzhi,A,徒刑,p-0341,"期、停薪留职干部、受开除留用察看处分期间、判处有期","缓刑期间和正在立案审查的干部等暂不确定行政职务。机关中从事专业技术的干部确定行政职务后,又受聘专业技术职务时免除行政职务。至1990年共任命行政职务573人,其中主办科员343人、科员151人、办事员79人。"
xianzhi,X,审查,p-0341,"除留用察看处分期间、判处有期徒刑缓刑期间和正在立案","的干部等暂不确定行政职务。机关中从事专业技术的干部确定行政职务后,又受聘专业技术职务时免除行政职务。至1990年共任命行政职务573人,其中主办科员343人、科员151人、办事员79人。"
xianzhi,A,处理,p-0342,",严重违反劳动纪律等情况,制定《工人违反劳动纪律的","暂行办法》,对于擅自离职和请假逾期不归,企业发出通知后一月不返回工作岗位的给予除名;对一贯不避守规章制度,违法乱纪,屡教不改以及一年累计旷工3个月以上的,给子开除或开除留用察看处分,留用期只发生活费30元.这年在贯彻《办法》中,10人受到惩罚,其中降级1人、开除留用察看3人、除名"
xianzhi,A,不满,p-0342,"70分以上为三等,嘉奖;60分以上为四等,不奖惩;","60分为五等,申戒;不满50分为六等,记"
xianzhi,X,审查,p-0342,"、科长、处长、警察局长、司法承审员等考绩报省铨考处","备案。民国27年(1938)县长曾锦柏制定《苍溪县各职员实施奖惩暂行规定》以百分制进行考核。考绩标准:工作50分、学识25分、操行25分,90分以上者为一等、晋级;80分以上者为二等,记功;70分以上为三等,嘉奖;60分以上为四等,不奖惩;不满60分为五等,申戒;不满50分为六等"
xianzhi,A,不满,p-0343,"*328,苍演县志过;","40分为七等,解职。平时考察,实行日记月评,月迟到一、二次免议或申戒,三次扣发工资5%,满日记过一次;无故缺席半日扣发工资2.5%,满日扣55%,满3日开除,纪念周不到一次扣1%,坚守规则发给奖金。这年县政府共扣发工资125.63元,奖励86元。解放后、人民政府对工作人员以思想教"
xianzhi,A,惩办,p-0343,"86元。解放后、人民政府对工作人员以思想教育为主,","为辅,按德、能、勤、缎考核。领导干部侧重政策思想水平、组织领导能力、熠悉业务程度、执行民主集中制状况和工作实效。1950年,县人民政府制定《苍溪县行政工作人员立功标准》,凡工作积极,按时完成任务,生活艰苦朴素,全心全意为人民服务,廉洁奉公,虚心向群众学习,严格遵守各项制度,爱护公"
xianzhi,A,平反,p-0343,"留用察看、开除,这年处分66人。1961年,结合“","“和“社教“运动,对407名干部进行考寡,其中工作积极和思愚品质、工作作风、德才都好的占66.83%,基本能胜任工作的占26.54%;有严重错误的10人,占2.46%;年老体骏,能力差,不能胜任工作占4.18%。1984年,全县党政群团机关、事业单位、区乡(镇)建立工作人员岗位责"
xianzhi,A,斗争,p-0343,"造发明,节约国家资财,防止挽救事故有功,同违法行作","有显著功绩的529人受奖,其中记功5人、授二奖品奖金116人、奖励晋级35人,通令嘉奖和评先进表扬53人;因违反政纪和财经纪律受政纪处分20人。"
xianzhi,A,国民党,p-0344,"校毕业后考入日本陆军士官学校学习军事,回国后先后任","庐山中央军官训练团教官,别动队副总队长兼第五大卞大队长*驻汝西),继后任四川省军事委员会主任,国防部监察局局长等职。东溪乡杨树校,于'民国20年后考入法国巴黎航空大学机械系学习,6年期满固国后任中央航空学院教官。解放后,出国学习人员有:陵江镇罗志力,1950年由甘肃玉门去苏联学习"
xianzhi,X,训练,p-0344,"军士官学校学习军事,回国后先后任国民党庐山中央军官","团教官,别动队副总队长兼第五大卞大队长*驻汝西),继后任四川省军事委员会主任,国防部监察局局长等职。东溪乡杨树校,于'民国20年后考入法国巴黎航空大学机械系学习,6年期满固国后任中央航空学院教官。解放后,出国学习人员有:陵江镇罗志力,1950年由甘肃玉门去苏联学习半年,回国后先后"
xianzhi,A,会上,p-0345,",最后择读于美国宾夕法尼亚大学,多次在全美物理学年","宥读学术论文,1990年开始从事博士后研究。两河乡何中武,1987年于四川农业大学毕业后,考入加拿大某大学学习,1991年回国工作.新观乡李信荣,1987年于安徽合肥工业大学毕业后留学美国。陵江镇刘鸣,在华南师范大学取得博士研究生学位后,1989年留学日本,攻读教育心理学,两年后"
xianzhi,A,会上,p-0348,"织师生开了追悼会,为罗斯福遗像献了花圆。亨利在追悼","讲:美、中、法、苏一定能彻底击败怒、意、日。盛赞中国在如此山区,尚有如此好的一所中学,令人佩服。亨利,霍桥在宋水中学短住了4天,临行"
xianzhi,A,村民,p-0351,"作了汇报。25日,两位官员去歧坪、东溪沿途检查部分","养兔情况,参观了元坝畜牧兽医技术服务培训中心。26日离苍。新西兰教授新西兰梅西大学教授威廉姆偕夫人戴安娜应邀于1992年10月22日抵达苍溪。他们对苍溪很多建设项目倍感兴趣。在县长莫异矩等陪同下,考察了江南镇旋子山雪梨开发区,达成租赁土地1000亩建梨园的意向性协议.并与中共苍溪"
xianzhi,A,会议,p-0355,"“340。苍溶县志代表",",贯彻中央“一视同仁,不得歧视,根据特点,适当照顾“的侨务政策。1981年3月,港属刘家堂、侨属杨庆驹等3人当选为苍溪县第八届人民代表大会代表。此后有6人当选为第九至第十一届县人民代表大会代表;历届县政协委员中的侨、港属委员为:二届3人,三届3人,四届3人.1981年12月,县召"
xianzhi,A,大会,p-0355,"刘家堂、侨属杨庆驹等3人当选为苍溪县第八届人民代表","代表。此后有6人当选为第九至第十一届县人民代表大会代表;历届县政协委员中的侨、港属委员为:二届3人,三届3人,四届3人.1981年12月,县召开第二届侨务工作代表会议,30多名海外侨胞及港澳同胞亲属代表出席会议,进一步解除思想顾虑,明确党的侨务政策。与会代表畅谈祖国解放以来的巨大"
xianzhi,A,处理,p-0355,"消除侨务工作中“左“的影响,对历次政治运动中被错误","的30多户侨属、港属均给孙平反昭雪;有关单位结合清理人事档案,按中央精神剔除有关所谓“海外关系“等方面的材料;退赔了在“文化大革命“中被查抄的财产;解欧了应解决的侨属、港属职工夫妻异地分居问题;同时为侨属、港属农转非14人,子女上学、招工、招千一视同仁。南阳公社杨天月之女杨永惠和"
xianzhi,A,平反,p-0355,"历次政治运动中被错误处理的30多户侨属、港属均给孙","昭雪;有关单位结合清理人事档案,按中央精神剔除有关所谓“海外关系“等方面的材料;退赔了在“文化大革命“中被查抄的财产;解欧了应解决的侨属、港属职工夫妻异地分居问题;同时为侨属、港属农转非14人,子女上学、招工、招千一视同仁。南阳公社杨天月之女杨永惠和女婿邓方瑞均在攀枝花工作,因邓"
xianzhi,A,会上,p-0355,"先进个人。9月29日,中共苍溪县委举行中秋茶话会,","县委副书记张玉源向与会人员并通过他们向海外亲人问候、祝愿。县人大副主任何芗、县政协副主席周承瞬莅会题诗填词,表示对海外亲人的思念。何芒诗为:“丽佳花溢芬芳,中秋佳节又临。全国风光无限好,而今形势更喜人。“七五“建设内容实,新老交替血液新,寄语港台亲骨肉,何时聚首话离情。“周承瞬词"
xianzhi,A,会议,p-0356,"992年8月20一21日县召开第10届侨务工作代表",",与会代表130人,会议学习了中共中央原顾问委员会主任邓小平1992年春南巡重要讲话,研究在改革开放、振兴苍溪经济中,侨、港属如何发挥“中介“作用,做好资金、技术、人才的引进工作。同时10名代表介绍了勤劳致富经验。表彰了20名先进个人。第二节_扶持侨、港属脱贫致富苍溪县侨、港属中"
xianzhi,A,团总,p-0357,"团练总局,数保立一团长经理团练。县中五路,每路立一","。宣统三年(1911)改总局为筹防局,12月复为团练总局。民国元年′(1912)10月,团练总局设局长、副局长各1人(此后曾改名为筹防局、团务局,再复名为团练局),下设7个团练分局(每乡镇1个),置分局长,管理本辖区团练。6年,改团练局为教练团,置督练长1人,乡镇分局长改为团总。"
xianzhi,A,公安,p-0359,"由同级党委第一书记担任,副主任由同级武装部长担任,","、宣传、组织、团委、妇联等部门的负责人为委员,组成委员会,组织领导及协调本级军事工作与军事活动。“文化大革命“期间各级武装委员会瘫痰。1980年2月,恢复中共苍漫县人民武装委员会。"
xianzhi,A,匪,p-0360,"辖。8年,熊克武部鲁屏周若入苍溶清乡,则灭九龙山巨","段少武、韩维川之一部。|第二节“川“军民国9年(1920)9月,川军第六师一个萍派驻苍溪,剽灭元坝镇一带股匪.这年冬,川军第三师杨旅自绵阳败走苍溪之岳东场,据险守隙,搜刮民间粮米充军食,人民息不敢言.10年1月杨旅返苍溪县城,将搜刮民粮之事定罪于草长项楚,并就地处决.同年,罗透琼"
xianzhi,A,股匪,p-0360,"0)9月,川军第六师一个萍派驻苍溪,剽灭元坝镇一带",".这年冬,川军第三师杨旅自绵阳败走苍溪之岳东场,据险守隙,搜刮民间粮米充军食,人民息不敢言.10年1月杨旅返苍溪县城,将搜刮民粮之事定罪于草长项楚,并就地处决.同年,罗透琼旅谢廉常暑驻苍溟。11年春,川军一师邹旅、四师郑晔驻苍溪。5月,川军七师来苍挤走邹旅与郑营.12年秋,川军二"
xianzhi,A,处决,p-0360,"旅返苍溪县城,将搜刮民粮之事定罪于草长项楚,并就地",".同年,罗透琼旅谢廉常暑驻苍溟。11年春,川军一师邹旅、四师郑晔驻苍溪。5月,川军七师来苍挤走邹旅与郑营.12年秋,川军二十二师与一师混战于苍溪,二十二师败走巴中县.这年冬,二十二师古营再攻苍溪,与一师罗连隔河(嘉陵江)对攻,罗连退守阅中。熊克武战败退出四川后,苍溪为田颂尧防区,"
xianzhi,A,联保,p-0360,"动队第四中队90人进驻苍溪半年,与还乡团配合,组建","“义勇队“,进行军事操练。并在险要地及交"
xianzhi,A,杀,p-0361,"通要道处修筑碑堡,实行一家“出事“,十家连坐法,剿","原苏维埃工作人员及红军家属。民国24年秋,县成立保安队,不久将该队统编为第十四行政督察区独立第二大队第四中队。继调第二中队驻苍溪。25年调第七中队驻苍溪。次年9月20日第14行政督察区视察员驻苍溪保安队,报称苍溪有公枪737支、民枪433支。这年,苍溪新成立一保-安中队,收编队员"
xianzhi,A,保安团,p-0361,"部驻防东河。28年3月,驻苍溪保安队调剑阁整编,换","第一大队驻苍滓。是年5月,保安五旅九团二苑七连驻苍溪。9月,国民政府为“巩固口方“,进行“忐清剿“,又调九团三普入苍,与原七连分驻县境“清剿“,历时半年。同年,川陕鄂边区绥靖主任公署成立,苍溪归其管辖,由巴山联防警备司令部先后派刘海平、王克诚显驻苍溟。29年1月,第二十八集团军野"
xianzhi,A,剿匪,p-0361,"4年6月26日,陆军独立师第三旅的一个排到东青一带","。35年川陕鄂绥靖主任公署清乡区司令部补充一营来苍“清乡“,分驻县城、歧坪、东溪场。38年8月,朐宗南部一六四师(师长黄剑夫)败退来苍溪,12月,黄率部起义。第四节“人民解放军1949年12月31日中国人民解放军川北独立师第一团进驻苍溟,苍溪县和平解放。1950年1月4日,中国人"
xianzhi,A,股匪,p-0361,"驻苍溪,在县大队配合下,围歼杨开荣、李向荣、龚方谷","。1969一1970年,中国人民解放军十三军枸部机枪连驻苍溪县城担负地方“支左“任务。第五节_武装警察1950年!月18日组建公安武装队,受县公安局领导。1952年5月该队与警卫营二逊合编,改成中国人民解放军苍溪县公安中队。1955年7月,改名苍溪县人民武装警察中队。1962年1"
xianzhi,A,公安,p-0361,"左“任务。第五节_武装警察1950年!月18日组建","武装队,受县公安局领导。1952年5月该队与警卫营二逊合编,改成中国人民解放军苍溪县公安中队。1955年7月,改名苍溪县人民武装警察中队。1962年1月,中队给养执行解放军供给标准,受上级武装警察部队和县公安局双重领导。1966年7月,改为中国人民解放军苍溪县中队,直隶县武装部。"
xianzhi,A,公安,p-0362,"中国人民武装警察苍溪县中队,仍受上级武装警察部队和","局双重领导。第世章地方武装第一节_地方部队保卫团民国17年(1928)成立苍溪县保卫团(按田颂尧防区序列又称二十三团),陶子征任团长,下辖3个营,团部驻县城。20年,将县境部分地主武装(民团)编为两个萍和儿个大队。该团曾在木门、长池、恺阳河一带阻止红四方面军进入。1933年秋,在"
xianzhi,A,地主,p-0362,"任团长,下辖3个营,团部驻县城。20年,将县境部分","武装(民团)编为两个萍和儿个大队。该团曾在木门、长池、恺阳河一带阻止红四方面军进入。1933年秋,在红军打击下,残部败退县北二道坎一带扼守。1934年3月趁红军收缩阵地,部署反“六路围改“时,该团又到红军占领区组织“铲共义勇队“残害共产党人。1935年3月,红四方面军反“六路围攻"
xianzhi,A,民团,p-0362,"辖3个营,团部驻县城。20年,将县境部分地主武装(",")编为两个萍和儿个大队。该团曾在木门、长池、恺阳河一带阻止红四方面军进入。1933年秋,在红军打击下,残部败退县北二道坎一带扼守。1934年3月趁红军收缩阵地,部署反“六路围改“时,该团又到红军占领区组织“铲共义勇队“残害共产党人。1935年3月,红四方面军反“六路围攻“胜利占领"
xianzhi,A,匪,p-0362,"自卫队第二中队,翎年复为县警察中队,任务是“防奸防","“,指导区、乡、保"
xianzhi,X,训练,p-0362,",中队配中尉队长,少尉副队长。任务是维持治安,编组","国民兵预备队,35年1月,后备队撒销。常备自卫队民国37年(1948),县民众自卫总队下设常备自卫3个中队。10月,县警察中队改′编为常备自卫队第二中队,翎年复为县警察中队,任务是“防奸防匪“,指导区、乡、保"
xianzhi,A,匪,p-0363,"余人,组建苍溪县人民武装大队。下编3个中队,承担剽","、护仓任务。7月,全大队并入警卫营。警_卫营中国人民解放军六十一军一二八师五四六团于1950年2月整编后,从编余中抽调366人组建苍溪县警卫苑,下辖3个连、7个排、30个班,7月县大队并入,加上新征集人员,组建7个区警队(又称区干队)。.分驼城厕、东青、五龙、三川、歧坪、东溪、龙"
xianzhi,A,清匪,p-0363,"分驼城厕、东青、五龙、三川、歧坪、东溪、龙山,拔负","等任务。1951年9月,一连调至新组建的川北基干第三团二营。1952年5月,二连与县武装警察中队合编为中国人民解放军苍溪公安中队。其余人员另行分配工作或复员安置,撒销警卫营建制。第二节_团“练清嘉庆初年,白莲教农民起义军人境。县境各地办团练对抗农民起义军。道光二十人年(1848)"
xianzhi,A,公安,p-0363,"5月,二连与县武装警察中队合编为中国人民解放军苍溪","中队。其余人员另行分配工作或复员安置,撒销警卫营建制。第二节_团“练清嘉庆初年,白莲教农民起义军人境。县境各地办团练对抗农民起义军。道光二十人年(1848),知县泽宽以“白莹教匪滋事深得团练之力“为由,将保甲与团练联编。光绪元年(1875),苍溪与阅中、巴中、南江、广元连界地区“"
xianzhi,A,保长,p-0363,"。二十六年,皇帝旨谕“广练兵团“,知县余恩鸿饭总保","清查户口,抽选城团练丁百名操练,乡团保练丁农陡操练,次年城乡练丁增至200名。武器为长矛短刀、羊角叉、梭镖,城团练丁始用毛瑟枪。二十八年,知县许文田奉总督命令,再次整顿团练保甲,规定每户置一木梆,每甲置一铜锣,无论城乡各保,都将“少壮良民造册保充练丁“,“一逼有鳞“,团保首人督率"
xianzhi,X,训练,p-0363,"“318。苍漫县志民自卫队","。1950年1月由县人民政府收缩。|人民武装大队1950年1月18日,收编民众自卫总队常备队、警察中队160余人,组建苍溪县人民武装大队。下编3个中队,承担剽匪、护仓任务。7月,全大队并入警卫营。警_卫营中国人民解放军六十一军一二八师五四六团于1950年2月整编后,从编余中抽调3"
xianzhi,A,匪,p-0364,",与城区练丁联为一体,团练费由县统支。11年,县境","风渐减,各区练丁费按户分派,名“月捐费“,公办团练减弱。此时,境内剿匪等大的军事活动由防区驻军实施。为镇压反抗民众,境内财主、土寡大量购置武器,私办民团。各乡镇民团林立。22年,红四方面军进入苍溪县,各地民团配合县保卫团及公办团练,与红军对抗。第三节_赤卫军游击队1933年秋至1"
xianzhi,A,剿匪,p-0364,"费按户分派,名“月捐费“,公办团练减弱。此时,境内","等大的军事活动由防区驻军实施。为镇压反抗民众,境内财主、土寡大量购置武器,私办民团。各乡镇民团林立。22年,红四方面军进入苍溪县,各地民团配合县保卫团及公办团练,与红军对抗。第三节_赤卫军游击队1933年秋至1935年春,苍溪县区、乡苏维埃吸收家庭贫苦、身体强健的18岁以上50岁"
xianzhi,A,镇压,p-0364,"弱。此时,境内剿匪等大的军事活动由防区驻军实施。为","反抗民众,境内财主、土寡大量购置武器,私办民团。各乡镇民团林立。22年,红四方面军进入苍溪县,各地民团配合县保卫团及公办团练,与红军对抗。第三节_赤卫军游击队1933年秋至1935年春,苍溪县区、乡苏维埃吸收家庭贫苦、身体强健的18岁以上50岁以下的农民,组成赤卫军、游击队,配合"
xianzhi,A,民团,p-0364,"。为镇压反抗民众,境内财主、土寡大量购置武器,私办","。各乡镇民团林立。22年,红四方面军进入苍溪县,各地民团配合县保卫团及公办团练,与红军对抗。第三节_赤卫军游击队1933年秋至1935年春,苍溪县区、乡苏维埃吸收家庭贫苦、身体强健的18岁以上50岁以下的农民,组成赤卫军、游击队,配合红军作战,维护社会治安。石马区建有一赤卫军团,"
xianzhi,A,国民党,p-0364,"赤卫军、游击队连(中队)、排(小队)。红四方面军反","军队三路围攻、六路围攻、渡江西征的大小一百多次战斗中,游击队、赤卫军整团、整若、整连配合红军作战及运送红军伤员,送给养、弹药、制作军衣、兵篷帽,站岗放哨。红军许多秘密文件多由赤卫军、游击队员传送。1934年12月第三次川陕省苏维埃大会上,苍溪县被评为模范县。1935年春,红军渡江"
xianzhi,A,大会,p-0364,"、游击队员传送。1934年12月第三次川陕省苏维埃","上,苍溪县被评为模范县。1935年春,红军渡江西征期间,赤卫军、游击队也紧密配合、支援。红军西征撒离苍溪县境时,大部分地方武装人员参加红军。遗留在县境的地方武装人员,也与地主还乡团进行坚决斗争。第四节“民众自卫队民国34年(1945年)8月,编组国民兵预备队。凡年龄在18一415"
xianzhi,A,地主,p-0364,"方武装人员参加红军。遗留在县境的地方武装人员,也与","还乡团进行坚决斗争。第四节“民众自卫队民国34年(1945年)8月,编组国民兵预备队。凡年龄在18一415岁健康男性,均得参加训练。国民兵预备队以乡(镇)为单位编中队,保编分队。20人为一班。乡(镇〉每月会操一次,训练合格者,由乡(镇)编成警备、侦察、交通、运输、工务、消防、救护"
xianzhi,A,斗争,p-0364,"。遗留在县境的地方武装人员,也与地主还乡团进行坚决","。第四节“民众自卫队民国34年(1945年)8月,编组国民兵预备队。凡年龄在18一415岁健康男性,均得参加训练。国民兵预备队以乡(镇)为单位编中队,保编分队。20人为一班。乡(镇〉每月会操一次,训练合格者,由乡(镇)编成警备、侦察、交通、运输、工务、消防、救护等分队(或班)备用"
xianzhi,X,训练,p-0364,"兵预备队。凡年龄在18一415岁健康男性,均得参加","。国民兵预备队以乡(镇)为单位编中队,保编分队。20人为一班。乡(镇〉每月会操一次,训练合格者,由乡(镇)编成警备、侦察、交通、运输、工务、消防、救护等分队(或班)备用。各保组织巡逻队、盘查哨,维护地方治安。民国37年春,县改国民兵团部为民众自卫总队部,国民兵预备队也改名为民众自"
xianzhi,A,副乡长,p-0365,"1月,国家颁布《民兵组织暂行条例》。乡设民兵队部,","任队长,配备不脱产副队长、指导员、文书各1人。村以下8一15人为1小队,3个小队为1中队,各设队长!人。1954年在普通民兵中挑选18一25岁男女青年组建基干民兵,通过训练担负重要执勤任务。1958年9月,“大办民兵师,实行全民皆兵“,农村、城镇、机关、企事业单位都建立民兵组织。"
xianzhi,A,斗争,p-0365,"立民兵指挥部(1976年后撒销),组织民兵参加阶级",",以政治代普军事科目。1970年6月组建苍溪民兵团,开赴陕西镇巴、紫阳、西乡、城固一带参加襄渝铁路会战。团辖4个暑、29个连,共5161人。民兵团除修建铁路外,还生产炸药、抓钉等施工材料;帮助驻地群众修塘、渠、造田造地,收种粮食…...,留在县内民兵恢复军事训练科目。1979年调"
xianzhi,X,训练,p-0365,"通民兵中挑选18一25岁男女青年组建基干民兵,通过","担负重要执勤任务。1958年9月,“大办民兵师,实行全民皆兵“,农村、城镇、机关、企事业单位都建立民兵组织。至1959年2月全县有民兵师8个,民兵团70个,民兵营381个、民兵连1248个,共20.91万人。其中基干民兵4.7万人。利用农闲时对民兵进行军事训练。训练科目有队列、射"
xianzhi,A,枪毙,p-0366,"手段抓去的兵如有逃跑,一经抓回,轻则用扁担打,重则",",并以“办逃兵“为名向家属勒索钱财。第二节“征“兵民国25年(1936),实施征兵法.次年抗日战争爆发后,苍涨将全县1.43万名壮丁"
xianzhi,X,训练,p-0366,"民兵只配正职,同时建立两用人才培养、使用制度。民兵","由县人武部组织,以区为单位集中训综,至次年1月共训练557人。1988年7月贯彻中央“准少数量,提高质量,抓好重点,打好基础“的民兵工作方针,继续对民兵以出、入、转队编组配干为主要内容的组织整顿。以乡(镇)编基干民关返,乡武装部长兼任连长,乡(镇〉党委书记兼任政治指导员。以村编普"
xianzhi,A,国民党,p-0367,"9419609601945|1082108235年","当局发动内战、苍滦再次大征兵。因民众反对内战,役政人员、接兵军队及乡保长在征兵中殉私舞弊,应征者有钱的可贿赂役政人员免征或买兵作抵;无钱的穷苦百姓,十五六岁少年,五十几岁老人和在校学生都难幸免。“三丁抽一、五丁抽二“及壮丁年鲍规定被践踏,抓壮丁风潮大起,被抓壮丁绳捆索绑押送,人民"
xianzhi,A,反对,p-0367,"235年国民党当局发动内战、苍滦再次大征兵。因民众","内战,役政人员、接兵军队及乡保长在征兵中殉私舞弊,应征者有钱的可贿赂役政人员免征或买兵作抵;无钱的穷苦百姓,十五六岁少年,五十几岁老人和在校学生都难幸免。“三丁抽一、五丁抽二“及壮丁年鲍规定被践踏,抓壮丁风潮大起,被抓壮丁绳捆索绑押送,人民视征兵为瘦疫,或躲藏,或倾其家产买兵,或"
xianzhi,A,乡保长,p-0367,"滦再次大征兵。因民众反对内战,役政人员、接兵军队及","在征兵中殉私舞弊,应征者有钱的可贿赂役政人员免征或买兵作抵;无钱的穷苦百姓,十五六岁少年,五十几岁老人和在校学生都难幸免。“三丁抽一、五丁抽二“及壮丁年鲍规定被践踏,抓壮丁风潮大起,被抓壮丁绳捆索绑押送,人民视征兵为瘦疫,或躲藏,或倾其家产买兵,或自断右手食指,刺瞎右眼等以抗拒服"
xianzhi,A,抗拒,p-0367,"躲藏,或倾其家产买兵,或自断右手食指,刺瞎右眼等以","服役。城厢镇北门沟周银生壮丁未被抓到,镇队附陶纯武即派人将其父周绍清(53岁)抓来,将胡须剃了去顶|兵;城厢镇青年周军廷中签后,为抗拒服役,砍掉右手两个指头,被县政府关押3个月;城厢镇中心小学15岁学生钱如忠也被抓兵。这年10月剑(阀)平(武)师管区补充第二团二若在苍溪县城兴贤街"
xianzhi,A,关押,p-0367,"军廷中签后,为抗拒服役,砍掉右手两个指头,被县政府","3个月;城厢镇中心小学15岁学生钱如忠也被抓兵。这年10月剑(阀)平(武)师管区补充第二团二若在苍溪县城兴贤街考棚接收新兵13名,当夜放5人,收贿500万元法币;一年中全县征兵323名,中途逃跑35人。36年,县政府企图纠征兵中的弊端,实行“间接抽,签实施办法“,将壮丁名册以保编"
xianzhi,A,杀,p-0367,",县城一批新兵向临江湘河坝逃跑,追赶的军队用机枪射","。儿年中,苍溪百姓因拉兵者勒索,造成卖儿卖女,家破人亡者不计其数。"
xianzhi,X,训练,p-0367,"3个区队、31个连队、245个小队。以乡为单位每月","一次,以备征召。27年苍溪县按《非常时期征集国民兵及抽签实施办法》开展征兵。这年1月县长曾锦柏令各学校动员适龄学生服役。6月,又令党政机关、学校、法团协同宣传,“唤起民众乐尽兵役义务“。7月成立“苍漫县暂时民众训练指导委员会“,调训练员318人于县立初级中学校训练后,赴各乡开展壮"
xianzhi,X,调训,p-0367,"义务“。7月成立“苍漫县暂时民众训练指导委员会“,","练员318人于县立初级中学校训练后,赴各乡开展壮丁训练。凡年满18一45岁周岁健康男性都为应征对象(独子可缓′征》,届时中签者即应征入营服役。28年冬,全县50多名青年自愿报名参军抗日。32年,12月,苍滓350名壮丁从军远征。33年12月,全县250名知识青年从军远征。34年春"
xianzhi,X,名册,p-0367,"纠征兵中的弊端,实行“间接抽,签实施办法“,将壮丁","以保编号,由兵役协会代表(乡镇民代表主席、中心学校校长)按当年应征壮丁数的一至二倌定兵代为抽签,进年实征149名,未完成应分配名频。37年实征兵151名.38年冬,县城一批新兵向临江湘河坝逃跑,追赶的军队用机枪射杀。儿年中,苍溪百姓因拉兵者勒索,造成卖儿卖女,家破人亡者不计其数。"
xianzhi,A,土地改革,p-0368,"援朝,保家卫国“的号召下踊既报名参军。1951年,","后,广大贫苦农民分得土地、房屋及耕牛、农具,青年们更加热切要求参军参战,保卫胜利果实,保卫祖国,支援朝鲜人民。乡村中出现大批母送子、妻送夫报名参军的动人场面。许多报名青年未被录取,区、乡干部常常要为此到家庭作思想工作。被批准入伍的青年,由村到乡、由乡到区、由区到县、逐级召开盛大欢"
xianzhi,A,会议,p-0368,"务不大时,分区、乡轮流征集。征兵期间各级征兵机构用","、广播、标语等形式,宣传征兵意义、所征兵种,公布征集兵员的年龄、文化、身体条件等具体要求。然后应征青年自愿到乡人民政府报名。报名后,抽调乡(镇)、村(居委会)干部在乡(镇)征兵领导小组的统一部署下、了解报名青年家庭政治、经济、劳动力及本人的身体情况,确定是否为征集对象。应征青年由"
xianzhi,X,审查,p-0369,"漫县志检合格青年,由征关领导小组及接兵部队进行政治","、面试、家访,集体确定,县征兵领导小组批准发给入伍通知书。新兵开拔时,各级政府为其戴红花,组织机关干部、职工、师生、居民敲锣打鼓欢送。义务兵役制度一直延续至今。第五节“预备役登记1957年2月,按《兵役法》规定的预备役制度,完成了预备役普查登记。这年,全县登记2.26万人,占应登"
xianzhi,A,公安,p-0370,"反空防特指挥部,县委书记蔡宝山兼指挥部指挥,武装、","部门负责人任副指择,在三、四、五、六、十区设指拂所,永宁、小新、新观、雍河、龙王、两河、漓江、烟峰、喻家啊、高坡、大石、鞍子、双河、地干、石马设指挥站。在重要高山、椒林地带设监视哨。各场镇、机关准备灭火器材。1960年9月,在苍溪成立阅(中)、苍(溪)、南(部)三县联各防空指挥部"
xianzhi,A,民团,p-0371,",何德隅路另一部退守永宁错一带。同时还纠集约20个","及“反共义勇军“,阻止红四方面军主力入苍。但红军势如破竹,兵分三路向苍溪挺进:6月15日红十一师(7月扩编为红三十军)一部挺进石马。尔后一路经彭店、龙山、双河、月山直抵白庙;一路经文昌、岳东直抵白庙地区之池口与第一路会师,击溃曾宪栋部,继续西进,与四蛮察、三堆石游击队会师。6月2"
xianzhi,A,歼灭,p-0371,"立山寨、金星包、铁山关、四平山、大垭口、戴冠石等地","溃逃的南江县咎二居民团和当地侯志福民团及县保卫团一部,6月底,两路会师于三川寺。8月12日,红三十一军二七六团由广元进军苍溪永宁错,13日,歼田颂尧部方谷成营及苍溪县保卫团三大队及汪云咤、吴长永民团大部,攻占水宁销。乘永宁铺大捷,红二七四团跟踪追击攻占五龙.8月18日又冲破川军及"
xianzhi,A,特务,p-0371,"月树日深液,红三十军驻岳东一部与武装工人团、川陕省","大队夜渡东河,进攻陵嘴子、光山子,并在猫儿垭歼田军一个营。10月2日夜,红二六七团一部在"
xianzhi,A,群众大会,p-0372,"众向龙干山转移。22日,红军一部在龙干山腰何家坪开",",突遮刘军400余人袭击,龙干山红军获悉,组织反击,并于当日晚从石灶过东河袭击刘军于猫儿垣、大房梁、桥溪、俘刘军60余名。为掩护在东溪地区的红三十一军九十二师撒离,红军小分队在龙干出徐家院虚设一个师部,在姚家院子虚设一个营部,在李家院子虚设一个连部,并集中20余名号兵天天练号,刘"
xianzhi,A,打死,p-0372,"的三堆石游击队独立营,返回三堆石,分三路进入若区,","打伤毛军数十人,俘获100余人,缴枪230余支,再继续向巴中转移,同月,苍滓县苏维埃保卫局、妇女独立营与红军一个连共500多人向南江县骰子坝转移。途经扫塘河时,遭数倍于红军之敌袭击。经三个小时激战,保卫局长以下400多人壮烈牺牲,被俘的几十名女战士与伤员全部遮敌杀害。第二节“黄猫"
xianzhi,A,杀害,p-0372,"00多人壮烈牺牲,被俘的几十名女战士与伤员全部遮敌","。第二节“黄猫垭战斗1934年8月9日,红四方面军在万源县青龙观开始反刘湘军“六路围攻“,红军在东线取得胜利后,立即向西线反攻。9月11日,收复巴中县城。此时,溃迷之刘军企图经木门、黄猫垭退至嘉陵江西岸。红军总指挥部决定,“以一个团沿恩阳河尾追逃敌,其余部队迅速抢占黄猫垭,切断敌"
xianzhi,A,歼灭,p-0372,"尾追逃敌,其余部队迅速抢占黄猫垭,切断敌军退路,并","逃敌于此.“黄猫垭位于苍滦县城东北102公里处,地处小巴山脉。从五官寨到黄猫垭,是长约30里蜿蜒曲折的山梁,山梁上的二郎庙、高台寺、松垭子,是隆起的小山峰。山梁两侧悬崖绝壁,沟深百米。黄猫垭是刘军西逃的必经隘口。9月13日夜,红三十军先头部队二六三团。在八十八师师长熊厚发带领下,"
xianzhi,A,杀,p-0373,"山坡,与高台寺红军协调成交叉火力,步兵出击与田军冲","。抢占黄猫垭的红军先头部队二六三团得知田军反扑高台寺,迅速折回到离黄猫垭五里之松垭子阻击田军,团政治部主任腹部受重伤,肠子脱出仍坚持战斗。此时,各路红军将1万余田军全部逼入五官寨、鸽子庙、二郎庙、高台寺、松垭子、黄猫垭约30里长的狭窄山谷内。田军用车轮战术,以整营、整团兵力向松垭"
xianzhi,A,杀,p-0374,"到孙家潍脱险,其余牺牲。已渡江的38名勇士与田军拼","一夜,2人幸存,36人牺牲。试渡失利后,红军总结经验教训,全面制定渡江计划,总指挥徐向前带领随员,沿嘉陵江东岸翻山越岭,侦察敌情,察看地形,寻找渡江主渡口.这时,田颂尧部32个团防守昭化以南至南部县境新镇坝之间100里江防地段,而苍溪县境的百里江岸只3个团防守,实际分布江防前沿阵"
xianzhi,X,训练,p-0374,"面从各军抽调260人组成水兵逊,在东河进行操船泗水",",一面调集300多名铁匠、木工等技术人员在王渡成立造船厂,赶造渡江船只及浮桥构件。红三十军军长余天云、政委李先念亲临动员,川陕省苏维埃副主席余洪远、保卫局长谢凡到造船厂指导工作。苍溪县委书记陈子谦走|乡串户,动员群众支援红军造船。月余时间造木船75只,3座浮桥构件。3月27日晚红"
xianzhi,A,击毙,p-0375,"泽仁营才发觉,仓促应战.显长陈泽仁跑出显部门口即被","。沿江防线田军射出密集炮火封锁江面,红军的迫击炮及机枪也同时开火,掩护已登陆的红军向纵深突击和第二批红军强渡。江面战船齐发,红军浴血激战。一只船的操船工中弹牺牲,乘该船的女突击队员石磨玉立即操船前进,小腹中弹,肠子脱出,她塞进肠子,英勇操船到岸,牺牲在嘉陵江西岸沙滩上。两批突击队"
xianzhi,A,土豪,p-0375,"军等大队人马渡江。嘉陵江西岸被红军击败的多路田军与","劣绅,聚集火烧寺(今剑阁县鹤龄场),以刘汉雄部驻火烧寺的杨选福旅为依托,凭险踞守。3月30日,红三十一军九十三师、三十军八十八师、九军二十五师等数路红军逼进火烧寺与杨旅激战,歼杨旅200多人,俘400余人,杨旅残部溃逃。红军挥师向剑门关挺进。"
xianzhi,A,抵抗,p-0376,",仍难攻下。王佐、徐昕统率鹃顶堡军民凭据险势,顽强","。蒙哥损兵折将甚多,招来亲王非议。于是蒙哥在十一月七日再次亲自督军进攻鹅顶堡,黄昏时知县王仲出降。夜里蒙古军破城。乱阵中,王佐率残军与蒙古兵拼杀,土卒阵亡殆尽,王佐受重伤,遂愤然自杀殉国,翌日晨,其副将徐昕、王佐夫人张氏及部属、儿子等46人亦不屈而死,无一人投降。时人将王佐遗体薄"
xianzhi,A,杀,p-0376,"出降。夜里蒙古军破城。乱阵中,王佐率残军与蒙古兵拼",",土卒阵亡殆尽,王佐受重伤,遂愤然自杀殉国,翌日晨,其副将徐昕、王佐夫人张氏及部属、儿子等46人亦不屈而死,无一人投降。时人将王佐遗体薄于享子山。元至正及明洪武、弘治和清乾隆年间,苍溪、昭化两县民众先后为王佐墓建碑、亭、作碑记,颂扬王佐坚贞。清乾隆进士苍溪知县丁映奎有《王将军佐墓"
xianzhi,A,杀,p-0377,"杰被围,领兵前往解围,也被歼,冯杰、徐昀被农民军摇","。后苍溪知县马杰率兵丁企图阻挡农民军去路,.被农民军歼灭,马杰自杀。翌年,鄢、蓝农民军破苍溪县城。李自成、张献忠义军战事明岫祯十年(1637),李自成农民军攻击苍溪县城。县守御所(昭信校尉世袭百户)陶怡率士卒与农民军鏖战数日。农民军以柴草填城壕攻城,陶怡以油茶烧柴草,城未攻破,农"
xianzhi,A,歼灭,p-0377,"后苍溪知县马杰率兵丁企图阻挡农民军去路,.被农民军",",马杰自杀。翌年,鄢、蓝农民军破苍溪县城。李自成、张献忠义军战事明岫祯十年(1637),李自成农民军攻击苍溪县城。县守御所(昭信校尉世袭百户)陶怡率士卒与农民军鏖战数日。农民军以柴草填城壕攻城,陶怡以油茶烧柴草,城未攻破,农民义军出川入鄂。祺祯十七年(清顺治元年,1644),张献"
xianzhi,A,土豪,p-0378,"至民国14年(1925),教徒发展到七八百人。当地","劣绅惊恐万状。这年6月,东溪场大地主杨廷植会同团正王子承集合团丁、家丁30余人攻打三清庙,温全武任命教徒杨国奉为统兵千总,率50余人伏路以待,团丁一到,温全武扶刀舞扇,口中念念有词,众教徒手持刀矛抓叉,奋勇上前砍死团丁!人,杀伤3人,团丁败走。温全武料敌不肯罪休,三清庙地形又易攻"
xianzhi,A,地主,p-0378,"七八百人。当地土豪劣绅惊恐万状。这年6月,东溪场大","杨廷植会同团正王子承集合团丁、家丁30余人攻打三清庙,温全武任命教徒杨国奉为统兵千总,率50余人伏路以待,团丁一到,温全武扶刀舞扇,口中念念有词,众教徒手持刀矛抓叉,奋勇上前砍死团丁!人,杀伤3人,团丁败走。温全武料敌不肯罪休,三清庙地形又易攻难守,决定由魏东山、李长春、向成义、"
xianzhi,A,杀,p-0378,"念有词,众教徒手持刀矛抓叉,奋勇上前砍死团丁!人,","伤3人,团丁败走。温全武料敌不肯罪休,三清庙地形又易攻难守,决定由魏东山、李长春、向成义、李朝荣、向悦昌、罗通武、温全江7名骨干各带教徒百人,分道向光山子转移,在张家大院会师扎营。此后,红灯教以光山子为据点活动于玄坛庙,牌坊梁、石灶、田菜、大石、岳东、梅家浩口等地,纵横200里,"
xianzhi,A,豪绅,p-0378,"石、岳东、梅家浩口等地,纵横200里,公开同军闻、","斗争。在其辖区内,规定农民不交地租、军饷、苛捐杂税。又开仓放粮,周济贫苦。同时在山察、隘口等险要地挖陷井,插竹签、铁锥,安套子,垫石块,防敌袭击。东溪团总、豪绅、恶霸联名报县知事钟俊,钟急电田颂尧派兵“清剑“。田军因忙于内战,一时抽不出兵来。15年夏,钟俊及县团练局长罗秋谭带兵丁"
xianzhi,A,斗争,p-0378,"岳东、梅家浩口等地,纵横200里,公开同军闻、豪绅","。在其辖区内,规定农民不交地租、军饷、苛捐杂税。又开仓放粮,周济贫苦。同时在山察、隘口等险要地挖陷井,插竹签、铁锥,安套子,垫石块,防敌袭击。东溪团总、豪绅、恶霸联名报县知事钟俊,钟急电田颂尧派兵“清剑“。田军因忙于内战,一时抽不出兵来。15年夏,钟俊及县团练局长罗秋谭带兵丁并纠"
xianzhi,A,团总,p-0378,"陷井,插竹签、铁锥,安套子,垫石块,防敌袭击。东溪","、豪绅、恶霸联名报县知事钟俊,钟急电田颂尧派兵“清剑“。田军因忙于内战,一时抽不出兵来。15年夏,钟俊及县团练局长罗秋谭带兵丁并纠集龙山庞希元、运山坝向克卿、高坡场邢明宗等地民团武装,从石灶梯子岩进攻。温全武虚作声东击西之势,诱团兵从正面来攻,教徒由敌后包围。敌军不少人落陷井,人"
xianzhi,A,恶霸,p-0378,"、铁锥,安套子,垫石块,防敌袭击。东溪团总、豪绅、","联名报县知事钟俊,钟急电田颂尧派兵“清剑“。田军因忙于内战,一时抽不出兵来。15年夏,钟俊及县团练局长罗秋谭带兵丁并纠集龙山庞希元、运山坝向克卿、高坡场邢明宗等地民团武装,从石灶梯子岩进攻。温全武虚作声东击西之势,诱团兵从正面来攻,教徒由敌后包围。敌军不少人落陷井,人大套,中竹签"
xianzhi,A,民团,p-0378,"丁并纠集龙山庞希元、运山坝向克卿、高坡场邢明宗等地","武装,从石灶梯子岩进攻。温全武虚作声东击西之势,诱团兵从正面来攻,教徒由敌后包围。敌军不少人落陷井,人大套,中竹签、惨败而归。钟俊坐镇石灶场惊闻团兵战败,急忙化装逃跑。老百姓嘲笑说:“钟怪么能打和尚啊,和尚就是打钟的哈!1“钟俊逃回县衙,急电潼川请来田军一个团,从玄坛庙攻击义军。"
xianzhi,A,处理,p-0379,"要攻向府。向都城是清末捐监,在吴垭庙私设衙门,搜自","民刑案件。得知庞要攻打自己的消息。向就招兵数十,增添枪炮,在庄后帽盔寨建显房两幢。先发制人,由庞家仁父子带领向的兵丁夜袭庞希元住处未遂,将庞希元之父的坟墓挖掌,焚烧尸骨而去。数月后,向收买彭店民团队长侯明卓,第二次夜袭庞希元团练办事处,庞头部受伤逃脱。次年初夏,向都城率领全部武装"
xianzhi,A,民团,p-0379,"元之父的坟墓挖掌,焚烧尸骨而去。数月后,向收买彭店","队长侯明卓,第二次夜袭庞希元团练办事处,庞头部受伤逃脱。次年初夏,向都城率领全部武装攻打龙山场,庞希元不支向巴中县境逃去。10年,县知事余光武委任废希元为龙山团练办事处支队长,相继建立三个营,实力增强。13年,庞聚众攻打向都城的帽盗寨,号令龙山、鞍子、金斗、彭店等地男女青年数千人"
xianzhi,A,匪,p-0379,"、鞍子、金斗、彭店等地男女青年数千人参战,违者以通","论罪。彭店乡保长向明建迟到,被庞当场枪毙。常盔寨地势险要,强攻未下,庞令团丁攻入向的家中,打开钱库握掠一空。返回时遭向伏击,死伤甚众。不久,庞希元再次攻打帽盔寨,向滚木播石齐下,又未攻下。过了一〈."
xianzhi,A,乡保长,p-0379,"、彭店等地男女青年数千人参战,违者以通匪论罪。彭店","向明建迟到,被庞当场枪毙。常盔寨地势险要,强攻未下,庞令团丁攻入向的家中,打开钱库握掠一空。返回时遭向伏击,死伤甚众。不久,庞希元再次攻打帽盔寨,向滚木播石齐下,又未攻下。过了一〈."
xianzhi,A,枪毙,p-0379,"战,违者以通匪论罪。彭店乡保长向明建迟到,被庞当场","。常盔寨地势险要,强攻未下,庞令团丁攻入向的家中,打开钱库握掠一空。返回时遭向伏击,死伤甚众。不久,庞希元再次攻打帽盔寨,向滚木播石齐下,又未攻下。过了一〈."
xianzhi,A,民团,p-0380,".军“事.365、多月,庞联合石马、黄猫垭、高坡三",",全用武装团丁四路合击,加之事先安排了内应,一举攻下帽盛寨,活捉庞家仁、庞政聪、庞政东、向都城及其兄向连城及武装头目侯明卓,烧毁向家兄弟32个天井大院,庞家仁被捉后吐血而死,其余全部押至龙山杀死。第四节“农民武装暴动苇英寥农民武装起义|苟英寨位于新观乡西北金风山颠。民国19年(1"
xianzhi,A,杀,p-0380,"个天井大院,庞家仁被捉后吐血而死,其余全部押至龙山","死。第四节“农民武装暴动苇英寥农民武装起义|苟英寨位于新观乡西北金风山颠。民国19年(1930)春,共产党员张人权、何芗,回到家乡新观、雍河一带发展党组织,并组织农民协会。21年底,中共地下党派陈子谦到英英寨组织农民武装斗争.首先在农协会骨干中组织30多人的游击队,包围大地主祖永"
xianzhi,A,斗争,p-0380,"。21年底,中共地下党派陈子谦到英英寨组织农民武装",".首先在农协会骨干中组织30多人的游击队,包围大地主祖永直的庄园,迫其交出枪支弹药。然后又袭击陈家沟地主杨老三的住所,缴获5支长枪及一些火枪、大刀、长矛,并没收地主财物分给贫苦农民。1933年初,地下党员陈洪钧被派到新观协助当地中共地下党支部开展武装斗争.游击队迅速扩大到70多人"
xianzhi,A,地主,p-0380,"争.首先在农协会骨干中组织30多人的游击队,包围大","祖永直的庄园,迫其交出枪支弹药。然后又袭击陈家沟地主杨老三的住所,缴获5支长枪及一些火枪、大刀、长矛,并没收地主财物分给贫苦农民。1933年初,地下党员陈洪钧被派到新观协助当地中共地下党支部开展武装斗争.游击队迅速扩大到70多人,陈子谦任队长,陈洪钧任指导员。下编两个排,每排3个"
xianzhi,A,地主,p-0381,"境。1933年4月,被红军在通南巴击败的军闻部队与","武装逃至四蛮寨一带扰乱百性。4月16日,四盗寨中共地下党组织决定以当地农协会为基础成立游击队,开展武装斗争,自制武器,武装队员。不久游击队发履到300多人。5月上旬被改编为独立营,李开湘任营长,后被编为三堆石独立团建制,四蛮寨游击区建立后,在当地党组织领导下打富济贫,开仓放粮。打"
xianzhi,A,斗争,p-0381,"下党组织决定以当地农协会为基础成立游击队,开展武装",",自制武器,武装队员。不久游击队发履到300多人。5月上旬被改编为独立营,李开湘任营长,后被编为三堆石独立团建制,四蛮寨游击区建立后,在当地党组织领导下打富济贫,开仓放粮。打击元坝场团总陈利生、玉台山戴云安民团,粉碎了元坝场、石门场、唤马场、歧坪场等民团的进攻。摧毁万贯山民团头子"
xianzhi,A,团总,p-0381,",在当地党组织领导下打富济贫,开仓放粮。打击元坝场","陈利生、玉台山戴云安民团,粉碎了元坝场、石门场、唤马场、歧坪场等民团的进攻。摧毁万贯山民团头子李剑金的老巢,并把大量衣物、粮食分给受苦群众。8月,县保卫团三、四大队与附近民团约1000多人向四蛮寨进攻,四蛮寨游击队与红军两个连在六股树、七沙梁、赵家垭一带毙敌50多人,俘敌120多"
xianzhi,A,民团,p-0381,"济贫,开仓放粮。打击元坝场团总陈利生、玉台山戴云安",",粉碎了元坝场、石门场、唤马场、歧坪场等民团的进攻。摧毁万贯山民团头子李剑金的老巢,并把大量衣物、粮食分给受苦群众。8月,县保卫团三、四大队与附近民团约1000多人向四蛮寨进攻,四蛮寨游击队与红军两个连在六股树、七沙梁、赵家垭一带毙敌50多人,俘敌120多人。战后,游击队被编入红"
xianzhi,A,保长,p-0381,",李子君任政治部主任,并选配营、返、排干部。同时对","吴万德等做策反工作。教育歧坪、白庙、张王等地的乡保长弃暗投明,交出武器,接受共产党的领导。在有了武器的情况下,建立了一个若的武装。邹楚领导这支武装力量,打破了“西南长官部巴山中美技术合作所“特务黄定远,在这一带勾结土匪与乡保人员上山打游击对抗解放的企图。这年农历冬月初九,邹楚趁白"
xianzhi,A,乡保长,p-0381,"保长吴万德等做策反工作。教育歧坪、白庙、张王等地的","弃暗投明,交出武器,接受共产党的领导。在有了武器的情况下,建立了一个若的武装。邹楚领导这支武装力量,打破了“西南长官部巴山中美技术合作所“特务黄定远,在这一带勾结土匪与乡保人员上山打游击对抗解放的企图。这年农历冬月初九,邹楚趁白庙赶场天,在三圣官召开迎接解放的讲演大会。会场中悬挂"
xianzhi,A,特务,p-0381,"支武装力量,打破了“西南长官部巴山中美技术合作所“","黄定远,在这一带勾结土匪与乡保人员上山打游击对抗解放的企图。这年农历冬月初九,邹楚趁白庙赶场天,在三圣官召开迎接解放的讲演大会。会场中悬挂中国共产党党旗,新中国国旗和“毛主席是人民的大救星“的标语.吻众达1.5万人。使人民及时知道了共产党、人民解放军即将解放苍溪的消息。苍滓解放后"
xianzhi,A,土匪,p-0381,"长官部巴山中美技术合作所“特务黄定远,在这一带勾结","与乡保人员上山打游击对抗解放的企图。这年农历冬月初九,邹楚趁白庙赶场天,在三圣官召开迎接解放的讲演大会。会场中悬挂中国共产党党旗,新中国国旗和“毛主席是人民的大救星“的标语.吻众达1.5万人。使人民及时知道了共产党、人民解放军即将解放苍溪的消息。苍滓解放后,这支队伍被人民解放军一"
xianzhi,A,大会,p-0381,"初九,邹楚趁白庙赶场天,在三圣官召开迎接解放的讲演","。会场中悬挂中国共产党党旗,新中国国旗和“毛主席是人民的大救星“的标语.吻众达1.5万人。使人民及时知道了共产党、人民解放军即将解放苍溪的消息。苍滓解放后,这支队伍被人民解放军一二八师接收。"
xianzhi,A,匪,p-0382,"'第十一篇、军“事。367。第五节平息","患|平息段、韩巨匪民国6年(1917),川东巨匪段绍伍、韩维川窜至苍溪,盘踞九龙山一带。其分支遐及嘉陵江及东河两岸.数百里水、陆交通几乎断绝,县知事熊献方亲率团丁与匠激战。匪势大,未平息。8年,川军一师鲁平周若来苍清乡,进攻九龙山匪巢,击毙廖坤亭等9名匪头目,段、韩逃遁。9年5月"
xianzhi,A,击毙,p-0382,"。8年,川军一师鲁平周若来苍清乡,进攻九龙山匪巢,","廖坤亭等9名匪头目,段、韩逃遁。9年5月,段、韩匪部支楹匪首冯玉成、万兴发、方德舟等20余股、1000余匪众突入县城。其大队驻县高等小学堂(今苍中校,将校内从日本购回的理化仪器、生物标本及图书毁损无遗。后,段、韩匪被驻阆中招讨军熊克武部“招安“平息龚方谷股匪民国37年(1948)"
xianzhi,A,匪首,p-0382,"等9名匪头目,段、韩逃遁。9年5月,段、韩匪部支楹","冯玉成、万兴发、方德舟等20余股、1000余匪众突入县城。其大队驻县高等小学堂(今苍中校,将校内从日本购回的理化仪器、生物标本及图书毁损无遗。后,段、韩匪被驻阆中招讨军熊克武部“招安“平息龚方谷股匪民国37年(1948),龚方谷(巴中县渔溪人)与其子勾结彭店乡、石马乡等地土匪,活"
xianzhi,A,股匪,p-0382,",段、韩匪被驻阆中招讨军熊克武部“招安“平息龚方谷","民国37年(1948),龚方谷(巴中县渔溪人)与其子勾结彭店乡、石马乡等地土匪,活动于苍溪、巴中等8县,肆意抢劫,无恶不作。翌年12月,国民党军统重庆总局调查科主任杨开荣等20余人携电台、枪械潜入苍溪,勾结龚方谷组织“川北反共救国军“龚任第二团团长,下辖二营、一直属特务连、人枪2"
xianzhi,A,土匪,p-0382,"龚方谷(巴中县渔溪人)与其子勾结彭店乡、石马乡等地",",活动于苍溪、巴中等8县,肆意抢劫,无恶不作。翌年12月,国民党军统重庆总局调查科主任杨开荣等20余人携电台、枪械潜入苍溪,勾结龚方谷组织“川北反共救国军“龚任第二团团长,下辖二营、一直属特务连、人枪200余,在龙山、文昌、鱼漫地区武装骚乱。1950年春,龚匪大肆枪劫,杀害政府工"
xianzhi,A,国民党,p-0382,"苍溪、巴中等8县,肆意抢劫,无恶不作。翌年12月,","军统重庆总局调查科主任杨开荣等20余人携电台、枪械潜入苍溪,勾结龚方谷组织“川北反共救国军“龚任第二团团长,下辖二营、一直属特务连、人枪200余,在龙山、文昌、鱼漫地区武装骚乱。1950年春,龚匪大肆枪劫,杀害政府工作人员,2月16日,解放军四十六师五一三团,苍溪县、阅中县县大队"
xianzhi,A,特务,p-0382,"“川北反共救国军“龚任第二团团长,下辖二营、一直属","连、人枪200余,在龙山、文昌、鱼漫地区武装骚乱。1950年春,龚匪大肆枪劫,杀害政府工作人员,2月16日,解放军四十六师五一三团,苍溪县、阅中县县大队联合在文昌木叶梁进行围剽,龚匪分散隐匿。3月解放军在_彭店、龙山一带对龚匪进行围剿,大多数匪众相继自新。经多方工作,龚匪心腹向旭"
xianzhi,A,杀害,p-0382,"昌、鱼漫地区武装骚乱。1950年春,龚匪大肆枪劫,","政府工作人员,2月16日,解放军四十六师五一三团,苍溪县、阅中县县大队联合在文昌木叶梁进行围剽,龚匪分散隐匿。3月解放军在_彭店、龙山一带对龚匪进行围剿,大多数匪众相继自新。经多方工作,龚匪心腹向旭阳等4人弃暗投明,解放军派兵佯与向交战,向逃匿彭店家中,龚派人与向联络,订于2月《"
xianzhi,A,自新,p-0382,"军在_彭店、龙山一带对龚匪进行围剿,大多数匪众相继","。经多方工作,龚匪心腹向旭阳等4人弃暗投明,解放军派兵佯与向交战,向逃匿彭店家中,龚派人与向联络,订于2月《日夜约会于渔溪天池察,解放军届时将龚匪团团包围。计打死3人,打伤4人,俘47人,投诚163人。缴机枪6挺,冲锋枪和卡宾枪6支,手枪27支及手榴弹、马匹等。将龚方谷押至苍溪县"
xianzhi,A,打死,p-0382,"日夜约会于渔溪天池察,解放军届时将龚匪团团包围。计","3人,打伤4人,俘47人,投诚163人。缴机枪6挺,冲锋枪和卡宾枪6支,手枪27支及手榴弹、马匹等。将龚方谷押至苍溪县城处决。刺捕“杨氏五郎“大地主、大恶霸杨仕楷(今雌河乡白运村人》儿兄弟之子杨厚忠、杨言忠、杨明忠、杨恪忠、杨克忠,与广元、旺苍县边境匪首勾结,各聚人枪20余,横行"
xianzhi,A,处决,p-0382,",手枪27支及手榴弹、马匹等。将龚方谷押至苍溪县城","。刺捕“杨氏五郎“大地主、大恶霸杨仕楷(今雌河乡白运村人》儿兄弟之子杨厚忠、杨言忠、杨明忠、杨恪忠、杨克忠,与广元、旺苍县边境匪首勾结,各聚人枪20余,横行匪径,时合时分,人称“杨氏五狼(郎)“。民国38(1949)正月,县政府将杨匪厚忠、明忠、言忠、克忠缉拿。5月,杨匪买通守狱"
xianzhi,A,地主,p-0382,"匹等。将龚方谷押至苍溪县城处决。刺捕“杨氏五郎“大","、大恶霸杨仕楷(今雌河乡白运村人》儿兄弟之子杨厚忠、杨言忠、杨明忠、杨恪忠、杨克忠,与广元、旺苍县边境匪首勾结,各聚人枪20余,横行匪径,时合时分,人称“杨氏五狼(郎)“。民国38(1949)正月,县政府将杨匪厚忠、明忠、言忠、克忠缉拿。5月,杨匪买通守狱,挥洞越狱。后纠集土匪2"
xianzhi,A,恶霸,p-0382,"龚方谷押至苍溪县城处决。刺捕“杨氏五郎“大地主、大","杨仕楷(今雌河乡白运村人》儿兄弟之子杨厚忠、杨言忠、杨明忠、杨恪忠、杨克忠,与广元、旺苍县边境匪首勾结,各聚人枪20余,横行匪径,时合时分,人称“杨氏五狼(郎)“。民国38(1949)正月,县政府将杨匪厚忠、明忠、言忠、克忠缉拿。5月,杨匪买通守狱,挥洞越狱。后纠集土匪200余人"
xianzhi,A,匪,p-0383,"“368。苍溪县志安队在新观、龙王一带合击杨","。6月23日杨匠明忠、言忠、恪忠、克忠在龙王乡杨忠成家被擒。尔后,县公安队利用杨氏匪徒矛盾,诱捕了杨匪厚忠的得力帮凶侯禹清、陈惠一、李兴太等匪徒,迫使杨厚忠、陈惠德等匪徒缴械投降。围剽匪首李坤山民国30年(1941),李坤山(今登高乡人)成为土匪。37年盘踞九龙山,拉人入伙,强民"
xianzhi,A,公安,p-0383,"忠、言忠、恪忠、克忠在龙王乡杨忠成家被擒。尔后,县","队利用杨氏匪徒矛盾,诱捕了杨匪厚忠的得力帮凶侯禹清、陈惠一、李兴太等匪徒,迫使杨厚忠、陈惠德等匪徒缴械投降。围剽匪首李坤山民国30年(1941),李坤山(今登高乡人)成为土匪。37年盘踞九龙山,拉人入伙,强民为匪,在东河拦劫商船。在滑江、土鲤、石灶、三川等地要道口设埋伏,抢劫过往"
xianzhi,A,诱捕,p-0383,"王乡杨忠成家被擒。尔后,县公安队利用杨氏匪徒矛盾,","了杨匪厚忠的得力帮凶侯禹清、陈惠一、李兴太等匪徒,迫使杨厚忠、陈惠德等匪徒缴械投降。围剽匪首李坤山民国30年(1941),李坤山(今登高乡人)成为土匪。37年盘踞九龙山,拉人入伙,强民为匪,在东河拦劫商船。在滑江、土鲤、石灶、三川等地要道口设埋伏,抢劫过往行人与住户财物。38年2"
xianzhi,A,匪首,p-0383,"兴太等匪徒,迫使杨厚忠、陈惠德等匪徒缴械投降。围剽","李坤山民国30年(1941),李坤山(今登高乡人)成为土匪。37年盘踞九龙山,拉人入伙,强民为匪,在东河拦劫商船。在滑江、土鲤、石灶、三川等地要道口设埋伏,抢劫过往行人与住户财物。38年2月,县府几次缉拿未获。年底,李坤山参加特务组织“西南长官部巴山中美技术合作所“,任支队长。解"
xianzhi,A,土匪,p-0383,"山民国30年(1941),李坤山(今登高乡人)成为","。37年盘踞九龙山,拉人入伙,强民为匪,在东河拦劫商船。在滑江、土鲤、石灶、三川等地要道口设埋伏,抢劫过往行人与住户财物。38年2月,县府几次缉拿未获。年底,李坤山参加特务组织“西南长官部巴山中美技术合作所“,任支队长。解放后,李县伏夜出,四处武装骚乱。1950年2月19日,精匪"
xianzhi,A,特务,p-0383,"物。38年2月,县府几次缉拿未获。年底,李坤山参加","组织“西南长官部巴山中美技术合作所“,任支队长。解放后,李县伏夜出,四处武装骚乱。1950年2月19日,精匪100多人抢劫歧坪区人民政府,杀死民政委员吕宏元,劫走机枪1挺,手枪7支、步枪55支及手榴弹、子弹,烦烧档案,掠走财物。3月,暗杀三川区区长王先政,绑架两名征粮工作人员。县"
xianzhi,A,杀,p-0383,"0年2月19日,精匪100多人抢劫歧坪区人民政府,","死民政委员吕宏元,劫走机枪1挺,手枪7支、步枪55支及手榴弹、子弹,烦烧档案,掠走财物。3月,暗杀三川区区长王先政,绑架两名征粮工作人员。县警卫营、县大队、公安队合力围剑,追至广元县境,在三道沟与匪激战7日,歼灭一部分匪首、匣众。李坤山逃回老巢九龙山,以“杨氏五郎“及苏林飞等匠特"
xianzhi,A,征粮,p-0383,"案,掠走财物。3月,暗杀三川区区长王先政,绑架两名","工作人员。县警卫营、县大队、公安队合力围剑,追至广元县境,在三道沟与匪激战7日,歼灭一部分匪首、匣众。李坤山逃回老巢九龙山,以“杨氏五郎“及苏林飞等匠特为外翼,负隅顽抗。后,杨、苏匪特被歼,李坤山顽匪7人,被固于山中。1951年1月16日夜,李坤山领匪焊食,窜入陶老太婆(今天观乡"
xianzhi,A,歼灭,p-0383,"安队合力围剑,追至广元县境,在三道沟与匪激战7日,","一部分匪首、匣众。李坤山逃回老巢九龙山,以“杨氏五郎“及苏林飞等匠特为外翼,负隅顽抗。后,杨、苏匪特被歼,李坤山顽匪7人,被固于山中。1951年1月16日夜,李坤山领匪焊食,窜入陶老太婆(今天观乡白坪村)家中,陶佯意厚待,次日借口买盐出门报信。解放军、公安队、农民自卫队出击,将李"
xianzhi,A,匪特,p-0383,"氏五郎“及苏林飞等匠特为外翼,负隅顽抗。后,杨、苏","被歼,李坤山顽匪7人,被固于山中。1951年1月16日夜,李坤山领匪焊食,窜入陶老太婆(今天观乡白坪村)家中,陶佯意厚待,次日借口买盐出门报信。解放军、公安队、农民自卫队出击,将李朝包围屋内,陶老太婆支持剖匪,请求围剿部队烧掉自己房屋。李坤山从浓烟中窜出被当场击毙。平息“中美技术"
xianzhi,A,击毙,p-0383,"请求围剿部队烧掉自己房屋。李坤山从浓烟中窜出被当场","。平息“中美技术合作所“武装民国38年(1949)6月,国民党特务操纵同善社组建“川陕鄂边区人民自卫救国里军“(后更名为“西南长官部巴山中美技术合作所“),组织武装,抗拒解放。号首英恩普任总司令,东溪乡恶霸吴俊丰任副总司令。网罗土匪,建立武装支队,苍溪编为十六支队,匪首李坤山任支"
xianzhi,A,国民党,p-0383,"“中美技术合作所“武装民国38年(1949)6月,","特务操纵同善社组建“川陕鄂边区人民自卫救国里军“(后更名为“西南长官部巴山中美技术合作所“),组织武装,抗拒解放。号首英恩普任总司令,东溪乡恶霸吴俊丰任副总司令。网罗土匪,建立武装支队,苍溪编为十六支队,匪首李坤山任支队长。解放后,吴俊丰勾结国民党溃军师长丁玉恒筹集军火、集中人枪"
xianzhi,A,抗拒,p-0383,"名为“西南长官部巴山中美技术合作所“),组织武装,","解放。号首英恩普任总司令,东溪乡恶霸吴俊丰任副总司令。网罗土匪,建立武装支队,苍溪编为十六支队,匪首李坤山任支队长。解放后,吴俊丰勾结国民党溃军师长丁玉恒筹集军火、集中人枪百余,号称“子弟兵“,1950年3月,率队至苍溪龙干山,被人民解放军追至南江县境歼灭。"
xianzhi,A,恶霸,p-0383,"),组织武装,抗拒解放。号首英恩普任总司令,东溪乡","吴俊丰任副总司令。网罗土匪,建立武装支队,苍溪编为十六支队,匪首李坤山任支队长。解放后,吴俊丰勾结国民党溃军师长丁玉恒筹集军火、集中人枪百余,号称“子弟兵“,1950年3月,率队至苍溪龙干山,被人民解放军追至南江县境歼灭。"
xianzhi,A,土地改革,p-0386,"24%,年平均增长21.85%。“农“业1952年","结束后,逐步开展对农业的社会主义改造,发展互助组,试办初级农业生产合作社,开展农业创模活动,至1953年已建立910个常年互助组、3个初级农业生产合作社。1955年掀起农业合作化高潮。年底在云峰乡张家坪首建“取消土地分红“实行按劳分配的高级农业生产合作社。1957年通过扩建、整顿"
xianzhi,A,会议,p-0389,"单机448部,农话线路降至500多杆公里.这年安装","电话终端机9台,长途电话增至2路。1963一1970年设备无明显增加,但产值上升。1962年为7.5万元,1967年18.75万元。1971年起邹电设备逐年增加,长话改为专台,安装20门交换机!部,市话电缆线总长49.5公里,各邹电支局陆续开始安装载波终端机,电报电路扩为两路。增"
xianzhi,A,破坏,p-0390,"6年“文化大革命“开始后的数年间,国民经济遭到严重",",社会商品供应严重不足,商业网点减少,分配和定量供应品种增多。1967一1968年社会商品零售总额下降,1969年才有所回升。1976年社会商品零售总频4698万元,1978年5580万元。1978年后,改革商业体制,疏理商品流通渠道,推行经营承包责任制,扩大企业自主权。国营、集"
xianzhi,X,543,p-0391,"2280111831238327782197923","319717595515847108919822262337971617150470211191985373516937211794634158530191988457118937232394426148276271990576291870625406335019928175第二"
xianzhi,A,土地改革,p-0396,"7.65%。1农业结构|1952一1957年,经过","、农业合作化,改变了生产关系,解放了生产力,农业产值增加较快,1957年达到8480万元(19890年不变价,下同)比1952年增长66.11%。农、林、牧、副、渔发展比较协调,互有促进。“二五“计划期中的大跃进,由于缺乏农、林、物、副、渔这一大农业整体观念,重视生产,忽视生态平"
xianzhi,A,地主,p-0404,"表〔一)一一y一门一EE阶级(阶屋》阶级〔(阶尿)","10896.816100167富农12828.036501515F“农9155.9192218贫农786649.12403610鹿农307619.2小商人13628.5失业者4002.5合计16020100240306100,注:全区人口数80100人。|"
xianzhi,A,富农,p-0404,"》阶级〔(阶尿)地主10896.816100167","12828.036501515F“农9155.9192218贫农786649.12403610鹿农307619.2小商人13628.5失业者4002.5合计16020100240306100,注:全区人口数80100人。|"
xianzhi,A,地主,p-0405,"一5一aA网二|酝芸门占_有者户起人数|人口总数史","365.7224]6.71310568.9窖农386.02437.3282514.9中“农8613.643713.210825.7贫农32150.8163749,4201110.5佃农15123.977523.4合计632100331610019023100据《中国农土情》和《全"
xianzhi,A,富农,p-0405,"自耕农、佃农占有土地26弘。民国36年,全县地主、","共3690户(占总农户38735户的9.5%),33210人,占有土地286305亩(占总耕地359814亩的79.57%),人平8.6亩;自耕、半自耕、佃农、贫农共37335户,17802!人,占有土地71531亩,人平0.4亨。而一半以上无地或少地农民为了生活,不得不向地主租"
xianzhi,A,减租,p-0405,"田法(又名“抵田借钱“、“指田借钱“)、任降“荒歉","“、高垫低还(地主在缴田赋或其他税捐时,令佃农垫支)、搭会担保(地主搭会要以田作保,而田已佃出,即用佃户姓名担保,债务推在户头上)、议佃(每年秋收前,佃户办酒席,请地主到家议佃)、帮工(凡地主家逼婚嫁、丧葬等需体力劳动的事,佃户都得无偃为其帮工)、送礼(送新、送节、送贺礼等)。民"
xianzhi,A,土豪,p-0405,"剥削的土地所有制,实行耕者有其田“政策,号召“打修","劣组,平分土地“、“废除一切高利贷债务和土地契约“,实行土地改革。这年6月至第二年2月在已建革命根据地进行打土豪、分田地的土地革命。1934年9月红军反“六路围攻“胜利之后至第二年3月,在收复和新占领地区进行土改。第三次是1935年3月红四方面军强渡嘉陵江后,在"
xianzhi,A,土地改革,p-0405,"平分土地“、“废除一切高利贷债务和土地契约“,实行","。这年6月至第二年2月在已建革命根据地进行打土豪、分田地的土地革命。1934年9月红军反“六路围攻“胜利之后至第二年3月,在收复和新占领地区进行土改。第三次是1935年3月红四方面军强渡嘉陵江后,在"
xianzhi,A,土改,p-0405,"围攻“胜利之后至第二年3月,在收复和新占领地区进行","。第三次是1935年3月红四方面军强渡嘉陵江后,在"
xianzhi,A,土改,p-0406,"第十三篇*农“业。391。河西东青地区进行","。土地改革中,坚持“依靠贫雄农,联合中农,限制富农,保护「中、小工商业者,消灭地主阶级“路线,没收地主的土地、山林、房屋,没收豪绅的浑财。财产分给雄农、贫农和不足平均数的中农,并宣布“农民永远是土地的主人“。苍溪县第五区(岳东》一乡土地分配后土地占有情况(1934年2月)一gTT"
xianzhi,A,土地改革,p-0406,"第十三篇*农“业。391。河西东青地区进行土改。","中,坚持“依靠贫雄农,联合中农,限制富农,保护「中、小工商业者,消灭地主阶级“路线,没收地主的土地、山林、房屋,没收豪绅的浑财。财产分给雄农、贫农和不足平均数的中农,并宣布“农民永远是土地的主人“。苍溪县第五区(岳东》一乡土地分配后土地占有情况(1934年2月)一gTTzeam阶"
xianzhi,A,富农,p-0406,"土改。土地改革中,坚持“依靠贫雄农,联合中农,限制",",保护「中、小工商业者,消灭地主阶级“路线,没收地主的土地、山林、房屋,没收豪绅的浑财。财产分给雄农、贫农和不足平均数的中农,并宣布“农民永远是土地的主人“。苍溪县第五区(岳东》一乡土地分配后土地占有情况(1934年2月)一gTTzeam阶级阶级|占全乡阶级司口国圆一地主365."
xianzhi,A,地主,p-0406,"农,联合中农,限制富农,保护「中、小工商业者,消灭","阶级“路线,没收地主的土地、山林、房屋,没收豪绅的浑财。财产分给雄农、贫农和不足平均数的中农,并宣布“农民永远是土地的主人“。苍溪县第五区(岳东》一乡土地分配后土地占有情况(1934年2月)一gTTzeam阶级阶级|占全乡阶级司口国圆一地主365.72216.7富“农386.02"
xianzhi,A,豪绅,p-0406,"灭地主阶级“路线,没收地主的土地、山林、房屋,没收","的浑财。财产分给雄农、贫农和不足平均数的中农,并宣布“农民永远是土地的主人“。苍溪县第五区(岳东》一乡土地分配后土地占有情况(1934年2月)一gTTzeam阶级阶级|占全乡阶级司口国圆一地主365.72216.7富“农386.02437.312167.]丨“农8613.6437"
xianzhi,A,地主兼,p-0406,"43户、小土地经营者534户、工商业兼地主22户、","工商业754户、工商业者170户;中农2.5万户,占总户数的32.84%;贫农3.49万户,占总户数的45.81%;雄农2892户,小"
xianzhi,A,富农,p-0407,"。1952年1月根据“依靠贫、雄农,团结中农,中立",",打击和消灭地主阶级“的阶级路线和政策,没收地主、征收富农、小土地出租者和其他产业的土地共16.12万定(包括本县地主的外籍土地4.12万岩),粮食8502石,耕牛3746头,大农具(犁、耙、风车、拌桶等)16980件,家具22.69万件,房屋4.69万间(其中瓦房3.13万间)"
xianzhi,A,地主,p-0407,"根据“依靠贫、雄农,团结中农,中立富农,打击和消灭","阶级“的阶级路线和政策,没收地主、征收富农、小土地出租者和其他产业的土地共16.12万定(包括本县地主的外籍土地4.12万岩),粮食8502石,耕牛3746头,大农具(犁、耙、风车、拌桶等)16980件,家具22.69万件,房屋4.69万间(其中瓦房3.13万间),分给了雄农、贫"
xianzhi,A,土改,p-0408,")作为国营农场(或苗圆用地),又于1952年6月将","时没收地主陶友三在回水坝的果园80亩、楼房一憨、平房5间作为新建苍漫县国营农场的基础。10月,县府决定在回水坝拨土地150亩(包括先划的面积),由县财政拨款建立苍溪县回水国营农场。建场后,主要任务为繁殖、推广良种,同时经营雪梨树4170株、柑桔树797株。至1990年,年均培育稻"
xianzhi,A,地主,p-0408,"农场(或苗圆用地),又于1952年6月将土改时没收","陶友三在回水坝的果园80亩、楼房一憨、平房5间作为新建苍漫县国营农场的基础。10月,县府决定在回水坝拨土地150亩(包括先划的面积),由县财政拨款建立苍溪县回水国营农场。建场后,主要任务为繁殖、推广良种,同时经营雪梨树4170株、柑桔树797株。至1990年,年均培育稻、麦、玉米"
xianzhi,A,会议,p-0408,"猪场600平方米,新修和改建住房、办公室、实验室、","窒、教"
xianzhi,A,处理,p-0410,"要求各地种植绿肥作物,利用残根、落叶、杂草造堆肥,","死腐动物骨骸造磷肥。解放后,大积大造自然肥料,全县平均积人畜粪尿约"
xianzhi,A,地主,p-0420,"甜柚“、系县果树站科技人员于1950年11月在县城","陶友三果园(今县委招待所)发现。因其果肉嫩胤、浓甜、香美,定名“脆香甜柚“,后被载入《四川果树优良品种图谱》,荻省优、国优金杯奖。先后引进长寿县的沙田柚、奉节县的的夔府柚和梁平、蔡溪等地的地方名牌柚种。橙、柑、桔种,除本地酸橙、金柑、红桔、草桔和杭类及柄橡类的少数品种外,1964"
xianzhi,A,处理,p-0421,"将柑、橙用25PPM2.4一D和1000倍的托布津","后,装入果箱,置于地洞内,半月检查一次,贮至第二年3月,好果率72%。1973年建土家50口,贮柑橙25万公斤,3个月后,好果率83%。1981年建半地下式贮果库4憨,贮柑、橙、苹果8万公斤,3个月后,好果率.87%。随着水果产量的增加,中共苍溪县委号召“藏果于民“。即在屋内用砖"
xianzhi,A,大会,p-0422,"进市场交易。1951年各区根据苍溪县第一届蚕农代表","决议,建示范桑苗圃2一3亩,重点乡1亩。1953一1955年,县蚕桑指导站收购栖子1841公斤,无偿供应互助组、农业社育苗。各茧庄共育桑苗60万株。1956年县财政拨款分区培训育苗技术员,用条播和小方格法育苗。1964年全县设点41处,收购栖子1750公斤,育桑苗642亩,县、区"
xianzhi,A,破坏,p-0422,"1498万株。1968一1972年因“文化大革命“",",仅保存桑树600万株。1978年在岳东公社试建“密植速成桑园“,当年栽桑,当年养蚕。至1980年,密植桑园达1.1万亩,栋树达4300万株。1982年大型栋园分户承包,家庭小栖园迅速发展,当年新栽桑树2600万株。1983年冬,县蚕桑局在店子"
xianzhi,A,杀,p-0424,"群力两农业社共捕金龟子8万余只。各地还用药波滴蛀洞","桑天牛,用桐油、五朵云、苦楝子熬水喷杀桑螂、丽毛虫、栖尺蟆、用牛尿防治荣白蚧。197!年后,随着桑树的冬修、矮化、密植,栋天牛减少。1980年后,对桑树虫害多用乐果等农药杀灭。1989年全县组织治虫专业队933个,动用机具2795部,唱药5153公斤,全面防治虫害;次年县蚕桑局拨"
xianzhi,X,训练,p-0426,"北蚕业推广队在苍溪县南阳、歧坪、烟峰等乡办蚕栖技术","班20天,推广“栋引收蚁法“技术。1953年学习苏联经验,推广发蚁蚕及“高温、十燥、稀座、多回、薄饲“养蚕法。1951年推广稀蚕勤喘,提青分批、何食就眠、小蚕防干、大蚕防潮、勤除蛎沙技术。同年推广合川经验,饲养晚秋蚕387张。1960年推行养正春、晚春、夏蚕、正秋、晚秋、晚晚秋6"
xianzhi,A,死亡,p-0427,"种毒率放宽到50%,兼秋雨多,蛎至5龄,诸病暴发,","十之七八。36年春,普遍发生叶荒,蛎体虚骏,发病面大,死亡殆尽。1952年全县开展“消毒日“、“消毒周“、“送瘦神“活动,对蚕病严重的地方,政府无偿发给漂白粉,派技术员消毒防病。此后,蚕农多用柏枝、硫磺烟熏,石灰浆涂刹墙壁,洗涤蚕具,用石灰、防僵粉撒蚕体消毒。1956年县人委发出"
xianzhi,A,死亡,p-0429,"大革命“冲击,把私人养猎当作资本主义批判,导致生猪","多、出肥少。1969年存栏猪比1966年减少11万头,育肥率下降31.5%,直到1977年才恢复到1966年的水平。1979年贯彻中央“积极发展集体养猪,继续鼓励社员养猪“精神,狠抓商品猪生产,当年出栏肥猪上升到25.32万头,存栏猪上升到46.4万头,1981年实行以户暑为主的"
xianzhi,A,会上,p-0435,"的手动插秧机,1960年在南充专署召开的插秧机现场",",受到副省长邓华的赞扬。1972年贯彻全国第二次农机化会议精神,县在元坝公社裕群、民力大队推广手动插秧机,县委、县革委领导下田试操。这年全县试插625.5亨;10月在省水田机械化会议上,南充地区农机局确定苍滦县农机厂批量生产插秧机。同年,县农机厂、农修厂、元坝红旗机械厂承担近10"
xianzhi,A,会议,p-0435,"到副省长邓华的赞扬。1972年贯彻全国第二次农机化","精神,县在元坝公社裕群、民力大队推广手动插秧机,县委、县革委领导下田试操。这年全县试插625.5亨;10月在省水田机械化会议上,南充地区农机局确定苍滦县农机厂批量生产插秧机。同年,县农机厂、农修厂、元坝红旗机械厂承担近1000台打谷机、近6万件农机配件生产任务。1973一1977"
xianzhi,A,会议,p-0436,",苍溪因农机供应、修理、管理等曾多次在省、地的有关","上介绍经验。1973年经省革委批准,将苍溪县定为四川省农业机械化试点县。从此.省、地优先分配机具指标,优先分配扶持资金,加上社队自筹资金,苍溪农机每年以数百台的速度向前发展。为适应发展需要,1974年成立县农机研究所、农机供应公司、拖拉机翻胎厂和农机常训班。为加强试点县的建设,除"
xianzhi,X,训练,p-0438,"人员的培训,除上级有关部门为县培训外,县亦开办各类","班为区、社、队培训。1960年开办排灌机手短训班。1965一1971年,县农机站每年冬春季节都要培训新机手、财会人员;区站以下推行副机手制,安排副机手跟班实习,以师带徒,现场培训。7年共培训财务会计、修理工、拖拉机手、内燃机手2645人次。1972年县农机局统一拨支经费,由县、区"
xianzhi,A,会议,p-0440,"、公路。1972年元坝公社贯彻全国第二次农业机械化","精神,自筹资金集体投劳、投物,修通75个生产队的机枣道88公里。1973年4月16日,四川省革命委员会领导在计划会上表彰了元坝公社。同年冬、苍溪开展“以机促路“活动、兴修机桥道。南阳公社集中全社劳力,经20多天努力,修通69个生产队的机耕道66公里。这华.全县修机耕道2400多公"
xianzhi,A,会上,p-0440,"。1973年4月16日,四川省革命委员会领导在计划","表彰了元坝公社。同年冬、苍溪开展“以机促路“活动、兴修机桥道。南阳公社集中全社劳力,经20多天努力,修通69个生产队的机耕道66公里。这华.全县修机耕道2400多公里。至1978年6月,全县动用人、财、物力折资286万余元共修机耗道5789公里,拖拉机可通576个大队、2529个"
xianzhi,A,会议,p-0441,"年仅耕三五百交。1971年贯彻全国第二次农业机械化","精神,在元坝公社“土法上马“,用红炉锻制区骨轮21对、旋耕刀218把。进行配套。次年出勤中拖2台、手扶拖拉机6台,几天内机枣田295亩。当年7月南充地区农机局在苍溟元坝公社召开全区11个县(市)机耕经验交流会。8月全县出动49台中型拖拉机耕谷板田1.24万亩。1973年起,每年春"
xianzhi,A,土改,p-0442,",1969年为元坝公社庆宪大队、店子公社前进大队推","田51亨.1975年全县有东方红一75型链轨式拖拉机25台配带推土铲,为白桥,文家角、间`家沟水库和其它基建工程服务,共运送土石256万立方米,改土1583亩。1979年后,机栗改土、修水减少;从1988年起,部分农用拖拉机再次投人修水、改土工作,提高工效,节省了劳力。农业机械作"
xianzhi,A,杀,p-0443,"对农作物病虫进行普查,共查出农作物病虫100余种,","虫植物47种,益鸟、益兽6种,害鸟、官兽15种,采集标本3.5万多种;[言]罄丨寸裴墓拦晕薹i1j才〔晏唇作…′夕Jy寅虫分布图2幅,主要农作物病虫防治时间表一份,试制土农药11种。在此基础上再用煤气灯、白炽灯、荧光灯、黑光灯诱测,亘鏖缪z叠4多】(糖、酒、醋液〉和合成性激素诱测"
xianzhi,A,处理,p-0443,"“病虫防治自60年代以来,每年大小春除整地、施肥、","种子和播种方式、播种规格等进行综合防治外,县、区、社、队抓住主要作物的主要病、虫害突击防治,均于发生发展时期进行群防群治,以“歼灭战“方式扑灭。小麦病虫,用机动喷雾机喷8一10%的酒、30%的氢硅酸(腕膏剂和晁体粉剂防治.小麦腥黑穗病,用农抗“769“微生物农药处"
xianzhi,A,歼灭,p-0443,"、虫害突击防治,均于发生发展时期进行群防群治,以“","战“方式扑灭。小麦病虫,用机动喷雾机喷8一10%的酒、30%的氢硅酸(腕膏剂和晁体粉剂防治.小麦腥黑穗病,用农抗“769“微生物农药处"
xianzhi,A,处理,p-0444,"止病菌侵染。水稻稻瘟病,用120个PPm的庆丰震宏","种子,对发病田块撒施1:10的石灰、草木灰,或`用高效低毒,杀菌剂进行土壤消毒;水稻赤枯病,排水晒田,增施热性肥料,提高土温、_水温;水稻稻曲病,用农抗“769“浸种或闷种24小时后催芽播种;水稻螂虫,发生前拔尽谷桩,钉尽杂草,烧尽稿秆,栽秧时用杀虫霸加三环唑(富士一号)浸秧根防"
xianzhi,A,杀,p-0444,"病田块撒施1:10的石灰、草木灰,或`用高效低毒,","菌剂进行土壤消毒;水稻赤枯病,排水晒田,增施热性肥料,提高土温、_水温;水稻稻曲病,用农抗“769“浸种或闷种24小时后催芽播种;水稻螂虫,发生前拔尽谷桩,钉尽杂草,烧尽稿秆,栽秧时用杀虫霸加三环唑(富士一号)浸秧根防治;水稻稻苞虫,用微生物农药“7216“防治。红苔黑斑病,用赛"
xianzhi,A,拒绝,p-0446,"日前向社员公布。凡不合手续、制度的单据,出纳员有权","报销,保管员有权拒绝收发实物,会计员有权拒绝做帐。为使各生产队的帐目都记清楚,公社每月召开赛帐会,集中审查,民主评议。规定各种帐镛、单据及分配方案等一律保存10年。现金管理大队生产队的现金管理,坚持会计管帐不管钱,出纳管钱不管帐。现金开支,坚持审批制度、按计划开支。物资管理196"
xianzhi,X,审查,p-0446,"使各生产队的帐目都记清楚,公社每月召开赛帐会,集中",",民主评议。规定各种帐镛、单据及分配方案等一律保存10年。现金管理大队生产队的现金管理,坚持会计管帐不管钱,出纳管钱不管帐。现金开支,坚持审批制度、按计划开支。物资管理1962年各大队、生产队普遍建立财产、物资管理制度。凡大型的农机具、粮食、种子和其它公共财产,如拌桶、水车等由专"
xianzhi,A,死亡,p-0447,"量、质量、时间等,1980年实行“三定一包“:猎病","率不超过5%,牛病死亡率不超过15%;猪杂交面20%以上,牛配种率70%以上;推广书合饲料,生晓,生猪出肥率60%以上;包经济收入,实行奖惩,1984年改为区核算、乡技包,全奖全赔,职工工资全浮动。第五节“渔政管理1953年前后江河渔民一般不在产卵期担鱼。1959一1961年因生"
xianzhi,A,公安,p-0447,"人主抓安全管理工作。1974年县农机局配合县交通、","等部门检查和处理违章事故;制止拖拉机违章搭人;同时对机动车辆普遍进行定期检审。要求拖拉机、内燃机机况经常保持良好。1976年县革委制定拖拉机安全管理办法,颁发《加强拖拉机安全管理布告》,进而在全县开展“安全生产学习日“,和“百日安全赛“活动。"
xianzhi,A,处理,p-0447,"作。1974年县农机局配合县交通、公安等部门检查和","违章事故;制止拖拉机违章搭人;同时对机动车辆普遍进行定期检审。要求拖拉机、内燃机机况经常保持良好。1976年县革委制定拖拉机安全管理办法,颁发《加强拖拉机安全管理布告》,进而在全县开展“安全生产学习日“,和“百日安全赛“活动。"
xianzhi,A,公安,p-0448,"机安全管理工作。1988年7月县农机监理站和交通、","部门配合,贯彻国务院公布的《交通答理条例》,由于对条例精神贯彻好,及时处理事故,1990年县农机监理站蒲吕堂获《四川省农机局优秀农机监理员证书》。晚"
xianzhi,A,处理,p-0448,"公布的《交通答理条例》,由于对条例精神贯彻好,及时","事故,1990年县农机监理站蒲吕堂获《四川省农机局优秀农机监理员证书》。晚"
xianzhi,A,会议,p-0450,"垒高于老垣“、“翻山田垒翻山水“经验,在四川省水利","上交流过。1972年大批冬国水田改为旱田种小春、冬水田下降到3.2万亩,因水源不足,粮食减产。次年冬固水田恢复到19万亨。1987年为解决旱山村、组缺水问题,县政府号召建设骨干鸿水田,围水田由兼而专,专门蓉水,冬水田日趋减少,到1990年,凡水源比较活的地方,只留少量冬水田做秧母"
xianzhi,A,复查,p-0455,"5月完工并投入使用。1983年5月经南充地区水电局",",未达到设计标准。1989年t月开始整治,1991年3月完工,6月通过验收。水库总投资895.52万元(其中国家补助664.74万元),共动用土、石、混餮土162.02万立方米。水库设管理处,职工28人,综合经营养殖、加工、酿酒、种植、商业、运输等业,1990年总收入13万元。文"
xianzhi,A,处理,p-0457,"25平方米,设有主厂房、检修室、中控室、开关室及水","室。安装T500CFK机组4台、采用济南TZ12V190发动机,配无锡IFC5456-6TA42发电机,经2台1250KVA10/0.4-S;型变压器变电后并入地方电网运行。一期工程总投资608.58万元。天然气发电厂涛县电力公司,有职工36人,按年编制收支计划,承包经营,进行报"
xianzhi,A,破坏,p-0463,"甚明显,解放后随人口激增和社会活动加剧,森林植被受","。1958年开始的“大跃进“中,大办公共食堂,铲草积肥,伐木烧灰,毁林开荒27.15万亩;“文化大革命“中,“向高山进军“,““向河滩要粮“,毁护岸林、灌木林12万亩。1975年森林资源普查,植被覆盖率由1952年的30.76%下降到14.56%。因植被减少,自然灾害的潜在因视逐"
xianzhi,A,土改,p-0464,"1300亩,薄土加厚7500亩。1962年县成立改","田办公室,至1966年,地变田6万亨,坡改梯、薄加厚5.9万亩,“四旁“植树2633.92万株。1972一1978年,国家拨敦66万元,成立专业改土队,元坝、城郊区地变田共4.8万亩,坡地改梯地5.1万亩,坡地改梯田1.6万亩。1980年,水土保持由县委农工部统一部署,1982年"
xianzhi,A,处理,p-0466,"月县政府成立防汛委员会(下设联络、巡查、抢救、善后","4组),嘉陵江、东河沅岩的区、乡、村,分别成立防洪大队、中队、小队。1955年东河大水,两小时达到警戒水位,歧坪场水位上涨14米,冲毁房屋64间,损失财物8.52万元。机关干部,学校师生、居民、农民5000余人,抢救国家公粮14.6万公斤,集体粮食13.5万余公斤,各类物资折款1"
xianzhi,A,大会,p-0467,"、水电局长张明生等173人出席南充地区抗洪救灾表彰","。郑文常等63人、还出席了四川省抗洪救灾表彰大会,受到表彰。这次洪灾后,县常设防汛和江河管理指挥部及办公室,汛期春夜值班,传递东情、水情、汛情。1984年5月、县防汛指挥部加强工程管理、改进水文工作,修订陵江镇警戒水位为370.004米,保证水位为374.004米。每年汛期前,指"
xianzhi,A,保长,p-0468,"(镇》、保分别成立大队、中队、分队,区、乡(镇)、","兼任队长,负征工督办之责;甲长兼任班长,负责向全甲15一48岁农民征工。此法虽促进了工程进度,但质量差,民怨多。50年代水利工程施工有图纸,花钱有计划,劳动有定额、竣工有验收。1957年贯径“小型为为,群众自办为主“水利方针、以农业合作社为施工单位,谁受益谁负担、按灌"
xianzhi,A,甲长,p-0468,"分队,区、乡(镇)、保长兼任队长,负征工督办之责;","兼任班长,负责向全甲15一48岁农民征工。此法虽促进了工程进度,但质量差,民怨多。50年代水利工程施工有图纸,花钱有计划,劳动有定额、竣工有验收。1957年贯径“小型为为,群众自办为主“水利方针、以农业合作社为施工单位,谁受益谁负担、按灌"
xianzhi,A,歼灭,p-0469,"忙时由专业队打好基础,冬春农闲时组织群众突击,打“","战“,日上工人数在高峰期多达18万余人。实行机械化半机械化施工。文家角、阈家沟等中型水库,用汽车、拉拉机运土、碾坝。高峰期,全县投入兴修水利的汽车、推土机、拖拉机900余辆,占全县机动车辆拥有量的60%,投入板车4000多部。各区水利组负责辖区内工程技术指导,县水电局除派技术人员"
xianzhi,A,大会,p-0470,"骨干工程栽秧的原则满足灌区用水要求。或者由灌区代表","讨论制定放水细则,水利工程管理单位统筹安排,照章办事。水库由专人启闭闸门,其它工程由村组干部指拂放水,用水村组按轮次接水,严禁随意堵截。灌田时推广人、牛、水同时到田,浅水灌溉,节约用水。1963年全县有管水员8772人。1982年改供水到村、组为供水到户、田;改按行政区域送水为按"
xianzhi,A,处理,p-0470,"时,管水接水人员全部到位,分段负资、维护用水秧序,","放水中的具体问题,工程负责人及灌区行政领导"
xianzhi,A,会议,p-0472,"季节争发争供的矛盾,每年春夏县水电局及电力公司都以","协商分配负荷。无库蓄水的,丰水期允其满发满上;有库营水的,匀至枯期上网补峰。鼓励水电站枯期多发多供,个别有条件的可买水发电,未上网电站及农户自办微型电站,任由自发自供,自行管理,自负盈亏。1990年,全县自发电量2919万十瓦时,其中水电2684万千瓦时,天然气发电205.45万"
xianzhi,A,公安,p-0473,"2年县府发布《关于保护高压线路的通告》,县安全办、","局、检察院、电厂联合印发《加强农村安全用电的通知}。次年,县政府批转县电厂《关于加强农电安全管理的报告》,晓喻各地执行。每年6一9月,县水电局与县安全办、劳动局、公安局等单位联合进行电力安全大检查。1984年后电力公司开展“百日无事故“竞赛活动,石门电站连续8个周期安全无事故。每"
xianzhi,X,审查,p-0474,"管理,组织有关部门制定江河治理方案和监督实施方案。","在河滩、河道管护范围内的建设项目,保护河道;查处违章活动,清理并拆除碍洪建筑设施;管护江河水、土、砂、石资源;协调与邻县共有河段和相关河段的管理。同年3月县城职工、居民1000余人整治九曲溪。1985年5月「县政府颁发《苍溪县江河管理实施办法》,1987年县江河管理指挥部与县防洪"
xianzhi,A,杀,p-0480,"hanantheaspera(Bl.)Planch","树CeltissinensisPers.门栋科栋树MorusalbaLinn.构树(构叶树)Broussonetiaprpyrifera(L.》Vent黄葛树FicuslacorBuchHam:,无花果Ficuscaricalinn.腊梅科腊梅(黄梅花)Chimonanthusp"
xianzhi,A,地主,p-0488,",林地、宜林地为私人所有。林地的70.53%集中在","、富农手中;2%为庙宇和宗祠所有;其余多为小土地出租、中农所有,极少数属贫农。1952年土地改革时,对地主的山林按人均留一份外,其余全部没收;征收富农多余(超过全村人均山林面积两倍以上的)山林。并将没收、征收的山林,除部分作为国有林外,其余都分给雄农、贫农和个别中农。第二节集体_"
xianzhi,A,富农,p-0488,"、宜林地为私人所有。林地的70.53%集中在地主、","手中;2%为庙宇和宗祠所有;其余多为小土地出租、中农所有,极少数属贫农。1952年土地改革时,对地主的山林按人均留一份外,其余全部没收;征收富农多余(超过全村人均山林面积两倍以上的)山林。并将没收、征收的山林,除部分作为国有林外,其余都分给雄农、贫农和个别中农。第二节集体_林19"
xianzhi,A,土地改革,p-0488,"多为小土地出租、中农所有,极少数属贫农。1952年","时,对地主的山林按人均留一份外,其余全部没收;征收富农多余(超过全村人均山林面积两倍以上的)山林。并将没收、征收的山林,除部分作为国有林外,其余都分给雄农、贫农和个别中农。第二节集体_林1958年1月27日,社员私有的大块山林、荒山和田坎地坡的零星树木及一切柴坡、竹子,除自留少量"
xianzhi,A,土地改革,p-0489,"县志第三节国有_林解放前,国有林木极少。1952年","中,将没收的500亨以上的成片林地和不便分配的祠堂、庙宇、会产、坟茅、教堂的林木及风景林,一律收归国有,由县财政等理。1962年11月,县林业部门对全县国有林走边验界(埋石钻字),与所在生产队签定代管合同,建立档案、管理制庭。1967年县财政部门按规定,又将零星公树和小块公有林移"
xianzhi,A,劳改,p-0489,"有林移交林业部门答理。1974年南充地区苍溪三溪口","农场撒销,将其6000多亩森林和1200亩农耕地移交给苍溪县。1979年又将其农耕地还林,林地面积为7200多亩。至此,苍漫县的国有林增加到103处、21996亩,分布38乡(镇)、77村。第么章_林业生产第一节采“种解放前,因森林茂密、多数农户无采种育苗习惯。1952年4月,川"
xianzhi,A,土改,p-0490,"、集体、专业户育荒三种。国营苗圃场育苗.1952年","中,县农场和四区、七区、九区共留苗圃地139亩,育种树(苗)23种,出苗83.9万株。1956年春,在城郊乡肖家坝建立国暑苗圃,土地40亩,除育优良树种供乡村大面积推广外,还育一些珍费树苗,如银杏、檀木、根花、芙蓉、黄杨、苏铁、君子兰等供城市栽种。为方便群众,就地供苗,县林业局还"
xianzhi,A,会议,p-0491,"2月,南充地区在南部县伏麂区召开各县主管林业负责人","后,各级政府集中人力、物力、财力,进行一山、一湾、一沟的成片造林。歧坪区全民动员,划片包千,任务到人,15天内直描马尾松种!万余公斤.1980年经南充地区林业局检查验收,该区金风公社造林1.15万亩,占宜林荒山94%,为苍溪县第一个实现绿化的公社。1981一1983年,林业政策放"
xianzhi,A,村民,p-0492,"业部门提供树种,指导技术;乡(镇)、村落实面积,与","组签订造林合同。按规划设计图纸施工、并加强育苗、栽树、抚育管理工作。至1990年,省、地(市)下达一般用材基地林7万卡“其中防护林1万亨),完成5.7万亩;下达速生丰产用材基地林10万亩,完成10.96万亨。7月,经省林业厅检查验收,速生丰产用材基地林保存面积88944亩,合格率"
xianzhi,A,会上,p-0492,"开的1984一1990年速生丰产用材基地林建设表彰",",授二苍溪县“先进单位“称号,文旷区区长余义仁在植树造林、绿化祖国事业中,成绵卓著,全国绿化委员会于1990年3月5日授二“全国绿化奖章“。1952一1990年,全县成片造林共81万亩,其中用材林18.71万亩(速生丰产用材基地林8.9万亩,一般用材基地林4.72万亩)、防护林1"
xianzhi,A,破坏,p-0493,"流管护1。50年代后期到70年代,尽管森林大面积遭","、但仍涌现出“青山常在,绿水长流“的店子公社、东青公社东明大队等先进典型。特别是雍河公社马鞍5队护林10年如一日,出现林多、水多、牛多,肥多、粮多、钱多好形势。1979年10月,《四川申报》总五期以“十年树木,林茂粮丰“为题_\"
xianzhi,A,会议,p-0495,"进行清理退赔。为贯彻落实1979年全国人大五届六次","通过的《中华人民共和国森林法》(试行)和1984年正式颁发的《森林法》及中共中央、国务院、全国人大常委、四川省人大常委先后颁布的一系列森林法规,中共苍溪县委、县人大常务委员会先后作出《加强林业建设的冲定}、《关于加速发展油桐生产的决定》;县政府还发布《关于保护森林资源,制止乱砍滥"
xianzhi,A,公安,p-0495,"任命一名林业于部为检察员。1987年3月12日,县","局成立公安林业科,县"
xianzhi,A,公安,p-0496,"第十五篇,林业*丁81。林业局成立林业","科,加强椒林法规宣传工作,坚持依法治林。1951年结合清匪反霸斗争,对破坏渊林的犯罪分子,依法治罪。1954年3月19日,土门乡(今双石乡)农民杨正学途经三溪口因抽烟引起森林火灾,烧毁山林2000余亩,被判处有期徒刑7年。1976年以后。因木材供需矛盾突出,案件增多。1979一1"
xianzhi,A,清匪,p-0496,"加强椒林法规宣传工作,坚持依法治林。1951年结合","反霸斗争,对破坏渊林的犯罪分子,依法治罪。1954年3月19日,土门乡(今双石乡)农民杨正学途经三溪口因抽烟引起森林火灾,烧毁山林2000余亩,被判处有期徒刑7年。1976年以后。因木材供需矛盾突出,案件增多。1979一1990年,县林业局、政法和纪检部门共查处森林违法案件400"
xianzhi,A,反霸,p-0496,"椒林法规宣传工作,坚持依法治林。1951年结合清匪","斗争,对破坏渊林的犯罪分子,依法治罪。1954年3月19日,土门乡(今双石乡)农民杨正学途经三溪口因抽烟引起森林火灾,烧毁山林2000余亩,被判处有期徒刑7年。1976年以后。因木材供需矛盾突出,案件增多。1979一1990年,县林业局、政法和纪检部门共查处森林违法案件400余件"
xianzhi,A,斗争,p-0496,"法规宣传工作,坚持依法治林。1951年结合清匪反霸",",对破坏渊林的犯罪分子,依法治罪。1954年3月19日,土门乡(今双石乡)农民杨正学途经三溪口因抽烟引起森林火灾,烧毁山林2000余亩,被判处有期徒刑7年。1976年以后。因木材供需矛盾突出,案件增多。1979一1990年,县林业局、政法和纪检部门共查处森林违法案件400余件,根"
xianzhi,A,破坏,p-0496,"工作,坚持依法治林。1951年结合清匪反霸斗争,对","渊林的犯罪分子,依法治罪。1954年3月19日,土门乡(今双石乡)农民杨正学途经三溪口因抽烟引起森林火灾,烧毁山林2000余亩,被判处有期徒刑7年。1976年以后。因木材供需矛盾突出,案件增多。1979一1990年,县林业局、政法和纪检部门共查处森林违法案件400余件,根据情节轻"
xianzhi,A,徒刑,p-0496,"抽烟引起森林火灾,烧毁山林2000余亩,被判处有期","7年。1976年以后。因木材供需矛盾突出,案件增多。1979一1990年,县林业局、政法和纪检部门共查处森林违法案件400余件,根据情节轻重和认罪态度,分别给孙了党纪、政纪和法纪处理;还对违犯森林法规的国家机关单位给予通报批评、罡款或没收木材等处跃。′第四节预防森林火灾解放前,农"
xianzhi,A,处理,p-0496,"根据情节轻重和认罪态度,分别给孙了党纪、政纪和法纪",";还对违犯森林法规的国家机关单位给予通报批评、罡款或没收木材等处跃。′第四节预防森林火灾解放前,农民每年冬烧山开荒、烧柴灰积肥、上山劳动煮饭、烤火和逢年过节焚香烧纸以及夜间行路打火把,加上儿童放牧玩火等因素,山林火灾频繁。火灾发生后,多由乡邻、亲友帮助扑灭,肇事者由当地保甲人员公"
xianzhi,A,会议,p-0496,"山林火灾逐年下降。在1979年省政府召开的护林防火","上,苍溪被授二连续12年无森林火灾先进县称号;1986年又被授予连续17年无森林火灾先进县称号。此后还多次受到省政府、市政府表彰。1988年以来,县林业局购置防火车1辆,在重点林区设置无线电台6部、对话机5“只、防火衣(帽、手套)40套、防火桶60个、防火铲(把、刷)280件。第"
xianzhi,A,杀,p-0497,"格木,主要是金花虫危害。一般人工防治,如夜间点灯诱","蜀柏毒蛾,间伐患有松疡锈病的松树(或松枝)。1965年用“六六六“烟雾剂扑杀柏毛虫,1985年用敌马烟霁剂(或松脂合剂、乐果、敌敌畏)扑杀吹绵介壳虫、黄蜘蛛。1986年12月12日,省林业厅下达7万亩柏树林病虫综合防治工程任务.通过3年的化学、生物、人工、营林等综合防治搭施,效果"
xianzhi,A,土地改革,p-0501,"的大雪梨一船祝寿。解放后,县人民政府重视雪梨发展。","时,没收地主雪梨树分给农民;成片者收作国营农场或归集体。嘉陵江、东河苍溪段流域乡村,规定户根雪梨树3一5株;条"
xianzhi,A,地主,p-0501,"。解放后,县人民政府重视雪梨发展。土地改革时,没收","雪梨树分给农民;成片者收作国营农场或归集体。嘉陵江、东河苍溪段流域乡村,规定户根雪梨树3一5株;条"
xianzhi,A,会议,p-0502,"给苏联和朝鲜.1959年苍溪县在全国“兰考果树生产","“上介绍社、队办园艺场经验后,云南、贵州、甘肃、内裴等14省(自治区)的3000多人慕名来县参观园艺场,购买梨苗、接穗210万株(支)。苍溪中学贯彻教育与生产劳动相结合的方针,扩建龚家山雪梨园艺场。12月,西北农业大学教授孙云蔚著《果树栽培学各论}称:“苍溪雪梨果实极大,果心很小"
xianzhi,A,会议,p-0503,"。苍溪县志亩。6月省委书记李井泉在南充召开多种经营",",与会人员在省人大副主任杨万选率领下参观苍溪中学、运山公社、柏杨公社园艺场,会上苍溪县被评为省级先进集体。9月,新华社编“嘉腔十里行“组画,苍溪中学、东风园艺场雪梨丰收场面载入《人民面报》,法国周报作了报道。同年,中共苍溪县委送苍溪雪梨给苍溪老红军、国务院副秘书长罗肉长,罗转送给"
xianzhi,A,会上,p-0503,"万选率领下参观苍溪中学、运山公社、柏杨公社园艺场,","苍溪县被评为省级先进集体。9月,新华社编“嘉腔十里行“组画,苍溪中学、东风园艺场雪梨丰收场面载入《人民面报》,法国周报作了报道。同年,中共苍溪县委送苍溪雪梨给苍溪老红军、国务院副秘书长罗肉长,罗转送给主席毛泽东,说:“这是我家乡的特产,请主席尝尝。“主席品尝后说:“你们家乡还能产"
xianzhi,A,处理,p-0505,"年推广“根插“、“枝插“、砧木种子“冷贮“、“层积","“、“催芽育苗“、“温床育苗“、“折砧繁殖“,年出圆梨苗约400万株,苗木规格分甲、乙、丙三级,苗高分别为1米、70一90厘米、50一.70厚米;直径为0.8、0.7、0.6厥米;其价分别为0.2、0.16、0.13元。为提高种子发"
xianzhi,A,处理,p-0506,"《491。芽率和打破“休眠期“,1972年用赤霉素","砧木种子,配合“层积“措施,种子10天左右萍芽,早播,早出苗;梨苗出土后,实行“四早“(移苗、定苗、短失、嫁接)、“四勤“(中耕、植保、追肥、灌溉),年内育苗年内出圆。1984年运山乡宝明村专业户罗时光将梨实生苗剪切成20厘米长,冬插春接,一年育成嫁接苗,同年4月,县政府把雪梨^"
xianzhi,A,杀,p-0509,"连喷3次;草甘磷、百草枯、-敌草隆等亦是高效低毒,","伤力强的除草剂。0国′保“果|2民国以前,雪梨病虫靠自然界一物克一物的生物链平衡益宰,民国29年(1940)四川农业改进所房仲篡赴苍溪调查雪梨病虫害,发现农民采用竹钉钉人虫孔刺杀天牛,摘除虫果扑灭梨实蜂,摘叶扑杀梨蚜,喷除虫菊、石油乳剂,捕灭蜚象。1952一1955年,贯彻“预防"
xianzhi,A,杀,p-0510,"第十六篇.苍源雪梨.495草把诱",",采果后喷酮石硫合剂和敌百虫液.1983年采取“一治兼多治,一防兼多防“方法,农防、生防、性防、化防、人防并举。1986年,为解决家庭小梨园植保技术问题,县果树站科技人员编印苍溪雪梨根培技术资料《雪梨管理年历》12万份,发至果农,及时,解决庭院梨园的植保技术问题。同期,县供倩社支"
xianzhi,A,处理,p-0513,"县供销社预告采摘时间,在规定范围内造成损失的按合同","。季节差价:8月25日起,每级每公斤在收购价基础上加0.04元;9月1日起,每级每公斤加0.06元。1982年后,实行多渠道经营,谁购谁销、或产销挂钩。销往河北、甘肃、云南、贵州、陕西、湖北、广东等省及香港地区。第五节_效“益,经济效益梨产区农民有“十地不及一田,十田不及一园“;"
xianzhi,A,大会,p-0515,"艺场被评为省先进单位,场长张文直出席共青团中央表彰","。1990年商级农艺师吴伯乐科研实缆被编入《四川省口级专家名录》一书,农民高级农技师卢履清种梨事迹被编入《四川省科技致富一百例}。第三节_技术革新苍溪雪梨在县境种植有1100多年历史,梨树的育苗、嫁接、定植、整形、修剪、授粉、施肥、植保、疏果、套袋等技术不断革新。民国时期,漓江乡"
xianzhi,A,处理,p-0515,"盎接枝“,利于梨花授粉。解放后,果农对梨种推广层积","技术,出苗率90%以上;梨砧扦插、“针枝腹接“、“插接“、接砧穗条用薄膜包扎,其成活率均达95%以上,突破梨树“周年嫁接“记录。从1978年起,推广新法修剪,培养树体30%的枝营养生长、30%结果、10%孕花,形成生长、结果、孕花三套枝转换更新技术。1980年,雪梨种植推广“五改"
xianzhi,A,会上,p-0516,"国园艺学会果树专业委员会召开的“果树育种“学术研讨",",许多专家对“苍溪梨杂交育种“的成果孙以肯定;省级鉴评苍梨15一31、苍梨8一28、苍梨8一15、苍梨8一16四个优系,果实大小适当,外形美观,色泽黄绿,肉质风显浓,对四川梨的发展有新的突破。1989年,苍溪雪梨果大、质优,被评为国优水果,并颁发证书和金杯。为落实周恺来总理关于“"
xianzhi,X,543,p-0516,"远山乡075|406.7814.07.607|0.","|8.150|0-096184.9:1石浓、氯\植心小、老君村上分析单位:四川省江津团艺试验站"
xianzhi,A,村民,p-0529,"设全村照明主杆线、购置2000多元的彩色电视机,为","办起了文化室,元坝镇利用乡镇企业上缴利涧款,解央全镇村民农业税、集资办学、民兵训练、广播线路和千部误工补贴等费用。陵江镇光明村二组利用组办企业上交利涧款解决老年农民每人每月15元退休生活补贴费。乡镇企业还造就了一批善经营,会管理,懈技术的专业人才,为乡镇企业更大发展奠定了良好基础"
xianzhi,X,训练,p-0529,"企业上缴利涧款,解央全镇村民农业税、集资办学、民兵","、广播线路和千部误工补贴等费用。陵江镇光明村二组利用组办企业上交利涧款解决老年农民每人每月15元退休生活补贴费。乡镇企业还造就了一批善经营,会管理,懈技术的专业人才,为乡镇企业更大发展奠定了良好基础,."
xianzhi,X,543,p-0530,"aLe,企业个数15462171152910679","76487508910其中村及村以下130718561133709558842484328599丛业人数15830|17462|1126061635568175692501727680其中村及村以下1396111226638427811981129441947822127总产值4"
xianzhi,X,训练,p-0535,"培养和学校分配。通过派出去学,请师傅进来教、办技术","班等形式,提高企业管理和技术水平。至1985年全^县工业企业拥有各类专业技术人员463人,占当年工业企业职工总数的9.6%%。至1990年,各类专业技术人员上升为811人,占当年职工总数的16.29%,其中会计师14人、经济师18人、技术员246人、会(统)计员104人、技师(士"
xianzhi,X,543,p-0538,"机具,从业60余人,翎年6月减为29人,资本额达4",".1元,织宽布288匹,窄布720匹,袜400打、毯子600床、土染布4800匹,年底,因产品质量低劣,销路窄,资金缺乏停业。1955年后,外来机制布畅销市场,手工织布渐被淘汰.唯县城制线厂生产的棉线走俏。1971年制线厂划归街道工业,更名城关棉纺织厂,从业8人,垫底资金800元"
xianzhi,A,杀,p-0541,"产值677万元。肉类加工解放前,苍溪民间素有逢岁末","猪腌制腊肉之习,亦有屠工购毛猪加工猪肉出售。"
xianzhi,A,会上,p-0543,"品种增多。东溪、元坝区供销社食品厂,在县城物资展悬","展出300多个品种。城郊区供销食品厂生产的面包、梨乡醋;五龙区供销社食品厂生产的金果、麻元、寸金糖;东溪供销社食品厂生产的纯白玉、桃片、冰糖;元坝区供销社食品厂生产的姜片糖、桔饼,被南充地区供销社评为优秀产品。1985年,县供销合作社系统生产糖果160吨、糕点384吨、兽醋481"
xianzhi,A,杀,p-0543,"产2000吨罐头空罐线及配套设备,设实罐车间2个及","菌、保温、贮藏、检验等′配套设施。翌年,职工精减到204人,生产罐头404.38吨,产值124.84万元,税金4.57万元,利涌2.85万元,全员劳动生产率6119元/人。1985年7月,四川省商检局检验该"
xianzhi,A,公安,p-0550,"仅一江之隔,为县城国家财产和职工居民生命安全计,县","局限令停产,苍溪所需炸药全部从外地购进。胶、塑制品1974年10月城郊公社在民主大队兴建翻胎厂、翌年建成投产。至1985年固定资产70万元,从业15人,加工轮胎,翻新补旧,产值14万元,利涓6.9万元,获广元市农业银行“一级信用企业“称号。1982年,城关五金厂改为县皮革塑料制品"
xianzhi,A,村民,p-0554,"校、居民和陵江镇的三清、麻岭、龙潭、光明等村的部分","供水。此间,县水电局还在全县各区所在地建立8个自来水站。各乡也都自建自来水站。1990年,仅县城自来水厂年产水251万吨,产值56万元。"
xianzhi,A,杀,p-0556,"9苍溪县罐头食品厂豆气二斤|林史匹史口88TE卧式","菌锡号9【真空泵台10立式杀菌锅台4〖罐盘打字机台10"
xianzhi,A,处理,p-0557,"台|2一切纸机台|1多级水砚台|4‖车床台|1坊水","系统奚|1‖捷臂钻床台|1氧压束机台|a【g床台|1全自动快速封口机台|a‖动轮机台|半自动封口机台‖18【电焕机台|蘑菇分级机台‖4。【夹层锭个|25薄菇切片机台|1【乙炔发生器台|预煮标个|1苍溪县装潢印刷厂史节孕f个司一858E对开单色胶印机台|2‖对开切纸机台|2对开双色"
xianzhi,X,543,p-0558,"第十人箭.工业.",".单面腐蛟机台|1‖全开磨刀机台|1铜铧版修版机台|1‖四开一回转平台印刷机台|1铜锌版铡切机台|1‖立式停回转凸版印刷机台|-手动照排机台|1『自动四开平台印刷机司|1对开胶印磨版机台|1【纸面上光机台|1全开胶印磨版机台“1【电化铧切割机台|1自动圆盘机台|7【四开平压机台|"
xianzhi,A,大会,p-0559,",各车间班、组按计划生产;集体所有制企业由工人代表","民主选举代表组成理事会和监事会,再从中推选主任、副主任管理企业,理、监事会成为企业的最高权力机构;私营企业政府采取保护政策,让其自主经营,同时进行民主改革,取消封建把头,建立工会组织,保护工人【合法权益;公私合营后实行厂长负责制,组成有厂长、副厂长和党、团组织、工会负责人组成企业"
xianzhi,A,大会,p-0570,"区长傅国治、文昌区筑路民工向光伦出席四川省劳动模范","。1971年实行“民办公助“政策,挑“起新的公路建修热潮。1972年,县交通局组织三个勘测设计施工班子,由罗志言、王有宏、邓常川带队,分赴全县9区、59个公社勘测设计公路41条,123公里。这年夏秋之交,东青区、社、队自筹钱、粮,每天出动约1.5万民工,国家先后补助材料款21.4"
xianzhi,A,村民,p-0571,"万元,。1984年文昌区彭店等公社自筹资金3万元,","向伦修、严正容、侯家勇、鲁开东捐资共2000元、国家补助10万元,于1985年建成45米的子华桥、霆盎桥。彭店公社还自建通巴中青泉的公路12公里。1988一1990年改造县城进出口公路,浇筑混凝土路面9.30公里,投资144万元。还有县、区、乡(镇》、街道、厂矿公路、公路设施等其"
xianzhi,A,斗争,p-0578,"社,独立核算,自负盈亏。“文化大革命“初期,因派性","干扰,停产“闹革命“,水运萧条,企业连年亏损。1969年5月,苍溟开始发展内河航运机械化。全县4个木船社集资85.38万元,成立苍溪县轮船站,次年160马力的钢质拖轮制造成功,至1971年,造拖轮3只投入运输。这年有木船1125只,11.715吨位,驳船9舵,960吨,年货运量2"
xianzhi,A,处理,p-0578,"3个航运站的老、弱、病、残和剩余人员作出一次性退职",",未退的300多人重新组合,实行经营承包。1988年县属4个航运企业,有职工667人,拉轮18舫,货驳船179只,年货运量8.18万吨,货运周转量2423.07吨公里。至1990年,其"
xianzhi,A,土改,p-0579,"有60多处渡口,原义渡财产由县统一管理,不足部分在","中提留的公田租内调剂、行人过渡收费标准,执行县人民政府统一规定。1954年全县有渡船58只,1956年5月,县政府决定对县内渡口分级管理:属跨区乡若运由所在区管理的有城郊赵家、陵江、谢家渡、元坝中渡口、下渡口、回龙场、歧坪场、东滓场、桥溪场、涧溪口、李家嘴渡口;属公田租设置,由区"
xianzhi,A,村民,p-0579,"修和新造渡船24只,其间的1986年,乡、村集体及","自筹,恢复唤马乡金刚溪渡口;1987年新设滴江乡青滩渡口;1988年新设王渡乡上渡口、桥滓乡文家阁渡口;1990年新设元坝乡夹溪浩、王渡乡卫潍渡口。"
xianzhi,A,村民,p-0580,"县人民政府组建阀苍公路苍漫段群众养护队,在公路沿线","中确定养路员,每公里1人,按月发给养路费5一10元,从1952年4月起,民工修路的特种工具由养路段筹配,1951年12月25日成立县岁修公路委员会。此后,民工建勤岁修公路制度,一直延续到1985年。1958年3月,苍(滓)龙(山)、苍(溪)广(元)公路通车后,县人委决定在城郊、五"
xianzhi,A,村民,p-0581,"养路补助费中,再定额补助到乡(镇),由乡(镇》组织","投劳养护。1986一1990年完成民工建勤工日约397.65万个,占计划建勤数300.81万个工日的132.19%,四川省交通厅,广元市人民政府连续4年授了苍溪县民工建勤先进县。1986年2月,苍溪养路段随行政区划改变易名为四川省广元市公路养护总段苍溪分段、全员213人,养护国道"
xianzhi,A,公安,p-0582,"三节安全管理1950一1954年,交通安全工作由县","和航管部门共同管理。1959年县人委转发中央、省、地有关公路交通法规,组织干部、职工和公路沿线群众学习,各交通企、事业单位制订《交通安全公约》。县、区交通运输管理站,专管搬运、码头装卸、农副业船的安全操作。1960年后,县属交通行政、事业、企业单位贯彻四川省交通厅内河局颁发的《木"
xianzhi,A,死亡,p-0582,"检查和监督。两年中,拖拉机运输发生翻车事故62起,","59人,伤35人,损坏拖拉机15台。1981年8月23日晚10时许,县轮船公司船长驾船急救被嘉陵江洪水围困在城南杜里坝的27名社员脱险上岸,被评为四川省抗洪救灾模范,受到四川省人民政府嘉奖。这年,县交通局、公安局、航管站印发《安全渡运须知》,加强渡运管理。1982年县交通部门贯彻"
xianzhi,A,处理,p-0582,"四川省人民政府颁发的《公路交通违章处罚条例》,严肃","交通违章者。1984年,在五龙场设义务交通员2人,维护交通秧序,1985年,成立县城镇交通管理中队,负责维持县城交通安全。1987年7月城镇交通中队移交县公安局交通警察队管理,这年水上交通事故发生次数、死亡人数、受伤人数,目接经济损失全面下降,被四川省人民政府评为“1987年度内"
xianzhi,A,土匪,p-0590,"1条。1949年苍溪至外地长话线路被国民政府溃军和","破坏,1950年修复续用。1951年县电话管理所协同剑阀专署电信局架设广元至川北行署(南充〉专线(苍滓段68杆程公里)。1952年底共有长话线路6条,多系木质电杆1.6厚米单铁线。其中苍溪至广元、南充为2.6厘米铁质线。1953年撒销广元专区,停用苍溪至剑(闽)、昭(化)、广(元"
xianzhi,A,破坏,p-0590,"。1949年苍溪至外地长话线路被国民政府溃军和土匪",",1950年修复续用。1951年县电话管理所协同剑阀专署电信局架设广元至川北行署(南充〉专线(苍滓段68杆程公里)。1952年底共有长话线路6条,多系木质电杆1.6厚米单铁线。其中苍溪至广元、南充为2.6厘米铁质线。1953年撒销广元专区,停用苍溪至剑(闽)、昭(化)、广(元)、"
xianzhi,A,会议,p-0593,",总容量240门,实占240门,用户单机340部,","电话机9部。1961年区、社农话交换机发展至49部,各区和大部分公社鄂有交换机、总容量995门,实占9741门;电话单机655部,、805%以上的生产大队有电话单机;全县有会议电话机38部。1962年大幅度调整农话网路,逐步稳定下来,至1963年有农话交换机10部,容量410门,"
xianzhi,A,会议,p-0594,"“电*579,门,实占556门、电话单机538部,","电话终端机18部。电报设备1952年以前,县电话管理所使用长途电话线路明码收发电报。1954年始置王氏振荡器人工电报机!部。1964年更换为电子管振荡器人工发报机。1968年12月1日,装置55A型收发讯机1部。1976年6月,增设美制15型有线电传打字机两部,同时安装单路插报机"
xianzhi,A,会议,p-0595,"要作用。1990年,农话业务有计次电话、包月电话、","电话、租杆挂线、代办工程、租用线路、兼办电报、长途电话等项。各区支局、乡邮电所(代、委办所),均开办农村电话,兼办电报、长途电话等业务。电报业务'1950年以前,县乡村电话答理所只承办官办S类话传电报业务,不计费,不对外营业。1952年试办电报业务,1953年7月正式苑业,经办防"
xianzhi,A,处理,p-0597,",2一4次罚洋(银币)1一2角,发生5次者给予开除","。民国23年,凡通信中发生差错者,概罚“记过分“,每次罚1一20分不等,半年为期,累计超过10分者,停止升级、超50分者降级,超60分者革除公职。民国34年,改为罚扣所得,轻者罚扣1一9日薪金、补贴的平均所得,重者罚扣全月所得,直至革职。从1953年起,制定并不断修订完善质量管理"
xianzhi,A,破坏,p-0597,"制度,开展标准化、规范化竞赛活动,有奖有惩。对严重","邮电通信和违法乱纪者,给予行政和法律制裁、对工作中出现的质量问题,召开质量分析会,找准原因,开展批评与自我批评。1973年县邮电局设专职质检员,班组和支局设兼职质检员抓通信质量,出口函件、包裹、汇粥、电报均集中县邮电局检查,符合质量标准才准通行。始终把质量好坏作为考核班组、支局及"
xianzhi,X,训练,p-0597,"组和8个支局成立QC小组、年年举办全面质量管理知识","班,受教育面达98%以上。1981年18个QC小组中,先后有34个组(次)分别参加地、市邮电局和省邮电管理局质量管理成果发布会,分别获得省、地(市)邮电部门先进或优秀QC小组称号。1990年用户满意率达94.265%,乡邹准班率99.03%,电报回单返回率96.8%,城市投递准班"
xianzhi,A,会议,p-0598,"恢复缮制传票记帐法。南充专区邮电局逐季召.乡计会审",",统一会计核算口径。1963年后,农村电话由省统一经营,分级管理,财务合帐报省郎电管理局。60年代前期有会计2人、出纳1人,“文化大革命“中会计裁减到1人。1966年实行“以收养文、差额上缴“政策。1980年将统一核算改为按专业核算,会计增至2人。1982年又改为“收支挂钩,差额"
xianzhi,A,处理,p-0601,"化大革命“中县城将9个公私合营门市部、18人作退职",",下放农村劳动。1969年,这18人中除已故的3人外,其余15人收回重新安排在街道企业中劳动。1972年,县、区将公私合营归口并入国营企业和供销社、商业领域的国家资本主义成份从此消失。集体商业苍滦县组织小商小贩走合作化道路是在1953年实行三大合作运动开始的。1956年城乡对私改"
xianzhi,A,处理,p-0605,"0公厂或在厉校100公斤以上的,超过部分转超购作价","“的指示,年调减132个生产队的征购基数.共调准21.5万公厂。1980年省政府决定调减革命老根据地及盈周山区县粮食征购任务,调减征购基数350万公斤。1981年农村推行以户营为主的联产承包责任制后,粮食产量大增,1982年总产量达到2.95亿公斤,人均口粮4106.17公斤,分"
xianzhi,A,公安,p-0607,"增加到13.5公斤,区级职工11公斤。此后,粮食、","、苔动部门密切配合,控制供应人口随意增长。1974年一1985年对厂矿单位实行口粮包“,全县年均包干单位36个,1647人,节约粮食1.91万公斤。1986年后,逐步扩大市场调节,1988年11月1日起,对职工、居民实行凭证、凭票、定量供应口粮。工商行业用粮1955年,行业用粮,"
xianzhi,A,不满,p-0610,"最低69.682元.丝.业公司《售茧证》改为售白茧","5公斤、黄茧不满10公斤也可订秋蛎种1张,以招徕蛎农售茧。36年每公斤茧1.2一1.3万元,不及养蚕成本一半。1950年春,县人民政府布告茧价5等9级,不准随意拙价压价。蚕农售茧领取现金50%,现粮505%,也可100%f抵交公粮。这年秋,茧庄设样茧台,陈列各级样茧,标明等级、价"
xianzhi,X,调县,p-0612,"6一1990年年均收购350万公斤左右,90%以上","麻纺厂。蜡虫白蜡'1965年五龙区供销社始收购白蜡2公斤,次年收购100公斤。其后,县供销社从云南等地调回蜡虫种,在部分区、乡发展白蜡和蜡虫生产,并配备白蜡专职干部,层层培训蜡虫生产、挂放、加工和育虫技术。1970一1974年,年均收购白蜡1200公斤。1975年,^育虫社、队除"
xianzhi,A,处理,p-0616,"改制或报废,对生产队无法使用、闲置的新式农具作清退","。1972年开展胶粘补业务、全县设粘补门市部45个,为生产队和农户粘补旧犁辕、枷担、锄把、扁担等1.66万件,购销打谷机3245部。1977年组织小手工业者和铁木业社建立农具修"
xianzhi,A,处理,p-0621,"占商业零售总额的15.91%;国家扶持农村贫困户,","棺花、棉布及其制成品积压,有计划地安排赊销椋布442万米、棺花884吨,金额1326万元。1986年销售1930.4万元,占商业零售总额的16.23%。1990年布匹、针织、百货、文化用品销售额1576.3万元,占商业零售总额的8.22%。五金交电“化工解放初,五金交电化工产品由"
xianzhi,A,破坏,p-0625,"煤从旺苍、广元调入。后因森林在“大既进“中遮到严重",",机关、学校、工厂食堂和农户也全煤或半煤半柴作燃料,煤炭销售量激增,1964年起对农村社员实行煤炭凭证优待供应,价格比牌价低20一255%,年销售15451吨。“文化大革命“中,煤产量下降,货源紧张,对用煤单位和用户限量供应。1968年供应煤25255吨。1972年购进煤炭182"
xianzhi,A,死亡,p-0626,"982年秋雨多,稻草霉烂,饲料缺乏,加之病疫,耕牛","率高,1983年收购1.04万张,是历史上收购最多的一年。1985年牛皮改为三类商品,价格放开,外地厂商、个体户等多渠道经营,全年购销2441张。1990年购销量为7258张。38年来共收调牛皮13.06万张,-主要调往南充、成都市畜产品进出口公司统一安排。山羊板皮“等级内山羊皮"
xianzhi,A,会议,p-0631,"沙发等设备。国营、集体招待所和旅馆还附设有小卖部、","室、食堂、浴室、舞厅、汽车修理和设有停车场地等服务项目。理发“照相“修理s解放前、全县从事理发业的有119家,理发师都带有学徒。他们多是挑担背箱,走街串户。理发工具、发型简单,一般为一把剃头刀、一张毛巾、一副掏耳用具、一件盐「帕,多前光头。县城有一溶姓照相师常住庆升旅行社流动照相"
xianzhi,X,审查,p-0634,"实现的“利涧“,按月缴库,年终结帐,报经县财政部门","后,多退少补,下一个年度调帐。1978年国营商业实行“企业基金“。根据缴库单位各项主要财务指标完成情况,按工资总额2一55%,由财政退捏。1979年1"
xianzhi,A,处理,p-0637,",残损霆变等商品总值253万元,采取加工改制,降阶","等办法,摇活资金182万元.1976年县百货公司建成光明火柴仓库240平方米。1977年县糖酒、蔬菜饮食服务公司办公营业大楼建成。1978年县石油支公司投"
xianzhi,A,死亡,p-0638,"“十无“(无盗窃、火灾、商品霁变、车祸、轻、重伤、","、爆炸、垮塌、其它灾害),“四无粮仓“粮食占库存数的100%。至1985年县商业局系统建成商业局办公楼、县酿造厂库房和厂房、九曲溪饭店大楼,重建百货大楼、商贸大楼、肉联厂车间和仓库、糖果厂车间和库房、五金库房、百货库房以及医药、烟草、物资、外贸仓库等,共51215平方米。1986"
xianzhi,A,公安,p-0638,"作社商业层层签订安全责任书,公司(部)、站、局向县","部门、安全办公室签订安全合同3132份。还与友邻单位、居民户签订安全联防合同书。1990年底全县国苑、供销商业部门有仓库263幢,面积11.25万平方米(正式仓库6.37万平方米),其中商业局系统98憨,面积51215平方米(正式仓库1.54万平方米);烟草公司2幡,面积1500"
xianzhi,A,豪绅,p-0639,"。1933年7月,苍漫县苏维埃政府成立后,采取征收","地主的部分余粮,收公田租和农民献粮,解决粮食问题。民国24年起,因三年重灾,田赋正额免征三年。民国26年,征保安经费、国难费、临时军费、县附加等银圆6.15万元。30年,田赋改征实物,征稻谷1.52万石,同时购谷1.52万石。37年征田赋粮2.04万石、积谷1.5万石,代征省、县"
xianzhi,A,地主,p-0639,"933年7月,苍漫县苏维埃政府成立后,采取征收豪绅","的部分余粮,收公田租和农民献粮,解决粮食问题。民国24年起,因三年重灾,田赋正额免征三年。民国26年,征保安经费、国难费、临时军费、县附加等银圆6.15万元。30年,田赋改征实物,征稻谷1.52万石,同时购谷1.52万石。37年征田赋粮2.04万石、积谷1.5万石,代征省、县公粮"
xianzhi,X,543,p-0639,"“税第一章财政收入园第一节农业税明嘉靖二十二年(1",")征税粮1813.52石、户税银28.72两,附征“上解运费“银1963两,征丁银1164两。万历九年(1581),“丁条粮“和加征“三饷“,均以货币计征,共银7158两。清代停征“三饷“。但战乱、天灾频仍,人口、耕地锐减。康熙十年(1671)征银59.54两。通过移民和垦殖后,"
xianzhi,A,土改,p-0640,"率6%,最高30%,人平常产不到75公斤,者免征。","查田评产,核定全县计税常产1.12亿公斤,县平均税率15.1%,合计证收稽谷(以下简称计征谷)1890万公斤,全年减免后应征谷1537.5万公斤。1953年累进税率调为24级,最低税率7史,最高30%,按应征谷征7%的附加税(以下简称附加)。1958年,改按农业社(生产队〉纳税,"
xianzhi,A,征粮,p-0642,"49元,粮食面粉税13.07万元。1968年先后停","食、面粑、食油产品税。1973年,简化税目税率,改为产品工商税,议价粮酒税率改为10%;国营收购外调肥猪,在采购外调时,开"
xianzhi,A,不满,p-0645,"将所得税率与附征率合并为5个综合计算率,县社年所得","3000元的,综合计算率30%4,5万元以上的为80%,区社最高为70%,1958年收入14.79万元。1959年,供销社、公私合营、手工业社转为地方国草的都改交利涧,停征所得税。1961年复征所得税。公社、大队办企业除直接为农业服务的外,也征所得税。1962年,供销社改按比例税"
xianzhi,A,杀,p-0648,".财税*633,税。1953年税率调为13%,以宰","重量从价依率计税,年征14.05万元。1958年税率调为85%,年征16.79万元。1965年,按降低税率4%计算,每头猪定额征税3元,羊每只0.2元,对农村集体和个人实行定期或定额减免.由于生猪发展,年税上升到40.64万元。1978年收入准为27.69万元。1985年猪定额税"
xianzhi,A,征粮,p-0648,"手工业品,征买方3一55%6的交易税。1952年停","食、猪、羊交易税,保留牛马交易税。1953年征税3.46万元。1958年限制自由市场,年征税1900元。1962年开放自由市场,上市家畜、家禽、农副土产、手工业品、旧钟表、自行车均征集市交易税,税率最低5%,最高15%。1965年征税3.84万元。1983年,上市成交农林牧副土产"
xianzhi,A,劳改,p-0651,"万元,折旧4.2万元、资产变价1.19万元。拨补省","和县级企业1962年以前亏损25.08万元.1965一1970年,监交粮食工业,物资、县酒厂3户收解利润18.18万元。拨补粮食亏损1758.89万元,补三溪药材场、县酒厂、物资亏损130万元。1971年监交粮食企业,1974年增加医药、食品公司,至1983年,收解粮食利涧106"
xianzhi,X,训练,p-0654,"、青年军安家费、乡公所培修费、壮丁费、子弹费、保甲","费、碉堡费、生活补助费等等,有的长期摊派,有的临时筹集,收入不一。从1986年起,对排污单位征收排污费,由环保部门征集,财政局统筹开支。年收入《万元。1990年收入6万元。1989年10月开征中小学危房改造附加费,按征收建筑税的应税投资额附征1%4,1990年收入4万元。基“金能"
xianzhi,A,土改,p-0655,"公房租解放后接收民国政府机关、银行、仓库和庙宇以及","提留的机动房屏、司法机关没收的房地产等,到1958年、计有场镇房屋5311间,除去“大跃进“期间变卖处理部1分,1964年还有4960间,年收租金1万元左右。1980年前后,在县城状元桥、八角井巷、红军中路新建宿舍120套,1985年增至159套,共1182平方米,还有农村公房7"
xianzhi,A,处理,p-0655,"年、计有场镇房屋5311间,除去“大跃进“期间变卖","部1分,1964年还有4960间,年收租金1万元左右。1980年前后,在县城状元桥、八角井巷、红军中路新建宿舍120套,1985年增至159套,共1182平方米,还有农村公房757_间,历年共收房租17万元。,公有林木及其它公共财产变价收入解放以来,零星公树、公有经济林木、公荒、"
xianzhi,A,公安,p-0655,"入23万元。.规贺解放后,民政、交通、工商、卫生、","、公用事业等部门的规费收入、悉数收缴财政。最少的为1975年,收入52元,最多的为1982年,收入1.08万元,1990年收入3000元。罚没收人从1950年起,历次政治运动和司泷、工商、税务、区乡政府依法没收的一切财物、罚金统缴财政。.1953一1967年收入10.55万元,1"
xianzhi,A,地主,p-0656,"、国萍企事业单位的贪污、受贿、走私、诈编钱物,没收","、反′革命、投机倒把分子以及“文化大革命“中打硬抢抄物资、无主财产等,除枪支弹药外都收缴财政。1961一1967年收入4.87万元,1970一1985年收入24.36万元,1986一1990年收入4.5万元。|杂项收人杂项收入有清理旧乡保人员挪用的公款、粮食;有解放后各企事业单位"
xianzhi,A,旧乡保,p-0656,"1990年收入4.5万元。|杂项收人杂项收入有清理","人员挪用的公款、粮食;有解放后各企事业单位发放的货粮贵款尾欠收回;有掂掘地下财物;有手工业、小商贩、合作组织利涌结余和清理有关部门小金库等收入。1953一1967年收入48.62万元,1971一1985年收入25.3万元,1986E一1990年收入10.9万元。′第八节“预算外收"
xianzhi,X,543,p-0666,".00217.4088.703.901.00198",".900.5054.10101.803.9014.105.20198880.107.70247.90186.6010.3039.104.00198958.3010.60330.80189.9018.4058.003.501990162.809.60564.30247.6019.3"
xianzhi,X,名册,p-0667,"图册“改为“大清赋役全书“,据以填制滚单(分户担粮","),交甲首催收,粮民自封投柜。光绪二十七年(1901),设经征分局,管田赋和税捐。田赋按征册、杂税实行估(计)征、摊派或定额抽收。"
xianzhi,A,管制,p-0668,"登记、申报、评议、征收、货运、检查、建帐、建票等征","度。对7户国营企业查帐征税,3482户个体(固定户,下同)实行自报评议,核实产品销售(数量)频、营业收入(益)额和利润额,从量依率征税;同时县政府内设财政科,收农业、契税和其它收入,农业税实行查田定产,建立农业税册籍,由区乡财粮核算到户,分夏秋两季入库。1956年合作化后,对国营"
xianzhi,A,管制,p-0669,"开展税收、财务、物价大检查,逐年查补偷税漆税,使征","度规范化。1984年,建立区乡财政所,整理农业税册籍,复改按户征税。1986年,把税务登记、申报、鉴定、检查、违章处理等纳入法制管理。税务局增设税务检察室、稽查队和行政复议委员会,强化法制管理。1988年改革征管模式,将过去“一人进厂,各税统管“旧模式改为“征收、管理、检查“三分"
xianzhi,A,处理,p-0669,"税。1986年,把税务登记、申报、鉴定、检查、违章","等纳入法制管理。税务局增设税务检察室、稽查队和行政复议委员会,强化法制管理。1988年改革征管模式,将过去“一人进厂,各税统管“旧模式改为“征收、管理、检查“三分离或“征管、检查“两分离新模式,双人上岗,征、查轮换,相互监督制约。1989年,县税务局制发各项管理工作规程和征收工作"
xianzhi,A,会议,p-0671,"县外至省城一宿4一8元报销,1超支自负、节约自得;","费,凡人代、党代、先代会和烈、军属会,县级每天7元,乡级5元。公杂费每人天3角;部门专业会议由单位开,标准6元。同时建立职工教育经费、房屋基建投资包干、固定资产、小汽车费财务管理制度。1989年,行政事业单位开展双增双节活动,对增收节支结余经费,准留本单位建立自己的发展基金,即以"
xianzhi,A,会上,p-0671,"财政收入1100余万元,在省市召开以文补文经验交流",",苍溪被评为先进单位。支农与发展资金管理支农专项拨款1959年,始挽支农专项款,由农业有关部门提供计划,县委审批,财政拨款,实行以拨代支,拨后监督检查效益。其后支援穷队的修水改土经费,由县委统一安排,直接戴帽下达到建设项目。1971年支援农业机械化资金,专项拨给购置机器机械的单位"
xianzhi,X,审查,p-0672,"资金分无偿与有偿两种使用,由用款单位申请,主管部门",",县政府批准,财政签约捞款。无偿款签经济合约,按约拨款,监.督效益;有偿款签借款合约,按约捞付,到望收回。县财政局设专业会计管理,建立追踪反馈效益台帐,提高使用效益。企业财务管理固定资产“从1952年起,对工业企业的建筑物与设备,单项价值20元并使用1年以上的,建立固定资产帐薄,"
xianzhi,A,会议,p-0680,"流通.苍溪县商会于38年?月召集同业公会理监事联席",",设定在新币制未公布前,县内买卖一律以银圆计价,铜、镧币为辅币进行流通,暂定镍币20元折合银币1圆,令各同业公会邀照执行,并向县参议会和文通告城乡居民。至1952年2月29日县人民政府发布《关于使用人民币,禁止银、铜圆、镍币流通布告》后,停止流通。银“巾银角为银圆辅币,亦称小洋、"
xianzhi,A,拒绝,p-0680,"。38年9月发行银圆券(1元折金圆券5亿元)。人民","使用。人民币1950年2月人民币始在苍滓境内流通,面额有100元、200元、500元、1000元、5000元、1万元、5万元7种。1955年3月1日开始发行新版人民币(简称新币,兑换收回上述旧版人民币(新币1元换旧版人民币1万元)。新版人民币面频为1元、2元、3元、5元、10元5"
xianzhi,A,土豪,p-0682,"最少5年,有长达10余年的。民国时期,积钱会又多为","、市侩所操纵,有中途停止者,使未得会的人本利全丢。民国20年后,逐斥消失。随着摇钱会的没落,兴起新型积钱会,名日“占占会“。仍由会首发起,备办酒席,邃请亲友商议凄钱积会,一般为10股,议定每股积钱多少,每年填会4一5次(时间多在农村出产之期的四、五、八、十月),两年期满,填完起完"
xianzhi,A,土改,p-0684,"万元、50万元。1989年,农行还开始发放中低产田","造货款,至1990年底发放200万元。"
xianzhi,X,543,p-0685,"4124198782356079789019605","104\19907542647110029.196410388121熹s′第三节工商贪欲.民国31年(1942),成立县银行后,开始发放工商货款,只有活期放欲一种。35年增设特种贷款,对象扩大到机关团体和学校,共放款17302万元(法币),余额为3878.3万元。36年,又开办质"
xianzhi,A,处理,p-0686,"融系统贯彻“调整、巩固、充实、提高“人字方针,银行","积压,收回挪用、挤占资金210万元,年末贷款余额比万年减少316万元,减少20%,货币开始回笼。“文化大革命“中,简化贷款种类,国若商业只办理商品流转放款种预购定金放款两种,并实行存贷合一.国若工业只办理生产周转放款一种,1975年4月至1977年,县支行先后3次组织全县信责人员"
xianzhi,A,民团,p-0691,"约代理处,双方签定为期两年契约。人寿保险分三种:国","体人寿险,每人限额6万元;乡镇公益人寿险,每人限额5万元;公务人员团体人寿险,每人路额4万元,两年后停止业务。1951年5月,中国人民银行川北分行在苍溪县支行设特约代理处,开办保险业务.苍溪试办木船货物运输保险。1952年增加财产保险和简易人身保险,下半年又在云峰、镇水、高坡、土"
xianzhi,A,死亡,p-0692,",赔付率为97.5%,其中学生平安保险和各种伤残、","结付保险金22.1万元,农村房屋保险赔款25.6万元。1988年随着保险种类增加,理赔项目相对增多。各类险种赔款173.3万元。理赔面最宽的仍为农房、耕牛保险及机动车辆和船舶险。1989年各类财产险赔款为201万元。1990年7月6日苍溪发生暴雨洪灾,全县21乡、2800多户农户"
xianzhi,A,公安,p-0696,"开始对土产、伐木、粮食、盐业、税务、邮电、县政府、","、学校等单位开立存款帐户,实行现金管理。1952年5月,县人民银行对全县应管的49个单位实行现金管理,随即有32个单位向银行编现金计划,除支付工资和零星费用外,使用现金额在30元以上的一律实行转帐,并根据单位使用现金多少、距银行远近,给单位核定现金库存限额24万元,在原有基础上减"
xianzhi,X,审查,p-0697,"劳动计划和工资总额逐月编制月度工资基金表,劳动部门","批准后,送开户银行监督支付。行政、事业单位由县人事部门和编委下达人员编制,单位照编制人数编制工资预算,报人事部门审查签章后,送开户银行监督支付。"
xianzhi,A,处理,p-0698,"矿、单位生产或回收的金银一律交售人民银行,不得自行",";科研和工业生产须用金银向人行申请,县人行在国家规定范图内计划分配。同时县人民银行配合公安、工商、物价部门管理金银市场秩序。第五节“金库管理解放以来,苍溪金库经历了建立、健全、发展三个阶段,及时、准确地办理预算收入的报解入库和预算支出的拨付,金库业务也由单一办理预算收入收纳、报解"
xianzhi,A,公安,p-0698,"县人行在国家规定范图内计划分配。同时县人民银行配合","、工商、物价部门管理金银市场秩序。第五节“金库管理解放以来,苍溪金库经历了建立、健全、发展三个阶段,及时、准确地办理预算收入的报解入库和预算支出的拨付,金库业务也由单一办理预算收入收纳、报解、留成和上划,发展到办理国家债券发行、兑付及有价单证管理等。"
xianzhi,A,地主,p-0709,"草房或临时搭起的窝棚。解放后,人民政府除没收官绅、","房屋分配给无房户外,并逐步提口城镇人民居住水平。1950一1985年,县财政投资、单位集资分别在解放路、红军路、状元桥街、人角井巷新建居民点4处,建筑面积3512平方米,使101户缺房户住进新居。由单一的国家投资建房向国家、集体投资建房,鼓励私人建房和出售商品房的多渠道转化后,县"
xianzhi,A,土地改革,p-0714,"9年人均房舍0.8间,其中草房占50%。1952年",",贫苦农民分得房屋,居住条件改善,人均房舍0.9间,草房占46.955%.一般为穿斗、土木结构平房。农村除土改时留下少量公房外,均属私人所有。1953一1956年农业合作化期间,生产队修建一批保管室、会议室、蚕房,部分生产队还有农副产品加工房,均为集体所有。1958年公社化后,普"
xianzhi,A,土改,p-0714,"占46.955%.一般为穿斗、土木结构平房。农村除","时留下少量公房外,均属私人所有。1953一1956年农业合作化期间,生产队修建一批保管室、会议室、蚕房,部分生产队还有农副产品加工房,均为集体所有。1958年公社化后,普遍新建、扩建集体粮食保管室,新建养猪场、园艺场和农副产品加工房。浙水、蠕龙、城郊、龙山公社,平调资金、物资和劳"
xianzhi,A,会议,p-0714,"一1956年农业合作化期间,生产队修建一批保管室、","室、蚕房,部分生产队还有农副产品加工房,均为集体所有。1958年公社化后,普遍新建、扩建集体粮食保管室,新建养猪场、园艺场和农副产品加工房。浙水、蠕龙、城郊、龙山公社,平调资金、物资和劳动,分别选择一个生产队,拆除一批单家独户房屋,集中建成砖木结构、街房式布局的示范新村。由于苍溪"
xianzhi,A,处理,p-0715,"农村沼气的同时,逐深把办沼气引入城镇粪便、污水厌氧",".1988年2月建成县卫生防疫站住宅楼沼气净化池,1990年4月建成县农机供应公司、粮油贸易公司沼气净化池,通过技术鉴定,全部达标,获1990年苍溪县科学技术进步三等奖。第三章城乡建设管理第一节城建管理拆迁补偿为顺利实施城镇建设总体规划,县政府于1983年制订拆迁补偿办法:城镇("
xianzhi,X,审查,p-0716,"、管线走向、建筑高度、消防设施、“三废“治理等进行",",符合城市规划要求的,发给《施工许可证}。在施工放线时,经城建部门查验,并在《施工许可证》有关栏内签字后,才能破土动工。同时,坚"
xianzhi,A,处理,p-0717,"时设施,退回占地。1988一1990年城市监察中队","在街道上乱堆、乱放、乱搭、乱建的问题2500多起。对威胁人民生命财产安全的危险建筑和有碍城市交通的建筑,城建部门均令其限期修复或拆除。建工管理1984年县建环局设立建工管理股,负责建筑工程管理。4月20日,县建环局、财政局、物价局、建设银行联合发出《关于加强建筑工程劳动定额和地方"
xianzhi,X,审查,p-0717,"银行、二轻局、科协等单位参加,组成集体建筑企业资格","小组,对全县33个集体建筑企业进行资质审查。经审定,县|建筑工程公司、联建公司(建筑安装公司》为三级施工企业;县三建公司(工业建筑公「司)、陵江镇住宅建筑公司和云峰、元坝、歧坪建筑队以及县市政工程施工维修队为四级施工企业;县华侨和文昌、东滦建筑队为五级施工企业,并经南充地区城乡建"
xianzhi,A,旧政权,p-0718,"县人民政府制定《公有房屋管理的若干规定》后,将接收","及土改中保留的房屋和机关单位、团体合并、裁撒、转移的房地产以及其它依法应归公的房地产(包括代管期满,收归公有的房地产)全部纳入公房管理范围。公有房地产的调拨、出卖、拆毁等,一律报县人民政府批准。1956年9月18日起,坚持作价付款后才划挽公房的原则处理公房。从1964年11月25"
xianzhi,A,土改,p-0718,"府制定《公有房屋管理的若干规定》后,将接收旧政权及","中保留的房屋和机关单位、团体合并、裁撒、转移的房地产以及其它依法应归公的房地产(包括代管期满,收归公有的房地产)全部纳入公房管理范围。公有房地产的调拨、出卖、拆毁等,一律报县人民政府批准。1956年9月18日起,坚持作价付款后才划挽公房的原则处理公房。从1964年11月25日起,"
xianzhi,A,处理,p-0718,"56年9月18日起,坚持作价付款后才划挽公房的原则","公房。从1964年11月25日起,按照县财政局制定的《机关家属宿舍公约》中的有关规定,凡使用公房人员(包括干部家属)损坏房屋、树木和公用设备、丢失家具,照价赔偿或修复;不准居住人员随意搬迁或转让,要求调整的报经县财政局批准。1972年5月,县财税局革命领导小组作出公房分配规定。公"
xianzhi,X,审查,p-0718,"修由住户负责,危房大修由出租单位编造计划,报县政府","批准,县财政部门拨欺,房管部门负责维修。7月25日起,县房管所根据县财税局革命领导小组制定的《县城公房管理办法》,对直管的公房、经租房、代管房实行统一管理。国营、集体企事业单位使用公房,经县财政部门核准后与房管所制定使用租约,按规定交纳房租费。基本建设单位占用公房地基时,负担公房"
xianzhi,A,处理,p-0719,"管理的农村公房(包括区、乡场镇相同性质的房屏),需","的报县政目府批准,变价款全部上交县财政局;需零星小修的(如检漪、疏沟、粉刹门窗、墙壁等)由使用单位或个人负责,大修和中修有困难的,由区公所报计划,按照“以房养房“原则在收取的房租中统筹安排解冲。1983年县政府统建住宅建成后,规定房租费每月每平方米一等0.09元,二等0.08元,"
xianzhi,A,拒绝,p-0720,"房屋卖后又申请,土地建房或申请租用公房的,公证机关","公证,契税机关拒绝办理契税手续。房地产普查1985年2月,县政府根据国务院发布的《城市私有房屋管理条例}和1983年四川省城乡建设环境保护厅关于《四川省城镇房屋产权产籍和产业管理办法》精神,以及南充,市试点经验,成立苍溪县房地产普查办公室,从1985年3月开始,到11月底结束,普"
xianzhi,A,处理,p-0721,"烟除尘设备5台,占17台运行饿炉的29.41%。年","废气能力为6670.72万标立方米,处理率为71%,年达标量4690.28万标立方米,年消减空气污“染物406.24吨,1987年开展城镇环境综合整治,配合煤建部门在第三产业和杖关单位食堂(店)》、居民户推广炉灶烧成型煤,县城黑烟部分得到控制。为了弄清苍滦县城大气环′境质量状况,"
xianzhi,A,处理,p-0722,"用产品产值5.31万元。另有一部分废渣回填或垫路,","率为44.78%。噪“声212国道、苍(溪)剑(阀)公路、苍(漫)新(观)公路分别穿过县境陵江镇、五龙场、东青场、龙王场。1984年县环保办在五龙场监测结果表明,白天噪声口达90分贝。县内最大噪声污染源是县麻纺厂织布车间、丝绸厂织绸车间,据县环境监测站1985年测试,其内部噪声值"
xianzhi,A,处理,p-0723,",县环保办实地监测.调查,通过与两家协商,作出具体",":加工厂采取噪声消减措施,使学生能安静学习。第二节监“测“征收排污费'1982年11月18日,县环保办、财政局、人民银行联合制订《征收排污费皙行办法}。1983年开始在县砂砖厂、肉联厂、人民医院、龙四井等7个单位试征排污费2.64万元,1986年进一步加强超标排污费的征收工作,收"
xianzhi,A,会议,p-0723,"年3月成立县环境保护办公室后,召开了第一次环保工作",",部署《环境保护法》的宣传工作。10月,县政府发出《关于加强环境保护工作的通知。在实施中做到新建、扩建、改建项目治理污染设施与主体工程同时设计、同时施工、同时投产。监督建设单位把环境投资纳入建设计划。对未执行“三同时“的单位则令其采取补救措施,县牛奶场建场时未解决环境污染问题,1"
xianzhi,A,土地改革,p-0728,"3年后,为搞好第一个五年计划,县经济计划委员会,以","时的数据为基础,汇总全县户数、人口.土地面积、耕牛.农具等数据,广泛收集资料并进行抽样调查,通过三年基础资料积累,制定计"
xianzhi,A,剿匪,p-0733,"、户口、禁政(禁烟)、保安、度政〔度量衡)、训练、","、粮食、气象、民政等项目,并形成定期统计报表制度。′解放后的国民经济恢复时期和“一五“时期,统计报表主要有综合、农业(农、林、水)、工业、基本建设、交通邮电、商业、财政金融、劳动工资、人民物质文化生活9个大部类。1950年,为了清查土地习惯亩面积,使当年公粮负担合理,同时为土地改"
xianzhi,A,土地改革,p-0733,"为了清查土地习惯亩面积,使当年公粮负担合理,同时为","提供较准确资料,县人民政府组织力量对全县土地进行查田评产活动,通过插签自报,逐块核实评定等级,然后张榜公布,群众审查,计算常年产量,最后分区汇总上报。1952-年对全县私营工商业进行普查,并建立统计报表制度。同年对农业、工业、商业、基建物资、劳动工资等国家报表,实行部门或单位定期"
xianzhi,X,训练,p-0733,"、交通、户口、禁政(禁烟)、保安、度政〔度量衡)、","、剿匪、粮食、气象、民政等项目,并形成定期统计报表制度。′解放后的国民经济恢复时期和“一五“时期,统计报表主要有综合、农业(农、林、水)、工业、基本建设、交通邮电、商业、财政金融、劳动工资、人民物质文化生活9个大部类。1950年,为了清查土地习惯亩面积,使当年公粮负担合理,同时为"
xianzhi,X,审查,p-0733,"通过插签自报,逐块核实评定等级,然后张榜公布,群众",",计算常年产量,最后分区汇总上报。1952-年对全县私营工商业进行普查,并建立统计报表制度。同年对农业、工业、商业、基建物资、劳动工资等国家报表,实行部门或单位定期报表制度,并按照国民经济部门分类,经济类型分组统计。定期报表的报送时间,也由原来的季报、半年报、年报,改为日报、旬报"
xianzhi,A,村民,p-0734,"等内容。采用分层等距抽样的方法,抽出7个村的21个","小组,用同法抽选田块,进行实割实测,以推算总产量,取得好的效果,并受到省、地的赞许。为解决农村经济统计条块分割,数出多门,口径不一,基层又无专人负责的状况,1987年5月又在锋漫乡试点,建立乡镇统计站,以指导基层统计工作.除进行上述统计工作外,多年来还进行过社会购买力、市场情况、"
xianzhi,A,公安,p-0734,"进行全面清理,精简报表,规定县级及县以下人民政府除","和军事部门外,业务主管部门和各级人民团体不得操自颁发定期性报表,如需进行临时性调查也必须报统计部门审查和批准,而且要求统计的内容简明扼要,不与其他报表重复、抵触。1958年公社化以前的数年里,统计工作一般坚持实事求是的作风,虚报、瞒报现象少,“大跃进“时期,除由中央统计部门制定统"
xianzhi,A,民团,p-0734,"下人民政府除公安和军事部门外,业务主管部门和各级人","体不得操自颁发定期性报表,如需进行临时性调查也必须报统计部门审查和批准,而且要求统计的内容简明扼要,不与其他报表重复、抵触。1958年公社化以前的数年里,统计工作一般坚持实事求是的作风,虚报、瞒报现象少,“大跃进“时期,除由中央统计部门制定统一口径的报表外,县统计部门还有权制订统"
xianzhi,X,审查,p-0734,"颁发定期性报表,如需进行临时性调查也必须报统计部门","和批准,而且要求统计的内容简明扼要,不与其他报表重复、抵触。1958年公社化以前的数年里,统计工作一般坚持实事求是的作风,虚报、瞒报现象少,“大跃进“时期,除由中央统计部门制定统一口径的报表外,县统计部门还有权制订统计表和调查方案.从,此非统计部门也出现任意扩大统计项目、口径、尿"
xianzhi,A,处理,p-0735,"的统计员进行轮训,对工作中出现的技术性差错进行及时","。每年年报进行现场技术“练兵“。提高统计人员业务水平,减少人为的统计误差,实事求是地反映全县国民经济的发展情况,到1990年,统计监督已基本进入法制建设的轨道。^第二章物价管理|第一节“管理权限民国26年(1937)前,商品价格全由市场自发调节。“七七“事变后,军费开支剧“增,加"
xianzhi,A,会议,p-0735,"奇,通货膨胀,货币贬值,29年9月,县政府召开行政",",决定平抑市场物价,限定粮食价格,并饭令商会和各同业公会,根据不同时期、议定价格,"
xianzhi,X,审查,p-0735,"单位、价格、指标分类、统计台帐、数字质量等进行严格",",全面把关,对违章单位和个人通报批评。从此统计报表又开始向规范化方向发展。1966年“文化大革命“开始后,统计机构瘫痰,统计制度被打乱,统计监督无法进行。1969年县1革委成立后,统计工作归并到生产指拂组计划组,1973年划归县计委管理。1979年恢复县统计局后,特别是《中华人民"
xianzhi,X,学习班,p-0735,"法制建设,举办各企业经理、厂长和主管局长参加的法制",";在综合统计部门,大、中型企业及企事业主管部门配备统计检查员,颁发统计检查证,开,展统计法规执行情况大检查。1983年除对全县进行统计大检查外,7月份还组织人力对粮食、工业、农机、县供销社等单位所属的企事业单位进行统计数字质量检查,杜绝人为干预统计数字的不良现象。各有关单位都配备"
xianzhi,A,管制,p-0736,"挂牌交易。33年成立苍溪县物价评议委员会,实行物价",",办理商品订价、评价、稽.核等事宜。物价调整报县物价评议委员会核定公布执行。29年起,物价飞涨,一日多变,到民国37、38年市场价格失去控制。1950年,县人民政府按照“统一领导,分级管理“的原则和“稳定市场,稳定物价“的方针,成立县工商科管理物价。12月成立县财政经济委员会,负"
xianzhi,A,管制,p-0737,"米和小麦采取评价和限价的办法平抑物价。31年县政府","粮价,定黄谷每石购价150元,小麦7斗折黄谷一石,但随着通货澎涨的加剧,价格仍无法控制。解放后,商品在较长时期只有国营商业牌价和集市贸易两种,除“四清运动“、“文化大革命“外,其余时间仍为自由议价。国萍和集体企业物价的制定和调整则根据制价"
xianzhi,X,审查,p-0741,"%。1967一1975年因“文化大革命“干扰,物价","工作流于形式。1976年5月,对日用工业品、饮食服务、物资、医药卫生等部门检查,发现普邋存在乱提价、乱收费现象。仅农机部门县、区两级就有4个厂(站)、18个项目未执行省、地收费标准,一般提高66一70%,有的提高1.5倍以上,1977年5一9月,对县内4个公司、1个车队、9个区供"
xianzhi,A,处理,p-0743,"时取缔农兼商的小商小贩。至1954年,各级市管部门","投机、违章案619件,由于限制过死过严,致使贸易物资减少,市场萧条。1955年纠正偏严错误,开展农村集市贸易,允许行商小贩凭草业证进入市场交易,集市繁荣。城关镇上市产品40多种,比上年增加3倍。1957年开放自由市场,三类农副产品允许上市、贩运。这年上市小土产品2.7万斤,比19"
xianzhi,A,处理,p-0744,"化,全年共检查国营、集体、个体工商户11071户,","违法违章案件5795件,罚没款19.1万元,取缔无照经营户85户,全县有8个集贸市场被县委、县政府命名为“文明集贸市场“。|第二节“企业登记民国时期,县商会管理商务,承办牙纪、斗纪和商号的申请登记,经县政府转省府批准发给营业执照,其它工商业经县商会登记显业。1950年8月,县人民"
xianzhi,A,复查,p-0744,"剔除不应划为工商业的农村副业户.到1954年2月,","核对发证,全县工商业2965户。1955年5一7月,对全县私营商业迹行行业变更登记,对无证经营的商业户,经过审核重新发证或转其它行业。这年全县有私显商业户1045户,其中伙食业736户、服务业235户,从业人员2644人,资金29.05万元。1956年10月,“一化三改造“基本结"
xianzhi,A,公安,p-0744,"铸刻字、照相等特种行业,全面核实登记,由县工商局、","局填发特种营业执照,全县特种行业204户,经核实琼记发普业执照的118户,只登记不发照的77户,审核不符合政策规定不予登记发证的企业2个。1980年6一9月,普查工业、建筑企业,对其核算性质、人员、利涧核实登记.1981年11月一1982年7月,全."
xianzhi,A,公安,p-0745,"全国统一印制的企业、个体临时营业执照,特种行业由县","局换发特种行业许可证,饮食、服务、食品生产经营企业,先由卫生防疫部门发给《卫生许可证》后才能申请核发营业执照。全县登记发照6649户,其中全民314户,集体(含供销合作社)943户、其它集体621户、双代店4488户、个体4323户。1989年4月,对县内企业法人开展登记换照工作"
xianzhi,X,审查,p-0745,"营工商业户经营的商品种类、经营方式、资金等进行严格","登记,对粮、榴、油商根据市场情况子以限制,私显旅店、刊刻等经县公安局批准后才能营业。不准跨行跨业经营,不准坐商变行商,不准隐瞒或抽走资金。县工商联贷款委员会还帮助资金周转确有困难的私营工商业户贷款、发展经营业务。1952年个体工商业户恢复发展为5785户,比1949年增加39.6"
xianzhi,A,大会,p-0746,"731。协代表出席广元市年终召开的先进个体经济表彰","。1988年,县工商部门协同有关部门给3879户个体工商户解决资金100万元,为180户饮食业解决原料供应问题,处理12起侵犯个体户权益的纠纷。年底评选出“文明经商户“53户,先进个体劳动者59名,先进个协分会3个,先进小组12个,受到县政府的表彰。1990年全县共建立个体工商户"
xianzhi,A,处理,p-0746,"资金100万元,为180户饮食业解决原料供应问题,","12起侵犯个体户权益的纠纷。年底评选出“文明经商户“53户,先进个体劳动者59名,先进个协分会3个,先进小组12个,受到县政府的表彰。1990年全县共建立个体工商户档案6193卷,实行制度化,规范化管理。在查处违法,加强政策教育的同时,对一批遨纪守法的个体运销、种植、养殖、修理户"
xianzhi,A,处理,p-0748,",1989年对县内.使用酒类商标企业进行清理整顿,","使用双重商标,侵犯商标权案件,销毁假冒标识11.24万套。1990年工商企业获准国家工商行政管理局商标局核准注册商标46件。广告管理1982年开始广告管理宣传。1984年10月,南充地区核准苍溪县装璜印刷厂兼营印刷广告业务。1985年全县设广告张贴栏11个、22平方米,并启用音响"
xianzhi,A,征粮,p-0748,"。经过10余年的推行,全县使用官制权衡的仅限于田赋","机关。民间仍普遍使用各自习惯的旧度量衡器。量器为升,差别、大小各异,一般一斗为40一70市斤,但各场差异很大,城厢85市斤,东溟70一130市斤,度器为尺,裁衣尺比萍造尺长1.5寸,还有9寸尼、“九五“(9寸5分)尼、算盘尺、鲁班尺(石匠用铁弯尺)、五尺等随意制作,长短不一;容器"
xianzhi,X,审查,p-0748,"顿。同时,对户外广告加强管理,建立起经常性的检查、","、登记制度。第四章“标侠计量算理第一节_计“量计量制度“民国初期,苍溪仍沿清末度量制度,使用苑造尺、库平制,民国27年(1938)〉3月,县政府成立度量衡检定室后,推行公制和市制两种权度标准方案、公制长度以公尺、容量以公升、重量以公斤为标准单位;市制长度以市尼、容量以升、重量以市"
xianzhi,A,会上,p-0749,"全面贯彻实施《计量法》,统一执行法定计量单位。但社","公、市制同用现象仍较普遗,特别是农村对公制仍较陌生。标准躁设置质量计量1953一1985年,设置四等衡器砝码一套共3000KG,三等砝码(20KG、10KG)2盘,工业天平5级(TG一1000型)6级(TG605型)和(TG602型)各1台,1988年新添置二等砝码!mg、200"
xianzhi,A,征粮,p-0750,"尤以粮食系统的衡器为重。大、小春粮食入库前,分别对","用秤进行严格检定,要求木杆秤感应量缩减到1/400以下,公差为感应量的1/4,取用正差;台秤感应量为1/500以下,其它企业中的公平秤和县城内的竹、木尺、量提等,则随到随修随检。随着工农业生产的发展,标准器及设备逐步健全,检定项目扩大,分别于1963、1979、1981、1982"
xianzhi,A,拒绝,p-0750,"应检的955%,合格率达85%以上。对逾期不送检或","检定者、-或因超期失准造成损失者,根据情节分别给孙批评教育,限期送检或处以罚款。|制、修计量器具管理民国初期“度量衡器实行官制官卖“。民国27年(1938)推行新制,允许“民制民卖“,但必须由县政府检定室检定,加盖合格烙印(证)后方能出售。1952年县城建立森记度量衡苑造社,生产"
xianzhi,A,处理,p-0752,"%;开展质检4次,抽查商品42个,合格率67%%,","伪劣商品210件。1989年抽检产品328个,合格率为74%%;检查市场商品3056种,合格率51.65%,查封劣质商品770件。这年县标准计量局派员深入企业举办质量管理培训班5期,培训质量管理人员160人次。并直接参与企业产品质量分析鉴定。1990年抽检产品372个,合格率为7"
xianzhi,A,土地改革,p-0754,"取调查统计方法。1951年春至1952年春,为配合",",全面清理丈量土地,并逐田逐块造册登记,全县有土地53.47万亨,其中水田11.75万亨、早田早地41.72万亩。土改中将没收地主的土地和征收富农的土地分给贫雇农,确定权属后发给各户土地证.1958年公社化后,全县入社土地67.3万亩。从此土地完全由私人所有制变为集体所有制,其后"
xianzhi,A,土改,p-0754,",其中水田11.75万亨、早田早地41.72万亩。","中将没收地主的土地和征收富农的土地分给贫雇农,确定权属后发给各户土地证.1958年公社化后,全县入社土地67.3万亩。从此土地完全由私人所有制变为集体所有制,其后停止土地调查工作.直至1983年土壤普查,才又一次对全县土地利用现状进行全面调查。这年全县有耕地面积96.18万亩(比"
xianzhi,A,地主,p-0754,"1.75万亨、早田早地41.72万亩。土改中将没收","的土地和征收富农的土地分给贫雇农,确定权属后发给各户土地证.1958年公社化后,全县入社土地67.3万亩。从此土地完全由私人所有制变为集体所有制,其后停止土地调查工作.直至1983年土壤普查,才又一次对全县土地利用现状进行全面调查。这年全县有耕地面积96.18万亩(比同年县《统计"
xianzhi,A,富农,p-0754,"田早地41.72万亩。土改中将没收地主的土地和征收","的土地分给贫雇农,确定权属后发给各户土地证.1958年公社化后,全县入社土地67.3万亩。从此土地完全由私人所有制变为集体所有制,其后停止土地调查工作.直至1983年土壤普查,才又一次对全县土地利用现状进行全面调查。这年全县有耕地面积96.18万亩(比同年县《统计年鉴}统计数59"
xianzhi,A,土改,p-0755,"地),地变田476万亩,坡地改梯地5.08万亨,坡","梯田1.63万亩。到1985年底累计改造低产田29.55万亩,占总耕地面积的50.7%。1988年县农业区划办公室和有关部门研究确立了蚕桑、冬菜、养鱼、种粮、脆香甜柚、白蜡等6个开发项目,在回水、五里、镇水3乡利用5814亩河坝地栽桑95.05万株,并间种粮食;在镇水、回水两乡利"
xianzhi,A,村民,p-0755,"实行三级审批制度。1986年11月,城镇居民、农村","建房也实行计划管理,土地审批权收回县土地办公室,按规定程序办理审批手绰。并规定农房用地每年不得超出总耕地面积的万分之三,宜批必须实行计划。1987年国"
xianzhi,A,村民,p-0756,",就业问题,对征用人均不足0.4亩(包括0.4亨>","组的土地,按3年平均亩产值的20倍补偿,人均0.5亩的按19倍补偿,0.6亩的按18倍补偿付给土地补偿费和安置补助费,0.7亩的按15.4倍补偿,0.8亩的按13.8倍补偿,0.9亩的按11.8倍补偿,无收益土地不给补偿。至1990年,全县征地农转非招工1400多人。住宅建设占地"
xianzhi,X,审查,p-0756,"私人建房一律严格审批手续,本人申请,群众评议,大队",",公社讨论批准,发给“准修证“。私人筑墙取土和其它损失集体土地的,一律赔偿损失,修复耕地;拆房另迁建的,原宅基地交回生产队。1986年6月,城镇居民住宅用地一律.由本人申请,居民小组、居委会、乡(镇)人民政府审查同意,报县土地管理办公室审批。户口不在城镇的,不准在城镇建房。农民有"
xianzhi,A,处理,p-0757,"门定点、放线。第三节_监“察非农业生产建设占地清查","1956年11月,县人委针对县城26个单位用而不征,征而不用,多征少用,自行掉换、私自买卖、乱占耕地的问题进行清理,共清出空闲土地31.18亩,全部交回生产队复耕。其后10年很少出现乱占耕地现象。“文化大革命“中机构瘫痰,土地监察工作中断,无政府主义思潮泛滥,乱占耕地现象频繁出现"
xianzhi,A,村民,p-0757,"划区内国家干部、职工、城镇居民1983年以来,农村","1986年以来占地建房情况进行清查,查出653户中有违法占地行为的440户,占地1.38万平方米。在全面清理,核准事实的基础上,分别给予没收房屋、拆除违法建房收回土地、追缴耕地占用税、土地使用费、土地管理费、土地开发基金、罚款、收缴城建配套费等处理。区、乡场镇和农村共清理出违法占"
xianzhi,A,处理,p-0758,"纷纷向县土地管理办公室(国土局〉反映,要求依法调解","。土地管理办公室(县国土局)配合县、区、乡有关单位,实地查勘,依照“两法“进行调解.两河电站在工程扫尾和1969年码砌围墙时潘征和国占两河公社双河3队,8队部分田土、荒山,三州水文站1969年修建办公及住宅用房时征用原五星公社(今龙王乡)飞既大队1队(今田家村1组)的土地纠纷,都"
xianzhi,A,判刑,p-0759,"件,金额27.58万元,收缴财政3.4万元,1人被",",两名局级干部受到党纪处分。1985年,采用送达审计、专项审计、财务收支审计、各主管部门审计等方式,一面加强审计法制宣传,一面建立审计规章制度。其后儿年内先后对粮食局、城乡建设环境保护局及其设计室、文教局、公安局、金融系统等28个单位进行审计,查出违纪金额306.43万元,收缴财"
xianzhi,A,公安,p-0759,"后对粮食局、城乡建设环境保护局及其设计室、文教局、","局、金融系统等28个单位进行审计,查出违纪金额306.43万元,收缴财政26.1万元,喜亏14.77万元。1989年县审计事务所成立,对外承办审计查证和咨询服务。先后接受县计划委员会、县工商业联合会的委托,对县房管所苑建商品房的资金来源及华侨企业公司的建修支出进行审计。查出违纪金"
xianzhi,A,处理,p-0759,".4万元的1人、挪用公款4万元的2人,移送司法机关",",违纪严重的领导和会计分别给予了罚款处理。第二节“财政监察1952年县财政科设监察员,次年开展监察工作。通过专业检查,至1958年查出贪污39人次,金额3369元;受贿3人,金额244元;挪用3人,金额683元;损失浪费1749元,当事者中除接受批评教育者外,受刑事处分7人,开除"
xianzhi,A,徒刑,p-0759,"用1人,金额2.21万元。案件有关人员,被判处有期","20年!人,解除试用期1人、撒职2人。其后,年年都要进行1一2次检查,几年进行一次大检查。1984年,县政府成立财经大检查领导小组,县长任组长,下设办公室,抓常年性的财经大检查。其'中1985年查出违反财经纪律金额102万元、其中贪污4人、金额1040元。对有关主要当事人分别给予"
xianzhi,A,村民,p-0762,"元坝、文昌、龙山区所在地的4所公办幼儿园保留外,农","办幼儿园全部停办。1970年1月,城关幼儿园停办。翌年秋,城关镇居委会办街道幼儿园2所。1973年秋,两所街道幼儿园合并为城关镇民办幼儿园,园址设在晓古街原东风民办小学内,5个班,220人。中共十一届三中全会以后,恢复和发展幼儿教育事业。1979年将原县食品公司一憨危房经培修后作"
xianzhi,A,村民,p-0763,"人。1961年,清理超龄生,压,缩招生人数,停办农","办小学,部分公立小学转民办,小学教育大收缩。1962年,在校小学生压减到3.85万人,学龄儿童入学率33.3%,低于1956年的水平。1963年起贯彻《全日制小学暂行工作条例(草案)》,小学教育得到恢复和发展。到1965年,有公民"
xianzhi,X,训练,p-0767,"),县立高等小学堂内附设师范讲习所,为官、公立学堂","师资。民国12年(1923)和14年,曾两次于县教育局院内开办师范讲习所,先后招收师一班和师二班,学制二年。18年,苍溪县立初级中学开办后附设师三班,19年续招师四班,为国民学校培养师资。20年2月,于县城原考橱(今县人民检察院处)成立县立"
xianzhi,X,训练,p-0772,"第二十六篇*教“育“757。年撒党义科,加公民","科;改工作科为劳作科。25年根据国家修正小学课程标准,撒卫生科,从四年级起,算术科加珠算教学内容,31年小学公民训练科改为团体训练科,为实施训育和训练卫生习惯科目,改初小社会、自然科为常识科。37年执行国家小学课程第二次修订标准,初、高小除均设公民训练、音乐、体育、国语、算术、美"
xianzhi,A,斗争,p-0777,"繁地下乡下厂“学工,学农“,请工农兵上讲台,把阶级","当主课,放弃基础知识的传授和基本技能的训练,加之前期撂“停课闹革命“,教育质量普遍下降。1977年起,逐步恢复正常的教学秩序,恢复考试制度,把提商教育质量作为学校工作的中心环节,坚持“三为主“(以教材为主、课堂教学为主、学生为主)教学方法。1982年起全县教师学习赞可夫、布鲁纳等"
xianzhi,X,训练,p-0777,",把阶级斗争当主课,放弃基础知识的传授和基本技能的",",加之前期撂“停课闹革命“,教育质量普遍下降。1977年起,逐步恢复正常的教学秩序,恢复考试制度,把提商教育质量作为学校工作的中心环节,坚持“三为主“(以教材为主、课堂教学为主、学生为主)教学方法。1982年起全县教师学习赞可夫、布鲁纳等教育理论,围绕“发展智力,培养能力“的总题"
xianzhi,A,国民党,p-0779,"晚、仁、勇“教育为中心的各种活动。35年内战爆发,","右派加紧对学校师生的思想控制,学校由级任导师、训育主任、军训教官、童军教官管理训导事宜,加强对学生的生活管理及思想控制。国民党苍溪县党部随时派国民党、三青团骨干到县立初级中学考察学生言论行动,检查学生书籍信件。学校制订许多清规戒律,对学生实行法西斯管制。解放后,学校以“五爱“(爱"
xianzhi,A,三青团,p-0779,"生活管理及思想控制。国民党苍溪县党部随时派国民党、","骨干到县立初级中学考察学生言论行动,检查学生书籍信件。学校制订许多清规戒律,对学生实行法西斯管制。解放后,学校以“五爱“(爱祖国、爱人民、爱科学、爱劳动、爱护公共财物)教育为基本内容,结合政府各个时期的中心工作,对学生进行思想政治教育。1950一1951年,学校围绕土地改革、抗美"
xianzhi,A,管制,p-0779,"生书籍信件。学校制订许多清规戒律,对学生实行法西斯","。解放后,学校以“五爱“(爱祖国、爱人民、爱科学、爱劳动、爱护公共财物)教育为基本内容,结合政府各个时期的中心工作,对学生进行思想政治教育。1950一1951年,学校围绕土地改革、抗美援朝、镇压反革命三大运动对学生进行阶级斗争、爱国主义、国际主义教育,学习黄继光、邱少云、罗盛教等"
xianzhi,A,土地改革,p-0779,"生进行思想政治教育。1950一1951年,学校围绕","、抗美援朝、镇压反革命三大运动对学生进行阶级斗争、爱国主义、国际主义教育,学习黄继光、邱少云、罗盛教等战斗英雄的英雄事迹,开展增产节约,捐献飞机大炮等活动。1953年学校通过时事政策学习,政治课和各科教学,以及课外活动、团队工作等,对学生进行“一化三改造“(社会主义工业化,逐步对"
xianzhi,A,镇压反革命,p-0779,"1950一1951年,学校围绕土地改革、抗美援朝、","三大运动对学生进行阶级斗争、爱国主义、国际主义教育,学习黄继光、邱少云、罗盛教等战斗英雄的英雄事迹,开展增产节约,捐献飞机大炮等活动。1953年学校通过时事政策学习,政治课和各科教学,以及课外活动、团队工作等,对学生进行“一化三改造“(社会主义工业化,逐步对农业、手工业和资本′主"
xianzhi,A,斗争,p-0779,"地改革、抗美援朝、镇压反革命三大运动对学生进行阶级","、爱国主义、国际主义教育,学习黄继光、邱少云、罗盛教等战斗英雄的英雄事迹,开展增产节约,捐献飞机大炮等活动。1953年学校通过时事政策学习,政治课和各科教学,以及课外活动、团队工作等,对学生进行“一化三改造“(社会主义工业化,逐步对农业、手工业和资本′主义工商业实行社会主义改造)"
xianzhi,A,反霸,p-0781,"歌、打腰鼓、走高脚等,走向社会,宣传抗美援朝,清匠","和禁烟禁毒。1951年,成立苍溪县体育协进会,筹集基金30万元(旧人民币)作为县城学校开展体育活动经费,1953年起,中小学相继配备专职体育教师,开展体育教研活动。1954年国家体委、教育部等五单位联合发出推广“少年儿童广播体操“的通知,陆续公布的9套少年儿童广播体操和6套广播体"
xianzhi,A,处理,p-0782,"教学质量。1960年起,逐步恢复正常教学秩序,正确","教育与生产劳动相结合的关系。1966年“文化大革命“开始后,勤工俭学活动停止。1970年学校“复课闹革命“后,实行“开门办学“,“两办两挂“(学校办工厂、办农场,校社挂钩、校厂挂钩》,组织师生下乡下厂参加生产劳动,自办工厂、农场,建立学工学农基地。到1971年全县中学自办工厂8个"
xianzhi,X,审查,p-0784,"年,高、初中招生贯彻阶级路线,对考生进行严格的政治",",使一些剥削阶级家庭出身的子女,升学受到一定的限制。“文化大革命“中的1966一1969年高中停止招生。1970年以后,招生工作在各级革命委员会领导下进行,层层建立贫下中农、革命干部和革命师生代表参加的三结合招生领导机构,废除“统一考试和择优录取“的招生制度,改为“自愿报名,群众"
xianzhi,A,联保主任,p-0787,"两年后停办。27年县立城中小学|附设民众识字班,由","任训育主任,聘请国民学校教员任教,选择小学高级部优秀学生为导生,辅导学生认字。28年全县开办民众学校20所,对15一35岁失学男女实施民众补习教育。29年全县中心国民学校和保国民学校分设小学部和民教部,将原民众学校并入国民学校,分别由乡长、保长兼任校长,使国民义务教育与失学民众教"
xianzhi,A,乡长,p-0787,"设小学部和民教部,将原民众学校并入国民学校,分别由","、保长兼任校长,使国民义务教育与失学民众教育合流。这年,全县有民众教育班195班,学生5941人。到民国35年,内战爆发,民众教育名存实亡,仅县民众教育馆办有妇女识字班,但收效关微。1950年县人民政府积极开展农民识字教育,办起农民识字班388个,学员1.61万人。1951年3月"
xianzhi,A,保长,p-0787,"部和民教部,将原民众学校并入国民学校,分别由乡长、","兼任校长,使国民义务教育与失学民众教育合流。这年,全县有民众教育班195班,学生5941人。到民国35年,内战爆发,民众教育名存实亡,仅县民众教育馆办有妇女识字班,但收效关微。1950年县人民政府积极开展农民识字教育,办起农民识字班388个,学员1.61万人。1951年3月底,建"
xianzhi,A,斗争,p-0789,"把职工教育列入议事日程,但学习的主要内容仍“以阶级","为纲“,其次才是文化业务知识。全县有职工夜校112所,学员2644人;“七、二一“工人大学2所,学员91人;无产阶级专政理论自学小组357个,学员2687人。1981年4月,县职工教育办公室挂靠县文教局成人教育股,主要抓职工“双补“(补文化、技术)工作。对1968一1980年初中"
xianzhi,X,学习班,p-0789,"成工厂和县供销社等单位联合成立民成工厂职工业余文化",",学员38人,1952年在此基础上发展成为职工业余文化学校,有学员87人。1955年1月城关小学附设县城机关干部业余文化补习学校,高、初中各1个班,学员117人,每周学习6个晚上,开设语文、数学、历史、地理、自然课。1956年春,中共苍溪县委在苍溪中学校开办千部文化补习学校,分期"
xianzhi,A,法院,p-0790,"落实;同时成立四川省于部函授学院苍溪辅导站、县人民","业余大学教学班、口等教育自学考试办公室、四川电视大学苍溪工作站、县职工教育办公室电视大学班、人民检察院电视大学班,到_1990年,全县职工学校、培训中心和教学班发展到21所(个),教学基地总面积7074平方米;有94名专职、122名兼职教育管理干部和教师队伍;“七五“期间,职工教"
xianzhi,A,会上,p-0794,"来源,一是由师范院校分配来的大中专毕业生;二是从社","招收知识青年和民办教师、代课教师,经过考试和考核录用为教师。校长、教师管理民国时期实行督学制,县教育行政部门设督学2一3人,分区督导学校工作,考核校长教师勤惕。民国25年(1936)除县驻区督学外,每区设教育委员1人,乡镇设国民教育辅导员1人,加强学校管理,对县教育主管部门负责并"
xianzhi,A,斗争,p-0795,"种。1957一1978年由于“左“的影响,“以阶级","为纲“,只讲“红“不讲“专“,正确的奖惩办法难以推行。1979年起,县教育行政部门加强教职工纪律和道德行为检查;学校建立教职工岗位责任制,严格奖惩兑现。至1990年全县共评选出国家级劳动模范、先进教育工作者13人次、省级31人次、地(市)级75人次;对犯有错误的教职工,坚持“惩前"
xianzhi,A,惩办,p-0795,"“以阶级斗争为纲“,只讲“红“不讲“专“,正确的奖","法难以推行。1979年起,县教育行政部门加强教职工纪律和道德行为检查;学校建立教职工岗位责任制,严格奖惩兑现。至1990年全县共评选出国家级劳动模范、先进教育工作者13人次、省级31人次、地(市)级75人次;对犯有错误的教职工,坚持“惩前盗后、治病救人“的原则,耐心教育,帮助改正"
xianzhi,A,会议,p-0795,"举行座谈会.中心国民学校校长、教导主任定期召开辅导",",辅导保国民学校教师进修,提高业务水平。34年县和乡镇国民教育研究会相继成立,县教育研究会主编《苍滦教育通讯》,辅导教师进修,乡镇每学期召开三次教育研究会,研讨教学及训育等问题。解放后,师资培训工作由各级教师进修院校实施,坚持以在职进修为主,离职培训为辅的原则,采取以下几种形式,"
xianzhi,X,训练,p-0795,"人。这年暑假,苍滓、阅中两县合办保国民学校短期师资","班,苍溪选送52名参加培训;下期又选送24名教师前往剑阀师资训练班受训,从民国30年5月起的3年内,县教育行政部门利用寒暑假期举办各种类型的训练珠和讲习班,分期分批培训国民学校和私立小学教师。35年后,小学教师讲习改为“通讯讲习“,由县教育科购备教材,发给教师自行研读,定期分乡举"
xianzhi,A,村民,p-0797,"到80.4元,城镇民办教师按公办教师的规定套改,农","办教师基本工资除乡村集体负担部分外,国家补助部分增加到28.5元一30.5元,月平均工资提商到60元左右,最高80元。教职工除享受与其他行政事业单位干部相同的福利待逼外,还实行班主任津贴和教龄津贴。民办教师的教龄计算和教龄津贴的发放与公办教师相同。1987年,全县3471名公办中"
xianzhi,A,会上,p-0798,"中秋节,学生家长要给老师送“节礼“。有学问的人在社","受人尊重。同时教师经济待迹较高,社会地位不亚于公务人员。后来的物价飞涨,教师待逼菊薄,社会地位也随之下降,教书被看作知识分子的末路,被讥笑为“教书匠“,“娃娃王“,加之连年的“六腊战争“,造成不少教师失业。解放后,教师被誉为“人类灵魂工程师“、辛勤的“园丁“,政府从各方面提高教师"
xianzhi,A,平反,p-0798,"宫丁部分教师。1979年起,逐步落实知识分子政策,","冤假锦案;反右派斗争扩大化所错划的右派分子二以全部复查改正;对划为中右的逐一作复查清理,销毁材料;「对文化大革命中立案审查的通过复查,重新作结论;复查解放前地下党问题19件,1人恢复党籍,18人作出正确结论;对因“右派“问题受株连而失去公职的家属收回作退休处理。."
xianzhi,A,斗争,p-0798,"9年起,逐步落实知识分子政策,平反冤假锦案;反右派","扩大化所错划的右派分子二以全部复查改正;对划为中右的逐一作复查清理,销毁材料;「对文化大革命中立案审查的通过复查,重新作结论;复查解放前地下党问题19件,1人恢复党籍,18人作出正确结论;对因“右派“问题受株连而失去公职的家属收回作退休处理。."
xianzhi,A,复查,p-0798,"冤假锦案;反右派斗争扩大化所错划的右派分子二以全部","改正;对划为中右的逐一作复查清理,销毁材料;「对文化大革命中立案审查的通过复查,重新作结论;复查解放前地下党问题19件,1人恢复党籍,18人作出正确结论;对因“右派“问题受株连而失去公职的家属收回作退休处理。."
xianzhi,A,处理,p-0798,";对因“右派“问题受株连而失去公职的家属收回作退休","。."
xianzhi,X,审查,p-0798,"右的逐一作复查清理,销毁材料;「对文化大革命中立案","的通过复查,重新作结论;复查解放前地下党问题19件,1人恢复党籍,18人作出正确结论;对因“右派“问题受株连而失去公职的家属收回作退休处理。."
xianzhi,A,破坏,p-0802,"思潮泛滥,学校,特别是中学,校舍设备和教具遮到严重","。1979年起,学校基建经费年年增加,1980年为37.7万元。1981年道受特大洪灾,全县受灾严重的中小学387所,损失131万元。洪灾后,省、地、县财政和教育部门先后共安排救灾资金124.7万元,重建、改建校舍1.6万平方米,排除危房和危险设施,维修校舍1.75万平方米,添置"
xianzhi,A,保长,p-0804,"校校长管理乡〔镇)保国民学校。保国民学校设校长,由","兼任。解放后,小学由县文教科(局)主管,实行校长负责制。50年代初以完全小学或中心小学划分辅导学区。1958年人民公社化后,以公社为辆导学区,管理全社公、民办小学。“文化大革命“中,农村小学由贫下中农答理,公社建立教育革命委员会,设主任、副主任,管理全社学校教育工作。1978年以"
xianzhi,X,训练,p-0804,"管理;总务主任负责财经、后勤。学校童军教员专管童军","。中心国民学校校长管理乡〔镇)保国民学校。保国民学校设校长,由保长兼任。解放后,小学由县文教科(局)主管,实行校长负责制。50年代初以完全小学或中心小学划分辅导学区。1958年人民公社化后,以公社为辆导学区,管理全社公、民办小学。“文化大革命“中,农村小学由贫下中农答理,公社建立"
xianzhi,A,处理,p-0805,"学和中等师范学校由校长主持全面工作,副校长协助校长","日常校务,设教导、总务两处。教导处设主任、副主任及干事,组织教学、教研工作,主持教学行政事务,贯彻教学计划和教学大纲以及上级有关教育工作指示,提高教育质量。总务处设主任、副主任、会计、出纳、事务员、校医等若干人,管理师生生活、卫生保健和财务工作。学校每个教学班设班主任,按照蕊、智"
xianzhi,A,大会,p-0807,"年1月5日成立,1980年5月召开第一届第一次代表",",委员会由39人组成,张玉源任主席。1984年6月召开第二届第一次代表大会,委员会由58人组成,袁国兴任主席。1988年12月召开第三届第一次代表大会,委员会由59人组成,李树林任主席。县科协负责沟通县委、县政府与全县科技人员的联系,组织开展学术讨论,和区乡科协。,1981年六槐"
xianzhi,A,复查,p-0810,"704人、医药业529人、其它337人。1985年",",总数上升为7310人。1990年县科协对农村技术人才定点普查,各类技术人才33977人,占全县农业人口的4.81%,占农村劳动力的8.755%,这些人员场镇、城郊较多,边远山区较少,文化略高于一般农民,具有技术员以上技能的占农村人才总数的8%。柏杨乡保宁村八组卢履清,1955年"
xianzhi,A,错案,p-0811,"。1987年调整用非所学、用非所长32人。纠正冤假","在历次政治运动中,部分科技人员受迫害,造成冤、假、错案338件。中共十一届三中全会后,全部给予平反昭雪或纠错,恢复名响,恢复工作,补发工资。解决夫妻分居“1982一1990年,解决县内科技人员夫妻分居两地211对,解决中、高级科技人员家属农转非490人。1982年接受安排在县外工"
xianzhi,A,平反,p-0811,"、假、错案338件。中共十一届三中全会后,全部给予","昭雪或纠错,恢复名响,恢复工作,补发工资。解决夫妻分居“1982一1990年,解决县内科技人员夫妻分居两地211对,解决中、高级科技人员家属农转非490人。1982年接受安排在县外工作其配偶在县内而本人愿意一回县的科技人员34人,其中工程师1人、助理工程师6人、技术员8人、助理农"
xianzhi,A,会议,p-0814,"生知识“有线广描讲座,曾在卫生部川北片卫生宣传工作","上受到表彰。县煤建公司1982一1985年自制“两化“(省柴节煤灶化、蜂窝煤化)挂图100幅,办简报57期,宣传省柴节煤知识,全县改灶户为总户的985%。1983年3月18日,县科协、防疫站等单位在元坝场首辟科普集市,设农技、果树、植保、肥料、种子、卫生防疫服务处,接待群众咨询6"
xianzhi,A,大会,p-0815,"训3484人次。1980一1985年,贯彻全国科学","精神,「各部门举办各类专业培训班形成热潼。县畜牧局办养猪、羊、克、鸡、鸭和检疫培训班92期;县蚕丽局建技术培训中心,培训公社蚕桑辅导员、小蚕共育户、蛎秤专业户;县林学会办林业技术培训班3期;县医学会办《伤寒论》理论学习班1期,办防疫、助产、护理、药剂等培训班8期;县煤建公司办节煤"
xianzhi,X,训练,p-0815,"科委办红茹高渥大屋容、苔尖越冬作种、病虫害防治技术","班29期,共训练3400人次。县、区、社分别办沼气技术培训班150期,培训3484人次。1980一1985年,贯彻全国科学大会精神,「各部门举办各类专业培训班形成热潼。县畜牧局办养猪、羊、克、鸡、鸭和检疫培训班92期;县蚕丽局建技术培训中心,培训公社蚕桑辅导员、小蚕共育户、蛎秤专"
xianzhi,X,学习班,p-0815,"学会办林业技术培训班3期;县医学会办《伤寒论》理论","1期,办防疫、助产、护理、药剂等培训班8期;县煤建公司办节煤技工学校,培训“苍漫1型省柴节煤灶“技"
xianzhi,X,学习班,p-0816,"桃5.98万株,成活率80.3%。县举办电子计算机",",培训技术人员30人。1987年,对“星火计划“重点项目所需的关键技术人员进行培训,计21394人,其中农村人才19907人,科技干部409人,技术工人1078人。1988年,县畜牧兽医学会为推广“一根笋养猪法“,培训生猪饲养员23万人次,出售配合饲料25万吨,.全县比上年多养猪"
xianzhi,A,斗争,p-0817,",参观朱德元帅故里、朱德纪念馆及巴中县川陕红军革命","史陈列馆。1989年7月第四届夏令若,63名学生和18名科技辅导员组成资源考寮、新闻采访和书法绘画3个营。结束时举办了成果展览。第二节_“科“研高产试验苍溟“大跃进“时期,农业科研大搞“丰产片“、“高产田“,由于高指标、浮夸风而失败。1972年,城郊公社民主三队37亩小麦改两熟为"
xianzhi,A,死亡,p-0819,"问调查和资料划记,获得1969一1972年内食管瘦","数据:食管癌患者死亡1343人,占死亡总数的5.6%,平均年龄为59.9岁;男性82.7/10万,女性47.1/10万。1976年,县成立肿瘤防治委员会,专题培训内科医生及防疫人员206人,组成领导、专业人员和群众“三结合“调查组,深入社队进行食管瘢、胃癌、肝瘪、肺癌、宫颈瘦、乳"
xianzhi,A,死亡,p-0820,"林业局助理工程师钟琼华在防治过程中发现蜀柏毒蛾健病",".她用虫尸揽碎液涂于洗活的柏枝鳞叶上,在室内饲养健康幼虫作回感试验,幼虫罹病死亡情况同鸵溪森林中的一样。将回感致病的幼虫送武汉大学昆虫病毒研究所,经梁东瑞教授分离鉴定,蜀柏毒蜂是颗粒体病毒致死。她连续几年用本株病毒在室内和野外作一至四龄蜀柏毒蛾幼虫毒力回感试验,共9次34组(加对"
xianzhi,A,会上,p-0820,"一87.3%。1984年8月,梁东瑞在全国昆虫学会",",以“蜀柏毒蛾的一种颗粒体病毒“为题,介绍这种病毒的发现和分离鉴定过程。1986年,钟琼华、梁东瑞合著《蜀柏毒蛾颗粒体病毒》(编入《中国昆虫病毒图谱。水稻蜗虫研究1963年前,苍滓种植一季中稻,水稻螃虫以二化螂为主。1965年试种双季稻,二化螂下降,三化螂种群上升。1978年改双"
xianzhi,A,大会,p-0822,"级成果名称*“TT钎体与乙脑血清学探|县防疫站科学","索成果奖中西医结合医治银睐|县皮肤病科研组王鹏辉科学大会病研究三等奖1978|外科根治食管痛县医院黄依孔科学大会成果奖大面积杂交水稻高产‖农业局农技站农牧厅二试验等奖中药治扁平疣的研究|县皮肤病科研组王鹏焯秉学大公农牧厅重1979|冬水田改制元坝公社寿群大队大科技成果奖苍溪雪梨“"
xianzhi,A,征粮,p-0827,"和乡村采用讲说和文字、图片、及文艺演出等形式,宣传","、清匠反霸、减租退押、抗美援朝等中心工作。在县城办速成识字班,在乡村办夜校,组织职工、农民识字扫肖。1952年全县办黑板报826处、土广播1066处、灯笼报4处,大场镇设有新闻橱窗和报亭。1953年在东溪镇首建文化站,至1958年,各乡镇均建起文化站、业余演出队,活跃群众文化生活"
xianzhi,A,反霸,p-0827,"讲说和文字、图片、及文艺演出等形式,宣传征粮、清匠","、减租退押、抗美援朝等中心工作。在县城办速成识字班,在乡村办夜校,组织职工、农民识字扫肖。1952年全县办黑板报826处、土广播1066处、灯笼报4处,大场镇设有新闻橱窗和报亭。1953年在东溪镇首建文化站,至1958年,各乡镇均建起文化站、业余演出队,活跃群众文化生活,宣传中共"
xianzhi,A,减租,p-0827,"文字、图片、及文艺演出等形式,宣传征粮、清匠反霸、","退押、抗美援朝等中心工作。在县城办速成识字班,在乡村办夜校,组织职工、农民识字扫肖。1952年全县办黑板报826处、土广播1066处、灯笼报4处,大场镇设有新闻橱窗和报亭。1953年在东溪镇首建文化站,至1958年,各乡镇均建起文化站、业余演出队,活跃群众文化生活,宣传中共在过渡"
xianzhi,A,退押,p-0827,"、图片、及文艺演出等形式,宣传征粮、清匠反霸、减租","、抗美援朝等中心工作。在县城办速成识字班,在乡村办夜校,组织职工、农民识字扫肖。1952年全县办黑板报826处、土广播1066处、灯笼报4处,大场镇设有新闻橱窗和报亭。1953年在东溪镇首建文化站,至1958年,各乡镇均建起文化站、业余演出队,活跃群众文化生活,宣传中共在过渡时期"
xianzhi,A,会议,p-0828,",召开县、区、乡领导和有关部门负责人参加的文化工作",",把文化建设纳入各级党政工作的重要试事日程。9月15一19日,省文化厅在苍溪召开“四川省山区农村群众文化工作现场经验交流会“,大会印发《山花烂煜》一书,推广芯溪“多渠道、多形式、多体制发展农村群众文化“的经验.会后有5个地(市)、16个县组织代表团来苍溪参观。1988年加快了“以"
xianzhi,A,大会,p-0828,"召开“四川省山区农村群众文化工作现场经验交流会“,","印发《山花烂煜》一书,推广芯溪“多渠道、多形式、多体制发展农村群众文化“的经验.会后有5个地(市)、16个县组织代表团来苍溪参观。1988年加快了“以文补文“活动步伐,小场镇和无场镇文化站也办起小卖部、小茶园、小书摹、小饭店、小修理、小旅社、小摄影门市部、小游艺、小影院、小电视录"
xianzhi,A,会上,p-0828,"在省文化厅、财政厅召开的“以文补文“经验交流及表彰",",县财政局、元坝镇文化中心被评为先进集体.1989年文化事业经费投入人平增至0.8元,增长比例高出财政收入增长比例的11.2个百分点;同年,社会集资办“大文化“经费累计达到700万元;以文补文年纯收入50万元。以文补文,有了较好物质基础,“五位一体“的“大文化“发展成“多位一体大"
xianzhi,A,斗争,p-0831,"文化大革命“期闭,文化室更名为政治夜校,配合“阶级","“开展政治宣传。1978年在全县生产大队推行一队(文艺宣传队)、一室(图书室)、一组(文艺创作组)生产队的文化室也开始复建。全县共建业余文艺宣传队354个、民间灯舞表演组32个、图书专柜销售点85处。1985年县文教局决定在村一级复建俱乐部。这年建俱乐部276个,有文化骨干100"
xianzhi,A,村民,p-0831,"民兵、妇女等方面的负责人组成的“村院文化领导小组“","组建立了千部、积极分子为主体的时政宣传、科学普及、文体活动三支队伍,负责引导村、组、庭院文化的开展。庭院文化活动自1988年苍溪县越过温饱线后,一些农户便自购文化科技读物和电视机、收录机及文娱器材,以家庭为单位开展观念文化、娱乐文化、环境文化、知识性科技性文化、居室文化和日常生活"
xianzhi,A,村民,p-0832,"村组文化活动相结合,形成了以村文化俱乐部为龙头,以","组文化室和庭院文化为主体的“村院文化“。随后,省文化厅在苍漫召开“四川省村院文化理论研讨会“,苍溪县的部分党政领导和各级一些分等文化工作的干部在会上宣读了有关村院文化建设的论文34篇。文化部副部长高占祥在全国“村落文化研讨会“的讲话中,肯定了苍溪的村院文化模式和经验。文化专业户1"
xianzhi,A,会上,p-0832,"苍溪县的部分党政领导和各级一些分等文化工作的干部在","宣读了有关村院文化建设的论文34篇。文化部副部长高占祥在全国“村落文化研讨会“的讲话中,肯定了苍溪的村院文化模式和经验。文化专业户1985年开始,个别农户自筹资金增添文化设施购置设备和文化用品,开展经营性文化活动。经营项目有书铺摊点、家庭剧团、录像放映、电子游戏、电影放映、汽枪打"
xianzhi,A,大会,p-0834,"以文促商。1990年3月7日,县供销社为县人民代表","、县政协全体会议专场文艺演出,受到与会者的普遍赞扬。会后,县政协和县文化部门的干部一道深入县供销社等工商企业,专题调查以思想建设为重点的企业文化,写出《企业发展的新契机》、《文商联姻》等调查报告,推广县供销社、丝绸总厂等企业文商或文工结合,振兴企业的经验。老年文化娱乐,1983年"
xianzhi,A,会议,p-0834,"0年3月7日,县供销社为县人民代表大会、县政协全体","专场文艺演出,受到与会者的普遍赞扬。会后,县政协和县文化部门的干部一道深入县供销社等工商企业,专题调查以思想建设为重点的企业文化,写出《企业发展的新契机》、《文商联姻》等调查报告,推广县供销社、丝绸总厂等企业文商或文工结合,振兴企业的经验。老年文化娱乐,1983年以来,县内离退休"
xianzhi,A,土改,p-0836,",作者增多,体裁多样。50年代前期文学创作主要配合","、清匪反霸、禁烟禁毒、“一化三改造“等运动,以戏剧、更艺、唱词为主。1956年后贯彻“为人民服务,为社会主义服务“的文学宗旨和“百花齐放,百家争鸣“方针,培养文学创作骨十。1957年县川剧团在移植、改编古装戏的同时,陶启荣首创现代川戏剧本《王文焕》,1958一1960年受“大既进"
xianzhi,A,清匪,p-0836,"增多,体裁多样。50年代前期文学创作主要配合土改、","反霸、禁烟禁毒、“一化三改造“等运动,以戏剧、更艺、唱词为主。1956年后贯彻“为人民服务,为社会主义服务“的文学宗旨和“百花齐放,百家争鸣“方针,培养文学创作骨十。1957年县川剧团在移植、改编古装戏的同时,陶启荣首创现代川戏剧本《王文焕》,1958一1960年受“大既进“影响"
xianzhi,A,反霸,p-0836,",体裁多样。50年代前期文学创作主要配合土改、清匪","、禁烟禁毒、“一化三改造“等运动,以戏剧、更艺、唱词为主。1956年后贯彻“为人民服务,为社会主义服务“的文学宗旨和“百花齐放,百家争鸣“方针,培养文学创作骨十。1957年县川剧团在移植、改编古装戏的同时,陶启荣首创现代川戏剧本《王文焕》,1958一1960年受“大既进“影响,产"
xianzhi,A,乡长,p-0837,"、《四川农民报》采用。赵洪信的小说《要害问题}、《","招亲》等在《四川农民报》发表。1986年苍溪业余作者在地(市)级以上报刊发表作品450余件陈正鹏创作的灯戏《借鸡》参加四川省“巴蜀之花“戏剧评奖活动,获优秀剧目创作二等奖,些被《戏剧家》刊用;《燕子声声》获创作三等奖。80年代省作协会员陈新民诗作《热荪》《仓》等分别发表在《诗刊》"
xianzhi,A,杀,p-0838,"员黄荣华、张建平等参加南充地区青年演员调演,演出《","狗}、《访友》荻奖励。1983年9月,县川剧团派员参加四川省振兴川剧汇报团晋京,在中南海专场演出,受到中央领导接见。1984年秋,以苍溪县为主组队,代表南充地区参加省第二届川剧调演,演出川北灯戏《灵牌谜》、《郑板桥买缸》、《赶隍会》,受到文化部、省、市领导和全国文艺界一些专家赞誉"
xianzhi,A,大会,p-0838,"余剧团停演。县川剧团也只保留牌子,留守人员于节日和","期间开展一些演出活动。歌舞剧话剧30年代,苍溪中学“长虹游艺社“、三川小学“救国救民宣传队“走上街头演“文明戏“。1933一1935年,县苏维埃政府成立“文艺宣传队“,编写、演出歌剧《刘湘跳河、《活捉田冬瓜》等剧目。抗日战争时期,苍溪县立初级中学、县城小学师生组建抗日救亡宣传队、"
xianzhi,A,国民党,p-0838,"剧,歌舞剧,话剧《棠棣之花》、《放下你的鞭子}、《","革命》《流亡三部曲}《捉汉奸》等。|解放后,鲁迅剧艺社:人民剧团、县城机关俱乐部、小学教师假期宣传队、业余歌舞团等配合各个时期的中心工作,演出秧歌剧《兄妹开荒》、《夫妻识字;歌话剧《白毛女》《赤叶河》、《王秀鸾》、《刘胡兰》、《李双双》、《小二黑结婚》、《巴山人民献红心》等剧目。"
xianzhi,A,乡长,p-0840,"“化、825,第三节_音乐“舞蹋音“乐民歌在苍滓城","期流传的民歌有内容丰富、旋律优美、乡土昧浓的山歌、劳动歌、小调、风俗歌,多在劳动中口头唱和。山歌,主要有“脚码子“、“苦女子放羊“、s“清早起来就上梁“等;劳动歌,有“打夯号子“、“船工号子“、“拉石号子“等;小调是农村青年男女抒发爱情的一种艺术形式,主要有“写信调“、“绣荷包“"
xianzhi,A,清匪,p-0843,"绶操长水墨丹青。解放后,群众美术创作活动广泛开展。","反霸、减租退押、互助合作运动中以绘画作宣传。1858年开始宣传“大既进“,业余作者创作壁画1800多幅。1959年农民曾方林的国面《百花齐放》在省群众美术作品展览中获省人委奖励。1976年文化馆配备专职美术十部。加强美术创作活动。始年,省、地美展,全县推荐作品9件参展。1978年"
xianzhi,A,反霸,p-0843,"长水墨丹青。解放后,群众美术创作活动广泛开展。清匪","、减租退押、互助合作运动中以绘画作宣传。1858年开始宣传“大既进“,业余作者创作壁画1800多幅。1959年农民曾方林的国面《百花齐放》在省群众美术作品展览中获省人委奖励。1976年文化馆配备专职美术十部。加强美术创作活动。始年,省、地美展,全县推荐作品9件参展。1978年业余"
xianzhi,A,减租,p-0843,"丹青。解放后,群众美术创作活动广泛开展。清匪反霸、","退押、互助合作运动中以绘画作宣传。1858年开始宣传“大既进“,业余作者创作壁画1800多幅。1959年农民曾方林的国面《百花齐放》在省群众美术作品展览中获省人委奖励。1976年文化馆配备专职美术十部。加强美术创作活动。始年,省、地美展,全县推荐作品9件参展。1978年业余美术创"
xianzhi,A,退押,p-0843,"。解放后,群众美术创作活动广泛开展。清匪反霸、减租","、互助合作运动中以绘画作宣传。1858年开始宣传“大既进“,业余作者创作壁画1800多幅。1959年农民曾方林的国面《百花齐放》在省群众美术作品展览中获省人委奖励。1976年文化馆配备专职美术十部。加强美术创作活动。始年,省、地美展,全县推荐作品9件参展。1978年业余美术创作活"
xianzhi,X,训练,p-0843,"00多件。1984年县美术协会成立后,多次举办美术","班,同时在元旦、春节举办美术展览。至1989年,全县展出22次,参展作品1423件。其中举办少年-儿童面展12次,作品300多件,推荐到省、市展出39件。1984一1990年,全县在地(市)级以上发表和展出作品492件(地、市310件,省级以上182件)。省美协会员仲兴泉的版画、"
xianzhi,A,村民,p-0844,"人骏马“制作精细,远销日本等国。剪纸“陵江镇龙澈村","李正楠,长期从事业余剪纸艺术创作,题材广泛,乡土气息浓,有作品475帽。其中代表作有《牧牛图》、《渔歌》、《狗咬耗子》。1985年唤马乡群众性剪纸艺术活动蓬勃开展,农民剪纸人数达50多人。该乡教师李自鹏辅导学生剪纸数“百件,部分作品参加省、市展出。1989年他创作的《则天大帝》参"
xianzhi,A,三青团,p-0846,"国34年县“文化服务社“出售《三民主义半月谈》、《","团章》、《总裁言论集》、《中国之命运》等图书杂志,兼营文具,1947年关闭。1950年9月,建立新华书店阅中支店苍溪代销处,由县文化馆代管,销售图书、文具,发行《资本论)}、《钢铁是怎样炼成的》、《卓娅和舒娜的故事》、《阿Q正传》、《刘胡兰》等书。中、小学课本由县邮政局代发。19"
xianzhi,A,处理,p-0849,"志公司,改发行组为股,实施《关于违反影片发行制度的","办法》。1984年南充地区将35埔米复映片下放到县发行,在歧坪、元坝、东溪电影院(队)招聘管理人员负责辖区内电影发行,计划排片与选片结合,自定排期,收入上升到26.56万元。1985年南充地区将农村集镇35毫米影片发行下放到县,县增加发行员,充实检片、护片设备,采取按区分组,顺线"
xianzhi,A,匪,p-0851,"目草成。翌年熊离任,由县人赵北垣代理总裁,9年,因","掠县城停止编繁,稿本由黄印甫、刘笃生分藏。10年,公推黄、刘续修,后因“军区多变,邑宰数更,筹饷而外,不逸他计,已有志稿束之高阁“。14年,知事钟俊继任修志局总裁,重新组织36人的修志班子,聘请李灵椿为总繁,经考证,增补史料,写出6本、15卷、分纲14、编目53,约11.38万字"
xianzhi,A,大会,p-0851,"休干部2人。1981年6月23日,县第九届人民代表","常务委员会第二次会议作出《关于加强编繁〈苍溪县志〉工作决议》。县级各有关部门分别成立领导小组、修志办公室或编修小组,年底全县抽调干部和聘请退休干部250多人参加修志工作,共搜集资料2202万字。1985年县志办聘请退休干部3人。县志办在搜集资料的同时,开始编写《县级历任行政职官简"
xianzhi,A,会议,p-0851,"年6月23日,县第九届人民代表大会常务委员会第二次","作出《关于加强编繁〈苍溪县志〉工作决议》。县级各有关部门分别成立领导小组、修志办公室或编修小组,年底全县抽调干部和聘请退休干部250多人参加修志工作,共搜集资料2202万字。1985年县志办聘请退休干部3人。县志办在搜集资料的同时,开始编写《县级历任行政职官简表》《苍溪县土特产选"
xianzhi,A,会议,p-0852,"审批小组和县人民政府联合召开新编《苍溪县志》稿评审","。县志办根据评审会议提出的修改意见,完成了县志纲目第九稿,专志部分裁减为31篇。至1993年3月上旬全部完成修订任务,先后报广元市县志审批小组、省志编委审批付印,国内外公开发行。第二节专“志1984年4月21日,中共苍溪县委、县政府发出关于《批准县志办公室(关于编写部门志、乡(镇"
xianzhi,A,会议,p-0854,"广播电视局局长张文君出席全国第三次农村广播电视工作",",以《立足山区实际,办好农村广播电视》为题交流了经验。1990年全县有广播电台1座、乡(镇)广播电视站68个,村广播室386个。多功能对讲27处。职工173人。全县安装水泥电杆8万多根,基本实现水泥杆化;65个乡站按部颂标准更新设备,58个乡站改建和新建了技术用房,实现站内站外标"
xianzhi,A,斗争,p-0854,"969年2月,县革委成立后、自办节目主要宣传“阶级","“、“路线斗争“和“农业学大寨“等、文艺节目主要播放“语录歌“、“样板戏“。1979年起,宣传重点以经济建设为中心,坚持四项基本原则,坚持改革开放,自办节目加强,广播时间由原日播3次390分钟,改为150分钟;培训通讯人员,颂发特约通讯员和通讯员《证书》,印发报道“提要“。实行稿"
xianzhi,X,543,p-0855,"3007198735263120198838433","198940043750199041323993第二节_电“视建设与发展`1977年县广播局第一次购置黑白电视机1台,组织县城部分群众收看。1979年在白鹤山建电视差转台,转播省台第一套节目,因功率小,县城只有52台电视机(其中投影、"
xianzhi,A,公安,p-0856,"发行、放映由县广播电视局负责,广播电视局、工商局、","局共同管理。1988年文化系统成立音像制品发行站,管理文化系统录像发行放映。1990年全县录像队发展到65家(其中文化系统44家)。"
xianzhi,A,国民党,p-0858,"旬刊》“民国32年(1913)《苍溪旬刊》创刊,为","县党部、县政府机关刊物,石印版。刊载芯溪县党、政、民、财、教、建工作动态。1947年停办。"
xianzhi,A,会议,p-0859,"成的永久、长期卷5741卷。1965年县委档案工作","后,以县人委的档案为重点,对县属34个单位的1.5万卷需作鉴定的档案鉴定了6619卷,销毁5500件。1966年“文化大革命“开始后,档案业务中断。有些区、社档案在“武斗“中被毁"
xianzhi,A,杀,p-0860,"理、阅览室,有档案柜98台;增设灭火、除尘、排涨、","虫等设备。年底实现县、区、社无积存文件。全县745个大队中有443个建立了档案。1980年4月档案局成立,先后召开文书、科技、会计档案整理工作会议,加强对部门档案工作的业务指导,进行清理、整理专业档案试点。试点中培训档案人员700多人次;建立健全馆、室档案管理制度,修改档案保管期"
xianzhi,A,会议,p-0860,"月档案局成立,先后召开文书、科技、会计档案整理工作",",加强对部门档案工作的业务指导,进行清理、整理专业档案试点。试点中培训档案人员700多人次;建立健全馆、室档案管理制度,修改档案保管期限,统一质量标准。开展一年一度的检查评比,表彰先进。馆藏档案增加到1.23万卷,其中历史档案12个全宗:2862卷;现行档案34个全宗,9396卷"
xianzhi,X,名册,p-0860,"定了两个全宗共1823卷,销毁236卷;编制了全宗","、存放索引、资料索引、档案接收、利用簿、案卷目录等16个。年底全县9区有7个区的档案作了鉴定,县属87个立档单位有43个单位作了鉴定,共鉴定3337卷。1982年县档案局将全县档案按六大类划分为284个全宗;接收部门、区、社(镇)档案8897卷,包括少数科技、会计档案;整理195"
xianzhi,X,训练,p-0860,"档案1.57万卷,资料1.05万册,办档案工作人员","班27期,培训499人。鉴定档案2.9万卷(县档案馆1.56万卷)。县档案馆增加了吸尘器、除湿机、湿度自动显示仪各1台,排风机4台,还有灭火机11台。检索工具经调整由原205册,哲为198册。1990年底全县共藏档案284个全宗,8.2万卷,其中县档案馆馆藏4.42万卷,机关档案"
xianzhi,A,错案,p-0861,"立阅档室、接待室、提供复印件。在拨乱反正、纠正冤假","中,1980年接待查阅人员432人,查阅档案1217卷。1983年起为编史修志、解决产权纠纷、汇编资料、发展生产提供资料。1985年接待查阅档案人员4323人次,查阅档案2.3万卷、资料216册,图纸244张,复印1.23万页,约30余万字。县档案馆还先后汇编约30万字的《苍溪县"
xianzhi,A,法院,p-0861,"雪梨新品种提供大量参考资料,为国土局、税务局、人民","提供档案资料,使之顺利收回被占国土,征收税欲,裁决经济难案。1989年开放原国民党苍溪县党部、县政府、三青团两个全宗1204卷档栗、供社会利用。【第九章“文物古逛第一节“名胜古迹临“江“寺临江寺位于县城西1公里处的嘉陵江西岸,因紧靠临江渡故名。唐广德元年(763)杜少陵送客至此渡"
xianzhi,A,国民党,p-0861,"被占国土,征收税欲,裁决经济难案。1989年开放原","苍溪县党部、县政府、三青团两个全宗1204卷档栗、供社会利用。【第九章“文物古逛第一节“名胜古迹临“江“寺临江寺位于县城西1公里处的嘉陵江西岸,因紧靠临江渡故名。唐广德元年(763)杜少陵送客至此渡并题《送客至苍溪放船归阆》一首,苍人为纪念诗圣此行为之建亭,并在享东刻“放船台“三"
xianzhi,A,三青团,p-0861,"济难案。1989年开放原国民党苍溪县党部、县政府、","两个全宗1204卷档栗、供社会利用。【第九章“文物古逛第一节“名胜古迹临“江“寺临江寺位于县城西1公里处的嘉陵江西岸,因紧靠临江渡故名。唐广德元年(763)杜少陵送客至此渡并题《送客至苍溪放船归阆》一首,苍人为纪念诗圣此行为之建亭,并在享东刻“放船台“三字。南宋诗人陆游北上南郑游"
xianzhi,A,破坏,p-0863,"外享台房廊已被拆毁。“文化大革命“期间,洞内神像被","。现浮雕和石刻书法尚存,人称“清代书法晚厅“。1983年4月8日,县政府公布为县级文物保护单位,1983一1990年往观者4万多人次。`"
xianzhi,X,训练,p-0865,"北临小安淮。这里竹树茂密,便于隐蔽。江流平缓,便于","。1935年红四方面军在此建造舷厂,厂长张承宽、副厂长兼工会委员长李在安、秘书陈在海、组织委员罗天良具体负责设计和造船工作。工会办公室设在王渡场王贤木家里。造船厂有300多名工人,日夜赶造。红三十军军长余天云、政委李先念亲临工地作政治动员;川限省苏维换副主席余洪远、省保卫局长谢凡"
xianzhi,A,豪绅,p-0866,"穷人的政党“、“工农专政“、“活捉田颂尧“、“打倒","地主“、“打倒帝国主义,争取独立自由统一的苏维埃新中国“「、“没收地主的土地分给劳苦工农群众自己耕种“、“取消苛捐杂税“、“赤化全川“、“加紧戒烟运动“、“加紧生产运动“、“妇女在政治上、经济上、文化教育上与男子一律平等“、“拥护苏维埕“筝。蔚“藓谒玄蔚“谯玄于汉成帝时廷对第一,"
xianzhi,A,地主,p-0866,"的政党“、“工农专政“、“活捉田颂尧“、“打倒豪绅","“、“打倒帝国主义,争取独立自由统一的苏维埃新中国“「、“没收地主的土地分给劳苦工农群众自己耕种“、“取消苛捐杂税“、“赤化全川“、“加紧戒烟运动“、“加紧生产运动“、“妇女在政治上、经济上、文化教育上与男子一律平等“、“拥护苏维埕“筝。蔚“藓谒玄蔚“谯玄于汉成帝时廷对第一,拜议"
xianzhi,A,镇压,p-0867,"毁清廷增赋皇榜,知县柳宗芳污韩谋反,上报省衙,派兵","。韩学山等8人均被活活打死。其后赋税有增无减,约同治初年间,县内名宿侯仕武代韩伸冤去成都面谒大员,昌准按乾隆三十九年(1774)“盛世滋生人口,永不加赋“的上谕,铸铁碑以安人心。侯回县后,在元坝峨溪观设炉铸碑,上铸“永不加赋“4个大字。碑高1尺多,宽约2尼,重逾十斤,运至县城立于"
xianzhi,A,打死,p-0867,"污韩谋反,上报省衙,派兵镇压。韩学山等8人均被活活","。其后赋税有增无减,约同治初年间,县内名宿侯仕武代韩伸冤去成都面谒大员,昌准按乾隆三十九年(1774)“盛世滋生人口,永不加赋“的上谕,铸铁碑以安人心。侯回县后,在元坝峨溪观设炉铸碑,上铸“永不加赋“4个大字。碑高1尺多,宽约2尼,重逾十斤,运至县城立于城北李公祠旁。“大既进“中"
xianzhi,A,大会,p-0869,"料“有1933一1935年《苍溶县第一次工农兵代表","决议》,中共川陕省委《通知》,中共川陕省委宣传部印的宣传资料、传单、口号,还有读物、证件等。武躁有手槎弹、刀(大、小马刀、春秋刀)矛、炮简等。拓片有红军石刻标语拓片和唐李夫人、唐尹夫人墓志拓片,有龚有晖、李嘉秀石刻书法拓片。石“芽|1982年白山公社农民修水榔时出土石斧一件,已袖"
xianzhi,A,土改,p-0870,"性卫生运动,宣传粉碎美国侵略者妄图发动的细菌战争。","工作团卫生队长朱尚权组织土改工作队员结合土地改革,开展卫生宣传.东溪镇镇长左洪烈带领群众开展卫生运动,每月检查3次。1953年3月改县卫生防疫委员会为爱国卫生运动委员会.1951年县卫生科组织医务人员到元坝、歧坪、东青、岳东、三川、马桑等区、乡,把爱国卫生宣传同巡回医疗,为群众治"
xianzhi,A,土地改革,p-0870,"战争。土改工作团卫生队长朱尚权组织土改工作队员结合",",开展卫生宣传.东溪镇镇长左洪烈带领群众开展卫生运动,每月检查3次。1953年3月改县卫生防疫委员会为爱国卫生运动委员会.1951年县卫生科组织医务人员到元坝、歧坪、东青、岳东、三川、马桑等区、乡,把爱国卫生宣传同巡回医疗,为群众治病紧密结合起来.春节时,八区(元坝)卫协会卫生宣"
xianzhi,A,杀,p-0871,"代,夏季爱国卫生运动经常化、制度化。农村组织群众毒","子子,填平污水乡,塞树洞,挺杀老鼠,挖蝇蛹。城镇街道、学校和居民户普遍订立爱国卫生公约,开展卫生突击周和卫生流动红旗评比竞赛活动。县卫生科从县人民医院、防疫站、保健站抽调7人建立宣传室,并组织义务宣传员668人,组成132个宣传队,深入社、队宣传除客灭病。举办以除“四害“讲卫生,"
xianzhi,A,会议,p-0871,"会农村卫生建设现场会在苍溪召开,副省长韩邦彦等出席",".这年,被省、市命名卫生村、组的22个、卫生之家791户。通过开展群众性爱国卫生运动,农户改变居住条件的占98.2%。1989一1990年,苍溪县获广元市爱国卫生工作管理承包二等奖。各级党委、政府批准命名的卫生村(组)68个,其中省级4个、市级26个、县级38个;各级批准命名的先"
xianzhi,A,会议,p-0872,"科(局)。1975年4月县卫生局召开传染病防治专业",",落实疫情管理挂牌制度。县防疫站设专人做旬报、月报汇审、催报、挂牌、卡片登记、核对、统计、修正错误、定期预测预报、疫情分析等工作。各级医疗卫生部门均建立专、兼职管理人员岗位责任制1983年,县内发生乙肝、痢疾、钩体、狂犬病等13种1172例,死亡26人,死亡率3.6/10万,比1"
xianzhi,A,死亡,p-0872,"内发生乙肝、痢疾、钩体、狂犬病等13种1172例,","26人,死亡率3.6/10万,比1982年传染病发病率下降32.6%。1984年10月,南充地区卫生局在苍溪召开急性传染病滑报率调查会议,随机抽查9乡!镇的13个村、1个居委会的2899户,1.28万人,抽查县人民医院和区、社卫生院病历5299份,传染病溥报率18.33%。198"
xianzhi,A,死亡,p-0874,"种。1982年犬咬伤1442人,其中17人患狂犬病","。县人民政府成立防治狂犬病指挟部,区、社成立灭犬指挥小组,宣传狂犬病危害和预防方法,发动群众灭犬。1984一1985年,全县乙脑患者30例,死亡3例。各级行政和医疗卫生部门组织群众管水、管粤、灭蝇,督促钦食服务行业摇好清洁卫生。80年代无伤寒病例报告。近年来,肝炎流行原因主要是对"
xianzhi,A,村民,p-0875,"35%以上,其余乡(镇)血检率平均在1%以上,血检","覆盖率100%。农村蚝帐普及率98%以上。县卫生防疫部门及时处理疫点,保证各项抗疫措施落实,进行现场调查确认苍溪县已达到基本消灭疙疾标准。头癣病头癣病俗称“秃子“。解放前卫生条件和医疗条件差,患者较多。1978年,成立县头癣病防治领导小组,专业医务人员用中西医结合,以口服灰黄霉素"
xianzhi,A,处理,p-0875,"0%。农村蚝帐普及率98%以上。县卫生防疫部门及时","疫点,保证各项抗疫措施落实,进行现场调查确认苍溪县已达到基本消灭疙疾标准。头癣病头癣病俗称“秃子“。解放前卫生条件和医疗条件差,患者较多。1978年,成立县头癣病防治领导小组,专业医务人员用中西医结合,以口服灰黄霉素为主,坚持复查复治,收效显著。1978一1980年,累计查出头癣"
xianzhi,A,复查,p-0875,"专业医务人员用中西医结合,以口服灰黄霉素为主,坚持","复治,收效显著。1978一1980年,累计查出头癣病人6244例,经反复治疗后复查,治愈5777人,治愈率92.50%,达到国家基本消灭头癣病的标准,受到四川省卫生厅表彰。第四节卫生监督监测食品卫生50年代,主要靠感观检查监督饮食卫生。70年代以城关镇饮食服务行业为重点,定"
xianzhi,X,审查,p-0876,"人畜饮水工程管理办法》后,对各类饮水工程进行鉴定、","、验收,合格者定权发证,登记建卡,专人管理。学校卫生19641年县卫生防疫站对苍溪中学649名学生体检、为学校完善保随制度提供依据。"
xianzhi,A,复查,p-0877,"感染,感染率73.09%,经药物治疗后于1969年",",感染率下降到13%。1980年县卫生局、文教局、防疫站配合,对歧坪、元坝、五龙、三川等9所中学和陵江小学、陵江镇一小学、二小学、师范附小的4133名学生进行健康检查,结果如下表,′828[X|8|#朱|ssg厂人二万一人芸门五一人[小学219526812,229713.5330"
xianzhi,A,会议,p-0878,"重庆中医进修学校深造.1956年县人委召开卫生工作",",重申支持和发展中医事业的政策,中医工作者大受鼓舞。3月,杜旭中等5名中医出席四川省中医代表会议,6名个体中医被吸收到县、区医院工作。1958年,6名中医被选为县人民代表。50年代末,中医师开展献方、采风活动,据1960年统计,献秘方、验方共4613个,县卫生科汇编成《苍溪县中医"
xianzhi,A,会上,p-0880,"级、省级中医学刊物上发表,或在有关中医内科专业学术","交流。1982年,县中医院设中医骨科,对骨折患者初、中、后期分别采用“I、I、“号敞剂,外敷骨折部位;自制黄药水等制剂用于骨科,经上百例临床验证,效果良好。些开展对妇女带下病、妇女不孕、子官肌瘪、卵巢囊肿、乳腺癌、外阴痘痒、外阴白琢、月经不调、崩滢等病治疗,中医院针灸科开展电针、"
xianzhi,A,会议,p-0880,",三叉神经痛等。中医主治医师谢继光参加全国针灸学术",",发表《耳与经络的联系3、《内经针炒治疗痴证的探讨》等论文。1986一-1990年开展温针导阳法、走罐选点挑针法、电子气功、泷针多刺法等治疗方法,年均治病1.!万人次,县人民医院和县中医院开展白内障摘除术200余例,复明率96%以上。中草药医经县行政主管部门考核发证11人,准许行"
xianzhi,A,处理,p-0882,"、儿等科医疗技术不断提高,能对一些疑难病症作诊断和","。60年代,区中心医院始设化验室,开展血、尿、大便常规检验。县人民医院逐步增设科室,开展胸透和骨折透视、X光读片、胸腹腔穿刺、心包和骨髓穿刺复苏术、气管切开及胃、支气管、扁桃体、鼻息肉摘除、食道异物取出、直肠、膀胱镜检等手术。区中心医院门诊设内、外科诊断室,住院部设内、外科病房."
xianzhi,A,死亡,p-0883,"大补作辅助治疗。这年治疗21例,18例痊愈,仅3例","。1956一1958年间,自制苦参粉,治愈肠滴虫病者6例、同时用苦参粉治疗阿米巴痢疾13例,平均5天治愈。用涡龙奔江丹局部上药治疗宫颈糜烂100"
xianzhi,A,会议,p-0884,"45例,均收到较好效果。.1959年四川省中医中药","后,全县57名西医按“系统学习、全面掌握、整顿提高“的要求。采用请中医讲课,拜名老中医为师,包教包学,临床见症等方法离职学习中医。1972年,县人民医院、区卫生院组织在职西医学习中医,并派出12名西医参加南充地区西医学习中医班学习。1975年秋,县人民医院中西医结合治疗流行性乙型"
xianzhi,A,死亡,p-0884,"年共收洙75例,治愈44例,好转17例,未愈4例,","10例。东青区卫生院中西医结合治疗腰椎压缝性骨折21例,洙愈20例。1978年县卫生局委托县人民医院举办西医离职学习中医班,经系统理论学习和临床实践后,155名西医能从事中医诊断、处方和用中西医结合的办法治疗疾病。1980年后县人民医院用抗癌1号加中药攻关散治疗食管瘦,敌子公社卫"
xianzhi,X,学习班,p-0884,"工作者协会以预防医学和传统医学为内容,举办专业技术",",培训医疗、助产、防疫等各类医务人员209人,名老中医带学徒151人,参加重庆中医函授站进修学习239人。1960年,各级医疗机构的学徒,学习期满,考试合格者,准孔行医,其中大部分被安排在联合诊所工作。60年代末至70年代初,县人民医院、各区卫生院以培训赤脚医生(乡村医生)为主。"
xianzhi,A,处理,p-0885,"、铁片、瓷瓦片、长指甲等断脐带。由于断脐带未作消毒",",婴儿死于破伤风的高达40%以上。产妇多胎盘滞留,造成子宠内膜大出血,甚至感染〔(产后寒)死亡。若遇难产,母子存活率极低。解放初期,政府宣传新法接生,县卫生院设助产员,开展妇女妊娠期检查,分姬时助产。1953年,区、乡配备接生员和简易产包,开展孕妇检查,对居住边远村、组的产妇,接"
xianzhi,A,死于,p-0885,"瓦片、长指甲等断脐带。由于断脐带未作消毒处理,婴儿","破伤风的高达40%以上。产妇多胎盘滞留,造成子宠内膜大出血,甚至感染〔(产后寒)死亡。若遇难产,母子存活率极低。解放初期,政府宣传新法接生,县卫生院设助产员,开展妇女妊娠期检查,分姬时助产。1953年,区、乡配备接生员和简易产包,开展孕妇检查,对居住边远村、组的产妇,接生员亲临家"
xianzhi,A,死亡,p-0885,"胎盘滞留,造成子宠内膜大出血,甚至感染〔(产后寒)","。若遇难产,母子存活率极低。解放初期,政府宣传新法接生,县卫生院设助产员,开展妇女妊娠期检查,分姬时助产。1953年,区、乡配备接生员和简易产包,开展孕妇检查,对居住边远村、组的产妇,接生员亲临家庭助产。1958年各社办起产院,许多孕妇到产院待产。1963年公社联合诊所配备助产员"
xianzhi,A,死亡,p-0886,"90天,对围产期妇女加强保健工作。1990年孕产妇","率为万分之八。第二节“儿童保健50年代、全县建立托儿所(组)106个,配备保育员185名。医务人员经常开展对儿童佩偿病、普养不良、沙眼等病的访查和治疗。1963一1965年,各级妇幼保健和防疫人员对幼儿及小学生中的腭腺炎、百日咳、白喉、头癖、结核病、结膜炎、麻疹、蛔虫等病进行防治"
xianzhi,X,审查,p-0891,"第一节“医政管理考核发证1952年9月,县医事人员","委员会,审查批准160人行医,1962年,县人委对273人考核合格,发给个体行医执照。1980年,县卫生局两次对农村1603名不脱产卫生人员进行考试考核,合格者1054人,发给赤脚医生证书。1981年,县卫生局对申请行医的25人,经考核合格颁发《南充地区个体行医证》。1983年9"
xianzhi,A,处理,p-0892,"中药材公司,对全县中药材副产品当成正产品使用的报废","。1983年,县政底整顿医药市场,核发药业摊贩营业许可证,禁止擅自加工制造药品和伪劣仿单、不准'经营剧毒药、麻醉药、伪劣药品。1985年,贯彻《茹品算理法》,对场镇药业擅点和医药门市部库房,药房检查,查出出售伪劣药品者26人,失效、震烂变质药品107种,当众销毁。1987年,县区"
xianzhi,A,大会,p-0893,"教馆配合教育科,举办有公职人员和学生参加的体育观摩","。坳年民教馆组织机关团体篮球队与县立初级中学校篮球队进行比赛。29年,县立初级中学校将网球场改为排球、网球两用场地,常有社会青年、机关职员、驻军与县立初级中学校学生进行排、网球比赛。30年7月,县民教馆配合县教育科,举办以体育教育为主要内容的“国民教育讲习会“学员132人,民教馆"
xianzhi,X,训练,p-0895,"两个月后,因经费不足,兼职教练缺席后无人晃补,加之","场地严重不足等原因停办。1976年3月恢复苍溪县业余体校。收男女学员72名,分篮球、乔乎球甲、乙班。文化学习按层次分别在苍漫县中学、城郊中学、陵江镇小学续读。3个月后又因经费困难,学生分散,文化与体育授课时间发生矛盾而再次停办。1977年县级里有关部门总结业余体校两次停办教训后,"
xianzhi,X,训练,p-0896,"教局研究,改变办学方式,决定在三川中学开办田径业余","点,经费、运动服、器材及业务技术指导由县体委负责。一年后,单独组限参加南充地区1980“年中学生田径运动会,获团体总分第三名,1981年获团体总分第二名,1982年获团体总分第一名,为多出快出人才,县体委决定在苍溪中学和城郊中学选招46名体育尖子学生,设篮球、武术、田径班。教练由"
xianzhi,A,会上,p-0898,"第五名,侯晓英获铅球比赛第一名,是苍溪县在省级运动","获得的第一枚金牌,1989年10月,苍溪县体育代表团参加广元市青少年运动会,夺得金杯三个、金牌30枚、银牌30枚、钥牌20枚,150人分别进入参赛项目的前六名,打破市纪录16项,荣获团体总分第二名,1990年3月25|日至28日,龙王中学建校20周年校庆,举行田径运动会,进行10"
xianzhi,A,大会,p-0902,"“于县城成立,共有会员243人。8月15日召开会员",",改名为“中国佛学会苍溪支会“。并修订会章,组建机构,推举任雨仓、净法、张永亨为常务理事,赵慕仁、王大鹏、德安、圆咤、慈能、净寿为理事,何闭之、道云、道全为修补理事,周挽南为候补监事,昌达为监事长。佛学会成立后,佛教名流积极从事社会慈善活动。元坝观音寺和尚净法多次捐款修苋观音寺、"
xianzhi,A,土改,p-0902,"复断桥2处,收养孤儿,接济贫民和孤寡老人等。解放后","时庙字田产多分给农民,和尚大多还俗,住庙者届指可数,佛事活动基本停止。后僧尼由集体作为“五保人员“供养,寺庙先后被集体拆掉修建保管室、饲养场或学校等。至今,民间仍有信奉观音者。第二节_道“教汉代,今苍溪五里乡云台山为道教传播中心之一。当时,云台山为道家在全国二十人治所之一。该山松"
xianzhi,A,大会,p-0903,"8。苍漫县志道教分会在苍溪县城道人居召开第一次选举","。董明砥当选为理事长,阳正一、李福田、王海州、罗树生、欧明金等八人为常务理事,袁明长、黄义安为监事,赵玉山为常务监事,赵和光为候补监事,但甚少活动。解放后,县境信奉者日少,1966年后道徒绝迹。第三节_天_主教天主教于清光绪三十年(1904)传入苍溪。当时,两河乡人王义德自成都教"
xianzhi,A,土地改革,p-0903,"和刘二真姑娘均离开殷家坪。县境天主教停止传教活动。","时,土地、山林收归国有。1983年落实宗教政策,归还教产,由阆中教会管辖。神甫常来苍溪讲经及看望教友,为亡人做“弥撒“。现苍溪有圣洗教徒近100人、其中虔诚教徒30多人,每逢四大瞻礼节都要去阅中教堂参加庆典。第四节_基_督教基督教于清光绪年间传入苍溪。光绪初年,英国传教士从阅中礼"
xianzhi,A,反对,p-0903,"礼拜堂来苍滦,先去永宁,欲购元宝山修筑教堂,因乡人","未遂,后至白鹤乡新店子以重金购买李氏店铺和60余亩山林,陆续在茂林中建起礼拜堂、会督堂、孤儿院、男学堂、女学堂等大小房屋80余闰。光绪九年(1883)因洋务局“通饭“:“朋后洋人传教游历,一律查验保护“,于是外籍男女教士接踵而来,先后有英国、德国、美国、意大命、瑞士等国的教士28"
xianzhi,A,地主,p-0903,"国四川新店子即可交到。教堂享有特权。清末县境多乱,","富户多去新店子躲避,俨然成了“租界“。附近百姓入教者达400余人。民国9年(1920),阅中基督教堂又派梁教士到东溪场传教,先后有当地陈瑞明、边"
xianzhi,A,地主,p-0904,"“学友“,后称“教友“。随着基督教的发展,部分乡绅","也渐次信教。县城杨家、三川舒家的院内设有“知会堂“,传教礼拜。民国5年,苍漫共有基督教徒200余名,其中外国籍男女各2名。解放初,外国教士撒走,信徒星敞,东漫和新店子两地均无人从事教务。1952年土地改革时,新店子教产收归国有,1983年又复归教会,由县林业局代管,现有教徒60多"
xianzhi,A,土地改革,p-0904,"徒星敞,东漫和新店子两地均无人从事教务。1952年","时,新店子教产收归国有,1983年又复归教会,由县林业局代管,现有教徒60多人。第五节“伊斯兰教清康熙后,阅中回民零星迁入苍溪落户,或务农或经商,至1964年,县境共有回民98人,18岁以上的56人,集中分布于城关镇和八庙、云峰、王渡、东溪等乡,其余则零星分布于全县九个区的场镇附"
xianzhi,A,处理,p-0905,"高德劭者为族长。族长即宗族首领,负责维护本族尊严,","族人违犯族规等事宜。族长在具体活动中,常利用族权歉压族人,欺侮弱小。对同族子女中有伤家法、族规行为者,族长召集族人将“不肖子孙“处以活埋等酷刑。有不孝父母,不务正业的,可以随意吊打或处罚款等。每年农历七月十五日举办“月半会“,向族人掌派钱粮或动用族产,在祠堂大办酒席,祭祀袋先、群"
xianzhi,A,村民,p-0905,"农村的宗族排外观念还较浓厚,同族大姓对本地杂居异姓",",往往有不同程度的歧视,但随着文明程度的提口,这种不良风气已渐泽濂。"
xianzhi,A,匪,p-0906,"“为主,自以为“清“;浑水为数最多,为非作歹,与盗","无异。解放前夕,苍滓有“仁“字大爷黄正则,“义“字大爷陶友三,“礼“字大爷黄明兴,“智“字大爷陈宗字。“仁“、“义“二字的成员多系官僚地主、恶霸豪绅,人多势大;“礼“、“智“二字的成员多属市民和劳动者,成员寥寥可数。故“仁“、“义“二字袍哥组织称霸城乡,下欺百姓,上凌官府,无恶不"
xianzhi,A,地主,p-0906,"智“字大爷陈宗字。“仁“、“义“二字的成员多系官僚","、恶霸豪绅,人多势大;“礼“、“智“二字的成员多属市民和劳动者,成员寥寥可数。故“仁“、“义“二字袍哥组织称霸城乡,下欺百姓,上凌官府,无恶不作。"
xianzhi,A,恶霸,p-0906,"大爷陈宗字。“仁“、“义“二字的成员多系官僚地主、","豪绅,人多势大;“礼“、“智“二字的成员多属市民和劳动者,成员寥寥可数。故“仁“、“义“二字袍哥组织称霸城乡,下欺百姓,上凌官府,无恶不作。"
xianzhi,A,豪绅,p-0906,"陈宗字。“仁“、“义“二字的成员多系官僚地主、恶霸",",人多势大;“礼“、“智“二字的成员多属市民和劳动者,成员寥寥可数。故“仁“、“义“二字袍哥组织称霸城乡,下欺百姓,上凌官府,无恶不作。"
xianzhi,A,甲长,p-0907,"允许青帮在袍哥中收徒。但所收对象又多属城镇游民和保","等,至解放前夕,全县青帮成员仅百余人。1950年10月,苍溪“义源堂“帮首罗治平向县人民政府坊交“此举乃封建无用无益之事…...特此恳钧府解除外,再行登报申明…...“的申请,28日,县人民政府宣布解散“义源堂“。第么章“风俗乙.愉第一节_重大礼仪生“育重男轻女是较普遍的生育观念"
xianzhi,A,地主,p-0909,"人外,男子在40岁以上仍无后嗣者,便要纳妻,但城乡","情霸则以淫乐为目的,有纳到四五人之多者。1951年《中华人民共和国婚姻法》颂布后,父母之命、媒奸之言,以及其它一些旧威姻习俗逐渐改变。1957年以前,多数青年男女结婚都到当地人民政府办理结婚手续.但订婚、结婚程序大多沿袭旧俗。1957年以后,男女自由恋爱程度有所提高,订婚期间男女"
xianzhi,A,杀,p-0910,",供奉灵位,灵案上陈列果品酒馏〔殷实人家还要搓设宰","的猪羊及满堂纸货),燃烛焚香,举哀凭吊。殴实富户,"
xianzhi,A,死亡,p-0911,"到了“吉期“,另行办席请室,举行安葬仪式。如非正常","于外地者,不能直接抬入堂屋,要将尸体竖立,头顶草帽,由二人轮流援死者的左右脚令其“走进“堂屋。如不见尸首,则用麦面做成人,装棺安萱,名日“拿魂安葬“。解放后,县境提倡丧事新办。人死后,由丧家告之村组干部、亲友、集体和个人献上花园,村或组指定地点安葬。但烧纸、放火炮、吹啦呐、打锣鼓"
xianzhi,A,杀,p-0913,"、宴客才做熙饭、面条等。肉食更少,大多数农户春节前","一头猪,制成腊肉,准备来年央工、待客、节日等食用。大多数家庭吃肉数量有限,一般一餐每人限两片肥肉,日常都以素菜佐饭。待客用菜,要主人指着菜盘始“请“时,客人方能取食,否则视为无礼。生活艰苦的家庭,妇女和孩子一般不与客人同柜共餐,只男主人陪客。生活极贫者,一年四季只能吃包谷面、红苔"
xianzhi,A,地主,p-0914,"除几条驿道外,大多为崎岖山路,羊肠小道,行旅不便。","、绅士外出,或乘船或坐轿子、滑竿,百姓外出以步行为主。解放之初,变化不大。1951年始"
xianzhi,A,大会,p-0915,"放前,每年初春,城乡百姓为“避灾免祸“,举行“祈祷","“,乞求“神灵保佑“,称为“年例会“。城镇由办会者组织精悍中、青年扮演“二郎神降孽龙“,到各户表演,发“神符“,洒“净水“,称为“清宅扫荡“。各户用红纸封装“香钱“奉送表演者;农村以当地寺庙为中.心,形成传统的香火区。嘉陵江沿岸的庙子垭、老鸥山、伏龙观、蚕丝观等香火区的农户逐年轮"
xianzhi,A,杀,p-0917,"这一节日搞得隆重、热烈、丰盛。一到腊月,民间便开始","年猪,扯挂面,缝制新衣裤,添制新鞋袜。除夕前几天,打扬尘,淘阳沟,洗涤衣物家具,清除垃圾和推豆腐,做米糕,换粉条,买烟酒糖等各种副食品,准备过年吃好玩好。因此,农村有“花钱在腊月,吃饭在八月“之说。“文化大革命“中,过所谓“革命化“的春节,大年三十、初一仍参加农业生产劳动。中共十"
xianzhi,A,公安,p-0920,"况好转。但有部分人仍在暗中继续活动,1963年,县","局摸底登记,全县仍有迷信职业者560人,业余从事迷信活动者更多。这年"
xianzhi,A,地主,p-0921,"盛行。行赌场所多在茶馆、酒店、烟馆。赌场多为袍野、","和地方把头开设。赌博不分城乡,不分县夜,全县各场镇,一逼逢场日,随处可见赌徒聚赌。主要赌博方式有押红宝、掷航子、打麻将、推牌九、打骨牌、打纸牌等,以押红宝、推牌九、掷骰子、打麻将为甚。参加赌博者极众,上至政府官员、警佐,下至警兵、袍哥、无赖,也有部分平民百姓出入赌场。县警佐龙翔行"
xianzhi,A,公安,p-0921,"家荡产,妻离子散。,“解放初,人民政府严禁赌博。县","局结合清匪反霸,土地改革运动,打击和取绵赌博活动,赌风基本收敛。近年来,赌博之事又时有发生。1吸“毒毒品主要为鸦片。清道光年间(1821一1850),鸦片开始危害苍溪人民.清咸丰、同治以后,种者永多。到清末,嘉陵江、宋江河滨地带大半土地种植鸦片。山区也开始大量种植。民国前期,苍溪"
xianzhi,A,清匪,p-0921,"离子散。,“解放初,人民政府严禁赌博。县公安局结合","反霸,土地改革运动,打击和取绵赌博活动,赌风基本收敛。近年来,赌博之事又时有发生。1吸“毒毒品主要为鸦片。清道光年间(1821一1850),鸦片开始危害苍溪人民.清咸丰、同治以后,种者永多。到清末,嘉陵江、宋江河滨地带大半土地种植鸦片。山区也开始大量种植。民国前期,苍溪已成为川北"
xianzhi,A,反霸,p-0921,"散。,“解放初,人民政府严禁赌博。县公安局结合清匪",",土地改革运动,打击和取绵赌博活动,赌风基本收敛。近年来,赌博之事又时有发生。1吸“毒毒品主要为鸦片。清道光年间(1821一1850),鸦片开始危害苍溪人民.清咸丰、同治以后,种者永多。到清末,嘉陵江、宋江河滨地带大半土地种植鸦片。山区也开始大量种植。民国前期,苍溪已成为川北地区"
xianzhi,A,土地改革,p-0921,"“解放初,人民政府严禁赌博。县公安局结合清匪反霸,","运动,打击和取绵赌博活动,赌风基本收敛。近年来,赌博之事又时有发生。1吸“毒毒品主要为鸦片。清道光年间(1821一1850),鸦片开始危害苍溪人民.清咸丰、同治以后,种者永多。到清末,嘉陵江、宋江河滨地带大半土地种植鸦片。山区也开始大量种植。民国前期,苍溪已成为川北地区著名的种烟"
xianzhi,A,大会,p-0922,"溪县苏维埃政府在文昌宫召开“苍溪县第一次工农兵代表","“把禁烟列为当时的十大任务之一,并设立戒烟局,把鸦片定为特种税目,科以重税,并制造戒烟丸药赠送吸毒者,农民戒烟的一切费用由公家支付,对流氓、“滚刀皮“实行强制戒烟。几个月时间,县苏区内有300多人完全戒掉烟瘾,种、贩鸦片者也大部分停止活动。民国25年(1936),苍溪县政府“施政"
xianzhi,A,恶霸,p-0922,"县政府禁烟所和警察局查办“。但贩烟吸烟的多是官方和",",禁烟规定不仅只是一纸空文,而东还成为搜刮民财的保护符。民国30年(1941),县政府在回水场、城关分别设“吸户管理所“,警察与政府官员将收缴来的烟毒交管理所公开贩卖,获利分成,这年,四川第十四行政督察署派禁烟督察长严俊英带一排士兵到苍溪禁烟,一到苍溪县城就在陶家院子设立戒烟所。"
xianzhi,A,杀,p-0930,"炸抓四爪回|“者万坐ts「|差查叉岔搓戬“铿s|沙","撒哗刷耍检说锁z|“热团四|西rlaslasalashmaire"
xianzhi,A,匪,p-0932,"p‖背“借勾保押‖颈厕源絮m梅美妹猫毛卯幅5|非肥","肺堆“五对,|与t的敌底弟推频脊逃刀岛到|雅帐|都“斗豆t*「|梯题体剃滔迷讨奘|挑条调跳|偷头抖透-一鸟原牛扭.30办u雷1棍李利不余全票搪劳老闹聊丁料|援楼蒋漏a略高“稿〔囊三_鬼贵敲二考靠希】…'__】羞】薯，k亏莺傀愧荆毫好号抠立口扣艺灰回毁会1侯吼候熬22】D欧呐恽te"
xianzhi,A,保长,p-0953,"。蚊子嘴苍蝇腹,碟上尬要成病儿。'生冷不入口,防病","寿。一顿吃伤,十顿喝汝。早酒晚茶,等于自杀。第二节_歇_后“语谐音类一颗米叉糠粑一一咋杵(处)。三月间的红芳一一殡(病)了。弓背子跤仰板一一翘(桥)起。勾子上别钥匙一一锁(所)管哨一门。考妈子打粉一一不墩(论)。自行车下拐一一不踝(景)。狗屏做鞭一一闻(文)也闽(文)不得,舞(武"
xianzhi,A,杀,p-0953,",防病保长寿。一顿吃伤,十顿喝汝。早酒晚茶,等于自","。第二节_歇_后“语谐音类一颗米叉糠粑一一咋杵(处)。三月间的红芳一一殡(病)了。弓背子跤仰板一一翘(桥)起。勾子上别钥匙一一锁(所)管哨一门。考妈子打粉一一不墩(论)。自行车下拐一一不踝(景)。狗屏做鞭一一闻(文)也闽(文)不得,舞(武)也舞(武)不得。|毛草房儿漫岩一一榜(言"
xianzhi,A,死于,p-0959,"“944。苍溪县志","山野道旁者,葬以棺模。王绩洁身自励,勤于耕稼,视为人的根本。常对其子侄说:,“吾家世代耕读,夙传忠厚,尔辆应孝友为重,和睫相处,勿厕祖训,免人耻笑。“64岁时卒。王“佐王佐(1200一1258),字翼顺,今甘肃天水人,宋将军,驻守利州。南宋理宗宝祜时(1253一1258),为御藩"
xianzhi,A,抵抗,p-0959,"失利。十一月五日,蒙哥督军攻鹅顶堡,王佐率军民据险","。蒙哥损兵折将甚多。十一月八日,芒哥在望喜门外鼓噪,三军激战,濂暮,知县王仲由鹅顶堡出降。王佐率众奋力拼杀,士卒阵亡殆尽,城破。王佐愤然持殿自状殉国。次日,王佐之子及徐昕等46人亦遭杀害。士民深怀王佐将军忠烈,将其厚葬于苍溪县享子口。元至正间(1341一1368),苍溪、昭化两县"
xianzhi,A,杀,p-0959,"军激战,濂暮,知县王仲由鹅顶堡出降。王佐率众奋力拼",",士卒阵亡殆尽,城破。王佐愤然持殿自状殉国。次日,王佐之子及徐昕等46人亦遭杀害。士民深怀王佐将军忠烈,将其厚葬于苍溪县享子口。元至正间(1341一1368),苍溪、昭化两县军民为其修墓建碑。明洪武间(1368一1398),在铃旗坪修“王佐将军“庙。弘治十三年(1500),昭化县"
xianzhi,A,杀害,p-0959,"愤然持殿自状殉国。次日,王佐之子及徐昕等46人亦遭","。士民深怀王佐将军忠烈,将其厚葬于苍溪县享子口。元至正间(1341一1368),苍溪、昭化两县军民为其修墓建碑。明洪武间(1368一1398),在铃旗坪修“王佐将军“庙。弘治十三年(1500),昭化县民李应贞、苍溪县民李成、张聪等又捐资建庙两廊及山门,民众祀为“福神“(此庙毁于明"
xianzhi,A,匪,p-0960,"美地或沧为战场,或毁于灾荒,感叹地说:“拯危扶亡,","我而谁?“于是宽租赋,薄得役,教民蚕桑,分禄济贫。不久,流亡稍还,渐复本业。时值朝廷编粮,他县多粉饰浮|报以悦上司。李受馨不忍民累,乃“躬亲查阅土地,厘定田赋“,“通计东北地百九十里、西南九十里,由中田起科,每亩载粮二合二勺,递减至五勺五秒,县共定丁条粮银六百两“。以此依实编册,"
xianzhi,A,匪,p-0963,"。曾派人送白银数千金上交国库,途经中江兴隆场时被盗","抢劫,姜秉善当即报告上级,表示自愿设法与中江知县共同赔偿,绝不增加百姓分文负担。姜秉善为政清廉,调补中江县令,后调长宁县令卒于任。当史耗传来时,“苍人闻而哀之“。"
xianzhi,A,镇压,p-0964,"部反正加入同志会。武昌起义前夕,清廷四川总督赵尔丰","保路运动,制造“成都血案“,枪杀请愿民众32人,武昌起义后,又不甘垂手交出政权,乘四川大汉军政府都督在东校场阅兵讲话之机,唾使党羽作乱,酿成“成都兵变“。尹昌衡率新军平叛,就任四川军政府都督,掌握军政大权,赵尔丰复辟之念未泡,密召亲信巡防军统领凤山及代理川边钦差大臣傅华封星夜兵压"
xianzhi,A,杀,p-0964,"廷四川总督赵尔丰镇压保路运动,制造“成都血案“,枪","请愿民众32人,武昌起义后,又不甘垂手交出政权,乘四川大汉军政府都督在东校场阅兵讲话之机,唾使党羽作乱,酿成“成都兵变“。尹昌衡率新军平叛,就任四川军政府都督,掌握军政大权,赵尔丰复辟之念未泡,密召亲信巡防军统领凤山及代理川边钦差大臣傅华封星夜兵压成都,待机复辟。四川军政府获悉,"
xianzhi,A,会议,p-0964,"夜兵压成都,待机复辟。四川军政府获悉,召开紧急军事",",研讨对策。都督护卫团团长陶泽烟进言:“赵逆不除,革命事业休奂,现在成都大乱初平,四川还不安定,我虽有兵,敌亦不弱,成败未可预料,倘能擒贼先擒王,赵逆一除,余贼便即瓦解,才能提早完成革命事业.“尹昌衡从其言,一面对赵尔丰虚与委蛇,假言保护,以稳其心;一面派陶泽烧以“发恩饷“,“交"
xianzhi,A,反对,p-0965,"“950。苍溪县志了这场","北洋军阀政府黑暗统治的武装斗争。9月12日,斗争失败后,朐受命令部属第一师师长周骏捕杀陶泽烟于重庆。川人缅怀陶泽烟义举,英烈足式,入祀成都“四川忠烈祠“。家乡人民为纪念陶泽烟等,于民国31年在县城东门外建“辛亥革命烈士纪念碑“、陶泽烟子陶煦传,字炎武,曾任新都实验农场场长,并在四"
xianzhi,A,斗争,p-0965,"50。苍溪县志了这场反对北洋军阀政府黑暗统治的武装","。9月12日,斗争失败后,朐受命令部属第一师师长周骏捕杀陶泽烟于重庆。川人缅怀陶泽烟义举,英烈足式,入祀成都“四川忠烈祠“。家乡人民为纪念陶泽烟等,于民国31年在县城东门外建“辛亥革命烈士纪念碑“、陶泽烟子陶煦传,字炎武,曾任新都实验农场场长,并在四川省政府建设厅任职;其孙陶嘉舟"
xianzhi,A,杀,p-0965,"月12日,斗争失败后,朐受命令部属第一师师长周骏捕","陶泽烟于重庆。川人缅怀陶泽烟义举,英烈足式,入祀成都“四川忠烈祠“。家乡人民为纪念陶泽烟等,于民国31年在县城东门外建“辛亥革命烈士纪念碑“、陶泽烟子陶煦传,字炎武,曾任新都实验农场场长,并在四川省政府建设厅任职;其孙陶嘉舟,作曲家,现在峻眉电影制片厂工作。、庄逾侠庄逸侠(189"
xianzhi,A,国民党,p-0965,",其名大著。民国元年(1912)8月,同盟会改组为","。庄逸侠以国民党员身份奔走成、温,结识肉年志士,介绍入国民党。民国2年,讨袁(世凯)军起、为响应督军熊克武“讨袁先讨胡(景伊)“的决定,庄逸侠同龚焕然(阆中人)、孔宝庆〔阅中人)、孙鸿霄(巴中人)、母剑魂(成都人,《蜀报》主笔)、袁洛民(阅中人)、侯中良(闻中人)7人到阀中组织民"
xianzhi,A,被害,p-0965,"1日讨袁讨胡军内部叛变,庄逸侠等被捕。23日庄逸侠","于阅中县城西门外,时年16岁,就义时,痛骂窃国大盗袁世凯及其走狗。其后,入祀成都“四川忠烈祠“。温全武温全武(1869一1926),今苍溪县双田乡温家沟人。家贫,父母早丧,为贡爷遂相桓"
xianzhi,A,杀,p-0966,"教?旗号准备起义。还以“打倒贪官污吏“,“打不平、","不平,杀尽不平方太平“等口号,号召贫苦农民加入红灯教。红灯教迅速发展至七八百人。红灯教迅速发展,东溪土家劣绅惊恐万状。民国14年6月,地主杨廷植会同团正王子承集合团丁、家丁30余人袭击三清庙。温全武闻讯后,任命杨国奉为统兵干总,率领教徒50余人,埋伏以待,团丁一到,众教徒挥刀舞扇"
xianzhi,A,地主,p-0966,"教迅速发展,东溪土家劣绅惊恐万状。民国14年6月,","杨廷植会同团正王子承集合团丁、家丁30余人袭击三清庙。温全武闻讯后,任命杨国奉为统兵干总,率领教徒50余人,埋伏以待,团丁一到,众教徒挥刀舞扇,口念“打不进、杀不进“咒语,叉矛齐飞,砍死团丁1人,杀伤3人,余莫敢当,仓惶选命。从此,以“红灯教“为号召的农民武装起义正式爆发。温全武"
xianzhi,A,土豪,p-0966,"要道挖陷坑,安大套,插竹签,下铁锥作埋伏,同军阀、","劣绅斗;开仓放粮济贫。辖区内400多户农民不纳租交税。对此,东溪的团总、豪绅、恶霸联名急报县知事钟俊。钟亲自出马,由团练局长罗秋澈率团练局兵丁,纠集龙山庞希元、运山向克卿、高坡邢明宗等团防军,从石灶梯子岩进攻。温全武声东击西,诱敌正面来攻,教徒由敌后包围。温全武口念“打不进、杀一"
xianzhi,A,团总,p-0966,"济贫。辖区内400多户农民不纳租交税。对此,东溪的","、豪绅、恶霸联名急报县知事钟俊。钟亲自出马,由团练局长罗秋澈率团练局兵丁,纠集龙山庞希元、运山向克卿、高坡邢明宗等团防军,从石灶梯子岩进攻。温全武声东击西,诱敌正面来攻,教徒由敌后包围。温全武口念“打不进、杀一进“咒语,教徒奋力冲杀,山震谷鸣,团丁落陷坑,入大套,中竹签、铁锥者不"
xianzhi,A,豪绅,p-0966,"辖区内400多户农民不纳租交税。对此,东溪的团总、","、恶霸联名急报县知事钟俊。钟亲自出马,由团练局长罗秋澈率团练局兵丁,纠集龙山庞希元、运山向克卿、高坡邢明宗等团防军,从石灶梯子岩进攻。温全武声东击西,诱敌正面来攻,教徒由敌后包围。温全武口念“打不进、杀一进“咒语,教徒奋力冲杀,山震谷鸣,团丁落陷坑,入大套,中竹签、铁锥者不计其数"
xianzhi,A,恶霸,p-0966,"400多户农民不纳租交税。对此,东溪的团总、豪绅、","联名急报县知事钟俊。钟亲自出马,由团练局长罗秋澈率团练局兵丁,纠集龙山庞希元、运山向克卿、高坡邢明宗等团防军,从石灶梯子岩进攻。温全武声东击西,诱敌正面来攻,教徒由敌后包围。温全武口念“打不进、杀一进“咒语,教徒奋力冲杀,山震谷鸣,团丁落陷坑,入大套,中竹签、铁锥者不计其数。坐镇"
xianzhi,A,镇压,p-0966,"门逃命,落入粪池,丧魂落魄回到县衙,急电田颂尧派兵","。田颂尧派出一个团的兵力,从新观进攻,直取红灯教指挥部,两军在玄坛庙相逼.红灯教义军化整为雾,昼伏夜出,连续5日,疲情田军后,温全武诱敌至牌坊梁,红灯教义军登上十垭口,滚木擂石齐下,伤田军40余人。田军败退新观,又组织团练兵、团防军5路围攻,战斗激烈。温全武迷信邪术,执意不用枪支"
xianzhi,A,被杀,p-0967,"武不屈,面不变色,骂不绝口,于民国15年十月初十日","害于县城西门河坝。温全武就义后,杨师爷在临江寺山上作文遥祭,文中说:“伤哉全武,惜哉全武,着不瓦全,宁为玉碎。生而何欢,死而何惧?峡峡易折,皎皎易污,吾为此文以祭汝,而橄军阀之酷毒.“舒祖畴“舒祖模|舒祖畴名寿田,舒祖模名继高,均苍漫县三川寺乡绅,为人乐善好施。民国17年(192"
xianzhi,A,会上,p-0968,"习,发展全面,尤爱好体育活动,在民国15年川北运动","摘得撑杆跳高桂冠。民国17年秋,初中毕业考入保宁联立中学中师班学习。与进步教师伍幼渠、廖敬六经常接触,又与进步同学马步旭要好,创立“读书会“,组织校友阅读进步书籍;在同学中组织进步社团“健社“,办流动壁报《蜂子》,抨击校长、教师的反动言论、肱脏行径;发动同学开展“择师“运动,将不"
xianzhi,A,斗争,p-0968,"男女平等,反动封建迷信;组织农民武装,开展抗捐抗租","。民国19年2月14日,张人权在新观药英寨召开农民代表联席会,作“目前形势和任务“的报告。由于团保告密,被田颂尧部罗通琼通缉,党组织立即将他转移到中共南充中心县委工作.民国21年,南充升钟寺农民暴动失败后,中共四川省委和南充中心县委为恢复当地党团组织,于次年春派张人权往升保区(升"
xianzhi,A,土豪,p-0968,"记。秋,张人权带领游击小分队发动群众破仓分粮,打击","劣绅。因去枣碧庙一带侦察地形,被团防军发觉被捕。由于力量悬殊,特区武装营救未成。张人权受尽酷刑,第二天被押到升钟寺,剖背杀害。就义时高呼:“打倒帝国主义!““打倒蒋介石!““中国共产党万岁1“王文焕王文焕(1906一1933),苍溪县城厢镇(今陵江镇〉人。幼时家境清贫,父早逝,上"
xianzhi,A,杀害,p-0968,"营救未成。张人权受尽酷刑,第二天被押到升钟寺,剖背","。就义时高呼:“打倒帝国主义!““打倒蒋介石!““中国共产党万岁1“王文焕王文焕(1906一1933),苍溪县城厢镇(今陵江镇〉人。幼时家境清贫,父早逝,上学费用多由亲友资助。民国10年(1921)9月,人县立高等小学校读书,毕业后,考入保宁联立中学初中学习。王文焕在校常与进步教"
xianzhi,A,反革命,p-0968,",主编《蜂子》壁报,宣传革命,揭露学校国家主义派的","行径。当军闻田颂尧部师长罗通琼通缉苍溪籍学生党员张人权、何芗时,他不顾个人安危通知二人转移。民国19年秋,经马步旭、罗以新介绍加入中国共产党。高中毕业后,在阅中鹤峰乡中心国民学校任教,讲新文学。教学中曾出《磨盘下的呼声》的作文题,他说:“上有军阀,下有保甲,还有土朋,恶霸,老百姓"
xianzhi,A,恶霸,p-0968,"》的作文题,他说:“上有军阀,下有保甲,还有土朋,",",老百姓受苦受难,就象在磨盘下一样…...“王文焕有红色油印小报,星期天常把部分学生带到校外,以写生为名读投,学习马列主义。民国20年春,与赵栋如、王忠(又名王野晟)等5人在鹤峰乡建立中国共产党支部,任支部书记“九,一八“事变后,又积极参加抗日宣传活动。次年春节期间,组织地下党员"
xianzhi,A,不满,p-0969,"文中抨击假尊孔维护封建统治尊严的土蜀劣绅,当地劣绅",",向县教育局密告王“思想反动,另有他图“,次年5月,被免去校长职务。王文焕在鹤峰、龙山任教期间,育人有方,爱护贫苦学生,鼓励他们“自强不息“,颇受学生尊重。民国21年秋,与中共党员石玉贞在县城发展樊绍平、赵成佐、陈运章等9人入党,建立中共城区支部,任支部书记。在他的努力下,党员队"
xianzhi,A,破坏,p-0969,"区全体党员部署任务,粉碎敌人的反动宣传,组织武装,","敌人交通设施,为迎接红军进入城区创造条件。王文焕走邋城区周围山山岭岭,把党和红军的政策、苏区人民打土豪、分田地、当家作主的新生活宣传到家家户户。并将各类宣传品上发到水宁铺,下发到南部各地,组织党员多次割断电话线,使敌人惶惶不可终日。这年国民党军队“三路围攻“破产后,军阀部队和地方"
xianzhi,A,土豪,p-0969,"走邋城区周围山山岭岭,把党和红军的政策、苏区人民打","、分田地、当家作主的新生活宣传到家家户户。并将各类宣传品上发到水宁铺,下发到南部各地,组织党员多次割断电话线,使敌人惶惶不可终日。这年国民党军队“三路围攻“破产后,军阀部队和地方民团武装溃退到苍溪县城,打家劫舍,无恶不作。中共城厢区委决定进行武装反抗。5月6日午夜,王文焕组织中共"
xianzhi,A,国民党,p-0969,",组织党员多次割断电话线,使敌人惶惶不可终日。这年","军队“三路围攻“破产后,军阀部队和地方民团武装溃退到苍溪县城,打家劫舍,无恶不作。中共城厢区委决定进行武装反抗。5月6日午夜,王文焕组织中共党员、共青团员和“学习会“会员100余人,分布于武当、避尘、马鞍、北斗等山,号炮一响,人人手持火把、土枪,冲下山头,高呼“红军来了“,群众也"
xianzhi,A,民团,p-0969,"。这年国民党军队“三路围攻“破产后,军阀部队和地方","武装溃退到苍溪县城,打家劫舍,无恶不作。中共城厢区委决定进行武装反抗。5月6日午夜,王文焕组织中共党员、共青团员和“学习会“会员100余人,分布于武当、避尘、马鞍、北斗等山,号炮一响,人人手持火把、土枪,冲下山头,高呼“红军来了“,群众也纷纷助威,人声、枪声、鞭炮声震动山谷。苍溪"
xianzhi,A,抓获,p-0969,"王文焕、陈运章、赵成佐进城贴标语,不幸被城防司令部","。司令部从王文焕家里搜得秘密联络信件,认定王是夜袭队的负责人。在被关押审讯的七天七夜里,.王文焕受尽“坐老虎凤“、灌辣椒水、钉竹签、“背火背笺“等酷刑,宁死不屈。6月13日,英勇就义于县城西门河坝,时年27岁。解放后,苍溪人民为志纪念,将王文焕烈士所在的村命名为“文焕村“,195"
xianzhi,A,关押,p-0969,"家里搜得秘密联络信件,认定王是夜袭队的负责人。在被","审讯的七天七夜里,.王文焕受尽“坐老虎凤“、灌辣椒水、钉竹签、“背火背笺“等酷刑,宁死不屈。6月13日,英勇就义于县城西门河坝,时年27岁。解放后,苍溪人民为志纪念,将王文焕烈士所在的村命名为“文焕村“,1953年将文焕村的公路桥命名为“文焕桥“。1954年4月,苍溪县人民政府在"
xianzhi,A,公安,p-0970,"作。青来校不久,驻三台二十九军军部密电苍溪,苍溪县","局饭令:“青是共党分子,必须解聘驱逐.“安筱邱据理力争,留青继续任教。这年冬,学生掀起“驱余“活动,反对鼓吹“攘外必先安内“的公民教员、国民党苍溪县党务指导委员会委员余光玛,期末考试两个班-的学生拒给答题,集体交白卷,对此,安筱邮说:“教得不好,学生交白卷是理所当然的.“对余立即"
xianzhi,A,反对,p-0970,"力争,留青继续任教。这年冬,学生掀起“驱余“活动,","鼓吹“攘外必先安内“的公民教员、国民党苍溪县党务指导委员会委员余光玛,期末考试两个班-的学生拒给答题,集体交白卷,对此,安筱邮说:“教得不好,学生交白卷是理所当然的.“对余立即解聘。、-民国21年底,安筱邮辞去校长职务,去成都治病,民国23年春去世。罗旭初罗旭初(1905一193"
xianzhi,A,国民党,p-0970,"“驱余“活动,反对鼓吹“攘外必先安内“的公民教员、","苍溪县党务指导委员会委员余光玛,期末考试两个班-的学生拒给答题,集体交白卷,对此,安筱邮说:“教得不好,学生交白卷是理所当然的.“对余立即解聘。、-民国21年底,安筱邮辞去校长职务,去成都治病,民国23年春去世。罗旭初罗旭初(1905一1934),名文云,苍溪县王渡镇(今王渡乡)"
xianzhi,A,斗争,p-0970,"国共产党,任中共三堆石区委农运委员,从事农运和武装",",大力发展农协会员,成立农民协会,任主席。同时发展黄正秀、李玉秀、李中秀、刘文秀等人为妇女会员,1933年初,在农民协会的基础上建立第一个游击小组,开展秘密活动。罗旭初又利用私人关系,以民众维持地方自治为由,从新庙梁团正王敬之、王渡镇小学校长陈善伯处搞到毛瑟枪、汉阳枪各1支及子弹"
xianzhi,A,保安团,p-0970,"在潼川兵工厂工作的邻居张文兴回乡修配枪支;说服在县","吹号的表兄张光明请假回乡训练游击队;组织王正安、李平章等猎手在密林深处练习射击。1933年3月21日,二十九军三师驻王渡的毛克书营派排长王杰等5人潜入三堆石游击区韩正海家侦察游击小组活动情况,罗旭初立即带人包围韩宅,杀死王杰和士兵1人,活捉2人。4月22日,三堆石农民武装正式打出"
xianzhi,A,杀,p-0970,"海家侦察游击小组活动情况,罗旭初立即带人包围韩宅,","死王杰和士兵1人,活捉2人。4月22日,三堆石农民武装正式打出“中国工农红军三堆石游击大队“旗"
xianzhi,X,训练,p-0970,"乡修配枪支;说服在县保安团吹号的表兄张光明请假回乡","游击队;组织王正安、李平章等猎手在密林深处练习射击。1933年3月21日,二十九军三师驻王渡的毛克书营派排长王杰等5人潜入三堆石游击区韩正海家侦察游击小组活动情况,罗旭初立即带人包围韩宅,杀死王杰和士兵1人,活捉2人。4月22日,三堆石农民武装正式打出“中国工农红军三堆石游击大队"
xianzhi,A,杀,p-0971,"书企图消灭游击区,率120余人从小安滩过河,沿途烧","抢掉,还特地放火烧了罗旭初的房子,行至王佐山下,由赵鲁平、车云海、罗旭初组织埋伏的游击队、妇女队、少先队300多人一齐冲出,杀退毛部,保卫了红色区域。当罗旭初赶回家灭火时,发现路边树上用刀子载一纸条,上书:“不投降,这次烧了房,下次要你脑袋.“此时毛克书和民团还悬赏1000个大洋"
xianzhi,A,民团,p-0971,"“不投降,这次烧了房,下次要你脑袋.“此时毛克书和","还悬赏1000个大洋买罗旭初的头。罗旭初的家被毁了,只好搬到三堆石其舅父黄正宥、黄正海家栖身。6月,红军进入苍溟,中共苍溪县委成立,罗旭初任县委书记。9月8日在文昌官召开芜溪县第一次工农兵代表大会,成立苍溪县苏维埃政府,通过《苍溪县第一次工农兵代表大会决议},在“一切为了战争“的"
xianzhi,A,大会,p-0971,"委书记。9月8日在文昌官召开芜溪县第一次工农兵代表",",成立苍溪县苏维埃政府,通过《苍溪县第一次工农兵代表大会决议},在“一切为了战争“的思想指导下,罗旭初领导人民进行民主建政,打土豪,分田地;动员群众参加红军,支援前线。仅三堆石、错山垭、四蛮蹋3个乡苏即动员911名青年参加红军,一次就为红军送去棺衣290套、布鞋1.5万双、草鞋2"
xianzhi,A,民主建政,p-0971,"在“一切为了战争“的思想指导下,罗旭初领导人民进行",",打土豪,分田地;动员群众参加红军,支援前线。仅三堆石、错山垭、四蛮蹋3个乡苏即动员911名青年参加红军,一次就为红军送去棺衣290套、布鞋1.5万双、草鞋2.5万双、兵簌2.5万顶、柴草5000捡,猪肉、粉条、豆腐、蔬菜等12万余斤,粮食5500多|斤。1934年10月20日晚"
xianzhi,A,土豪,p-0971,"战争“的思想指导下,罗旭初领导人民进行民主建政,打",",分田地;动员群众参加红军,支援前线。仅三堆石、错山垭、四蛮蹋3个乡苏即动员911名青年参加红军,一次就为红军送去棺衣290套、布鞋1.5万双、草鞋2.5万双、兵簌2.5万顶、柴草5000捡,猪肉、粉条、豆腐、蔬菜等12万余斤,粮食5500多|斤。1934年10月20日晚上,在讨"
xianzhi,A,地主,p-0971,",红军驻王渡镇部队张参谋说:“这人不劳而获,应划为",".“罗旭初说:“他是乞丐,虽是头头,但无田无地,应是无产阶级.“两种意见针锋相对,僵持不下.张参谋火了,将皋子-一拍,说,“你是“改组派「,帮地主说话,为地主富农掌权.“随即拿出一个什么文件,以“改组派“的内容来对照,一顶顶帽子压地而来:“改组派是代表富农、地主、资产队级利益的反"
xianzhi,A,富农,p-0971,"子-一拍,说,“你是“改组派「,帮地主说话,为地主","掌权.“随即拿出一个什么文件,以“改组派“的内容来对照,一顶顶帽子压地而来:“改组派是代表富农、地主、资产队级利益的反革命集团“,““改组派是实行土地革命的敌人“,“改组派是苏维埃及红军的敌人“,遂将罗旭初抓捕押往县苏维埃保卫局。、罗旭初将被处决的消息传开,三堆石、王佐山、犁辕滩"
xianzhi,A,反革命,p-0971,"压地而来:“改组派是代表富农、地主、资产队级利益的","集团“,““改组派是实行土地革命的敌人“,“改组派是苏维埃及红军的敌人“,遂将罗旭初抓捕押往县苏维埃保卫局。、罗旭初将被处决的消息传开,三堆石、王佐山、犁辕滩等地的共产党员、共青团员、游击队员300多人签名取保不成,10月22日在老观场道误杀。时年29岁。1987年3月,中共苍溪"
xianzhi,A,处决,p-0971,"“,遂将罗旭初抓捕押往县苏维埃保卫局。、罗旭初将被","的消息传开,三堆石、王佐山、犁辕滩等地的共产党员、共青团员、游击队员300多人签名取保不成,10月22日在老观场道误杀。时年29岁。1987年3月,中共苍溪县委组织部、苍溪县“二战“肃反错案复查办公室为罗旭初平反昭雪,恢复名誉。王子合王子合(1908一1935),苍溪县运山乡王家"
xianzhi,A,错案,p-0971,"87年3月,中共苍溪县委组织部、苍溪县“二战“肃反","复查办公室为罗旭初平反昭雪,恢复名誉。王子合王子合(1908一1935),苍溪县运山乡王家坡人。家庭贫察,少年时当长工。1933年5月参加红军,不久任文昌区苏维埃主席。9月在苍溪县第一次工农兵代表大会上被选为县苏维埃政府副主席,后又勇平土匪,为民除害,加入中国共产党,同时被选为中"
xianzhi,A,复查,p-0971,"年3月,中共苍溪县委组织部、苍溪县“二战“肃反错案","办公室为罗旭初平反昭雪,恢复名誉。王子合王子合(1908一1935),苍溪县运山乡王家坡人。家庭贫察,少年时当长工。1933年5月参加红军,不久任文昌区苏维埃主席。9月在苍溪县第一次工农兵代表大会上被选为县苏维埃政府副主席,后又勇平土匪,为民除害,加入中国共产党,同时被选为中共川"
xianzhi,A,平反,p-0971,"委组织部、苍溪县“二战“肃反错案复查办公室为罗旭初","昭雪,恢复名誉。王子合王子合(1908一1935),苍溪县运山乡王家坡人。家庭贫察,少年时当长工。1933年5月参加红军,不久任文昌区苏维埃主席。9月在苍溪县第一次工农兵代表大会上被选为县苏维埃政府副主席,后又勇平土匪,为民除害,加入中国共产党,同时被选为中共川陋省委委员。|"
xianzhi,A,土匪,p-0971,"工农兵代表大会上被选为县苏维埃政府副主席,后又勇平",",为民除害,加入中国共产党,同时被选为中共川陋省委委员。|"
xianzhi,A,国民党,p-0972,"斗寨负伤的红军某部团长和政治干部小徐到县委,中途逼","军队,战斗中,团长、小徐及护送战士20多人英勇牺牲,只制下王子,合及县苏维埃副主席蒋得鑫二人。他俩分路突围,王子合不幸负伤,落入国民党军队手中。他大义凛然,毫不畏悸,在老观场死于“五牛分尸“的酷刑。,石磨玉石磨玉(1910一1935),女,苍溪县五里乡人。1933年红四方面军到苍"
xianzhi,A,死于,p-0972,"落入国民党军队手中。他大义凛然,毫不畏悸,在老观场","“五牛分尸“的酷刑。,石磨玉石磨玉(1910一1935),女,苍溪县五里乡人。1933年红四方面军到苍溪后,石磨玉参加赤卫队任队长,胆识过人,作战勇敢。1934年秋,红军与田颂尧部隔江对峙时,石磨玉组织妇女、儿童开展宣传攻势,瓦解田军。田军过江抢粮,石磨玉又率赤卫队阻击。1935"
xianzhi,A,会议,p-0972,"相才等参加中共川陕省委在三堆石召开的游击区干部代表",".会后,参加中共城厢区委组织的抗暴活动,作情报联络员。6月6日,中共城厢区委书记王文焕被捕后,陶家华借给城防司令部警卫排长陈寿山洗衣服的机会,7天内两次探望王文焕。1933年红四方面军即将解放苍溪县城时,军闻田颂尧部驻防嘉陵江两岸,形势十分"
xianzhi,A,监狱,p-0973,",被田颂尧部包园,母周氏及8个月的小女红英均被关进",";敌人抄家,陶家屋内被深挖三尺,在灶下挖出宣传品5卷、红旗1面、手枪1支、子弹10发。陶家华经受住种种酷刑,坚贝不屈,回答敌人说:“人头落地,也休想从我口中得到你们所需要的东西.“于4月5日凌晨慷慨就义。陈子谦陈子谦(1906一1935),名兴让,号静秋,苍溪县云峰乡虎背村人。家"
xianzhi,A,国民党,p-0973,"外围组织“涪波社“发动群众,列出20多条罪状上告到","二十九军军部。军长田颂尬派少将参军龙杰三接替了范的校长职务。年底陈子谦转为中共正式党员,常到茶馆、入闹市、进工厂、去农家,或宣传革命道理,做民运工作;或秘密集会,壮大组织。为贯彻中共“八,七“会议和“六大“精神,以武装的革命反对武装的反革命,陈子谦与党组织多方调查,以离县城较远的"
xianzhi,A,会议,p-0973,"运工作;或秘密集会,壮大组织。为贯彻中共“八,七“","和“六大“精神,以武装的革命反对武装的反革命,陈子谦与党组织多方调查,以离县城较远的黄泥井为武装斗争突破口。这里盘产食盐,盐民饱受暴征,苦不堪言。他们组织觉醒盐民,于民国21年冬月二十八日晚,袭击黄泥井公垣,与盐民里应外合,声东击西调开武装税警,用仅有的一只手枪,劫持黄泥井公垣盐"
xianzhi,A,反对,p-0973,"贯彻中共“八,七“会议和“六大“精神,以武装的革命","武装的反革命,陈子谦与党组织多方调查,以离县城较远的黄泥井为武装斗争突破口。这里盘产食盐,盐民饱受暴征,苦不堪言。他们组织觉醒盐民,于民国21年冬月二十八日晚,袭击黄泥井公垣,与盐民里应外合,声东击西调开武装税警,用仅有的一只手枪,劫持黄泥井公垣盐款200多元银圆。次年初,陈子谦"
xianzhi,A,反革命,p-0973,"八,七“会议和“六大“精神,以武装的革命反对武装的",",陈子谦与党组织多方调查,以离县城较远的黄泥井为武装斗争突破口。这里盘产食盐,盐民饱受暴征,苦不堪言。他们组织觉醒盐民,于民国21年冬月二十八日晚,袭击黄泥井公垣,与盐民里应外合,声东击西调开武装税警,用仅有的一只手枪,劫持黄泥井公垣盐款200多元银圆。次年初,陈子谦任少共潼川中"
xianzhi,A,斗争,p-0973,"陈子谦与党组织多方调查,以离县城较远的黄泥井为武装","突破口。这里盘产食盐,盐民饱受暴征,苦不堪言。他们组织觉醒盐民,于民国21年冬月二十八日晚,袭击黄泥井公垣,与盐民里应外合,声东击西调开武装税警,用仅有的一只手枪,劫持黄泥井公垣盐款200多元银圆。次年初,陈子谦任少共潼川中心县委书记,利用矛盾,除掉焕兴乡.团总。与此同时,.陈子"
xianzhi,A,团总,p-0973,"子谦任少共潼川中心县委书记,利用矛盾,除掉焕兴乡.","。与此同时,.陈子谦还多次回芯溪策划农民暴动,打击反动派嗣张气焰,曾先后兼任地下党城厢区委和三堆石区委副书记。1933年6月23日,中共川陕省委第二次代表会议决定成立中共苍溪县委,陈子谦任"
xianzhi,A,会议,p-0974,"药、粮食、盐巴,工作出色。一次徐向前在中共苍溪县委","上说:“我们的同志要是都根陈子谦,共产三年就会成功.“193:华12月11日,在巴中召开的川陕省第三次工农兵代表大会上,苍溪被评为模范县.会后,陈子谦任中共川陕省妮秘书长.1935年春,陈子兜为红四方面军强渡嘉陵江赶造战船走乡串户,指派船工李在安任造船厂工会委员长,集中工启、民工"
xianzhi,A,大会,p-0974,"华12月11日,在巴中召开的川陕省第三次工农兵代表","上,苍溪被评为模范县.会后,陈子谦任中共川陕省妮秘书长.1935年春,陈子兜为红四方面军强渡嘉陵江赶造战船走乡串户,指派船工李在安任造船厂工会委员长,集中工启、民工近400人,造船75只,扎浮桥两座,保证了苍溪塔山湾主渡口红军渡江任务的完史。1红四方面军渡过嘉陵江后,阿子谦又协同"
xianzhi,A,公安,p-0975,"师刘树被抓,舒宁转移到三川乡下何家岩,不久被捕。县","局长令写“悔过书“舒宁说:“我无过可俊!“半个字也未写。他趁看守不注意迷出虎口,同杨浩然等转移到石门、唤马一带继续进行秘密活动。1933年春,舒宁、李开湘、李元首、孟知先、孟觉先、陈长新、杨震等中共党员在三川寺开会,决定到四蛮寨打游击。3月11日深夜,舒宁、李开湘等7人从孟家嘴出"
xianzhi,A,民团,p-0975,"朋“及揉毁“锆把会“》、“瓮中捉整“等战斗,打击了","的威风,缴获一批枪支,壮大了游击队伍。游击队与川陕省委取得联系后,舒宁任红军游击大队政治委员。1935年任红四方面军总医院政治部秘书。在长征途中病故。姚家润姚家涧(1919一1939》,苍漫县新观乡人。1933年参加中国工农红军,为三十三军九十一师政治部新剧团演员。长征路上加入中"
xianzhi,A,抵抗,p-0975,"冲击、掩护另两个班顺利突围。姚家涧和15名战士顽强",",共杀伤敌人近百名。由于敌我力量过于冒悬殊,全班战士相继壮烈特牲,姚家浪的双膈负伤。最后,当一群日伪军扑近时,他拉"
xianzhi,A,杀,p-0975,"护另两个班顺利突围。姚家涧和15名战士顽强抵抗,共","伤敌人近百名。由于敌我力量过于冒悬殊,全班战士相继壮烈特牲,姚家浪的双膈负伤。最后,当一群日伪军扑近时,他拉"
xianzhi,A,国民党,p-0976,"1943),名钟秀,字舒荣,苍溪县天观乡杨岳村人。","员。清宥统元年(1909)于成都省立农业专门学校林本科毕业。次年去日本考察。回国后,于民国初年任省教育厅督学、安岳县法官。民国4年(1915)至15年,先后任苍溪蚕务局局长、实业所所长、实业局局长,欲以“实业救国“,变革社会,提高民众文化水平。在实,业局办实业学校,提倡“改良白蚕"
xianzhi,A,反对,p-0976,"乡村师范学校,自任校长,致力于传擎新思想、新文化,","封建礼教;鼓励女生剪发辩,不缠脚,参加社会活动。.'民国24年,李阳川任苍溪县政府第一科科员。民国29一31年任三川中心国民学校教员,被选为县临时参议会参议员。后回乡养病。李阳川在家养病期间,劝民栽桑养蚕,作种植试验;从成都引进西红柿种,传授根培技术。对有志于求学的贫苦青年,邀集"
xianzhi,A,土豪,p-0977,"刘湘“、“活捉田冬瓜(田颂尧)“、“打倒贪官污吊、","劣绅“、“赤化全川“、“红军万岁“等等,-蒲云芝皆锡刻细致传祢。1935年,蒲云芝卧病在床,怀着依依不史的心情送别了红军。红军离开苍溪后的6月25日深夜,蒲云芝被还乡团抓入城隍庙,严刑审讯,未吐半句实候。保释回家后,保长又限令半月内铲尽全城的红军石刻标语,否则坐“回笼“班房,把全"
xianzhi,A,保长,p-0977,"团抓入城隍庙,严刑审讯,未吐半句实候。保释回家后,","又限令半月内铲尽全城的红军石刻标语,否则坐“回笼“班房,把全家赶出县城。蒲云芝带着小儿桂林,违心地“铲除“标语。凡不显眼的标语尽量不铲或铲去轮廓,让能辨认;凡能迁走的则设法存放隐蔽处.解放后县城的几副石刻标语,就是他保存下来的。民国31年秋,苍溪县城东门外公园内竖立的“抗战阵亡将"
xianzhi,A,地主,p-0977,"16一1948),苍溪县五里乡人,家境清贫,从小给","放牛。1932年其父被地主活活打死后,同母亲及未满周岁的弟弟相依为命。1934年参加中国工农红军,次1年在长征路上加入中国共产党。1937年8月,余骑义任八路军一二九师七十二团二连指导员,率领连队奔赴抗日前线,在山西娘子关战斗中,100余名日军在密集炮火掩护下,扑向二连阵地。余骑"
xianzhi,A,打死,p-0977,"家境清贫,从小给地主放牛。1932年其父被地主活活","后,同母亲及未满周岁的弟弟相依为命。1934年参加中国工农红军,次1年在长征路上加入中国共产党。1937年8月,余骑义任八路军一二九师七十二团二连指导员,率领连队奔赴抗日前线,在山西娘子关战斗中,100余名日军在密集炮火掩护下,扑向二连阵地。余骑义沉着冷静地对战士们说:“等鬼子靠"
xianzhi,A,国民党,p-0978,"炮楼,日伪守军100余人大部被歼。1946年9月,","军队进攻华中解放区,佘骑义率七十五团在淮北战场的泗阳至淮阴运河南岸地区组织运动防御,牵制敌人,掩护我军主力部署。13日,国民党七十四师等3个整编师在数十架飞机和强大炮火掩护下扑向七十五团阵地,阵地上一片火海,余骑义率勇士们用排子手榴弹顽强抵抗。子弹、手榴弹打完了用刺刀捡,刺刀捅坏"
xianzhi,A,抵抗,p-0978,"地,阵地上一片火海,余骑义率勇士们用排子手榴弹顽强","。子弹、手榴弹打完了用刺刀捡,刺刀捅坏了用枪托打、石头硐、牙齿咬…...。经过八天八夜阻击,国民党军队前进不到50公里。1947年10月,余骑义率十四团取得“胶河大捷“,歼敌一个旅,活捉少将旅长张宗“中,1948年6月,解放华东益林镇时,余骑义发扬军事民主,将坑道挖至敌阵地前沿,"
xianzhi,A,监狱,p-0979,"4月1日,陈柏林被逢挪。,1陈柏林被关进重庆渣滓洞",",在重刑折磨下皮开肉绽,衣肉粘连。他仍坚持学习,准备为迎接解放,为新中国的建立继续工作。民国38年11月27日晚,狱中已听到长江「南岸解放炮声的时候,国民党反动派用机枪加汽油杀害狱中同志。陈柏林和300多位难友在烈火和枪弹中壮烈牺牲。"
xianzhi,A,国民党,p-0979,"1月27日晚,狱中已听到长江「南岸解放炮声的时候,","反动派用机枪加汽油杀害狱中同志。陈柏林和300多位难友在烈火和枪弹中壮烈牺牲。"
xianzhi,A,杀害,p-0979,"长江「南岸解放炮声的时候,国民党反动派用机枪加汽油","狱中同志。陈柏林和300多位难友在烈火和枪弹中壮烈牺牲。"
xianzhi,A,国民党,p-0980,"气为之一变。民国20年春,余光玖在成都师大参加中国","右派“健行社“;秋,于师大文预科毕业后,经杨旭介绍加入中国国民党、任国民党苍溪县党务指导委员会委员兼苍溪中“学公民教员。课堂上大放厥词,散布“攘外必先安内“、“剿匠治民“等言论;严格限制学生自由。加之学识疏浅,激起热血青年义愤,掀起“驱余“活动。期末考试时,两个班的学生拒绝答题,"
xianzhi,A,拒绝,p-0980,"年义愤,掀起“驱余“活动。期末考试时,两个班的学生","答题,集体交白卷。余光珩企图施以高压,进而激起全校学生声援。校方遂将余解聘。1933年红四方面军进入苍溪前夕,中共地下党员在苍、阅一带活动,余光玖以其兼任县公安局市井股股长身份同国民党二十九军驻苍何脂如沈活一气,密切注视,5月的一个晚上,中共地下党员樊绍平在县城刘家巷贴标语,佘光"
xianzhi,A,公安,p-0980,"夕,中共地下党员在苍、阅一带活动,余光玖以其兼任县","局市井股股长身份同国民党二十九军驻苍何脂如沈活一气,密切注视,5月的一个晚上,中共地下党员樊绍平在县城刘家巷贴标语,佘光玖将其逮捕杀害。红军莅临苍'漫县城时,余光玖又伙同县长王寅曦、保卫团长陶子征、教育局长李浚泉等逃往东岳乡鸣羊寺组织“赤难协济会“抗拒红军,以县政府名义拉兵派款,"
xianzhi,A,逮捕,p-0980,",中共地下党员樊绍平在县城刘家巷贴标语,佘光玖将其","杀害。红军莅临苍'漫县城时,余光玖又伙同县长王寅曦、保卫团长陶子征、教育局长李浚泉等逃往东岳乡鸣羊寺组织“赤难协济会“抗拒红军,以县政府名义拉兵派款,散凌百姓。红军离苍西进后,余光玖筏又率还乡团握白色恐怡,对苏维埃干部、红军家属及支持过红军的群众进行反攻倒算。民国27年,余光珍参"
xianzhi,A,杀害,p-0980,"共地下党员樊绍平在县城刘家巷贴标语,佘光玖将其逮捕","。红军莅临苍'漫县城时,余光玖又伙同县长王寅曦、保卫团长陶子征、教育局长李浚泉等逃往东岳乡鸣羊寺组织“赤难协济会“抗拒红军,以县政府名义拉兵派款,散凌百姓。红军离苍西进后,余光玖筏又率还乡团握白色恐怡,对苏维埃干部、红军家属及支持过红军的群众进行反攻倒算。民国27年,余光珍参加国"
xianzhi,A,抗拒,p-0980,"教育局长李浚泉等逃往东岳乡鸣羊寺组织“赤难协济会“","红军,以县政府名义拉兵派款,散凌百姓。红军离苍西进后,余光玖筏又率还乡团握白色恐怡,对苏维埃干部、红军家属及支持过红军的群众进行反攻倒算。民国27年,余光珍参加国民党四川省党员干部训练班受训期间,经黄仲翔介绍加入三民主义青年团,回苍后建立直属阀中三青团分团部筹备处区队1个、分队3"
xianzhi,A,三青团,p-0980,"经黄仲翔介绍加入三民主义青年团,回苍后建立直属阀中","分团部筹备处区队1个、分队3个,介绍、征集团员60余人。民国28年2月至民国32年12月,任国民党苍溪县党部书记长。民国31年并兼任县临时参议会参议员、县银行董事长;民国32年任四川省第二届参议会候补参议员。余在任书记长期间,积极发展组织,征训党员,协助推行政令,在全县设}国民党"
xianzhi,A,关押,p-0980,"同时,余光玖与县长曾锦柏一道于民国30年1月逮捕、","中共地下党员潘实之等人。民国33年,余光玫回苍溪中学任教。次年春夏,地方实力人物陶友万与杨旭、刘金先等产生内训,矛盾激化,余见势难支,随县长罗映江去昭化县,任昭化县第二区区长、后任第三科科长,民国36年任广汉县第二科科长,后任第一科科长兼田粮管理处副处长。1950年镇反中,余光玖"
xianzhi,A,镇反,p-0980,"科长,后任第一科科长兼田粮管理处副处长。1950年","中,余光玖被人民政府依法处决。"
xianzhi,A,处决,p-0980,"理处副处长。1950年镇反中,余光玖被人民政府依法","。"
xianzhi,X,训练,p-0980,"攻倒算。民国27年,余光珍参加国民党四川省党员干部","班受训期间,经黄仲翔介绍加入三民主义青年团,回苍后建立直属阀中三青团分团部筹备处区队1个、分队3个,介绍、征集团员60余人。民国28年2月至民国32年12月,任国民党苍溪县党部书记长。民国31年并兼任县临时参议会参议员、县银行董事长;民国32年任四川省第二届参议会候补参议员。余在"
xianzhi,A,国民党,p-0981,"运活动,创办“辅仁书社“,发行《共产党宣》等书刊。","驻军旅长税梯青捕姚等入狱。对此,常诲清反对审训,主张说服感化。后来姚希夷等获得释放。民国17年成郭“二.一六“惨案后,共产党员李蕴璞被三军(邓、田、刘)通缉,得常诲清、李子仪多方周旋,《方免于难。常诲清还于巴中办“劝业会“,组织川北各县的土特产品,如黑木耳、白蜡、「油桐、生丝、药"
xianzhi,A,反对,p-0981,"书刊。国民党驻军旅长税梯青捕姚等入狱。对此,常诲清","审训,主张说服感化。后来姚希夷等获得释放。民国17年成郭“二.一六“惨案后,共产党员李蕴璞被三军(邓、田、刘)通缉,得常诲清、李子仪多方周旋,《方免于难。常诲清还于巴中办“劝业会“,组织川北各县的土特产品,如黑木耳、白蜡、「油桐、生丝、药材、珍禽奇兽及历史文物在巴中中学校园展销一"
xianzhi,A,大会,p-0981,"军驻区事务部财务处处长。民国20年出席南京国民代表",",集体加入国民党。会上提议从政治、经济、国防通盘考虑,修筑川汉、川陕、川康、川滇四条铁路。后仍任二十九军驻区事务部财务处处长兼川北盐运副使。此间,接受田颂尧赠予的盐税印收和奖励款各1万元;接受二十九军将领赠予的成都市岱岳庙庙"
xianzhi,A,会上,p-0981,"。民国20年出席南京国民代表大会,集体加入国民党。","提议从政治、经济、国防通盘考虑,修筑川汉、川陕、川康、川滇四条铁路。后仍任二十九军驻区事务部财务处处长兼川北盐运副使。此间,接受田颂尧赠予的盐税印收和奖励款各1万元;接受二十九军将领赠予的成都市岱岳庙庙"
xianzhi,A,会议,p-0982,"67。产一股建房。民国22年,参加四川省十四区行政",",倡言民心、热情、正气是政治原动力“九,一八“事变后,全国兴办乡村贫民教育,为培养苍溪师资,推荐潘实之、蔡达源、陶炎武去全国三大基地之一的河北定县学习,并给每人发大洋200元作学习费用。民国2年苍溪推行新政,成立民众教育馆,推进社会教育,常诲清购赠《四部备要)、《万有文库》等图书"
xianzhi,A,会上,p-0982,"长曾锦伯邀请常诲清、陶友三、罗治平等商讨处置办法。","国民党苍溪县党部书记长余光玛宣布潘、杨等“罪名“,满座寂然。常诲清首先表态说:“苍溪素来平静,未闻有什么共产党的说法。这些青年才从学校出来,各做各的事,是鱼多塘小,争饭碑搞出来的。争饭不要在碑里争,要在锅里争,仓里去争。拿些人出去做事,解决了饭碰问题,自然就没事了。“一席话说得与"
xianzhi,A,国民党,p-0982,"锦伯邀请常诲清、陶友三、罗治平等商讨处置办法。会上","苍溪县党部书记长余光玛宣布潘、杨等“罪名“,满座寂然。常诲清首先表态说:“苍溪素来平静,未闻有什么共产党的说法。这些青年才从学校出来,各做各的事,是鱼多塘小,争饭碑搞出来的。争饭不要在碑里争,要在锅里争,仓里去争。拿些人出去做事,解决了饭碰问题,自然就没事了。“一席话说得与会者默"
xianzhi,A,大会,p-0982,"事长,当选为国大代表。民国37年3月,出席国民代表","时,署名附议“巴山设防“,次年参加熊克武、邓锡侯、刘文辉组织的“川康建设协会“′1951年3月2日,常诲清因“特务罪“在蓉被捕,误被“判处死刑,没收财产“。12,月5日在苍溪县城处决。1987年广元市中级人民法院和中共四川省委统战部子以平反,宣告无罪。邓世钧邓世钧(1916一19"
xianzhi,A,特务,p-0982,"的“川康建设协会“′1951年3月2日,常诲清因“","罪“在蓉被捕,误被“判处死刑,没收财产“。12,月5日在苍溪县城处决。1987年广元市中级人民法院和中共四川省委统战部子以平反,宣告无罪。邓世钧邓世钧(1916一1951),苍溪县两河乡人。家贫,读私垒1年后,随父种田。10岁时,同几个小伙伴在牌首马申培的坡上放牛,马不准放。邓世"
xianzhi,A,判处死刑,p-0982,"51年3月2日,常诲清因“特务罪“在蓉被捕,误被“",",没收财产“。12,月5日在苍溪县城处决。1987年广元市中级人民法院和中共四川省委统战部子以平反,宣告无罪。邓世钧邓世钧(1916一1951),苍溪县两河乡人。家贫,读私垒1年后,随父种田。10岁时,同几个小伙伴在牌首马申培的坡上放牛,马不准放。邓世钧反问:“不在荒坡上放牛,未"
xianzhi,A,处决,p-0982,"误被“判处死刑,没收财产“。12,月5日在苍溪县城","。1987年广元市中级人民法院和中共四川省委统战部子以平反,宣告无罪。邓世钧邓世钧(1916一1951),苍溪县两河乡人。家贫,读私垒1年后,随父种田。10岁时,同几个小伙伴在牌首马申培的坡上放牛,马不准放。邓世钧反问:“不在荒坡上放牛,未必放到田里去?“马要将牛率走,邓世钧等几"
xianzhi,A,法院,p-0982,"2,月5日在苍溪县城处决。1987年广元市中级人民","和中共四川省委统战部子以平反,宣告无罪。邓世钧邓世钧(1916一1951),苍溪县两河乡人。家贫,读私垒1年后,随父种田。10岁时,同几个小伙伴在牌首马申培的坡上放牛,马不准放。邓世钧反问:“不在荒坡上放牛,未必放到田里去?“马要将牛率走,邓世钧等几个小伙伴用使牛棍将马抽打一顿。"
xianzhi,A,平反,p-0982,"987年广元市中级人民法院和中共四川省委统战部子以",",宣告无罪。邓世钧邓世钧(1916一1951),苍溪县两河乡人。家贫,读私垒1年后,随父种田。10岁时,同几个小伙伴在牌首马申培的坡上放牛,马不准放。邓世钧反问:“不在荒坡上放牛,未必放到田里去?“马要将牛率走,邓世钧等几个小伙伴用使牛棍将马抽打一顿。邓世钧常对伙伴们说:“谁要是"
xianzhi,A,杀,p-0983,"世钓一人投掷手榴弹40多颗。手榴弹投完后又投地雷。","伤敌人70余名,粉碎敌军分进合击企图,使主力部队安全转移。邓世钧荣臀“晋察冀边区子弟兵战斗英椎“称号,获得一级英雕奖章。1950年,邓世钧参加中国人民志愿军赳朝抗美,任志愿军一八七师五五九团团长,带伤参加第五次战役。1951年5月28日,在洪川江南岸战斗中牺牲。,邓世钓的英雄事迹"
xianzhi,A,国民党,p-0983,"1),名之益,苍溪县回水乡人,成都警佐训练所毕业。","员。其祖父陶三级举家迁入县城。清末,陶友三之父陶大元及母吴氏于县衔对门开一客栈,名兴隆栈。不久,父亡母嫁。陶友三随母去继父永宁场殴占先家,并进永宁场赵锦堂杂货铺当学徒。年余后,生母、继父返县城重开客栈,陶友三人叶署刑部学吏,“学习三年,不入茶社“。19岁时婆妻李氏。一日,因父子纠"
xianzhi,A,处理,p-0983,"革司法制度,铲除诉讼积弊,得地方称颂。但陶友三一面","政务,一面利用手中职权经苑鸦片生意。烟土装载起运,贴上县衙封条,武装护送,佯称上解军"
xianzhi,X,训练,p-0983,"86一1951),名之益,苍溪县回水乡人,成都警佐","所毕业。国民党员。其祖父陶三级举家迁入县城。清末,陶友三之父陶大元及母吴氏于县衔对门开一客栈,名兴隆栈。不久,父亡母嫁。陶友三随母去继父永宁场殴占先家,并进永宁场赵锦堂杂货铺当学徒。年余后,生母、继父返县城重开客栈,陶友三人叶署刑部学吏,“学习三年,不入茶社“。19岁时婆妻李氏。"
xianzhi,A,破坏,p-0984,"有数百件。′|苍溪解放后,陶友三不顾政府三令五申,","他在五峰十六分会出租田产九真观森林一段,售款160多万元。f1951年镇反中,陶友三被人民政府依法处决。"
xianzhi,A,镇反,p-0984,"田产九真观森林一段,售款160多万元。f1951年","中,陶友三被人民政府依法处决。"
xianzhi,A,处决,p-0984,"0多万元。f1951年镇反中,陶友三被人民政府依法","。"
xianzhi,A,土匪,p-0985,"、县团练局局长。在任县团练局长期中,平定骚扰地方的","庞希元、向克卿。获县长余光武的称赞,赠予“安靖芝苜“区频一道。民国16年,李显威去国民革命军二十九军军长田颂尧部任股长、科长、处长及川西北银行经理。民国17年成都“二.一六“惨案后,“三军“(邓锡侯、田颂尧、刘文辉)通缉苍溪共产党员李蕴璞。李显威邀同二十九军财务处长常诲清对田颂尧"
xianzhi,A,在押,p-0985,"烧背、路钉板、上夹棍、吊鸭儿浮水等酷刑;摒除狱卒对","犯人的敲诈勒索。县民称忠。民国22年秋,王渡镇团总罗敬三保护中共中央特派员廖承志及四川省委书记罗世文到川陕苏区,罗被指为“明团暗匪“,田颂尧下令通缉。罗逃赴三台,求李蒲护,李显威将其安排在三台葫卢溪兑换银圆券,维持生活,并多方斡旋,化险为夷。李显威离任时,又将任期内俸给2万元捐赠"
xianzhi,A,团总,p-0985,"在押犯人的敲诈勒索。县民称忠。民国22年秋,王渡镇","罗敬三保护中共中央特派员廖承志及四川省委书记罗世文到川陕苏区,罗被指为“明团暗匪“,田颂尧下令通缉。罗逃赴三台,求李蒲护,李显威将其安排在三台葫卢溪兑换银圆券,维持生活,并多方斡旋,化险为夷。李显威离任时,又将任期内俸给2万元捐赠地方筹办“子侄幼儿园“,亲书“及人之幼“。该幼儿园"
xianzhi,A,匪,p-0985,"志及四川省委书记罗世文到川陕苏区,罗被指为“明团暗","“,田颂尧下令通缉。罗逃赴三台,求李蒲护,李显威将其安排在三台葫卢溪兑换银圆券,维持生活,并多方斡旋,化险为夷。李显威离任时,又将任期内俸给2万元捐赠地方筹办“子侄幼儿园“,亲书“及人之幼“。该幼儿园延续至今,现更名为三台幼儿园。民国24一25年,李显威任涪腔县县长。在洪腔筹办《"
xianzhi,A,反对,p-0985,"名“畸零“发表,其文一论、再论川政,主张抗战救亡,","投降,支持人民阵线,反对法西斯。1985年张秀熟在回忆录中说:“看了梁佐华同志的记述,我了解他(指李显威)过去很做了些"
xianzhi,A,国民党,p-0986,"四川省临时参议会参议员、省经济建设保管委员会委员、","四川省党部常务监察委员。民国37年,李显娆当选为国民政府中央立法院立法委员。5月中旬,与好友冯均琏在中央立法委员会提出的“清查豪门资本案“,经《大公报》登出,震动当局,李处境危迫,去上海找老友梁佐华、任廉儒。经梁、任介绍由民革中常委、民革临时工作委员会主任王葆真主持参加民革组织,"
xianzhi,A,法院,p-0986,"务监察委员。民国37年,李显娆当选为国民政府中央立","立法委员。5月中旬,与好友冯均琏在中央立法委员会提出的“清查豪门资本案“,经《大公报》登出,震动当局,李处境危迫,去上海找老友梁佐华、任廉儒。经梁、任介绍由民革中常委、民革临时工作委员会主任王葆真主持参加民革组织,并接受任务,返川策划四川地方军政人员进行起义事宜。民国38年,李显"
xianzhi,A,保安团,p-0986,"义,以加速全地区尽快易帜。不久,冯均逸率一区十多个","毅然起义。|李显威于1951年被误判死刑,1952年死于云峰乡。1987年初,经中共中央统战部、民革中央、中共四川省委统战部、四川省高级人民法院及苍溪县人民法院认真清查,确认冤判,立即平反。李显威蒙受30多年的沉冤得到春雪.罗敬三罗敬三(1885一1954),名治修,苍溪县五里乡"
xianzhi,A,误判,p-0986,"率一区十多个保安团毅然起义。|李显威于1951年被","死刑,1952年死于云峰乡。1987年初,经中共中央统战部、民革中央、中共四川省委统战部、四川省高级人民法院及苍溪县人民法院认真清查,确认冤判,立即平反。李显威蒙受30多年的沉冤得到春雪.罗敬三罗敬三(1885一1954),名治修,苍溪县五里乡人,少习武,后参军,曾随清廷四川"
xianzhi,A,死刑,p-0986,"区十多个保安团毅然起义。|李显威于1951年被误判",",1952年死于云峰乡。1987年初,经中共中央统战部、民革中央、中共四川省委统战部、四川省高级人民法院及苍溪县人民法院认真清查,确认冤判,立即平反。李显威蒙受30多年的沉冤得到春雪.罗敬三罗敬三(1885一1954),名治修,苍溪县五里乡人,少习武,后参军,曾随清廷四川"
xianzhi,A,死于,p-0986,"然起义。|李显威于1951年被误判死刑,1952年","云峰乡。1987年初,经中共中央统战部、民革中央、中共四川省委统战部、四川省高级人民法院及苍溪县人民法院认真清查,确认冤判,立即平反。李显威蒙受30多年的沉冤得到春雪.罗敬三罗敬三(1885一1954),名治修,苍溪县五里乡人,少习武,后参军,曾随清廷四川"
xianzhi,A,平反,p-0986,"级人民法院及苍溪县人民法院认真清查,确认冤判,立即","。李显威蒙受30多年的沉冤得到春雪.罗敬三罗敬三(1885一1954),名治修,苍溪县五里乡人,少习武,后参军,曾随清廷四川"
xianzhi,A,杀,p-0987,"督赵尔丰部平定西藏之乱。辛亥革命前夕,目睹赵尔丰屠","保路请愿群众,在风云突变中,笃信孙中山的三民主义,将自己的名字定为“敬三“,参加保路同志会,反对赵尔丰。不久返乡。罗敬三嗣刀矛、长枪械技击,返乡后曾任阆中县北二区观音团团防教练。民国9年(1920)回王渡任保长,民国12年任王渡镇下段团总兼民团大队长。由于清剿九龙山和烟峰楼土匪有"
xianzhi,A,反对,p-0987,"民主义,将自己的名字定为“敬三“,参加保路同志会,","赵尔丰。不久返乡。罗敬三嗣刀矛、长枪械技击,返乡后曾任阆中县北二区观音团团防教练。民国9年(1920)回王渡任保长,民国12年任王渡镇下段团总兼民团大队长。由于清剿九龙山和烟峰楼土匪有功,县知事赠给“栋梓保障“妍金区。民国16年任王渡镇团总。罗敬三之子罗以兴、堂弟罗茂修,均系中共"
xianzhi,A,保长,p-0987,"北二区观音团团防教练。民国9年(1920)回王渡任",",民国12年任王渡镇下段团总兼民团大队长。由于清剿九龙山和烟峰楼土匪有功,县知事赠给“栋梓保障“妍金区。民国16年任王渡镇团总。罗敬三之子罗以兴、堂弟罗茂修,均系中共地下党员、苍溪县委负责人。罗敬三在他俩的影响下日趋觉醒,由同情革命到支持革命,服务革命。1932年底,红四方面军创"
xianzhi,A,团总,p-0987,"年(1920)回王渡任保长,民国12年任王渡镇下段","兼民团大队长。由于清剿九龙山和烟峰楼土匪有功,县知事赠给“栋梓保障“妍金区。民国16年任王渡镇团总。罗敬三之子罗以兴、堂弟罗茂修,均系中共地下党员、苍溪县委负责人。罗敬三在他俩的影响下日趋觉醒,由同情革命到支持革命,服务革命。1932年底,红四方面军创建川陕革命根据地时,阅南中心"
xianzhi,A,民团,p-0987,"920)回王渡任保长,民国12年任王渡镇下段团总兼","大队长。由于清剿九龙山和烟峰楼土匪有功,县知事赠给“栋梓保障“妍金区。民国16年任王渡镇团总。罗敬三之子罗以兴、堂弟罗茂修,均系中共地下党员、苍溪县委负责人。罗敬三在他俩的影响下日趋觉醒,由同情革命到支持革命,服务革命。1932年底,红四方面军创建川陕革命根据地时,阅南中心县委在"
xianzhi,A,土匪,p-0987,"王渡镇下段团总兼民团大队长。由于清剿九龙山和烟峰楼","有功,县知事赠给“栋梓保障“妍金区。民国16年任王渡镇团总。罗敬三之子罗以兴、堂弟罗茂修,均系中共地下党员、苍溪县委负责人。罗敬三在他俩的影响下日趋觉醒,由同情革命到支持革命,服务革命。1932年底,红四方面军创建川陕革命根据地时,阅南中心县委在三堆石举行农民武装暴动,次年春暴动"
xianzhi,A,保安团,p-0987,"动,次年春暴动成功。军闻罗通琼、李家钰部搜罗民团、","二三千人,沿河布防,封锁渡口,游击队陷入困境。罗以兴请罗敬三援助,罗敬三以父辈的口吻说:“你们不要脑袋啦!“但又深深沉恩。就在这时,驻王渡三营苑长毛克书前来商讨去三堆石打粮(抢粮)之事。罗敬三成竹在胸,源口答应,又连夜将罗以兴、罗茂修叫到身边,面授机宜。5月20日,兵分两路,罗敬"
xianzhi,A,旧政权,p-0987,"政治,严明的纪律,深受教育。之后,他对罗以兴说:“","已运终数尽,必然陨落;新政权是大地的新星,我支持你们。“8月,罗以兴结婚,红三十军军长余天云化装成罗以兴的同学去家祝贺,并趁机察看进军路线。作客期间与罗敬三长谈,并结下了深厚的友谊。之后,李天焕(三十军政治部主任)又与罗接触,托购武器装备红军,罗都给予了支持。秋,中央特派员廖承志"
xianzhi,A,国民党,p-0987,"带,层层设防封锁,他们要越过封锁线,实属困难,恰这","部队庆贺“国庆“,罗敬三与中共苍溪县地方组织负责人研究,就利用这一时机,给国民党正规部队送去鸡、鱼、猪肉等礼品,以慰劳官兵为由,劝其节日休假一天,由民团代岗,从而将化装成民团巡逻员的廖承志等3人送过东河,在板庙子与红四方面军"
xianzhi,A,保安团,p-0988,"不去呀1“1934年元宵节,罗敬三在苍溪县城参加县","会议,毛克书派人抓捕罗敬三,罗.从后门滑走,辗转至三台避难,三台县县长李显威言与罗是“十亲家“,尼力掩护。民国25年罗敬三回到苍溟,隐居乡里,当有人议论他家破落时,他矜持地说:“顺乎天理,合乎潮流,与时代同步,这不是沉沧,而是崎起,路是我自己选择的,不仅现在不悚,将来也不悔.“量"
xianzhi,A,会议,p-0988,"1“1934年元宵节,罗敬三在苍溪县城参加县保安团",",毛克书派人抓捕罗敬三,罗.从后门滑走,辗转至三台避难,三台县县长李显威言与罗是“十亲家“,尼力掩护。民国25年罗敬三回到苍溟,隐居乡里,当有人议论他家破落时,他矜持地说:“顺乎天理,合乎潮流,与时代同步,这不是沉沧,而是崎起,路是我自己选择的,不仅现在不悚,将来也不悔.“量罗敬"
xianzhi,A,国民党,p-0988,"都商务印书馆经理。民国15年任河南省开封市市长兼任","中央政治委员会开封分会秘书长,民国20年后的6年中,先后任上海国产商场总务部长、黄河照灾委员会主任、国民党军事委员会伤关视察团宣传部主任、南京励志会总务组长、成都励志会主任等职。陈维新与冯玉祥交情深厚,冯反对蒋介石,陈维新宣称:“冯玉祥将军的政治民主化,经济平均化,军事国有化…睾"
xianzhi,A,反对,p-0988,"长、成都励志会主任等职。陈维新与冯玉祥交情深厚,冯","蒋介石,陈维新宣称:“冯玉祥将军的政治民主化,经济平均化,军事国有化…睾以责蒋,态度泾渭分明.30年代修筑川陕公路时,苍溪民工于民国25年夏完成"
xianzhi,A,民团,p-0989,"全部民工。民国25年和次年苍溪大早,县人黄聚五率饥","上省请感,陈维新向省主席刘湘陈述“苍漫野无青草之惨状,人民室如悬罄之艰辛“后,刘湘免去了苍溪全县全年税粮。民国26年8月14日,陈维新在南京八封洲为营救25位农民下狱事,被谷正伦、夏超俊以异党扰乱后方论罪途捕监禁,经朱庆澜、戴季陶、钮永建、阈宝航等保释,回川于成都、灌县养病。在灌"
xianzhi,A,土匪,p-0989,"耕种少许薄田瘦土和卖香、蜡、白酒为生。1950年,","头子、西南长官部“巴山中美技术合作所“李坤山率匪徒盘踞九龙山,勾结股匪头子“杨氏五郎“进行武装骚乱,危害群众,破坏新生人民政权,抢劫歧坪、岳"
xianzhi,A,匪,p-0989,"土匪头子、西南长官部“巴山中美技术合作所“李坤山率","徒盘踞九龙山,勾结股匪头子“杨氏五郎“进行武装骚乱,危害群众,破坏新生人民政权,抢劫歧坪、岳"
xianzhi,A,股匪,p-0989,"“巴山中美技术合作所“李坤山率匪徒盘踞九龙山,勾结","头子“杨氏五郎“进行武装骚乱,危害群众,破坏新生人民政权,抢劫歧坪、岳"
xianzhi,A,破坏,p-0989,",勾结股匪头子“杨氏五郎“进行武装骚乱,危害群众,","新生人民政权,抢劫歧坪、岳"
xianzhi,A,杀害,p-0990,"第三十一篇,人“物*975。,东区公所,","歧坪区民政委员吕洪元、三川区区长王先政。后率部逃到广元县境,在解放军的围剖下,又迷回九龙山老巢,妄图东山再起。「1951年1月16日黄昏,李坤山率匪徒7人窖入陶药氏家索食.陶药氏佯装殷勤,给煮饭,做菜,使其不疑。次日中午,以家中无盐为由,经“允许“,叫孙儿陶家福外出借盐报信。漓江"
xianzhi,A,匪,p-0990,"妄图东山再起。「1951年1月16日黄昏,李坤山率","徒7人窖入陶药氏家索食.陶药氏佯装殷勤,给煮饭,做菜,使其不疑。次日中午,以家中无盐为由,经“允许“,叫孙儿陶家福外出借盐报信。漓江乡政府得知李坤山行踪后,一面告知住滑江乡的解放军排长王中山率军清剿,一面通知大垭口、手把岩、玄坛庙、铁山关及土地垭的自卫队员设关堵截。王排长带领解放"
xianzhi,A,土匪,p-0990,"匠击中特牲。这时,陶药氏及其老伴、孙嫁被关在牛团,","藏在正房楼上。陶苇氏等乘匪不备,在牛国后壁打洞逆出。眼看天黑,急向王排长请求说:“匪不出来,就把房子烧了.“王排长说:“解放军有三大纪律,不能烧群众的房子.“陶芜氏说:“房子烧了修得起来,土匪跑了放虎归山.“五间草房着火了。李坤山等三匪窜出,全被击毙;其余四匪逃跑,三日内全部抓获"
xianzhi,A,击毙,p-0990,"放虎归山.“五间草房着火了。李坤山等三匪窜出,全被",";其余四匪逃跑,三日内全部抓获。事后县人民政府赠给陶芜氏的锦旗上书:“为民除害,剿匪有功“。川北行署授予她“治安剿匪模范“称号,号召川北人民向她学习。马三林“马清武马三林(1936一1957),其父马清武(1911一1958),苍溪县石门乡七星村人。马三林1953年起学石工手艺,"
xianzhi,A,抓获,p-0990,"坤山等三匪窜出,全被击毙;其余四匪逃跑,三日内全部","。事后县人民政府赠给陶芜氏的锦旗上书:“为民除害,剿匪有功“。川北行署授予她“治安剿匪模范“称号,号召川北人民向她学习。马三林“马清武马三林(1936一1957),其父马清武(1911一1958),苍溪县石门乡七星村人。马三林1953年起学石工手艺,在修建利民水库时,参加涵卧管安"
xianzhi,A,剿匪,p-0990,"。事后县人民政府赠给陶芜氏的锦旗上书:“为民除害,","有功“。川北行署授予她“治安剿匪模范“称号,号召川北人民向她学习。马三林“马清武马三林(1936一1957),其父马清武(1911一1958),苍溪县石门乡七星村人。马三林1953年起学石工手艺,在修建利民水库时,参加涵卧管安砌、打炮眼、放炮等,均不甘示弱。库成后,任水库管水员。"
xianzhi,A,征粮,p-0991,"回苍溪,任县警卫苑大队长。1950年9月,在榜树乡","群众大会上讲话时,用手枪敲击讲柜造成走火伤人,被开除党籍,转业回家。1953年县人民政府安排白明清看管县政府大礼堂。他工作认真,不循私情,在礼堂周围植校树数十株,儿年后绿树成萍。′1959年10月,白明清被安排看管国苑田菜溪斑人林。没有住房,亲自平整地基,挖土筑墙,搬运木料。仅花"
xianzhi,A,群众大会,p-0991,"溪,任县警卫苑大队长。1950年9月,在榜树乡征粮","上讲话时,用手枪敲击讲柜造成走火伤人,被开除党籍,转业回家。1953年县人民政府安排白明清看管县政府大礼堂。他工作认真,不循私情,在礼堂周围植校树数十株,儿年后绿树成萍。′1959年10月,白明清被安排看管国苑田菜溪斑人林。没有住房,亲自平整地基,挖土筑墙,搬运木料。仅花400多"
xianzhi,A,拒绝,p-0991,"自己掏钱买、其内侄专来斑竹林要点笋壳夹雨帽,他当面",";一川剧演员向他要根斑竹腈衣服,他说:“买可以,国家财产没法送人情.“1964年,白明清胃大出血,医治无效,4月24日在县人民医院逝世。庞克道庞克道(1899一1964),苍溪县鞍子乡双山村人。少时家境清贫,读书4年后拜师学医,20岁时半农半医,1933年参加红三十三军军医院工作"
xianzhi,A,大会,p-0992,"悟》数册。.王育普曾是苍溪县第二、三、四届人民代表","代表。“文化大革命“初期被赶出医院,半年后病逝。1978年11月中共苍溪县委主持召开追悼会,肯定他为人民服务的业绩。舒子铭舒子铬(1875一1969)名祖勋,苍滓县三川寺人。清光绪三十年〔(1904)留学日本早稻田大学,专攻政治经济学科。留学期间由黄兴介绍加入中国同盟会。光绪三十"
xianzhi,X,调县,p-0992,"而愈。患者曾赠以“功同良相“区频。1955年王育普","联合医院工作后,远近患者慕名而至。眙烨之年又将临床疑难杂症整理成《医业心悟》数册。.王育普曾是苍溪县第二、三、四届人民代表大会代表。“文化大革命“初期被赶出医院,半年后病逝。1978年11月中共苍溪县委主持召开追悼会,肯定他为人民服务的业绩。舒子铭舒子铬(1875一1969)名祖"
xianzhi,A,大会,p-0993,"年经县人李方田、程孟平、舒世五等5人推荐为国民代表","苍漫选区代表侯选人。民国38年11月,阅中县各界成立解放委员会,舒子铭出任解放委员会委员,积极组织地方力量,为迎接大西南的解放作出贡献。1951年,川北行署召集全区各界人士代表大会,舒子铭应邀作为代表参加大会、为川北解放后的各项工作提出合乎民心的建议,深受行署主任胡耀邦的重视。1"
xianzhi,A,斗争,p-0993,"月,任土沟抗日根据地行政村长,带领群众积极支援抗日",",打击日传汉好。1940年2月,加入中国共产党。1942年调河曲县供销合作社工作,先后任商店经理、贸易局会计、工商局会计股长、县社主任等职、1949年随军南下,次年任广元银行代会计股长、业务股长、人事股长。1951年9月,任苍溪县人民银行行长。苗裕厚在人民银行工作期间,面向农民,"
xianzhi,A,土改,p-0993,"立奋斗目标。据东溪区调查,原有的4843户贫农中,","后4年间,51.5%的户生产水平得到提高。《大公报》于1966年4月对其经验作了专题报导。1956年3月,苗裕厚当选为苍溪县人民委员会县长,常深夜翻阅文件,回省工作,不|办完当天应办的事,是不随便休息的。他用“从群众中来,到群众中去“的方法指导工作,夏天晚饭后休息时,总要同干部一"
xianzhi,A,会议,p-0993,"领导干部随意叫粮点开仓放粮,立即回区召开单位负责人",",进行严肃批评纠正。在岳东公社检查时,亲自上粮固检查质量,看有无虫、震、鼠、雀危害。当时,有人反映九龙山0农场财务管理混乱,苗裕厚立即指派民政、财政两局干部前去查帐,并亲临现场听汇报,看凭证,审帐筠,对涉嫌人员谈话,一笔一笔核对数字,不到一月查得水落石出。一次,一副县长批给东青区"
xianzhi,X,名单,p-0994,"部分。县人委先后配购8次,每次苗裕厚都要问秘书室“","当众公布没有?“当时生活困难,他从不接受物资部门的特殊供应。1961年苗裕厚到区调查群众生活,发现不少群众因生活差发生水肿,区上为他煮点好饭,他不吃,反说:“你们去看一下社员吃的喝?“1961一1962年,大儿子在中学读书,没有面盆,没有鞋穿,妻子张玉容找商业局长批了一双鞋、一个"
xianzhi,A,征粮,p-0995,"样样在行,邻居称他“有出恩“。1950年,严文贵在","、剿匪、反霸、抗美援朝等运动中,多次受到县、乡人民政府表彰,被选为村长。1952年土地改革后,任中共民主村支部书记和城郊乡支部副书记,领导发展农业生产,筹办三大合作。动员全村入信用社、供销社股金412股,成立全县第一个农业生产互助组。1953年夏旱,严文贵克服“靠天吃饭“思想,提"
xianzhi,A,剿匪,p-0995,"行,邻居称他“有出恩“。1950年,严文贵在征粮、","、反霸、抗美援朝等运动中,多次受到县、乡人民政府表彰,被选为村长。1952年土地改革后,任中共民主村支部书记和城郊乡支部副书记,领导发展农业生产,筹办三大合作。动员全村入信用社、供销社股金412股,成立全县第一个农业生产互助组。1953年夏旱,严文贵克服“靠天吃饭“思想,提出“天"
xianzhi,A,反霸,p-0995,"居称他“有出恩“。1950年,严文贵在征粮、剿匪、","、抗美援朝等运动中,多次受到县、乡人民政府表彰,被选为村长。1952年土地改革后,任中共民主村支部书记和城郊乡支部副书记,领导发展农业生产,筹办三大合作。动员全村入信用社、供销社股金412股,成立全县第一个农业生产互助组。1953年夏旱,严文贵克服“靠天吃饭“思想,提出“天大早、"
xianzhi,A,土地改革,p-0995,"多次受到县、乡人民政府表彰,被选为村长。1952年","后,任中共民主村支部书记和城郊乡支部副书记,领导发展农业生产,筹办三大合作。动员全村入信用社、供销社股金412股,成立全县第一个农业生产互助组。1953年夏旱,严文贵克服“靠天吃饭“思想,提出“天大早、人大干“口号,依靠.集体力量,组织龙骨车10架、手摇车两架、库水组100多个,"
xianzhi,A,村民,p-0995,"“干田变水田,无水能栽秧“锦旗一面。同年冬,又率领","大搞农田基本建设,破冰下水除案板芽,薄土变厚100多亩。被评为剑阁专区农业劳动模范,奖给村上骏马两匹。次年川北区开展“万户干组一百乡“创模运动,严文贵互助组升为苍溪县第一个初级农业生产合作社,他被评为川北区农业劳动模范,奖水牛1头.1955年3月17日,严文贵领"
xianzhi,A,大会,p-0996,"56年5月29日,中国共产党四川省委召开第一次代表",",严文贵被选为出席大会代表。严文贵领导群众兴修水利,全村扩大旧堰10口,新建塘堰3口、堵水坝t座,同时与玉坪村联合修建水库1座,库容15万立方。民主村一直为县委农村工作试点村,县内的模范村。1959年贯彻《农业八字宪法》,“密植“时,严文贵主张因地制宜,坚持实事求是,反对浮夸。为"
xianzhi,A,反对,p-0996,"》,“密植“时,严文贵主张因地制宜,坚持实事求是,","浮夸。为此,被撒销中共民主村支部书记职务。后因心脏病久治无效,1970年去世。王长德王长德(1916一1971),女,原籍阆中县水观乡,幼时随父母迁居苍溪县石灶乡。家境贫困,迫于生计,当童养媳。1933年8月,参加中国工农红军。在长征途中运医药,送给养,救伤员,多次负伤。1936"
xianzhi,A,斗争,p-0996,"文化大革命“中,“四人帮“又以莫须有的罪名进行批判",",将其调离军事博物馆到福州军区作“离休“安置。1971年10月,王长德在江西赣州干部休养所听到林彪仓惶出逃,摔死在温都尔汗的消息时,兴奋至极,心脏病猝发,含笑去世。′"
xianzhi,A,国民党,p-0998,"支持学生“择师活动“,赶走进行反动宣传的公民教员、","苍溪县党务指导委员会委员余光珩。还于课余时间指导学生演新剧、唱歌曲,开展抗日宣传活动。1933年红军来苍前夕,为中共地下党领导的游击区捐献黄谷4石。民国28年秋,一度停办的苍溪中学复校,邹德涵又受聘从涪陵来苍任教。民国38年11月,国民党十二军胡宗南部一五四师退驻苍滓。师长黄剑夫"
xianzhi,A,平反,p-0998,"文化大革命“中被打成叛徒,中共十一届三中全会后得以","昭雪。<邹德涵曾为苍溪县各界人民代表大会学习委员会委员,苍滓县一至六届人民代表大会代表,三至六届苍漫县人民委员会委员。1979年2月11日病逝。舒辉暹舒辉暹(1897一1980),字宏远,苍溪县三川乡人。保宁联立中学毕业后,考入成都高等工业学校修业一年。民国9年(1920)随其三"
xianzhi,A,大会,p-0998,"全会后得以平反昭雪。<邹德涵曾为苍溪县各界人民代表","学习委员会委员,苍滓县一至六届人民代表大会代表,三至六届苍漫县人民委员会委员。1979年2月11日病逝。舒辉暹舒辉暹(1897一1980),字宏远,苍溪县三川乡人。保宁联立中学毕业后,考入成都高等工业学校修业一年。民国9年(1920)随其三叔舒子铭(同盟会员)到上海加入华法教育会"
xianzhi,A,土地改革,p-0998,"方医院政训指导员等职。民国34年回家闲居。解放后,","时被划为地主分子。1980年2月7日,摘掉地主分子帽子,6月14日病逝。"
xianzhi,A,地主,p-0998,"等职。民国34年回家闲居。解放后,土地改革时被划为","分子。1980年2月7日,摘掉地主分子帽子,6月14日病逝。"
xianzhi,A,处理,p-0999,"都到中国银行(即今成都市人民银行前身当试用员,白天","银行事务,晚上做党的工作.12月回到南方局(重庆)时,又将在成都工作近一年的薪金除生活费100元、交党费250元外,余下的130元买了七八十丈府绸送给机要组的同事们。工作中赵继学习周恩来对待《新华日报》严肃、认真、热情、诚恳的态度,其工作也受到周恩来的高度评价。为防止对面山头上敌"
xianzhi,A,剿匪,p-0999,"团政委,1949年8月,任川干队大队政委。其间,在","中屡建战功。解放初,赵继任重庆市房地产接管委员会军代表,对初参加工作的青年人身教言传,连清洁卫生都率先垂范。1950年任重庆税务局检查室主任,在反偷税漪税中以大光明钟表店为突破口,成绩显著,受到财政部税务总局及西南税务局双重奖励,提为副局长.1954"
xianzhi,A,斗争,p-1000,"、电务科长,曾肩负刘少奇的专用电台挺进中原敌后坚持","。1946年6月,国民党出动12个师及汉口、西安两地空军大举进攻中原解放区,中原解放军突破敌军包围、实行战略转移时,熊景钊坚守电台势,保证了和中央的下达上报联系。中华人民共和国成立初,熊景钊任中南人民广播电台副台长,在接管电台、建立电台技术管理体制和电台的扩建等方面,付出了艰辛的"
xianzhi,A,国民党,p-1000,"奇的专用电台挺进中原敌后坚持斗争。1946年6月,","出动12个师及汉口、西安两地空军大举进攻中原解放区,中原解放军突破敌军包围、实行战略转移时,熊景钊坚守电台势,保证了和中央的下达上报联系。中华人民共和国成立初,熊景钊任中南人民广播电台副台长,在接管电台、建立电台技术管理体制和电台的扩建等方面,付出了艰辛的劳动。尔后任中央广播事业"
xianzhi,A,死亡,p-1001,"芳递去一根木棍拉她上岸,杨芹英只要一伸手,便可摆脱","威胁。可她摆了摆头,再次潜水将杨小春顶向岸边。杨小春得教了,可杨芹英却献出了生命。时年11岁。杨芹英献身,共青团县、地、省委分别授孔“少年英棠“、“舍己救人的优秀少先队|员“、“优秀少先队员“称号。四川省人民政府批准为“革命烈士“。南充地区广大少先队员每人亲手劳动,捐献一分钱为杨"
xianzhi,A,反对,p-1002,"进步师生一道,参加由共产党领导的争取教育经费独立、","军阀鲸吞肉税等活动;散发“五卅“修案传单,主办《暧光》壁报,宣传进步思想。民国15年加入中国共产党的外围组织“导社“,后为“导社“负责人之一。10月,经张博诗、荀永芳介绍加入中国共产党,参加中共成都市委发动的反军闽、反特务、反官僚资本主义的斗争;支援成都郊区独轮车工人罗工和示威游"
xianzhi,A,特务,p-1002,"绍加入中国共产党,参加中共成都市委发动的反军闽、反","、反官僚资本主义的斗争;支援成都郊区独轮车工人罗工和示威游行,迫使政府取消“禁止独轮车在马路上来往“的规定。同年冬,受中共川西特委派遗,去彭山县公义乡搞农民运动,发展郭祝霖、郭祝三加人中国共产党。民国17年1月,参加“反劣币“斗争(时军阀溥造银圆、铜圆,导致货币贬值),作《劣币歌"
xianzhi,A,斗争,p-1002,"中共成都市委发动的反军闽、反特务、反官僚资本主义的",";支援成都郊区独轮车工人罗工和示威游行,迫使政府取消“禁止独轮车在马路上来往“的规定。同年冬,受中共川西特委派遗,去彭山县公义乡搞农民运动,发展郭祝霖、郭祝三加人中国共产党。民国17年1月,参加“反劣币“斗争(时军阀溥造银圆、铜圆,导致货币贬值),作《劣币歌》:,“汉字十八国,先"
xianzhi,A,杀,p-1002,",导致货币贬值),作《劣币歌》:,“汉字十八国,先","土匪后杀官;打倒反动派,人民坐江山.“这年春,成都三军(刘文辉、邓锡侯、田颂尧)联合办事处制造“二.一六“修案,大批共产党人和爱国志士被捕、被杀,李蕴璞遭明令通缉。李在彭山搞农运,并经李显威、常诲清周旋,幸免于难。当潜回成都时,组织已被破坏,与党失掉联系。遂辗转回到苍溪,更名蕴璞"
xianzhi,A,土匪,p-1002,"导致货币贬值),作《劣币歌》:,“汉字十八国,先杀","后杀官;打倒反动派,人民坐江山.“这年春,成都三军(刘文辉、邓锡侯、田颂尧)联合办事处制造“二.一六“修案,大批共产党人和爱国志士被捕、被杀,李蕴璞遭明令通缉。李在彭山搞农运,并经李显威、常诲清周旋,幸免于难。当潜回成都时,组织已被破坏,与党失掉联系。遂辗转回到苍溪,更名蕴璞。民"
xianzhi,A,被杀,p-1002,"制造“二.一六“修案,大批共产党人和爱国志士被捕、",",李蕴璞遭明令通缉。李在彭山搞农运,并经李显威、常诲清周旋,幸免于难。当潜回成都时,组织已被破坏,与党失掉联系。遂辗转回到苍溪,更名蕴璞。民国17年秋,李蕴璞在苍溪师范讲习所掉国文,次春,转苍溪中学任教,与中共地下党员青良翰、郑北辰等协力传播新文化,反对旧礼教,讲授进步诗文,灌输"
xianzhi,A,破坏,p-1002,"显威、常诲清周旋,幸免于难。当潜回成都时,组织已被",",与党失掉联系。遂辗转回到苍溪,更名蕴璞。民国17年秋,李蕴璞在苍溪师范讲习所掉国文,次春,转苍溪中学任教,与中共地下党员青良翰、郑北辰等协力传播新文化,反对旧礼教,讲授进步诗文,灌输革命理论。李蕴璞讲授亦甚得法,喜怒皆形于色,颅受学生欢迎。民国21年5月9日,学生纪念国耻,团丁"
xianzhi,A,国民党,p-1002,"活动的军训教官,民国28年5月,在中江集体加入中国","。秋,苍溪初级中学复校,囡校任代理校长兼国文教员。时值抗日战争严峻时期,李蕴璞假师生中秋赏月,讲“吃月饼、杀鞑子“的故事,昱吁全"
xianzhi,A,民团,p-1003,"“988,苍溪县志","结抗日,赶走鬼子;上作文课,又指导学生搜集儿歌、民谣,整理出抗日歌谣70多首,贴满大街小巷.几乎县城青少年都会唱其中的:“大月亮,小月亮,哥哥参军上前方。上前方,打东洋,打败鬼子保家乡。“由于李蕴璞思想活既,主张言论自由,学校地下党组织能够积极活动,发展党员10余人,并成立了学校"
xianzhi,A,国民党,p-1003,"能够积极活动,发展党员10余人,并成立了学校支部,","县党部书记长余光玖对此极为恐悸,向上密告:“苍中校异党活动猖獗“。并四处散播流言:李蕴璞作校长资历不合。李蕴璞代理校长一期,被免去职务。临行赋《远行吟》诗一首:“故园不堪问,风雨听鸡鸣。豺狼当道路,鹰犬任纵模。英才阶下囚、恶奴座上宸。世道韶如此,我唯有远行.“李蕴璞去中江中学、彭"
xianzhi,A,反对,p-1003,"年(1945)任教成都天府中学。在校宣传和平民主,","内战,反对专制。向政界公言:“学校是讲学之所,不是什么党团活动之地。“省三青团干事长李天民疑为“异端“,勇令“解聘“。离开成都。民国36年秋,李蕴璞到省立剑闻师范任教务主任一期后,去省立阅中中学任教务主任两年。此间,他常谈及“国家要变,社会要变“,示意学生“认清形势,保护好学校,"
xianzhi,A,三青团,p-1003,"公言:“学校是讲学之所,不是什么党团活动之地。“省","干事长李天民疑为“异端“,勇令“解聘“。离开成都。民国36年秋,李蕴璞到省立剑闻师范任教务主任一期后,去省立阅中中学任教务主任两年。此间,他常谈及“国家要变,社会要变“,示意学生“认清形势,保护好学校,迎接解放.“1950年!月2日,李蕴璞被选为苍溪县解放委员会主席,后任县人民政"
xianzhi,A,特务,p-1003,"授学校及苍溪中学教师。“文化大革命“中被打成叛徒、",",去九龙山农场“劳动改造“半年。中共十一届三中全会后,得到平反昭雪。1981年李蕴璞任苍溪县政协副主席,1983年又兼任县志编繁委员会副主任,为县内外党史、文史、县志撰写了大量资料。1984年9月,经省委批准恢复党籍,党龄自1938年1月算起。李蕴璞学识渊博,生平喜吟诗,有《枕上"
xianzhi,A,平反,p-1003,"山农场“劳动改造“半年。中共十一届三中全会后,得到","昭雪。1981年李蕴璞任苍溪县政协副主席,1983年又兼任县志编繁委员会副主任,为县内外党史、文史、县志撰写了大量资料。1984年9月,经省委批准恢复党籍,党龄自1938年1月算起。李蕴璞学识渊博,生平喜吟诗,有《枕上草》一卷。1985年12月21日病逝。张盛莲张盛莲(1913一"
xianzhi,A,反革命,p-1005,"出血,却在所不惜。“文化大革命“中,罗洪元被扣上“","“、“黑典型“帽子,但他一如既往。1984年10月,南部蓝水160多万立方的高观水库坝底穿一巨孔,库水外涨,危及库下80多户农民生命财产。罗洪元应邀抢救,潜水数十次,用黄泥辅以麻袋堵塞,保住了水库。罗洪元为人民利益的舍身精神深为人民颂扬。人们称他为“活雷锋“、“铁罗汉“、“川北铁"
xianzhi,A,大会,p-1006,"物“991.人“。他曾被选为苍溪县一、二届人民代表","代表,县政协一、二届委员,广元市政协委员。1986年10月28日因车祸逝世。,李一君李君(1968一1989),女,苍溪县元坝镇人。小学毕业后,到南部县升钟中学读书,加入共产主义青年团。1984年考入苍溪县城郊中学高中班学习,学习期间被评为三好学生和优秀团员。1986年高中毕业后"
xianzhi,A,特务,p-1007,"学习。1937年夏,吴忠被调入前线云阳镇八路军总部","团任排长、副连长.不久任绥东游击队大队长,配合主力部队深入日占区开展游击战。1939年冬,任八路军一一五师晋西独立支队中队长。次年7月,参加对顽军石友三部的第二次反击战。之后,任一一五师教导三旅人团副苑长、萍长,参加反击1942年9月日、伪军对我冀鲁豫抗日根据地中心区进行的“大扫"
xianzhi,A,斗争,p-1007,"日、伪军对我冀鲁豫抗日根据地中心区进行的“大扫荡“",",1945年5月,任冀鲁豫军区第八分区第五团副团长、团长。率部参加阳谷战役和冀鲁豫三路大军对日、伪军的反攻作战。1946年8月,吴忠率晋鲁豫军区第七纵二十旅五十八团参加攻击吕庄的战斗,一举歼敌一八一师及五四三团,在巨野战役中,吴忠负伤后仍指挥战斗,坚守阵地,受到刘、邓首长通令嘉奖"
xianzhi,A,歼灭,p-1007,"旅长,在.1948年的淮海战役中,率部狙击、合围、","黄维兵团。1949年2月,吴忠任二野第五兵团十八军五十二师师长,参加渡江战役,解放上海和解放大西南等一系列战役、战斗。1950年春,吾忠率五十二师参加昌都战役,后到军事学院深造。1952年任中国人民志愿军第十二军三十一师师长,赴朝参加了1952年冬季和1953年春季战役。回国后,"
xianzhi,A,大会,p-1008,"文孙(一)“重要文献、资料选苍溪县第一次工农兵代表","决议书.一九三三年九月八日苍溪县第一次工农兵代表(苏维埃》大会决议案:第一次工农兵代表大会决议为目前是两个政权(无产阶级政权与资产阶级政权〉对立的尖锐的时候,日本帝国主义在英、法等帝国主义的帮助下,已经占领了东三省、热河、家哈尔一带,其它帝国主义正在积极准备进攻苏联与瓜分中国。代"
xianzhi,A,地主,p-1008,"国主义正在积极准备进攻苏联与瓜分中国。代表中国唐绅","资产阶级的国民党军阀,最近更公开无耻的出卖投降,完成其清道夫作用,同时欲苟延整个反动统治的垂死命运。所以在各帝国主义的直接指使下,准备对苏区与红军作最后挣扎的第五次“围剿“,但在全国广大工农劳苦群众反帝反国民党的剧烈斗争之下,及苏区千百万工农红军消灭四次“围剿“的经验,对五次“围"
xianzhi,A,国民党,p-1008,"准备进攻苏联与瓜分中国。代表中国唐绅地主资产阶级的","军阀,最近更公开无耻的出卖投降,完成其清道夫作用,同时欲苟延整个反动统治的垂死命运。所以在各帝国主义的直接指使下,准备对苏区与红军作最后挣扎的第五次“围剿“,但在全国广大工农劳苦群众反帝反国民党的剧烈斗争之下,及苏区千百万工农红军消灭四次“围剿“的经验,对五次“围剖“的粉碎是很有"
xianzhi,A,斗争,p-1008,"围剿“,但在全国广大工农劳苦群众反帝反国民党的剧烈","之下,及苏区千百万工农红军消灭四次“围剿“的经验,对五次“围剖“的粉碎是很有把握的,定能彻底粉碎“围剿“,完成苏维埃中国。我红四方面军为创造中国革命西北后方,大举入川。已建立了十余县的苏区,消灭了刘存厚、田颂尧诸匪的主力。但是国民党军阀又准备以刘湘为首对川陕苏区以新的进攻。我们为"
xianzhi,A,匪,p-1008,"入川。已建立了十余县的苏区,消灭了刘存厚、田颂尧诸","的主力。但是国民党军阀又准备以刘湘为首对川陕苏区以新的进攻。我们为了彻底的消灭刘湘及四川整个军阀,到处宣传鼓动,号召广大劳苦工农群众起来认识刘湘及川陕整个军阀是帝国主义的孝子贤孙,.是屠杀川陕工农劳苦群众的剑子手.我们应千百倍的动员一切劳苦群众踊既的参加红军,"
xianzhi,A,杀,p-1008,"认识刘湘及川陕整个军阀是帝国主义的孝子贤孙,.是屠","川陕工农劳苦群众的剑子手.我们应千百倍的动员一切劳苦群众踊既的参加红军,"
xianzhi,A,大会,p-1009,"武装,为保障苏维埃政权而战,为保障土地利益而战。故","决定目前紧急任务,除坚决切实执行川陕省苏维埃第二次代表大会决议外,特提出如下几点具体工作。第一、扩大红军与地方武装。在最近要输送一千劳苦青年参加红军。并马上成立县独立团。每区除成立独立营外,并成立模范连或战斗连,每乡要成立游击队〔(人数不一定),自卫军要编成团、萍、连、排、班,少"
xianzhi,A,豪绅,p-1009,"带建立一区,三川寺建立一区。第三、集中粮食。要将从","地主反动派没收来的及公粮很快集中到苏区,县苏要集中三千贝,每区要集中五百贝。|第四、土地问题。为了彻底实现土地革命胜利,应立马以乡为单位组织查田队,实行查田运动,坚决地反对地主、富农窃取土地利益。第五、优待红军及其家属。红军是保障苏维埃政权和土地利益的,现又占领仪陇,积极进攻阅中"
xianzhi,A,地主,p-1009,"立一区,三川寺建立一区。第三、集中粮食。要将从豪绅","反动派没收来的及公粮很快集中到苏区,县苏要集中三千贝,每区要集中五百贝。|第四、土地问题。为了彻底实现土地革命胜利,应立马以乡为单位组织查田队,实行查田运动,坚决地反对地主、富农窃取土地利益。第五、优待红军及其家属。红军是保障苏维埃政权和土地利益的,现又占领仪陇,积极进攻阅中,一"
xianzhi,A,反对,p-1009,",应立马以乡为单位组织查田队,实行查田运动,坚决地","地主、富农窃取土地利益。第五、优待红军及其家属。红军是保障苏维埃政权和土地利益的,现又占领仪陇,积极进攻阅中,一片新的胜利当中,应加紧号召群众起来组织慰劳队去慰劳红军,开庆祝红军胜利大会,做鞋、打草鞋到前方去给英勇红色战士穿,实行切实为红军家属代耕。第六、迅速要将县工会及各区乡工"
xianzhi,A,富农,p-1009,"乡为单位组织查田队,实行查田运动,坚决地反对地主、","窃取土地利益。第五、优待红军及其家属。红军是保障苏维埃政权和土地利益的,现又占领仪陇,积极进攻阅中,一片新的胜利当中,应加紧号召群众起来组织慰劳队去慰劳红军,开庆祝红军胜利大会,做鞋、打草鞋到前方去给英勇红色战士穿,实行切实为红军家属代耕。第六、迅速要将县工会及各区乡工会完全建立"
xianzhi,A,反革命,p-1009,"度。第八、肃反.要加强站岗放哨,肃清暗藏在赤区内的","分子,用大力收缴民团、精选队等反动武装来武装工农,如有暗藏武装和反动派不报者,与反动派同罪。第九、禁烟问题.各级苏维埃绝对禁止摆烟灯,并应大力扩大戒烟宣传教育工作,要群众自动起来戒除。全县在今年冬月应减少百分之三十,明年三月减少去一半,五月完,全减完。第十,累进税,要广泛征收。宣"
xianzhi,A,民团,p-1009,"站岗放哨,肃清暗藏在赤区内的反革命分子,用大力收缴","、精选队等反动武装来武装工农,如有暗藏武装和反动派不报者,与反动派同罪。第九、禁烟问题.各级苏维埃绝对禁止摆烟灯,并应大力扩大戒烟宣传教育工作,要群众自动起来戒除。全县在今年冬月应减少百分之三十,明年三月减少去一半,五月完,全减完。第十,累进税,要广泛征收。宣传征收累进税的意义,"
xianzhi,A,废除旧乡保,p-1009,",要邃照有关税务条例执行。v苍溪县人民政府关于彻底","政权的指示(草案)旧乡保政权是国民党反动派统治最基层的政治组织,它直接而残酷地压迫着广大乡"
xianzhi,A,旧乡保,p-1009,"苍溪县人民政府关于彻底废除旧乡保政权的指示(草案)","政权是国民党反动派统治最基层的政治组织,它直接而残酷地压迫着广大乡"
xianzhi,A,国民党,p-1009,"府关于彻底废除旧乡保政权的指示(草案)旧乡保政权是","反动派统治最基层的政治组织,它直接而残酷地压迫着广大乡"
xianzhi,A,废除旧乡保,p-1010,"误。所以我们特作如下的指示:(1》在减程运动前径底","政权,取消旧保甲制度,暂以现行乡保区划建立人民民主的新政权。`(2)现任乡保长,一律调县学习一至二个月,再按其立功情况分别先后处理。(3)旧的乡保人员调县后,由乡农代会选举正副乡长,乡人民政府委员唯不选举,由乡长提名,经县人民政府批准委派充任(选出之正副乡长亦须报县人民政府批准任"
xianzhi,A,旧保,p-1010,"的指示:(1》在减程运动前径底废除旧乡保政权,取消","甲制度,暂以现行乡保区划建立人民民主的新政权。`(2)现任乡保长,一律调县学习一至二个月,再按其立功情况分别先后处理。(3)旧的乡保人员调县后,由乡农代会选举正副乡长,乡人民政府委员唯不选举,由乡长提名,经县人民政府批准委派充任(选出之正副乡长亦须报县人民政府批准任命)。,乡长及"
xianzhi,A,乡保长,p-1010,"暂以现行乡保区划建立人民民主的新政权。`(2)现任",",一律调县学习一至二个月,再按其立功情况分别先后处理。(3)旧的乡保人员调县后,由乡农代会选举正副乡长,乡人民政府委员唯不选举,由乡长提名,经县人民政府批准委派充任(选出之正副乡长亦须报县人民政府批准任命)。,乡长及委员产生后,即行建立乡人民政府及其委员会。乡人民政府委员会除正副"
xianzhi,A,处理,p-1010,"长,一律调县学习一至二个月,再按其立功情况分别先后","。(3)旧的乡保人员调县后,由乡农代会选举正副乡长,乡人民政府委员唯不选举,由乡长提名,经县人民政府批准委派充任(选出之正副乡长亦须报县人民政府批准任命)。,乡长及委员产生后,即行建立乡人民政府及其委员会。乡人民政府委员会除正副乡长各兼一委员外,可设委员五至七人,分掌民政、财政、"
xianzhi,A,农代会,p-1010,"功情况分别先后处理。(3)旧的乡保人员调县后,由乡","选举正副乡长,乡人民政府委员唯不选举,由乡长提名,经县人民政府批准委派充任(选出之正副乡长亦须报县人民政府批准任命)。,乡长及委员产生后,即行建立乡人民政府及其委员会。乡人民政府委员会除正副乡长各兼一委员外,可设委员五至七人,分掌民政、财政、生产、武装、公安、文教等事宜。委员成份"
xianzhi,A,副乡长,p-1010,"后处理。(3)旧的乡保人员调县后,由乡农代会选举正",",乡人民政府委员唯不选举,由乡长提名,经县人民政府批准委派充任(选出之正副乡长亦须报县人民政府批准任命)。,乡长及委员产生后,即行建立乡人民政府及其委员会。乡人民政府委员会除正副乡长各兼一委员外,可设委员五至七人,分掌民政、财政、生产、武装、公安、文教等事宜。委员成份,贫雌农必须"
xianzhi,A,乡长,p-1010,"由乡农代会选举正副乡长,乡人民政府委员唯不选举,由","提名,经县人民政府批准委派充任(选出之正副乡长亦须报县人民政府批准任命)。,乡长及委员产生后,即行建立乡人民政府及其委员会。乡人民政府委员会除正副乡长各兼一委员外,可设委员五至七人,分掌民政、财政、生产、武装、公安、文教等事宜。委员成份,贫雌农必须三分之二,但必须吸收三分之一的中"
xianzhi,A,公安,p-1010,"外,可设委员五至七人,分掌民政、财政、生产、武装、","、文教等事宜。委员成份,贫雌农必须三分之二,但必须吸收三分之一的中农和贫苦知识分子参加(农会主席一般的选为委员)。乡人民政府脱离生产的工作人员以五个为限(即正副乡长、农会主席、自卫指导员、通讯员),但因现有乡镇区域很大,工作繁多,可酌情多设脱离生产人员一至五人。乡以下,即以原来之"
xianzhi,A,农民大会,p-1010,"即以原来之保改设村,村必取代表制,村代表由农代会或","选举,按每甲选代表一人,村设代表主任一人,代表主任可半脱离生产,负责处理全村日常事务。村以下,即原来之甲,改为居民小组,每组选代表一人,不脱离生产。一九五〇年苍溪县人民政府布告民禁字615号公元1950年12月8日我县为严格执行禁烟禁毒工作+特邃照川北人民行政公署10月19日发布"
xianzhi,X,旧保甲,p-1010,"的指示:(1》在减程运动前径底废除旧乡保政权,取消","制度,暂以现行乡保区划建立人民民主的新政权。`(2)现任乡保长,一律调县学习一至二个月,再按其立功情况分别先后处理。(3)旧的乡保人员调县后,由乡农代会选举正副乡长,乡人民政府委员唯不选举,由乡长提名,经县人民政府批准委派充任(选出之正副乡长亦须报县人民政府批准任命)。,乡长及委"
xianzhi,X,调县学习,p-1010,"区划建立人民民主的新政权。`(2)现任乡保长,一律","一至二个月,再按其立功情况分别先后处理。(3)旧的乡保人员调县后,由乡农代会选举正副乡长,乡人民政府委员唯不选举,由乡长提名,经县人民政府批准委派充任(选出之正副乡长亦须报县人民政府批准任命)。,乡长及委员产生后,即行建立乡人民政府及其委员会。乡人民政府委员会除正副乡长各兼一委员"
xianzhi,X,调县,p-1010,"月,再按其立功情况分别先后处理。(3)旧的乡保人员","后,由乡农代会选举正副乡长,乡人民政府委员唯不选举,由乡长提名,经县人民政府批准委派充任(选出之正副乡长亦须报县人民政府批准任命)。,乡长及委员产生后,即行建立乡人民政府及其委员会。乡人民政府委员会除正副乡长各兼一委员外,可设委员五至七人,分掌民政、财政、生产、武装、公安、文教等"
xianzhi,A,公安,p-1011,"商贩于布告之日起立即停止苑业,限十日内向当地政府或","局全部缴呈其存货,倘有继续贩运或抗缴存货者,一经查觉定孙严厉惩办。三、原尚有继续萍业之鸦片烟馆于本布告之日起立即停止苑业,限十日之内向当地人民政府或公安局全部缴呈其烟具存货,并视得烟馆大小,没收烟馆主人本人所有属于烟馆部分之房屋和家具及科以烟主适当之罚金,其罚金数目由人民法庭判定"
xianzhi,A,惩办,p-1011,"其存货,倘有继续贩运或抗缴存货者,一经查觉定孙严厉","。三、原尚有继续萍业之鸦片烟馆于本布告之日起立即停止苑业,限十日之内向当地人民政府或公安局全部缴呈其烟具存货,并视得烟馆大小,没收烟馆主人本人所有属于烟馆部分之房屋和家具及科以烟主适当之罚金,其罚金数目由人民法庭判定之;倘有继续开设烟馆或采取其他隐蒲方式供人吸食或抗不缴呈烟具存货"
xianzhi,A,人民法庭,p-1011,"部分之房屋和家具及科以烟主适当之罚金,其罚金数目由","判定之;倘有继续开设烟馆或采取其他隐蒲方式供人吸食或抗不缴呈烟具存货者,一经查觉定孙严厉处分。四、原尚有制造白面、金丹及其他类似毒品者,即向当地人民政府或公安局自首,全部缴呈其制造工具及存货,得科以适当罚金从宽处理;敢继续制造或抗不自首者,一经查觉,定予严办。五、各通商有制造白面"
xianzhi,A,处理,p-1011,"自首,全部缴呈其制造工具及存货,得科以适当罚金从宽",";敢继续制造或抗不自首者,一经查觉,定予严办。五、各通商有制造白面、金丹及其他类似毒品之原料者,现有存货即缴昔公安机关茶毁,违者惩办。六、吸食烟毒之人民于布告之日起十日内向当地人民政府或公安局(城市向公安局、乡村向区人民政府)登记,向本县卫生院购置戒烟药品,限期戒绝,并取其亲邻保"
xianzhi,A,严办,p-1011,"金从宽处理;敢继续制造或抗不自首者,一经查觉,定予","。五、各通商有制造白面、金丹及其他类似毒品之原料者,现有存货即缴昔公安机关茶毁,违者惩办。六、吸食烟毒之人民于布告之日起十日内向当地人民政府或公安局(城市向公安局、乡村向区人民政府)登记,向本县卫生院购置戒烟药品,限期戒绝,并取其亲邻保证监视戒除,如隐瞒不登记者,一经查觉定予惩处"
xianzhi,A,土匪,p-1011,",一经查觉定予惩处。七、遏有持武装保护运贩烟毒或借","武装护送烟毒者,一经捕获,加重治罩。八、凡种、运、售、吸及制造毒者,除政府严格查禁外,并奖励人民检举告密。苍溪县人民政_府关于征集编素《苍溪县志》历史资料的通告编素新县志,是收集、整理、继承我国文化遗产的一项重要工作;是总结历史经验,继往开来,进行两个文明建设,为四化服务的千秋大"
xianzhi,A,捕获,p-1011,"遏有持武装保护运贩烟毒或借土匪武装护送烟毒者,一经",",加重治罩。八、凡种、运、售、吸及制造毒者,除政府严格查禁外,并奖励人民检举告密。苍溪县人民政_府关于征集编素《苍溪县志》历史资料的通告编素新县志,是收集、整理、继承我国文化遗产的一项重要工作;是总结历史经验,继往开来,进行两个文明建设,为四化服务的千秋大业;也是对青少年和子孙后"
xianzhi,A,斗争,p-1012,"实等各种文史资料;8、革命遗迹,包括中国共产党地下","和辛亥革命以及其他反抗反动阶级的重大活动场所等;人民抗暴事迹,包括历史上在本县发生的抗丁、抗粮、抗捐以及民变、兵变等重大事件的史实记述、回忆录和革命文物、纪念品等;历史遗迹,包括城堡、关隘、津梁、寺院、陵墓、古建筑、园林遗迹、遗址的图片和有关资料;3、辛亥革命以来有关情况的记述、"
xianzhi,A,减租,p-1012,"运动“、禁烟、募兵拉丁、修建机场、苛捐杂税、“二五","“、物价暴涨、伪钞贬值、固积居奇、高利贷、炮选贿选等;10、本县出现过的灾害和异常现象,如匪恭、瘦疫、大水灾、大旱灾、大火灾、大"
xianzhi,A,匪,p-1012,"、炮选贿选等;10、本县出现过的灾害和异常现象,如","恭、瘦疫、大水灾、大旱灾、大火灾、大"
xianzhi,A,大会,p-1013,"张贴、广播、传阅》一九八三年七月八日苍溪县人民代表","常务委员会关于加强编纂《苍溪县志》工作的决议(1984年6月23日苍溪县第九届人民代表大会常务委员会第二次会议通过》苍滓县第九届人民代表大会常务委员会第二次会议,听取了县人民政府关于编素《苍溪县志》的情况报告,会议同意这个报告。会议认为,县人民政府及其常设机构县志编纂办公室,自去"
xianzhi,A,会议,p-1013,"6月23日苍溪县第九届人民代表大会常务委员会第二次","通过》苍滓县第九届人民代表大会常务委员会第二次会议,听取了县人民政府关于编素《苍溪县志》的情况报告,会议同意这个报告。会议认为,县人民政府及其常设机构县志编纂办公室,自去年八月以来,在编纂《苍滓县志》工作方面,做了许多工作,基本打开了局面,取得了初步成效,会议对此表示满意。会议认"
xianzhi,A,会议,p-1014,",附“录“999。行的。","要求政府进一步加强领导,组织实施,尽快掀起修志热湖,保证按时完成修志任务。苍溪县给党中央写信提出建议||精简机构要简、虑、撒、并中央领导同志指出要下决心解决各级机构越来越大、人员越来越多的问题新华社编者按:中共苍溪县委最近在写给党中央的信中,提出了精简机构、减少层次的四条建议.中"
xianzhi,A,会议,p-1015,"构、人员可以大大精简,财政开支可以大大缩减,文件、","可以大大减少,工作效率可以大大提高,党群关系必将更加密切。来信还就机构改革精简下来的干部的安排问题,提出了设想。(注:载于1985年7月8日《人民日报》》(二)历代《苍溪县志.序》选清康熙《苍溪县志》序国有史、县有志,所有载往绩而昭将来也。史举其要,志核其详,史又群志所萃,故周礼"
xianzhi,A,不满,p-1017,"以表为?余独念贤侯当国家草昧时,以明经来宰余邑,城","百家,风鹤之警,所在堪虞。赖公招徕扳字,民有环堵。时值编粮橄下,他邑多粉饰涌色以进;公则所造皆实,不忍虚浮,以贻民累。册上,大吏震怒,碎之,合胥皆股粟失色;公气不稍挫,站将原册上之日:“吾官可弃,吾册不可易也.“大吏为改容。此一事也,其有造于吾苍者,岂细故哉!无何公疾不起,卒于官"
xianzhi,A,国民党,p-1018,"工农红军第四方面军奉命渡江西进,配合中央红军北上。","集五十三个团兵力,沿嘉陵江西岸严密布防,阻其进军。红四方面军总部运筹决断,选定此处为渡江突破口。3月28日夜,红三,十军先头部队奇袭登陆,迅即强攻,击溃守敌,胜利渡江。同时红三十一军、九军也分别在上游震溪口下游涧溪口强渡成功。十万红军乘胜挺进,一扫千里,在我军战争史上-写下光辉的"
xianzhi,A,斗争,p-1025,"浪向天开,激荡苍江抒壮怀。万里长征红军渡,千秋大业","来。看苍溪县白驿乡业余女子剧团演出感赋陈国福1987年才见台上舞婆裴,又闻田闰忙收割。不让梨园农家女,小荷尽露尖尖角。洗衣姑娘田俊1984年轻快的歌儿,唱笑了一河浪花;搓洗的双手,.揉动了一河彩霞。把发红的昨天理伸,把多余的尘垢洗刷,让它们连同不愉快的回忆,一起沉入河底,埋进泥沙"
xianzhi,A,公安,p-1030,"邦全“孙邦兴党派群团“沈全弟政权秦定春政“协周承瞿","司法“沈全弟李元泽民“政“李元泽"
xianzhi,A,公安,p-1032,"印1988年苍溪县教育志卢履中铅印1992年苍溪县","志王开武铅印1991年苍溪县林业志徐文贵铅印1990年苍溪县粮油志汪树凡铅印1989年苍溪县民政志李元泽铅印1990年苍溪县税务志孝全秀铅印1989年苍溪县医药去王树谋杨茂轩铅印1992年苍溪县城乡建设环境保护志冉朝新李廷发铅印1991年苍漫县农业志聂成铅印1991年苍漫县新华书"
xianzhi,A,法院,p-1033,"989年苍溪县司法志张昌才手稿1989年苍溪县人民","志何明荣郭正椿手稿1989年苍滓县检察院志赖永瑞手稿1990年苍溪县统计志杜淳手稿1987年苍溪县计划生育志徐志成手稿1987年苍滓县气象志何登宝手稿1992年苍溟县物资志马开武油印1989年苍滦县岐坪乡志贾全禄油印1986年苍滦县乡镇企业志邓常川鸽印1989年.苍涣县东溪中学志"
xianzhi,A,斗争,p-1034,"生的大事,有许多是全国大事的一部分;四州人民的革命",",是全国人民革命斗争的一部分。苍溪县是革命老根据地,在1935年3月,红四方面军主力部队,在徐向前、李先念、王树声、王维舟同志的率领下,配合中央红军长征,在苍滓县塔山湾强渡嘉陵江,奇袭强攻,迅速渡江,乘胜前进,一举攻克剑门,把红旗插上大剑山的主峰。像这岸一些重大的事件,在苍溪县志"
xianzhi,A,杀,p-1036,"后“记“1021。后“记《苍溪县志》","育问世了!一朵小花能竞芳于百花园,殊为幸事。.建县1700余年,县存志仅三:一为清康熙间陶淑礼所著之《苍溪县志》(全一册);一为乾隆年间邑令丁映奎所领修之《苍溪县志》(全四册);一为民国17年李灵椿等编著之《苍溪县志》(〈全六册)。尔后军阀混战,抗日事兴,政扰民疲,事无所志,众多"
xianzhi,A,会议,p-1037,"000余份;调整县志编委成员3次;召开部门领导成员","10余次,9次调整纲目,7次修订志稿。一瞒之补,不惜战涉千山万塘;一史之正,甘愿蒙受雨霁风霜。既而在浩瀚资料之中,逐字琢磐,虞贻疏溥;悉心淘滢,犹恐不金。呕心沥血,荧灯火于子夜;忘餐废寝,寄遍思于新章。十年磨炼,容颜减光,须发易色,惟因“传世之作“,恐瑕疸贻误后人.信托如此,亦足"
xianzhi,X,训练,p-1037,",组织编修人员去外地参观学习20余人次,办修志人员","班33_期,培训2240人次;出《县志工作通讯〉40余期,共6000余份;调整县志编委成员3次;召开部门领导成员会议10余次,9次调整纲目,7次修订志稿。一瞒之补,不惜战涉千山万塘;一史之正,甘愿蒙受雨霁风霜。既而在浩瀚资料之中,逐字琢磐,虞贻疏溥;悉心淘滢,犹恐不金。呕心沥血,"
minzhengzhi_aa,A,地主,m-10,"孙“日关洪地\\、`瞧`〉浔_蜇_。(u林i剑,今","|不县(说8县>zxo一芸“洁|"
minzhengzhi_aa,A,群众大会,m-100,"神,本人申请,大队(村)根层民政组织调查了解,召开","评议通过,乡审查,民政局批准,乡张榜公布,发给定补证,每月到乡(镇)领款的方法。定补对象和金额,每年都要审查谟整一次。定补对象死亡后,有亲属的继续发定补半年,以示抚恤。这样扩大了定补面,定补对象由1979年的268人,到1980年上升到2837人,定补金额上升到31.2万多元,人"
minzhengzhi_aa,A,死亡,m-100,"法。定补对象和金额,每年都要审查谟整一次。定补对象","后,有亲属的继续发定补半年,以示抚恤。这样扩大了定补面,定补对象由1979年的268人,到1980年上升到2837人,定补金额上升到31.2万多元,人平每月定补9元多。1984年,因一部分优拼对象仍存在一些实际困难,又适当增加了老复员军人中部分丧失劳动能力的人的定补75"
minzhengzhi_aa,X,审查,m-100,"村)根层民政组织调查了解,召开群众大会评议通过,乡",",民政局批准,乡张榜公布,发给定补证,每月到乡(镇)领款的方法。定补对象和金额,每年都要审查谟整一次。定补对象死亡后,有亲属的继续发定补半年,以示抚恤。这样扩大了定补面,定补对象由1979年的268人,到1980年上升到2837人,定补金额上升到31.2万多元,人平每月定补9元多"
minzhengzhi_aa,A,土改,m-102,"52年土地改鞅时,根据县人民政府的统一安排,各村的","工作人员在分配土地房尿时,都采用不闭形式给其优待。分配时,有的先将应分房居、土地的烈军属,退伍红协战士列出名单,把没收地主财产中最好的房春、家兮农具和离其家最近再好的士地分酯给优折对象,尔厂再分给关他人;有的寿应分房尿、土地的优抚对象,由他们作规定数邹内日选,尔后再分给共他贫窖农"
minzhengzhi_aa,A,地主,m-102,"分房居、土地的烈军属,退伍红协战士列出名单,把没收","财产中最好的房春、家兮农具和离其家最近再好的士地分酯给优折对象,尔厂再分给关他人;有的寿应分房尿、土地的优抚对象,由他们作规定数邹内日选,尔后再分给共他贫窖农。治病。1951年开始,铁年企优抚次中划抱一部分为贫困烈军居治病。据1956年统计,总共为烈军属治疳1.3万人(次》。对患"
minzhengzhi_aa,X,审查,m-102,"属全部入社,为解决生产投资困难,通过群众评议,区乡","批准,为投资有囱难的优抚对象4356户,发放入社投资款6.2万元,户平14元,帮助步入集体化生产。扶持优抚对象致富。党的十一届三中全会后,贯彻党的富民政策,生产力得到解放,给优抚对象发展生产,勤劳致宣开辞了广阁前景。广大优抚对象,特别是退伍军人,他们对党的方针政策理解快,思息解放"
minzhengzhi_aa,X,名单,m-102,",有的先将应分房居、土地的烈军属,退伍红协战士列出",",把没收地主财产中最好的房春、家兮农具和离其家最近再好的士地分酯给优折对象,尔厂再分给关他人;有的寿应分房尿、土地的优抚对象,由他们作规定数邹内日选,尔后再分给共他贫窖农。治病。1951年开始,铁年企优抚次中划抱一部分为贫困烈军居治病。据1956年统计,总共为烈军属治疳1.3万人"
minzhengzhi_aa,A,土地改革,m-103,"乡老红军,长期实行公费医疗。子女入学。1952年,","后,人民群众求知欲望增强。为使优抚对象,特别是烈军属的子女能上学读书,县人民政府行文规定:烈军属子女无力缴学费的持乡村证朋,学校根据实际情况凑免学费。同时,根据上级民政部门对烈军属子女解决入学补助被的精神,县人民政府于1953年制定了补助办法,规定:凡贫苦烈属和革命军人的子女,及"
minzhengzhi_aa,A,土改,m-104,"优抚寸象做一件好事;每个军属要向前方亲人写信,报否","翻身情况,鼓励多杀敌立功。是年河节期闰,各级干部步访了8574户优折对象,给较阶难的599户烈军属送梅3万斤。1964年,请优抚对象1.09万人参加了各级组织的座谈会,县人委组织91人的11个工作组分别去3861个生产队检查优抚工作的蔑实情况,并和优抚对象见了面;《文化大革命“的"
minzhengzhi_aa,A,杀,m-104,"每个军属要向前方亲人写信,报否土改翻身情况,鼓励多","敌立功。是年河节期闰,各级干部步访了8574户优折对象,给较阶难的599户烈军属送梅3万斤。1964年,请优抚对象1.09万人参加了各级组织的座谈会,县人委组织91人的11个工作组分别去3861个生产队检查优抚工作的蔑实情况,并和优抚对象见了面;《文化大革命“的前期,拥军优属活动"
minzhengzhi_aa,A,大会,m-104,"立后,每年计召开过优折对象座谈会和《八一?节的庆祝","、招待宴会、文艺〈电影)晚会。但重形式过多,解决实际问题少;党的十一屠三中全会后,恢复发扬拥军优属优良传统,1979年真节开属《双拥“挠动月,全县组成5861人参加的823个慰问团,组看望了7820户优抚对象,了解俏况,解决实际困难;县颉导分赴制疗驻军的县城、唤马、回龙、三川等地"
minzhengzhi_aa,A,破坏,m-104,",军民欢联一堂,帆谈大好形势,批判林彪、“四人帮“","军民关系的罪行,检查吊解决军民关系中存在的一些问题。给优抚对象送年面6848张,对联1461付,慰问信8.3万分。同时,为烈军属中溥挂了《光荣之家》牌的719户进行了补挂.慰问团走到郧单就为郜里的优抚对象做妃事,计送柴送草5.3万斤,挑水1.8万担,扫地7271处,补洗衣被654"
minzhengzhi_aa,A,村民,m-105,"任制,过去的办法有的巳不适应。为照顾其生活,由乡、","政干部、共青闭组织发动团员、民兵开展“帮户助耕?活动,义务为其排忱解难。帮助他们担水、扫地、砍柴,作饭,洗衣购物,请医熬药,帮助收种庄稼等,解决了用“抚伯?、“优待?款解决不了的问题。据1985年统计,全县有“学雷锋小组“6763个,“青年服务队“4517个,“帮户助耕队(组)?"
minzhengzhi_aa,A,法院,m-105,"1日公布的《婚姻法》、1951半4月24日最高人民","、司法部《对于现役军人与退役革命残废军人离婚松件之处理办法》、同年6月30日政务院、政治法律委员会《关于处理现役革命军人取消婚约的暂行规定》1981年1月1日的《婚姻法》中有关保护军婚的规定,向人民宣传,拟入有关文告、公约,号召全体人民都做保护军婚的工作,并教育军人配偶自尊自重。"
minzhengzhi_aa,A,处理,m-105,"、司法部《对于现役军人与退役革命残废军人离婚松件之","办法》、同年6月30日政务院、政治法律委员会《关于处理现役革命军人取消婚约的暂行规定》1981年1月1日的《婚姻法》中有关保护军婚的规定,向人民宣传,拟入有关文告、公约,号召全体人民都做保护军婚的工作,并教育军人配偶自尊自重。司法、婚姗登记机关严格按法规保护、处理军人80"
minzhengzhi_aa,A,大会,m-106,"poaps苍溪县烈军属、复员军人、拥军优属模范代表","授奖仪式。(l9se振)"
minzhengzhi_aa,A,斗争,m-108,"红军为青少年伟园仪芒标itt4F“-讲革命先烈英勇","-命A18W[v人d[`′一月扬u呆(1975年摄)医:BA绥“色沥怡EddlOa"
minzhengzhi_aa,A,法院,m-11,"委,纪委、党史办、共青团、妇联和县人大、政协、人民","、公安局、财政局、粮食局、农业局、林业局、水电局、劳动人事局、卫生局、县文化馆、气象站及陵江镇等单位的有关资料,共约120万字。1985年3月开始编繁,8月完成初稿,送给兼在苍溪县民政部门工作过的“老民政“审阅,而后修改增补。1986年6月,县民政局练织局内全体职工以七天时间进行"
minzhengzhi_aa,A,公安,m-11,"委、党史办、共青团、妇联和县人大、政协、人民法院、","局、财政局、粮食局、农业局、林业局、水电局、劳动人事局、卫生局、县文化馆、气象站及陵江镇等单位的有关资料,共约120万字。1985年3月开始编繁,8月完成初稿,送给兼在苍溪县民政部门工作过的“老民政“审阅,而后修改增补。1986年6月,县民政局练织局内全体职工以七天时间进行逐章逐"
minzhengzhi_aa,A,破坏,m-110,"的婚姻。苍溪发生","罘婚的事件主要表现为奸污军人的妻子、未婚妻,或唉使配偶与军人离婚。60年代生活困难时期,--些基层干部利用权势,乘人之忠,破坏军婚事件时有发生,每年都有数起、数十起,政府均作了严肃处理。1963年10月,县委批转了县政法党组《关于加强保护现役军人婚妍的报告》,报告中指出,当年全县"
minzhengzhi_aa,A,处理,m-110,"事件时有发生,每年都有数起、数十起,政府均作了严肃","。1963年10月,县委批转了县政法党组《关于加强保护现役军人婚妍的报告》,报告中指出,当年全县现役军人的妻子被好污的xx起(通好xx起,强奸x起),关中生产队长以上干部占案件48.2久。报告提出开展保护军婚的教育办法和对军婚破坏者的处理意见。1964尔,全县发生破坏军婚案47起"
minzhengzhi_aa,A,判刑,m-110,"全县发生破坏军婚案47起,都分别情况作了处理,其中","、撒销干部职务的37起。《文化大革命?中,此事鲜为人过问。粉琮《四人帮“后,随芸社会风气好转、法制的加强,破坏军婚事件减少,且进行严励惩治。表彰先进-户1950年起,县\区,乡几乎每年都召开优抚对象和拥军优屈先进人物、先进单位的座谈会*代表会,积极分子会(1966年至1972年因"
minzhengzhi_aa,A,杀,m-110,"妇女,纷纷做鞋、鞋垫,或在抚帕上绣上鼓舞指战员英程","敌的话语投寄志愿军。1951年7月,发动全县人民招歇,购买《苍溪号》飞机,支援志愿军打击美帝。是年全县399577人巾,有351424人捐款,共捐款168377.87万元(旧人民币,约台新人民币16.84万元)通过拨献热潮,全县有60久的户修订丁1950年的爱国公约,增加了支摒前"
minzhengzhi_aa,A,国民党,m-113,"“置|.第一节“安置_机构民国时期,苍溪县除个别从","军队退下李的伤、病员和迳兵及数十名“在乡军官(不算退役)?外,没有兵员退役;当时从红军、八路军、新四军退役回乡的指战员,民国政府更不予理采,未设安置机构。建国后,1950年,人民武装部队开始有计划的整编复员工作,为做好复退军人的接待安置,苍溪县人民政府遂于9月成立安置机构。随着形"
minzhengzhi_aa,A,国民党,m-114,"做好安置工作。资遣官兵安置建门初期,全县共接收安畜","官兵65名(内有少数旧政府的人员》。对这部分人的安置,根据川北行罪民政厅关于《不只是单纯的教济问题,而是一个安置问题?,4对资遂网家的旧军官旧人员的安署工作,在稳定社会秩序上是重要的,必须给这些人以劳动生产的生活出路?的精神,对他们进行了热倩接待,他们在还乡巾原单位术发足路焰的人"
minzhengzhi_aa,A,会议,m-114,"政府领导,积极改造思愁、努力生产的数名旧军官参加了","。这部分人在后来的生产劳动积性想改造中,大都表巩较好。退伍红军安置《二战?时期,苍浩县大批青牢年参加红军,建闹后,先后退伍(申部队复员)回县的共175人,其巾大郡分为部队阮以下干郡,少部分为红军老战士。这些同志,在艰苛的或争年代,内尽于学历苏,为草命作出过玑人顶献。他们迄伍回县后"
minzhengzhi_aa,A,土地改革,m-115,"位工作,其生活待遇比其他同职干部高定;愿回乡的,属","前和土改中回乡的(含携带回乡的妻子儿女),按当地标准,分给当地最好的房屋、土地』土地改革后回乡的,在公田、公房中,调济安排;属老家自有房屋的,如不够住或破旧的,由政府补助,群众帮工帮料修缮。随着时间推移,一些退伍红军家庭人口增多,出现住房困难。1964年县民政科抽调干部逐户调查,"
minzhengzhi_aa,A,土改,m-115,"活待遇比其他同职干部高定;愿回乡的,属土地改革前和","中回乡的(含携带回乡的妻子儿女),按当地标准,分给当地最好的房屋、土地』土地改革后回乡的,在公田、公房中,调济安排;属老家自有房屋的,如不够住或破旧的,由政府补助,群众帮工帮料修缮。随着时间推移,一些退伍红军家庭人口增多,出现住房困难。1964年县民政科抽调干部逐户调查,对其中1"
minzhengzhi_aa,A,斗争,m-115,"美援朝战争,是脉功之臣,其中绝大多数具有一定的对敌","和做群众工作的经验。在当时地方干部紧缺的情况下,欢迎他们继续工作。据统计,1950年至1953年复员回乡的1390人中,有三分之二的同志分别被县、区、乡分配到清(匪)反(獭)减(租)退(押)、土改工作团队和区乡行政企事业单位工作;余下的三分之一中的大部分也分别成为村干部和民兵组织"
minzhengzhi_aa,A,匪,m-115,"0人中,有三分之二的同志分别被县、区、乡分配到清(",")反(獭)减(租)退(押)、土改工作团队和区乡行政企事业单位工作;余下的三分之一中的大部分也分别成为村干部和民兵组织骨干。为使他们安家立业,细水长流的过日子,除对有困难的给予钱、粮、衣、故补助外,对大多数人,动员他们把部份复员现金券、资助粮,分别存入银行、榜店以备不时之需。195"
minzhengzhi_aa,A,乡长,m-115,"222人,至年底,被选为人民代表的37人(其中担任","的5人、乡人民委员32人),社干部109人,占当年复员军人总数65.8%。对在乡生产生活有困难的,共发补86"
minzhengzhi_aa,A,地主,m-116,"都能安心生产。在安霍复员军人巾,一亚乡村对家庭巾身","、富农或木人有些政治问题的复员军人,一度有歧视和违反政策现象,如不让是党闵员的参加组织止活,不让入社劳动,用恶言伤害等。1956年5月14日,县人委贯彻内务部对有政治历史问题和出身地主富农家庭的复员军人如养安置的精神,结合木总存在问题,向区、乡发了通报,纠正安置工作中的偷差。19"
minzhengzhi_aa,A,富农,m-116,"心生产。在安霍复员军人巾,一亚乡村对家庭巾身地主、","或木人有些政治问题的复员军人,一度有歧视和违反政策现象,如不让是党闵员的参加组织止活,不让入社劳动,用恶言伤害等。1956年5月14日,县人委贯彻内务部对有政治历史问题和出身地主富农家庭的复员军人如养安置的精神,结合木总存在问题,向区、乡发了通报,纠正安置工作中的偷差。1956年"
minzhengzhi_aa,A,杀,m-116,"957年,因家庭和社会关心不够,发生两起复员军人自","事故。对此,中共苍溪明纪律检查委员会、县轻业建设委员会,都及时作了适当处理,并通报伟县,要求各级寺复员军人的困难要《全一进行解决“,《正确认识复员军人是建设社会主义新农村的一支积极力蛇,要关心和使川他们,《对打击排斥复员军人的要及旷批评教育;个别情节严重的要处理,不断纠正了安置工"
minzhengzhi_aa,A,处理,m-116,"明纪律检查委员会、县轻业建设委员会,都及时作了适当",",并通报伟县,要求各级寺复员军人的困难要《全一进行解决“,《正确认识复员军人是建设社会主义新农村的一支积极力蛇,要关心和使川他们,《对打击排斥复员军人的要及旷批评教育;个别情节严重的要处理,不断纠正了安置工作中出现的问题。退伍义务兵安置1958年,第一批义务兵开始退伍。根担是年3"
minzhengzhi_aa,A,判刑,m-116,"士孔女,予以优先按其志愿安置。对在部队犯有刑半罪放","和被部次开除军籍,或退伍后待分配工作期合犯刑牟罪被初刀的城镇义务兵,不作退伍义务兵分配工作!对不安心服役本人要求中逢退伍服役不漾一87"
minzhengzhi_aa,A,处理,m-117,"处,自1969年开始,军队对需离队的干部,作了复员","。.自1969年1月1日至1975年7月31日,全县先后接收军队复员干部163人。这一百多人中,绝大多数是参加过解放战争、抗美援朝战争和50年代入伍的。他们在革命战争年代和社会主义建设时期,为十命作出了贡献,丝相当一部份年龄偏大、体弱,又长期脱离农业生产,不少人还拖家带口,对名到"
minzhengzhi_aa,X,审查,m-117,"需要安排工作的农村退伍军人,根据有关规定,经县严格",",报省民政部门批准后安置。:对1961年至1967年家居农村本人在职入伍的军人退伍回乡的,根据省人民政府有关文件精神,凡1957年底前参加工作的,生活低于当地一般社员水平者,可享受本人入伍前原工资标准的40%补助(共41人》1958年以后参加工作的,生活低于当地社员一般水平的,定"
minzhengzhi_aa,A,不满,m-118,"置工作的千部,其工资待遇为:复员干部当工人的,军龄","8年的定为二级工;8至15年的,定为三级工;15系20年的,定为四级工;20年以上的,定为五级工。当干部的,按上述军龄分级,分别定为国家行政25、24、23、22级;大专毕业生,参照地方同届大专毕业生工资标准待遇执行。1980年,根据中共中央有关规定,对1969年1月I日至197"
minzhengzhi_aa,A,不满,m-119,"满80年以上的,发给本人原工资的85%y军龄满20","30年的,发给本人原工资的80%;军龄满15年不满20年的,发给本人原工资的75%y军龄满10年不满15年的,发给本人原工资的70%;军龄不满10年的,发给本人原工资的65外;因战因公负伤致残--等以上或患二、三期矽肺病而基本丧失工作能力退休的干部,发给本人原工资95%y同时对荣"
minzhengzhi_aa,A,村民,m-120,"回乡后缺乏生产技能,除蒋求亲人传帮带,达教育社员(",")耐心传授正产技术,使之很伍成为农业生产上的内行。91"
minzhengzhi_aa,A,土地改革,m-121,"会主义坚定不移。各级政府、单位团体,在各个时期,如",",农业社会主义改造,动员人民支援抗美援朝,保卫祖国发土不受侵犯的战争中,党的十一屡三中全会后的各项方针政策的贯彻执行,都充分发挥复员退伍军人、离退休干部的宣传骨干作用。基层领导骨干。大部分复退军人,经过在部队锏炼,都有较好的组织能力和管理经验,办事公正,作风扎实,受到基层党群组织"
minzhengzhi_aa,A,村民,m-121,"名以上干部是复退军人。1984年,大队、生产队改为","委员会、为民小组后,通过人民群众选举的村组干部中,约四分之一的干部是退伍军人,给群众自治性组织增添了活力。民兵骨干。复员退伍军人,都经过战争的考验或接近实战的系统训练,回乡后,他们积极投入民兵建设。50年代初至60年代中期,全县乡一级的民兵干部和村(大队)的民兵连排长中的绝大多数"
minzhengzhi_aa,X,训练,m-121,"干。复员退伍军人,都经过战争的考验或接近实战的系统",",回乡后,他们积极投入民兵建设。50年代初至60年代中期,全县乡一级的民兵干部和村(大队)的民兵连排长中的绝大多数由复退军人担任。随着退伍军人的数量增大,在70年代、80年代,退伍军人更成了民兵组织的骨干力量。他们把解放军的好思想、好传统、好作风和军队现代化的各种知识传授给民兵,"
minzhengzhi_aa,X,花名册,m-122,"两用人才介绍所办公室,建立退伍军人","、两用人才登记册,来信来访记录册和两用人才介绍信,有计划、有步骗的向外推荐和就地安排。在一年多时间里,1300多人被招聘为区乡于部或担任村组干部,或者被推荐到全民,集体,乡镇企业工作,为接收安置退伍军人开辟了新的渠道。龙山区成立两用人才介绍所后,扶持有专长或有文化、会经营的人就地"
minzhengzhi_aa,A,乡长,m-123,"设施发挥了巨大作用。1956年以来,先后修筑了回水","征、庙垭乡群岭、陵江镇东台、镇水乡金花坝和解放坝、五里乡石家坝、鸵浩乡垭口村等总长62公里的防洪淤地河堤,保护了5484亩耕地。94"
minzhengzhi_aa,A,土改,m-124,"政田政","造低产田。苍溪县的何产田主要存在冷(冷滓田)、烂(深脚泥、鹄粤田》、毒(吴硫化物或其它有毒物质)、宸(地下冒水,影响田水和作物根际温度、保肥力差)问题,影响作物升长。1975年开姑,迹行综合治理,到1985年先后改造低产田土254947亩,其巾,1980年改造227232亩。提高"
minzhengzhi_aa,A,斗争,m-125,"劲员和组织各方面的力量,同灾害进行针锋相对的",",特别是在旱灾、水灾、虫灾到来时,投入了巨大的人力、物力。把灾霁缩小到最小限度。抗“早'建国后的36年间,有25年发生不同程度的全县性的春、夏\伏早。在旱灾面前,各级党政带领全县人民,十方百计寻找水源,抽水、序水、挑水播种、保苗。50年代和60年代前期的几个大早年,各级政府机关除"
minzhengzhi_aa,A,斗争,m-130,"地带y县城所有松关、企事业单位职工一齐投入抗洪抚险",",县人武部、民筱巾队的指战员连夜行动,为县城15个单位和60多广居民抢运出13万余元的财物,大大减少了洪灾损失。消灭病虫害危害农作物和经济作物的病虫宰,在苍涉主要有蜓虫、蚜虫、红蛛蜥、地考虎、蟒象(屁巴虫)危害农作物;油菜菌核病、小威黑穗疥、红英软腐病等也很普遂。民国35年(19"
minzhengzhi_aa,A,杀,m-130,"除加强防治外,一但病虫害发生,便不失时机的组织力量","虫治病。在50年代,主要以人工防治、捕杀为主。1952年5、6月,全县先后发生大螂、二化螨、三化蜓、地老虎、蛰蠕、金花虫、红蛛蝉、牛黄虫、人龟孔、缮象等大两积危害农作物。6月6日,中共苍溪县姣分别伐县城却岳东区召开扩干会,劲员群众捕杀害虫。6月10日、11日,全县23万人出动捕杀"
minzhengzhi_aa,A,杀害,m-130,"共苍溪县姣分别伐县城却岳东区召开扩干会,劲员群众捕","虫。6月10日、11日,全县23万人出动捕杀,两天共捕杀害虫3800多厂,使农作物减少了损失。随明农药的发展,防治病虫害,以药物为主。据统计,1957年至1985年的29年闰,有18年农作扶发生大而积病虫害,画于及仪进行灭虫治病,共捍回稍食2.25亿斤。第三节数“灾1912年示1"
minzhengzhi_aa,A,民团,m-131,"1937年又遭特大早灾,县中推耆老黄聚五为代表率饥","上省请愿,并会同县人、时任成都励志会主任陈维新面见省主席刘湖,陈诉苍浩人民室如悬罄、野无青草的惨状,才免征了苍浩县的田赋正税(当时正税数额约折粮1.1万担7,但当年又给苍溪新增了《临时军费》税和4临时国难费?,二项约折粮1.3万担,比免征的正税还多出2000担。“草根树皮多巳食尽"
minzhengzhi_aa,A,公安,m-131,"人民群众一道奔赴抗洪抢险第一线,抢救上万人脱险!县","干骝连续战斗两天两夜,救出被洪水围回群众154人,抢救公私财物价值30余万元g县航运站职工目着生命危险夜航,救出被洪水图困在杜里坝、回水坝的群众77人脱险;各级领导对特重灾区的城郊、回水、镇水等乡,进行挨门挨户看望,对无家可归的!万多人,安排住进机关办公室、会议室,拨出70万斤粮"
minzhengzhi_aa,A,会议,m-131,"户看望,对无家可归的!万多人,安排住进机关办公室、","室,拨出70万斤粮,7.5万元人98"
minzhengzhi_aa,A,土改,m-132,"灾后,干部群众一起参加洗苗、扶苗、补苗,对无收的田","种茶荷3.2万亨、秋粮4499亩;全县出动100多个专业队整治修复水毁水利工程,当年即蕴水1.2亿立方米;经半年时间,修复房届5.4万间,新建了24968间,占水毁房屋的97.6史,使灾后无家可归的户全部搬进新居至1982年4月,恢复了全部交通运输』工业、财贸和社队因受灾停产的2"
minzhengzhi_aa,A,杀,m-133,"卫生人“员深入灾区,免费治病672人次,并进行消毒","虫和对饮水消毒g1960年,因灾发生大批水肿病,及时进行了分片治疗;1981年水灾后,县级卫生部门抽调55名医务人员组织9个医疗队,对被水渣的9830户住地进行杀虫消毒,为14906人治病,清洗水井498口,为灾区培训卫生人员116人等,防止了瘦疫,保护了劳动力。灾民激动地说:《"
minzhengzhi_aa,A,破坏,m-133,"50年代末以后因“左“的怨想错误,大批森林植袖遭到",",造成生态条件悲化;在.《学大寨“中,违反科学围河造田、改土,加剧了滢坡的发生!指导因地制宜的种植不力,增大了灾害的损失等。遭一次灾,总结一次经验教训,使各级干部、人民群众在灾家面前克服盲目伯,提高科学性,审时度势,按自然法则办事。100"
minzhengzhi_aa,X,审查,m-133,"搐好调查研究,逐村逐户摸清情况,通过民主评议,领导",",政府批准,张榜公布方式,把救灾款物迅速温实到单位和个人。在安排生活的同时,积极防治疾病。1956年洪灾后,.卫生部门组织300多名卫生人“员深入灾区,免费治病672人次,并进行消毒杀虫和对饮水消毒g1960年,因灾发生大批水肿病,及时进行了分片治疗;1981年水灾后,县级卫生部"
minzhengzhi_aa,A,退押,m-134,"人口的大多数,仍在贫困线上挣扎。建国后,通过冼租,",",土地改革,农业合作化,联产承包的生产责任制等一系列变革,解放了生产力,使绝大多数人民有了丰衣足食的基础。但是,在不同时期,因不同原因,仍有百分之几到十几的贫困户衣食困难,党和政府,把救济困难户始终作为一项解除群众疾苦的重要政策,除用好园家每年拨发的救济款物外,地方财政和集体经济"
minzhengzhi_aa,A,土地改革,m-134,"大多数,仍在贫困线上挣扎。建国后,通过冼租,退押,",",农业合作化,联产承包的生产责任制等一系列变革,解放了生产力,使绝大多数人民有了丰衣足食的基础。但是,在不同时期,因不同原因,仍有百分之几到十几的贫困户衣食困难,党和政府,把救济困难户始终作为一项解除群众疾苦的重要政策,除用好园家每年拨发的救济款物外,地方财政和集体经济组织还采取"
minzhengzhi_aa,A,村民,m-135,"责任制以后,除继续坚持生产自救、节约淇荒外,还发动","互相调济、互助潼荒也颇有成效。各年灾荒造成的围难,80%以上是通过上述办法,由县以下各级政府组织人民解决的。国园命建国36年来,南充专商有25年给苍溪县拨了春荒救济款,15年拨了夏荒救济欧。索计拔春、夏荣敏济款252万多元(含春夏荒给优抚对象的补助款在内)及救济粮食等。国家拔络的"
minzhengzhi_aa,A,会议,m-135,"冬令教济运动办法〗成立县<冬令教济会,由县长,参议","长分别任正副主任;下设查放\事务两个纬和筹募、监核两个委员会,由县党部书记长\商会\农会理事长、民政\财政、社会科长及各乡乡长等47人分任主任委员、委员、组长、干事各职,民国3年(1944年)冬开展救济。其救济经贺,由县《分头向服实富户劝募“和《向各寿庙祠会之收益节余项下劝捐?。"
minzhengzhi_aa,A,乡长,m-135,"记长\商会\农会理事长、民政\财政、社会科长及各乡","等47人分任主任委员、委员、组长、干事各职,民国3年(1944年)冬开展救济。其救济经贺,由县《分头向服实富户劝募“和《向各寿庙祠会之收益节余项下劝捐?。教济对象“以鲤寡孤独歼废不能生活之隼民、灾民、逾五人以上家境赤贫者。是年冬救济458人,用款16.4万元民国34年(1945年"
minzhengzhi_aa,A,土地改革,m-136,",占农业总人口7.2外。1951年冬至1952年智","时,在分配土地和其他生产、生活资料巾,给贫困户孙以优待。之后,社会教济的重点转为对无依无靠的孤考残幼人员和帮助生产上有固难的户发展生产,增强白力更生的能力。至1955年底,每年平均有5000多户、2.5万多人得到救济(占农业总人口6.2久),其师,孤老残幼约占救济汀象的8外。19"
minzhengzhi_aa,A,死亡,m-136,"人口14.7外,1961年虽因饥饿发生大扰水肿病和",",但虬家、集体巳无力解决大批人的贫困,当年救济6844人,仅占农业人口的1.5分;国民经济进行诚整恢复后的1966年,救济64609人,救济对象回升到占农业人口的12.5乃。“文化大革命“动乱期间,社会救济工作道到严重破坏,除对《五保?户和特别固难户给点救济,一般社会困难户其本没"
minzhengzhi_aa,A,破坏,m-136,"5乃。“文化大革命“动乱期间,社会救济工作道到严重",",除对《五保?户和特别固难户给点救济,一般社会困难户其本没有教济。从粉硖《四人帮“后的1977年开始,农付社会救济走出了新路子,即分批对通过扶持可以脱贫致富的户,采取扶持生产的办法进行规划扶贫。对短时期扶持不起来的特别困难户和集体供养的《五保户?仍实行临时救济。此时全县特困户约2"
minzhengzhi_aa,A,大会,m-138,"帮料,提供猪源;对历年累欠集体的补社款,经社员代表","讨论,作适当况免;对久病、重病缺衣被的,用教济款和集体公益金解决;在春夏荣口粮供应上重点照顾,子女入学酌倡减免等,使之能在三五年内改变贫因状况,达到一般社员的生活水平。1980年10月,复查了前四年扶贫工作情况。四年累计群众支援物资折款4.7万多元,集体补助30.8万多元,国家拨"
minzhengzhi_aa,A,复查,m-138,"因状况,达到一般社员的生活水平。1980年10月,","了前四年扶贫工作情况。四年累计群众支援物资折款4.7万多元,集体补助30.8万多元,国家拨给扶贫专歆38.4万多元,扶持8026户,脱贫2167户(占扶贫户26.9奶)。经国家、集体的扶持,大多数贫回户增强了自力更生的能力,有了摆脱贫困的信心。1981年扶持2621户,集体扶持2"
minzhengzhi_aa,A,土改,m-139,"国成立后,农业人口和非农业人口严格区别。1952年","结束后,不少场镇居民分得了土地,成为农业人口,因而场镇非农业人口减少,全县只1.8万多人,且大都有了职业。非农业人口的纯居民仅约2000至3000人,其中,无依靠的孤老残幼人员不过百人。城镇需救济的贫回居民,解放初期约1500人,50年代中期扩大就业面后降至300人左右,80年代"
minzhengzhi_aa,A,死亡,m-141,"次,治愈出院172人(次7,自动离院65人(次7,","111名。病院实行治疗与生产相结合,组织病人参加力所能及的劳动,将病区屉围的荒地开垦种菜种粮(疑菜基本长期自给)。60年代还组织过病人熬烤胶、黄莲素、芳香油等,70年代制作过手108"
minzhengzhi_aa,A,死亡,m-142,"境内修筑铁路,至1972年底结束。其闰,14人因公",",51人出公负伤攸残。经铁道兵部队审查,以伤残轻重和死亡分别批准按本人每月工资的10至60乃的标准,作为每月应发的残废补助和死亡抚饲费,由四川省军区签发了抚坪费、补助费等取证,由铁道兵一次拨足10年〈1973至1982年)应发的款额,由县民政局按其批准金额每年间省民政厅领玲当年款"
minzhengzhi_aa,X,审查,m-142,"。苍溪共有上述范围的退职职工1880人,经县民政局","批准,1965年救济5人,1974年增至9人,1979年增至11人,并每人每月增发物价补贴2元』1983年5月针对这部分迟职职工年龄大,身体弱和回雅增多等情况,根据上级精神,救济对象增至86人,年人平140元;对不够上述条件,但确有实际回难的,分别情况,由民政局批准,给定期定量教"
minzhengzhi_aa,A,处理,m-143,"。起义投诚宽释人员救济、1982年,根据党中央正确","历史遗留问题,巩固和发展安定团结的政治局面,调动各方面积极因素为《四化“服务的精神,对原起义、投诚、宽大释放的原国民党党政军特人员,以社会救济办法,对因《左“的错误造成的非正常死亡人员,给其遗属以补.助,对上述人员中生活有困难的实行定期定量补助。享受遗属补助和给本人定期定量补助的"
minzhengzhi_aa,A,国民党,m-143,"为《四化“服务的精神,对原起义、投诚、宽大释放的原","党政军特人员,以社会救济办法,对因《左“的错误造成的非正常死亡人员,给其遗属以补.助,对上述人员中生活有困难的实行定期定量补助。享受遗属补助和给本人定期定量补助的对象、金额,由县委统战部批准,由县民政从社会救济款中支付。1985年定期教济起义、投诚人员47名,人月平11元,宽释人"
minzhengzhi_aa,A,死亡,m-143,"人员,以社会救济办法,对因《左“的错误造成的非正常","人员,给其遗属以补.助,对上述人员中生活有困难的实行定期定量补助。享受遗属补助和给本人定期定量补助的对象、金额,由县委统战部批准,由县民政从社会救济款中支付。1985年定期教济起义、投诚人员47名,人月平11元,宽释人员13名,人月平15元。第四节城乡社会福利-清康熙二年(166"
minzhengzhi_aa,A,会议,m-143,"自救组织。1984年底,根据省社会福利生产改革工作","精神,再次组建社会福利生产单位。1985年真,县和部分区、乡先后成立了民政福利公司,吸收对象由城乡“四残“人员扩大到优抚对象,使他们通过自己的劳动自立和递步富裕起来。′愫“善“事“业贫民教养工厂。民国元年(1912年)县城成立贫民教养工厂,厂址王皇宫(今食品厂)。招收无业贫寒子弟"
minzhengzhi_aa,A,会议,m-144,"城关镇社会福利生产绊合厂。1958年第四次全国民政",",肯定了组织“四歼“人员开展福利生产的作法后,1959年3月由县民政部门指导将原城关镇的生产自救织织〈其中有“四歼“人4名)扩并曰名为城关镇社会福利生产综合厂。由原来的12个厂、组扩并为石炜、肥皂、烫胶、草鞋草幡、针织、制绳、五金、修配8个车间和浆洗、客卖、制砖3个小组。设厂务委"
minzhengzhi_aa,A,地主,m-145,"查登记,规定享受五保的条件是:凡有公民权(含改变了","、富农成分,旧社会任过伪职、过去犯过错误符合上述条件的人同时具备没有劳动能力、无依无靠、无生活来源三个条件的60岁以上的老人、歼废人和孤儿。同时,邃照宪法中关于4成年子女有贺养扶助父母的义务“的精神,对有女无儿的老人,过去巳实行五保的,不再变更,过去未享受“五保?的,说服其女儿赢"
minzhengzhi_aa,A,富农,m-145,",规定享受五保的条件是:凡有公民权(含改变了地主、","成分,旧社会任过伪职、过去犯过错误符合上述条件的人同时具备没有劳动能力、无依无靠、无生活来源三个条件的60岁以上的老人、歼废人和孤儿。同时,邃照宪法中关于4成年子女有贺养扶助父母的义务“的精神,对有女无儿的老人,过去巳实行五保的,不再变更,过去未享受“五保?的,说服其女儿赢养,如"
minzhengzhi_aa,A,处理,m-145,"住房,能御寒、蔽风雨),保医,保葛(孤儿保教育),","好五保人员死后的财产等。1982年,随着农村生产承包责任制的推行和农民收入增加,“五保“人员供养标准作了相应提高,实行《四个六“:即每年每名五保人员,由集体供给600斤粮、600厅煤(无煤以木柴折算》60元人民币的生活零用钱、6斤食油,衣被按需要分真秋添制。供给的粮钱物以乡或村为"
minzhengzhi_aa,A,村民,m-145,"村为单位,同其他集体提留一起列入当年分配方案,纳入","承包合同,统一.筹集。民政部门对少数贫困和五保人员多的乡村,在经济上给予适当补助,全县年平教济约5000元。供养形式。分散供养与集中供养两种形式,分散供养多于集中供养。在70年代以前分散供养的形式有集体供给、生活自理!集体供给,雇人照顾;集体供给,亲友照、料。80年代,根据农村生"
minzhengzhi_aa,A,土地改革,m-149,"收“容“安“置建国后,人民当家作主,劳动光荣。在","时游民也分得了胜利果实,加之人民政府的取缔政令,原活动于城乡的乞与、暗娼,大都自动弃旧图新,走上了生产劳动道路;对个别无依轼的老残乞丐,政府和社会采取救济等办法,生活朋了着落对个别丐头、流氓,如八庙乡的《张老么〉、五龙乡的屈丐头等,他们用剥削乞丐和诈骗所得钱财放高利责、购买土地出"
minzhengzhi_aa,A,地主,m-149,"买土地出租,土地改革时按划定成分的标准,分别袖定为","、富农等成分,监督劳动,强迫其走自食其力道路。在完成民主革命、进行社会主义改造过程中,一些回乡劳动的乞丐和迦避改造的分子,又再操旧业到处流窜。对此,1956年,苍溪县人民委员会发布了游民改造计划,民政、公安部门协同作了审查清理,对“不事劳动生活或者以不正当手段为生,危害社会秩序,"
minzhengzhi_aa,A,富农,m-149,"出租,土地改革时按划定成分的标准,分别袖定为地主、","等成分,监督劳动,强迫其走自食其力道路。在完成民主革命、进行社会主义改造过程中,一些回乡劳动的乞丐和迦避改造的分子,又再操旧业到处流窜。对此,1956年,苍溪县人民委员会发布了游民改造计划,民政、公安部门协同作了审查清理,对“不事劳动生活或者以不正当手段为生,危害社会秩序,又不够"
minzhengzhi_aa,A,公安,m-149,"56年,苍溪县人民委员会发布了游民改造计划,民政、","部门协同作了审查清理,对“不事劳动生活或者以不正当手段为生,危害社会秩序,又不够判刑条件的“99名游民,有劳动能力的人大部分送九龙山游民改造农场,个别送回原籍交群众监督劳动y对不能劫动的数名考残人员,送南充地区老残院教养。建国后,新出现的流浪乞讨人员,主要是因天灾、人祸生活无着的"
minzhengzhi_aa,A,判刑,m-149,"劳动生活或者以不正当手段为生,危害社会秩序,又不够","条件的“99名游民,有劳动能力的人大部分送九龙山游民改造农场,个别送回原籍交群众监督劳动y对不能劫动的数名考残人员,送南充地区老残院教养。建国后,新出现的流浪乞讨人员,主要是因天灾、人祸生活无着的灾民、精神病、人、症呆人员和顽劣儿童、好逸恶劳的懒汉和以乞讨作为生财之道的人。也有因"
minzhengzhi_aa,A,破坏,m-149,"送工作.1968年至1971年\因4文化大革命?的",",收容工作有名无实。1972年县民政局成立后,根据工作需要,由县自定,在县城西门城关派出所楼下修建了收容所,配备了工作人员一名,后增加为2人,负责收容遣送工作。但当时收容对象庞柱,把公安部门在城镇、旅店清查的手续不完备或有违法活动又不够法办的人也移交民政,年平均收容遣送约600人"
minzhengzhi_aa,A,法办,m-149,"部门在城镇、旅店清查的手续不完备或有违法活动又不够","的人也移交民政,年平均收容遣送约600人(次7。这一时期收容的人中,受《四人帮“《越穷越光荣“谬论毒害,好逊恶苏的人较多。1972年收容的308人中,并非生活所迫而流浪的青壮年即达259人,占84外,其中长期外流59人,占22.7切。1978年以后,严格技家居农村流入城镇乞讨、城"
minzhengzhi_aa,X,审查,m-149,"民委员会发布了游民改造计划,民政、公安部门协同作了","清理,对“不事劳动生活或者以不正当手段为生,危害社会秩序,又不够判刑条件的“99名游民,有劳动能力的人大部分送九龙山游民改造农场,个别送回原籍交群众监督劳动y对不能劫动的数名考残人员,送南充地区老残院教养。建国后,新出现的流浪乞讨人员,主要是因天灾、人祸生活无着的灾民、精神病、人"
minzhengzhi_aa,A,斗争,m-15,"的爱国爱民志士,记其事略;对在中国共产党领导的革命","中牺牲的烈士,因巳编英名录专辑,本志只对有史料可考的著名烈士立传,为有资料记载的立功革命军人录名,并简介优抚对象、拥军优属工作中的先进人噱【痉!】。五、表示时间、长度、面积、容积等数字用法,按国家语委等七个部门1986年12月,31日联合发出的《关于出版物上数字用法的试行规定》执"
minzhengzhi_aa,A,处理,m-153,"程序,才能受到图家法律的承认和保护。婚姻登记机关是","婚姻问题的主要部门之一。.宣“传“婚“姻-法1950年各乡村通过各种会议,办黑板报,村、组夜校老师上课和土广播(纸作的广播筒)在农民收工后进行宣传。主要原文宣讲和出黑板报公布《婚姻法》内容;宣读县印发的关于新婚姻法的意义和如何办理婚姻登记』各级干部处理家庭婚娩纠纷时以婚姻法精神为"
minzhengzhi_aa,A,会议,m-153,"之一。.宣“传“婚“姻-法1950年各乡村通过各种",",办黑板报,村、组夜校老师上课和土广播(纸作的广播筒)在农民收工后进行宣传。主要原文宣讲和出黑板报公布《婚姻法》内容;宣读县印发的关于新婚姻法的意义和如何办理婚姻登记』各级干部处理家庭婚娩纠纷时以婚姻法精神为依据。通过宣传,人民群众,特别是未婚男女,普遍拥护新婚姻法,称赞婚姻问题"
minzhengzhi_aa,A,不满,m-153,"还有的理解“婚姻自由“就是性自由寡妇和对原包办婚姻","的妇女,在穿妇改嫁是《不正派,离婚是“丧德“的舆论压力下,蛛拥护新婚姻法,但又不敢付诸实际行动。′针对神种糊涂认识,结合1951年9月政务院《关于检查婚娱法执行情况的指示》精神,于是年11月10日,芸溪县人民政府在向各区、乡政府、学校,各土改工作分团、中队发出进一步宣传和检查婚娅"
minzhengzhi_aa,A,土改,m-153,"月10日,芸溪县人民政府在向各区、乡政府、学校,各","工作分团、中队发出进一步宣传和检查婚娅法执行情况指示的同时,组织工作组到重点区乡检查、宣传,对于旧社会强迫包办的不能共同生活下去的婚姻(如一夫多妻、男女年龄差别极大、虐待等),提出离婚的人数增加。1951年全县仅受理离婚案33件,检查后的1952年1至6月增加到197件。,由于妇"
minzhengzhi_aa,A,杀,m-153,"1至6月增加到197件。,由于妇女要求解放,发生虐","妇女案件也随之增加,仅1952年5月25日至6月15日被虐杀死亡妇女6人、儿童2人。为贯彻新婚姻法,保护妇女儿童,川北行署于1952年「118"
minzhengzhi_aa,A,死亡,m-153,"随之增加,仅1952年5月25日至6月15日被虐杀","妇女6人、儿童2人。为贯彻新婚姻法,保护妇女儿童,川北行署于1952年「118"
minzhengzhi_aa,A,法院,m-154,"8月织织工作纪来苍溪,与县民政、","、妇联、文化馆、团工委等组成联合工作组深入农村,发动排众,召开乡村干部、宣传员、妇女积极分子、教师会议,利用赶场天设宣传站,办娇始一展,演文艺节目,深入宣传婚姻法,解符人民对婚始法巾不志问题,闹明法律的严肃忧。赴云峥乡工作组报告,全乡5000多人昕了宣传。该乡三村仍有父母包办未成"
minzhengzhi_aa,A,会议,m-154,"发动排众,召开乡村干部、宣传员、妇女积极分子、教师",",利用赶场天设宣传站,办娇始一展,演文艺节目,深入宣传婚姻法,解符人民对婚始法巾不志问题,闹明法律的严肃忧。赴云峥乡工作组报告,全乡5000多人昕了宣传。该乡三村仍有父母包办未成娇的17人,如是年5月,少年孙少华(15岁)的父亲用木悴遇苷他与19岁的童养媳到区政府登记结婚六村陈洪"
minzhengzhi_aa,A,惩办,m-154,"我都20岁了还没对象,怎么得了啊!?通过深入宣传,","虎杀妇女儿童的罪犯和各区确定专人办理威姻登记,虞杀案减少了70%。伴强迫包办婚姻仍很盘行,婆婆虐待儿媳,丈夫毒打妻了,不准女孔参加社会活动等现象还较普遍。鉴于此,1953年弈开展了婚姻法宣传月活动。同时,县委、县政府于3月19日采25日以7天时闭,召开了县机关干部40人、区于部1"
minzhengzhi_aa,A,杀,m-154,"0岁了还没对象,怎么得了啊!?通过深入宣传,惩办虎","妇女儿童的罪犯和各区确定专人办理威姻登记,虞杀案减少了70%。伴强迫包办婚姻仍很盘行,婆婆虐待儿媳,丈夫毒打妻了,不准女孔参加社会活动等现象还较普遍。鉴于此,1953年弈开展了婚姻法宣传月活动。同时,县委、县政府于3月19日采25日以7天时闭,召开了县机关干部40人、区于部117"
minzhengzhi_aa,A,斗争,m-154,"7年到党的十一届三中伟会以前的时间里,一切《以阶级","为纲“,一些单位和族尿织织在具体问题处理上也注入了极强的阶级斗争内容,除贫下中农不愿与富农、地主子女通娇,政历清白的人不敢与有“政治问题?的人的家庭通婚外,对1957年袖划成“行派?或有政治问题的多画组织强令其离婚;一些地方和单仨把法定婚龄随意提前或者把《提倡晓娇?的牢龄任意加码"
minzhengzhi_aa,A,处理,m-154,"切《以阶级斗争为纲“,一些单位和族尿织织在具体问题","上也注入了极强的阶级斗争内容,除贫下中农不愿与富农、地主子女通娇,政历清白的人不敢与有“政治问题?的人的家庭通婚外,对1957年袖划成“行派?或有政治问题的多画组织强令其离婚;一些地方和单仨把法定婚龄随意提前或者把《提倡晓娇?的牢龄任意加码,变“提倡?为“法定?,侗人们法制观念淡"
minzhengzhi_aa,A,富农,m-154,"处理上也注入了极强的阶级斗争内容,除贫下中农不愿与","、地主子女通娇,政历清白的人不敢与有“政治问题?的人的家庭通婚外,对1957年袖划成“行派?或有政治问题的多画组织强令其离婚;一些地方和单仨把法定婚龄随意提前或者把《提倡晓娇?的牢龄任意加码,变“提倡?为“法定?,侗人们法制观念淡淇。1980年公布了新的婚姻法,各级政府和有关部门"
minzhengzhi_aa,A,地主,m-154,"也注入了极强的阶级斗争内容,除贫下中农不愿与富农、","子女通娇,政历清白的人不敢与有“政治问题?的人的家庭通婚外,对1957年袖划成“行派?或有政治问题的多画组织强令其离婚;一些地方和单仨把法定婚龄随意提前或者把《提倡晓娇?的牢龄任意加码,变“提倡?为“法定?,侗人们法制观念淡淇。1980年公布了新的婚姻法,各级政府和有关部门,按照"
minzhengzhi_aa,A,处理,m-155,"离婚,有无草率离婚问题,子女和财产问题是否已有适当","办法等.审查中要对当事人做好必要的调解工作,情况不清的要进行必要的调查.@)、登记。经过审查,对于符合婚姻法规定条件的,准予结婚或离婚并发给结婚或离婚证,对于不符合婚姻法规定的,不予登记,并向当事人说清理由。对复婚登记的,在发给结婚证的同时,收回并注销其离婚证。1985年7月1日"
minzhengzhi_aa,A,法院,m-155,",共同到一方户口所在地婚婪登记机关登记离婚或向人民","提出离婚诉讼。为保护现役军人婚姻,其现役军人配偶要求离婚者,需征得军人同意,并征求军人所在部队团以上政治机关的意见后,再决定是否办理。保障合法婚姻由于封建思想和旧婚姻剑客歼余的影响,在执行新婚姻法和婚姻登记中,始终贯穿120"
minzhengzhi_aa,X,审查,m-155,"有的乡是节日或逢场天登记,造成登记过于集中,不利于",",弊病较大。1985年,基本做到随到随登记,方便了群众,也便于登记员有充裕时间审查婚姻当事人的情况。登记程序。@申请。男女双方自愿结婚或离婚,即到一方户口所在地的婚娆登记机关提出申请。申请结婚时,携带所在村(大队、居民委员会)或工作单位出具的关于本人婚姻状况的证明(离过婚的还须持"
minzhengzhi_aa,A,斗争,m-156,"婪,十涉他人婚姻自由,特别是和不够婴龄的早婚现象作","。婚姻登记工作人员,除办理婚姻登记外,还是社会主义婚婪制度的宥传者、保护者,引导群众同旧的娇婪制度作斗争,保障合法婚娇的实现。50年代初,由于各级政府重视,不断纠正偏差,不断培训婚妮登记人员,贯彻新的婚姻法取得暖著成绵;《大跃进“,特别是《文化大革命“期问,婚娴登记工作答理松弛,"
minzhengzhi_aa,A,法院,m-156,"培训班,除民政部门领导干郡亲自组织外,还请司法局、","、计刘生育等部门的干部讲课,共467人得到培训;县统一组织检查4次,开婚姻登记工作先进代表会5次,表彰先进个人97名。在登记中,坚持《两把关?(年龄关、当事人自主关),《三坚持“(坚持随到随办、在男女一方户口所在地办和双方到场才办)“五不登“(手缈不齐、规定项目不清、年龄与户口簿"
minzhengzhi_aa,A,村民,m-156,"写进《乡规民约,对出假证明的村组干部和违反婚娴法的",",制定了处理办法;对婚姬登记人员中不坚持原则、徊私情、收贿贾的人员给予惩处。载子乡婚姻登记员庞绍毅因此被解聘回家。东青区一度早婚突出,区委即组织婚娴登记、公安、计划生肌等工作人员组成宣传组,一村一户地宣传婚姻法,一村一组地进行查处,为际止16岁的山玉和非法结婚,8名乡一部晚丽摸黑"
minzhengzhi_aa,A,处理,m-156,"约,对出假证明的村组干部和违反婚娴法的村民,制定了","办法;对婚姬登记人员中不坚持原则、徊私情、收贿贾的人员给予惩处。载子乡婚姻登记员庞绍毅因此被解聘回家。东青区一度早婚突出,区委即组织婚娴登记、公安、计划生肌等工作人员组成宣传组,一村一户地宣传婚姻法,一村一组地进行查处,为际止16岁的山玉和非法结婚,8名乡一部晚丽摸黑30多里,拦"
minzhengzhi_aa,A,公安,m-156,"解聘回家。东青区一度早婚突出,区委即组织婚娴登记、","、计划生肌等工作人员组成宣传组,一村一户地宣传婚姻法,一村一组地进行查处,为际止16岁的山玉和非法结婚,8名乡一部晚丽摸黑30多里,拦住迎亲队伍。为彻底按威姻法办事,5年中以县委、县政府名义发通报9次。如对岳东乡1981年到1983年登记结婚的505对中不够婚龄的80余对的问题进"
minzhengzhi_aa,A,法办,m-156,"乡一部晚丽摸黑30多里,拦住迎亲队伍。为彻底按威姻","事,5年中以县委、县政府名义发通报9次。如对岳东乡1981年到1983年登记结婚的505对中不够婚龄的80余对的问题进行了处理。同时,县民政部门干部还写出《关于农村包办娇娴谋查》、《必须依法制止早婚》的调查报告积《早婚扶贫不可取》、《莫把早娇当寇席》的评论,先厉在《农民日报》《人"
minzhengzhi_aa,A,反对,m-156,",中老年人再婚难仍是个突出问题。难就难在他们的子女",",导致了许多帐望再娇的男女不能结合!一些再婚的,也遥到重重围难和苦恼。据调查陵江铸1982年至1984年的28对乍威夫妻巾,80奶以上的人娇后家庭不和院,阻力来自封残礼教道毒,认为“《好马李配双鞍?,《一女不嫁二男“y一些肺年人只认为父母包办儿女娆姜是迁反婚妾法,没仰会到儿女干涉"
minzhengzhi_aa,A,反对,m-157,"改革婚姻习俗建闹后,党和人民政府大力提倡婚事新办,","封建迷信,反对铸张浪费、大操大办。但也受到传统习惯势力的严重阻碍,走过曲折的道路。农村′农业合作化以前,多数仍属新婚旧礼,除男女双方婚前可以互相往来外,订婚纳彩,大宴宾客,新娘坐花轿,以至仍睹地请算命先生合《八字、择《吉日?。人民公社化以后,由于人民贫围,大都由男方赠送几套衣服鞋"
minzhengzhi_aa,A,联保,m-16,"""""………(sz)团保区划033苏维振区初.33》","、乡(镇)保区创038》1"
minzhengzhi_aa,A,处理,m-160,"管理第一节“旧殡萼习俗长期以来,苍溪城乡用土萱方法","死者遗体。直至民周的历代统治者都竭力推行封建迷信的丧制、丧礼。民间严遮“重殓原萱“,《入土为安“的封惜礼教,并深受“葛之以礼,祭之以礼9,《破家而葛,债子而还,以及“生死轮回,“回果报应?的影响,给人民在丧萍中造成巨大经济负担,精神上带来沉重柳锁。旧“礼“俗凡父母、祖协生命垂危时"
minzhengzhi_aa,A,死亡,m-161,"灵魄不灭?的迷信思想冠开的,相信人有《灵魂“,躯体","而“灵魂永生“!重殓厚萱,为的使《灵魅?在“昌间?也过着和《阳世“的同样生活看“风水?定墓穴,认为是死者居住的“阴宅?,故重视选择!请僧道诵经,认为可以《超度亡魄》,说如此作了,即是生前有罪也能得到敏免,使“《灵魂?早升《天堂“或早日“托生“富贷人家。因而,即是一些极贫寒人家,为"
minzhengzhi_aa,A,斗争,m-162,"习俗的","始终没有停止。破封建_迷信建国后,绪合清匠反霸、土地改革运动,在宣传人民要翻身,只有挂共产党,靠社会主义,挂自己解放自己才能翻身得解放的同时,用通俗的语言,宣传世界是物质的,没有脱离物质而存在的精神;既没有《天堂“、《地狱》,也不可能有脱离人的肉休独立存在的《灵魄》,人一旦死亡,"
minzhengzhi_aa,A,反霸,m-162,"俗的斗争始终没有停止。破封建_迷信建国后,绪合清匠","、土地改革运动,在宣传人民要翻身,只有挂共产党,靠社会主义,挂自己解放自己才能翻身得解放的同时,用通俗的语言,宣传世界是物质的,没有脱离物质而存在的精神;既没有《天堂“、《地狱》,也不可能有脱离人的肉休独立存在的《灵魄》,人一旦死亡,止命现象也就终止了,不可能成神仙,也不可能变儿"
minzhengzhi_aa,A,土地改革,m-162,"争始终没有停止。破封建_迷信建国后,绪合清匠反霸、","运动,在宣传人民要翻身,只有挂共产党,靠社会主义,挂自己解放自己才能翻身得解放的同时,用通俗的语言,宣传世界是物质的,没有脱离物质而存在的精神;既没有《天堂“、《地狱》,也不可能有脱离人的肉休独立存在的《灵魄》,人一旦死亡,止命现象也就终止了,不可能成神仙,也不可能变儿取妊。同时"
minzhengzhi_aa,A,死亡,m-162,",也不可能有脱离人的肉休独立存在的《灵魄》,人一旦",",止命现象也就终止了,不可能成神仙,也不可能变儿取妊。同时,政府对端公、道士、阴阳先生进行登记,取缔迷信职业者,没收他们做“法事“的道具;停止生产香、烛。广大群众通过新旧社会扇重天的事实和晏通的科学道理宣传,殡营中的封建迷信怨想大况。加上条会的限制,在50年代、60年代,全县几乎"
minzhengzhi_aa,A,处理,m-162,"诵经“超庞“。为此,县政府发出布告,各公社对其教皂",",停止了活动。4文化大革命“开始后,<遂反派9掌权,他们一方面宣传《砾四旧“,一方面对互相武斗死亡的《造反派实行重殓厚节,民闷迷信活动复苏。1978年以后,县人民政府和有关部门,大力宣传党和国家在瘦猝问题上的--贯方针政策,发布了不准在瘦荣中搞封建迷信活动的布告!汀社会造成严重危"
minzhengzhi_aa,A,公安,m-162,"危害的迷信职业者和丧家进行了处罚1979年9月,县","局还发出《关于取绵封建迷信活动的公告》。1981年,县民政局印发了础除逃信,移风易俗的宣传手册,但由于<文化大革命“中的流毒未肃清和旧的习福势力以及资产阶级恩息对人们精神的污染,致使有令不行,有禁不止,在丧营师的封建迷信活动愈演愈烈,农民死后,几乎普遍都要设灵堂\灵牌,请客送礼\"
minzhengzhi_aa,A,死亡,m-163,"坟堆占地面积大,50个坟堆即占地1亨。以全县年平均","4500人计,一年仅棺材一项即用木材3000立方米以上,占良田近100亨,为死者穿的衣服数量增加,由原来的三五件增至7件、9件、11件,且衣料质量越来越高档g大宴宾客,一般20席左右,多的达130席,亲朋吊丧赴宴,在离丧家数百米以外,放鞭炮,丧家立即以鞭炮相迎,为迎宾客买鞭炮,丧"
minzhengzhi_aa,A,处理,m-163,"9年以后,在抓破除封建迷信,简办丧事的同时,开始抓","遗体的方式,即改革土蒌和推行火葛,达到最终以火葬代普土葱。残萱改革蛛巳取得成效,但道路曲折步履维艰。“改“革“土“葛1979年、1981年、1982年,县人民政府和民政局先后发布告和文件、宣传手册,除宣传改革土葬的社会意义和经济意义外,规定在无条件火萱的乡村,由生产大队(后来的村"
minzhengzhi_aa,A,死亡,m-164,"发法诚弯战和图雕表助;城笆居民和交通方便的农衬视员","后宝行火怡,司应火英深篇十符造成正话围难的,丁子教济;并确定陵汀镇、城部、于里、心眼\公椿,问素、春里、侦水、东口、八厕、马栗、自装、莪店、伏公、完二、无坝、张干、肉团、些坤、自弯、一安等乡的场镇和农村,以及文旨、龙山、东溪、五龙、万川区客所在地铧为重灯火弹区,129"
minzhengzhi_aa,A,死亡,m-165,"火葛的给予支指和提供方便;规定干部、职工的直系亲属","后,有条件火葛而撂士葬的,视其情节轻重,要给干部职工以批评教育、经济制裁和纪律处分。各种规定发布后,干部、职工死后90史以上部实行了火萱。但在农民中实行火葬仍很困难,至1985年底,实行火葬的,基本是干部、职工、农村的“五保“户和城镇的孤老。区、乡民政干部为动员一名死亡居民、农民"
minzhengzhi_aa,A,匪,m-166,"、倩军食。民国9年(1920年5月县令吴鸿宾以《御","?为名,提卖全县存余积谷购买枪弹,民固《苍溪县志}载:“情至民国以来,变迁无常,届遮兵火,官仓、社仓均归乌有?。川陕省苏维埃的《公粮条例》焕定。“公粮的分配…...以千分之二作为社会保险,(救济没有生序能小的鳅、寡、季、独、残废者),对红军伤亡人员的抚恤费,由苏维埃政府拨欲。「民"
minzhengzhi_aa,A,会议,m-167,"济和福利事业费,自然灾害救济费,及信访、慰问、专业","、事业档案等其他费用,开支项目复杂。大休可分为:固定支出\福利支出\临时支出三大项。固定支出含扰伶金、残度金、分散供养金\离休退休金\定期定量表助金、退职老弱教济金等人头款,每年约占整个民政经费的70外,1957、1958年发放追饰费时,这种费用所占比例更大g福利支出含“五保户7"
minzhengzhi_aa,A,保长,m-167,"备荒和优待征属的“积谷?管埕混乱,常被兵、区、乡、","随意挪用;民国32年(1943年)后,规定动用“积谷“救灾,必项经县政府、县参议会同有关饥关议定,报省政府转中央棕食部恢准后,县组织发放机132"
minzhengzhi_aa,A,村民,m-168,"核、乡批准,发给本人。大量成批救济,赏经群众评议,","委员会审一核实,乡批准,张榕公布。审欣全额权限乡民政于部铁户一次5元以下,乡政府830元以专,区50元以下,50元以上市公民政局批准。重大灾情发止名,救灵梅宇县下作纬会同区乡帕批,由乡民放塔不一联单,一联留乡枢孙,一联向民政尾报销,--联文京又外象,内具掷联单到信川社颊笋,违者拒"
minzhengzhi_aa,X,审查,m-168,"况分拨到咕区,申区掌捕,代行发放后,造册送叶民政科",",再报省府;大的特殊开支如教灾等经县领导批准才能火付。1958年,建水了乡(铭)一级财政视导,财政申县下放到乡,《对及时发现和解决群众实际困难志了很大作用“。1963年,区乡建尔专户专帐,严桨执行审批报销制烈,实行《三联单,区和公社不支付现金,由信用社付款。1975年1月,根据吾"
minzhengzhi_aa,A,处理,m-169,"对查清!问题清,做到事实清楚,实事求是,质任分明,","落实清。四对口即:区和公社对口;公社和大队对口!大队和生产队对口』生产队和享受户对口。清理后,按照“一全三坚持?,即公社(镇)有专人管帐,做到月清乓结、帐卡(册)单据齐全;坚持优抚、救济方针政策和使用原则,坚持民主评议,制定规划(扶贫专款),张榜公布和集体审批制度!坚持用三联单发"
minzhengzhi_aa,X,审查,m-169,"2年所拨款(物)发放和报帐等数字,逐项、逐笔、逐户","核对清!用途清,对不合用途的如平均发放,乱支滥用,贪污掀用,优亲厚友,重干薄群等核对查清!问题清,做到事实清楚,实事求是,质任分明,处理落实清。四对口即:区和公社对口;公社和大队对口!大队和生产队对口』生产队和享受户对口。清理后,按照“一全三坚持?,即公社(镇)有专人管帐,做到月"
minzhengzhi_aa,A,村民,m-17,"措施…《5》.第三节乡(镇)人民放权…n《52》乡","主建政.《527,一菊逊建乡放权心大尺公社央放社分设火0万一第四节“群众自治组织…《55》。查民委员会0n《561居民委员」z着.-′-.′〇.′′'′′-.〇-.-〇--l-′'(l′′′-'′，--′′′_""""′′-""""′-l""′'.〇"".._′′′-'′'-′′′l(57)"
minzhengzhi_aa,A,大会,m-17,"_{>弋表′会-′′_""′.′′d(57)农民代表","0《58各界人民代表会议.《587仪国园大民代表大会058第四章“褒扬抚恤.......0..0eeeeeeeeeeeeeeeeee《62》第一节“褐扬熟士0朋27〉树碑修墓.《62。送《光荣烈属》匿…C63》:瞻′【卓祭宁…_.′′'′′′.′′..'-""'.'--′.--'′"
minzhengzhi_aa,A,会议,m-17,"′.′′d(57)农民代表大会0《58各界人民代表",".《587仪国园大民代表大会058第四章“褒扬抚恤.......0..0eeeeeeeeeeeeeeeeee《62》第一节“褐扬熟士0朋27〉树碑修墓.《62。送《光荣烈属》匿…C63》:瞻′【卓祭宁…_.′′'′′′.′′..'-""'.'--′.--'′-.′′--__._-."
minzhengzhi_aa,A,处理,m-171,"的因和其他项统计一起,巳无法分开。第二节_来信来访","人民来信,接待人民来访,是新中国建立后才开展的,是民政部门一项经常性的重要工作。,承“办“范“围。民政部门承办来信和接待来访人员的范围,一般是烈军属、歼废军人、复员退伍农人要求优抚安置、补发证件,真联哑就业安置,城乡居民、村民要求解决生活困难、社会教济救灾,“五保户“要求解决困难"
minzhengzhi_aa,A,村民,m-171,"要求优抚安置、补发证件,真联哑就业安置,城乡居民、","要求解决生活困难、社会教济救灾,“五保户“要求解决困难,城镇无依无帝、无家可归及自流人员安置、退.休、退职、精减下放后,要求解决生活图难、医疗疾病开支的教济,婚姻登记、丧营等有关问题,以及反映对民政工作、民政工作人员的意见等。“押“办机构1983年以前,县民政科(局)指定一人兼管"
minzhengzhi_aa,A,破坏,m-171,",认真查处;对于假借来信来访名义,进行无理取闹甚至","、诈骗等!按倩节分别进行批评教育或同有关部门联系处理;对于不属于本部门的来信来访,及时转送有关的部门。对来信来访的姓名、单位、内容、处理结果,进行专门登记备查。在处理来信来访时,对政策恰的问题,部门领导综合研究,拟定办法,集中解决,圹zZ`乏董】寸[}古1上红蓬反映,提出处理意观"
minzhengzhi_aa,A,处理,m-172,"建命后,县民政部门,年平均拳待","来信来访约300人(次》。年度数呼起伏性大,政治经济形势好,来信来访少;反之,信访数蚺增加。大批复迟军人回乡,抚饲政策和金额调整,落实红军流落人员政策等新的政策实行初期,信访增多。为减少群众信访赏时费资金,凡有关民政工作政策变化时,采取尽伍把新政策传达宣传给群众,并迅速按政策处理"
minzhengzhi_aa,A,公安,m-172,"交办工作建围后,民政部门曾主办过农村户政和地政,与","部门共办过禁鸭片。后来,这些工作有的移交,有的消六。同时,民政部门还圆满地完成了县委、政府交办的一些临时性事务工作。移“民“安“置1957年冬,南充专员公署冲定是年冬至1958年春,由南部、西充等和向苍源兮境内移民。规定移出户必项是有劳动力的农民。1957年12月,苍溪与南部、西"
minzhengzhi_aa,A,会议,m-172,"7年12月,苍溪与南部、西允民政部门召开了三方联合",",达成协议:移民坚持自愿原则,接收南部3500户、西充2500户,安置刹三川、五龙、元坝、歧坪、东溪、尤山、文名、城郊等8个区、45个乡;迁入户每户有一个以上主要劳动力,能自给自足g1958年!月底主劳(当家人)敢本迁完,2月中旬家属基水仝部迁入;迁移户举派代表,由乡干部带领,与"
minzhengzhi_aa,A,拒绝,m-172,"安段有一难,由该区掌握调整;迁入乡在规定任务内不得","接收,乡、社要适当组织欢迎;迁入户必须指迁出乡的证明,包括是否党团史、何种干部、复员军人、烈军属等内容和户口迁移证,粤食转移证(要说明口植卖给国家多少,要与售粮凭证相符,到迁入地凭证买回)。,迁移基木按协议进行,各区、乡作了热情接待,始善安置,本莲移民自愿原则,自移公助分散插社的"
minzhengzhi_aa,A,公安,m-173,",也可以根据他们的要求经当地民政部门审查批准,按照","户口管理规定,就地办理农转非手续,县人民政府本此精神,1982年交由县民政部门具体办理。据当年8月10月摸底统计,需迁回城镇和就地农转非的共417户,1456人。其中,苍溪县各场镇下乡居民308户,1097人;南充市下至苍溪农村的67户,233人!重庆市下至苍溪县农村的42户,1"
minzhengzhi_aa,X,审查,m-173,"人不愿当社员的,也可以根据他们的要求经当地民政部门","批准,按照公安户口管理规定,就地办理农转非手续,县人民政府本此精神,1982年交由县民政部门具体办理。据当年8月10月摸底统计,需迁回城镇和就地农转非的共417户,1456人。其中,苍溪县各场镇下乡居民308户,1097人;南充市下至苍溪农村的67户,233人!重庆市下至苍溪县农"
minzhengzhi_aa,A,反对,m-174,"识之士,积极参与孙中山领导的辛妤革命,讨伐袁世凯,","蒋介石独根统治和封建地主的残酵剥削,抛头颅、洁热血、浩气长存,为人民长期所传颂。现就有史史考的人和事简记于后。陶“泽煌陶泽煜,字明生,芸溪城内兴贤街人。16岁中清未武秀才。清光绪戊戌宥布“预备立宪9》,泽煜大喜,考入四川宠八学校,毕业后任清军绿苑管带(相当营长7。辛亥革命军兴,投"
minzhengzhi_aa,A,地主,m-174,"导的辛妤革命,讨伐袁世凯,反对蒋介石独根统治和封建","的残酵剥削,抛头颅、洁热血、浩气长存,为人民长期所传颂。现就有史史考的人和事简记于后。陶“泽煌陶泽煜,字明生,芸溪城内兴贤街人。16岁中清未武秀才。清光绪戊戌宥布“预备立宪9》,泽煜大喜,考入四川宠八学校,毕业后任清军绿苑管带(相当营长7。辛亥革命军兴,投身反清运动者接踵而起,泽"
minzhengzhi_aa,A,杀,m-174,"陶泽煜率队100多人冲进督院,砍死守门卫兵,四处冲","。赵尔丰的巡防军目睿泽煜所率敢死队的英勇,纷纷淮逃。泽烟手提马刀,随帝士兵数人直冲赵的卧室,赵尚木起床。赵身边有个丫头是川边少数民族,名秀姑,人称《蛮丫头,携枪佩刀,经常守卫在赵的身边,见泽熔入室,立即开枪抵抗。子弹从泽熙耳侧飞过,泽煜置生死不顾,纵步上前,一刀将秀姑砂倒,活捉赵"
minzhengzhi_aa,A,抵抗,m-174,"携枪佩刀,经常守卫在赵的身边,见泽熔入室,立即开枪","。子弹从泽熙耳侧飞过,泽煜置生死不顾,纵步上前,一刀将秀姑砂倒,活捉赵尔丰,挪到皇城军政府内。事后,之昌衡在皇城内明远楼召开伟市群众大会,将赵挪绑到场,人民历数其屈杀藏族同胞,筑压保路运动,惨杀成都人民的罪行后,尹当场宪布“立即斩首,并命陶泽煜行刑。陶泽煜手起刀落,人头滚下,传首"
minzhengzhi_aa,A,群众大会,m-174,"到皇城军政府内。事后,之昌衡在皇城内明远楼召开伟市",",将赵挪绑到场,人民历数其屈杀藏族同胞,筑压保路运动,惨杀成都人民的罪行后,尹当场宪布“立即斩首,并命陶泽煜行刑。陶泽煜手起刀落,人头滚下,传首示众,大快人心。事后叙功,陶升为标统(相当国长,辖三个苑》。民国2年(1913年),赵尔丰之兄赵尔巽(清总督、袁世凯的旧交)请裕世凯密令"
minzhengzhi_aa,A,国民党,m-175,"慨激昂,闻者动容,其名大著。民国成立后,同盟会改为","。逸侠以国民党员身份奔走成、渝,以巩固发展国民党为巳任,结识不少青年志士,介绍入党。「民国2年(1913年),讨袁(世凯)护国军起。四川省党部为响应督军熊克武讨袁先讨胡(景伊)的决定,准备在川北发动义军,待胡抽调部队攻打重庆时,川北即发难举义,以包围成都。为此,特组织龚焕然(阅中"
minzhengzhi_aa,A,被杀,m-175,"逸侠等被捕。23日,龚焕然、孔宝庆、庄逸侠、孙鸿霄","害于阆中。就义时,他们痛骂窃国大盗袁世凯及其走狗。庄逸侠牺牲时年仅18岁,入祀成都四川忠烈祠。温“全“武温全武,苍溪温家沟(今双田乡)人,生于清同治八年(1869年),自幼家贫,给财主当雇工。全武深受财主的侮辱虎待,甚恨贪官劣绅,即出走高坡三角山寺院为僧,后入陕西太白山学道,受“"
minzhengzhi_aa,A,杀,m-175,"贫苦农民可各得其所。以《打倒贪官污吏?,《打不平、","不平,杀尽不平方太平“等口号,号召、招募贫苦农民加入“红灯教。后来,教徒发展到七八百人。,《红灯教?声势逐渐扩大,引起当地反动势力惊恐。民国14年(1925年6月,东溪场大地主勾结团正带领囡丁、家丁80余人,袭击三清庙。全武即命一骨干带50余人。以《红灯教?教义鼓舞斗志,教徒以抓"
minzhengzhi_aa,A,地主,m-175,"反动势力惊恐。民国14年(1925年6月,东溪场大","勾结团正带领囡丁、家丁80余人,袭击三清庙。全武即命一骨干带50余人。以《红灯教?教义鼓舞斗志,教徒以抓叉、刀矛迎敌,杀伤4人,余敌逃窜。温全武料敌不肯罢休,因三清庙地形易攻难守,决定7名骨干各带百人,分道向光山子转移,到140"
minzhengzhi_aa,A,豪绅,m-176,"大石、岳东、梅家浩口等地,纵横二百单,公开同军阀、","斗争。圭轼区内,宣传打倒贪官贪吏,规定农民不纳地租、军饷,苛招杂税。自民国14年6月至15年5月,圭其势力范围内杀掉罪大恶极的保长、土豪劣绅20余人,罡欧20余人;开仓放粮,周济贫苦;辖区内400多户农民不纳租交税,深得民心。同时,温还率教徒在山寥、隘口等险要地带,挖陷井、捍竹签"
minzhengzhi_aa,A,斗争,m-176,"、岳东、梅家浩口等地,纵横二百单,公开同军阀、豪绅","。圭轼区内,宣传打倒贪官贪吏,规定农民不纳地租、军饷,苛招杂税。自民国14年6月至15年5月,圭其势力范围内杀掉罪大恶极的保长、土豪劣绅20余人,罡欧20余人;开仓放粮,周济贫苦;辖区内400多户农民不纳租交税,深得民心。同时,温还率教徒在山寥、隘口等险要地带,挖陷井、捍竹签、铁"
minzhengzhi_aa,A,杀,m-176,"杂税。自民国14年6月至15年5月,圭其势力范围内","掉罪大恶极的保长、土豪劣绅20余人,罡欧20余人;开仓放粮,周济贫苦;辖区内400多户农民不纳租交税,深得民心。同时,温还率教徒在山寥、隘口等险要地带,挖陷井、捍竹签、铁锥、安套子、垒石块,防敌袭击。温全武领导的《红灯教“农民起义军,屑动了反动派,东溪闭总、豪绅、恶霸联名急报公知"
minzhengzhi_aa,A,罪大恶极,m-176,"。自民国14年6月至15年5月,圭其势力范围内杀掉","的保长、土豪劣绅20余人,罡欧20余人;开仓放粮,周济贫苦;辖区内400多户农民不纳租交税,深得民心。同时,温还率教徒在山寥、隘口等险要地带,挖陷井、捍竹签、铁锥、安套子、垒石块,防敌袭击。温全武领导的《红灯教“农民起义军,屑动了反动派,东溪闭总、豪绅、恶霸联名急报公知事钟俊,钟"
minzhengzhi_aa,A,保长,m-176,"4年6月至15年5月,圭其势力范围内杀掉罪大恶极的","、土豪劣绅20余人,罡欧20余人;开仓放粮,周济贫苦;辖区内400多户农民不纳租交税,深得民心。同时,温还率教徒在山寥、隘口等险要地带,挖陷井、捍竹签、铁锥、安套子、垒石块,防敌袭击。温全武领导的《红灯教“农民起义军,屑动了反动派,东溪闭总、豪绅、恶霸联名急报公知事钟俊,钟急电用"
minzhengzhi_aa,A,土豪,m-176,"月至15年5月,圭其势力范围内杀掉罪大恶极的保长、","劣绅20余人,罡欧20余人;开仓放粮,周济贫苦;辖区内400多户农民不纳租交税,深得民心。同时,温还率教徒在山寥、隘口等险要地带,挖陷井、捍竹签、铁锥、安套子、垒石块,防敌袭击。温全武领导的《红灯教“农民起义军,屑动了反动派,东溪闭总、豪绅、恶霸联名急报公知事钟俊,钟急电用颂尧派"
minzhengzhi_aa,A,恶霸,m-176,"红灯教“农民起义军,屑动了反动派,东溪闭总、豪绅、","联名急报公知事钟俊,钟急电用颂尧派兵《清剿“,囚仙于内战无兵可派。民间15年(1926年)夏,钟亲月出马,团练局长罗秋潭带札局兵丁,并纠集龙山、运山、商坡等地反动武装,从石灶佑子岩进攻。遂率众挥刀,口念:《杀不迹、杀不进?语,向敌猛冲,敌落陷井、入大套、中竹签者不计其数。坐等石灶"
minzhengzhi_aa,A,反对,m-177,"祥的“亲信“,借1937年8月陈参与营救八卦洲农民","国民党南京市政府没收自垦河潍地而下狱事,以4异党捍乱后方?论罪,将陈逸捕监禁,经戴季陶等保释后回川。陈维新在漫长生涯中,结识了宋庆龄、冯玉祥、李济琛等知名进步人士,并受其影响,加之自身遭遇的体验,他关心人民疾苦,痛恨恶势力。1936年夏,他得知修筑川脓公路的一万苍溪民工完成任务后"
minzhengzhi_aa,A,国民党,m-177,"“亲信“,借1937年8月陈参与营救八卦洲农民反对","南京市政府没收自垦河潍地而下狱事,以4异党捍乱后方?论罪,将陈逸捕监禁,经戴季陶等保释后回川。陈维新在漫长生涯中,结识了宋庆龄、冯玉祥、李济琛等知名进步人士,并受其影响,加之自身遭遇的体验,他关心人民疾苦,痛恨恶势力。1936年夏,他得知修筑川脓公路的一万苍溪民工完成任务后仍不放"
minzhengzhi_aa,A,地主,m-177,"济,后得到宏.庆龄等惠寄捐款。是年,他还将东溪场大","、西充县长杨廷榴及其侄儿、国民党陆军师长杨达的恶迹写成打油诗,《大洋何所有?唯是水云天。龙鲸俱隐后,虾蟹敢当前。?用木牌高悬东溪场,得到乡人好评。1952年土改时,维新被安置在县文化馆工作,并被聘为省文史员。1954年去世,享年79岁。.第二节烈士传苍溪藉的革命烈士,绝大部分牺性"
minzhengzhi_aa,A,土改,m-177,"当前。?用木牌高悬东溪场,得到乡人好评。1952年","时,维新被安置在县文化馆工作,并被聘为省文史员。1954年去世,享年79岁。.第二节烈士传苍溪藉的革命烈士,绝大部分牺性于第二次国内革命战争和抗日战争。因时隔数十年,又大都牺牲在远离家乡的战场,不易收集到他们的具体英勇事迹,仅以各方提供的,片断情况,对少数灰士事迹作简略记述(按牺"
minzhengzhi_aa,A,地主,m-178,"轿顶付陈家沟一个贫农家庭。因家境贫寒,其父张北恒给","宋文安当长工,勉强度日。民国6年(1917年),人权8岁时,其父向宋求情,送人权到其所办的私境读书。因人权学习动奋,得亲友喜爱和周济,先后升入苍溪县口等小学堂、南充县初级中学、保宁(阅中)共立高中师范班读书。民国17年(1928年),他在师范班读书期问,与进步同学马步旭、进步教师"
minzhengzhi_aa,A,斗争,m-178,"立起地下党支部,组织农民武装,发动群众开展抗租抗捐","。同时,他联系三川地区在外读书的同学和在乡的部分肯年,戍立进步组织《新民促迹会?,提倡男女平等,主张妇女不缠脚、不穿耳,反对俘神信鬼。民图19年(1930年)农历正月,张人权、何荻等在新观苟英寨召开农民代表联系会议,被当地闭保发觉告密而遮通缉。党组织及时将他转移到南充中心县委,负"
minzhengzhi_aa,A,反对,m-178,"民促迹会?,提倡男女平等,主张妇女不缠脚、不穿耳,","俘神信鬼。民图19年(1930年)农历正月,张人权、何荻等在新观苟英寨召开农民代表联系会议,被当地闭保发觉告密而遮通缉。党组织及时将他转移到南充中心县委,负资学生和工人运动。因工作出色,后被派任南充中心县委少共书记。民国21年(1932半),在南部县升钟寺举行的农民暴动“升保起义"
minzhengzhi_aa,A,会议,m-178,"历正月,张人权、何荻等在新观苟英寨召开农民代表联系",",被当地闭保发觉告密而遮通缉。党组织及时将他转移到南充中心县委,负资学生和工人运动。因工作出色,后被派任南充中心县委少共书记。民国21年(1932半),在南部县升钟寺举行的农民暴动“升保起义“,失败后的次年春天,张人权接受组织派遣,到升保地区恢复了地下党组织,建立起地下党团升保特"
minzhengzhi_aa,A,杀,m-179,"突围,到达了预定地点。娆家涧和15名战士英勇战斗,","伤敌人近!00名。由于敌我力量过于悬殊,全班战士相继壮烈牺牲,姚家润的双胶虽然负了重伤不能行走,仍坚持与敌人战斗。最后,当--群日伪军扑近时,他拉响手榴弹,与敌人同归于尽。娆家涧牺牲时,年仅20岁。余“锦“义,余锭义(1916一1948年》,苍溪县五里乡人,1916年生。他从小给"
minzhengzhi_aa,A,地主,m-179,"948年》,苍溪县五里乡人,1916年生。他从小给","放牛,受尽若难。1933年参加中国工农红军,次年加入中国共产党。先后任班长、排长、连长、营长、团长等职。长征途中,生活极端艰苦,每人每天只有4两粮食,余锴义每天却要节约2两梅食给伤病员吃抗战初期,在娘子关战斗中,他身负重伤,不下火线,坚持完成作战任务,受上级通令嘉奖。1940年,"
minzhengzhi_aa,A,斗争,m-179,"940年,镂义奉令率一个营,深入淮北地区,坚持敌后","。一次日伪200余人企图在滚城设立据点,他趁敌人立足未稳,率领部队长途奔袭,一举攻入城内,歼敌大部,歼敌狼狐迷窜。随后,又在该地道子村歼灭伪军一个营,粉碎了日寇蚕.,食扫荡我根据地的阴谋,受到上级表扬。解放战争中,他率领部队完成了胶河、诸城等或役的作战任务1948年6月,解放华东"
minzhengzhi_aa,A,歼灭,m-179,"城内,歼敌大部,歼敌狼狐迷窜。随后,又在该地道子村","伪军一个营,粉碎了日寇蚕.,食扫荡我根据地的阴谋,受到上级表扬。解放战争中,他率领部队完成了胶河、诸城等或役的作战任务1948年6月,解放华东益林镇时,他充分发挥军事民主,研究进攻战术,将坑道挖至敌阵地前沿。或斗发起后,他头部负伤,但仍亲临突破口指挥战斗,打垮了敌人13次反冲击,"
minzhengzhi_aa,A,击毙,m-180,"“中,邓仕钧沉莲机智地指挥鄂队冲出敌人的三层包围,","敌人20名。在磨河滩北治沟战斗中,他率颊一个连占领制口点,焱护主.力转移,激战一日,击退日军7次冲锋。他-一人投掷手榴弹40多颗,手榴师投完后,就投掷地宇,杀伤敌人70多名,粉碎了日军合击企图,保证了部队安全转移。战后,邓仕钧荣获《诚察冀边区子弟兵战斗英雌“称号和一级英妹奖章。1"
minzhengzhi_aa,A,杀,m-180,"一人投掷手榴弹40多颗,手榴师投完后,就投掷地宇,","伤敌人70多名,粉碎了日军合击企图,保证了部队安全转移。战后,邓仕钧荣获《诚察冀边区子弟兵战斗英雌“称号和一级英妹奖章。1950年,邓参加中闹人民志愿军,任志愿军187师559创囡长,打击美河侵略者。1951年5月28日,衬完成洪川江南岸战斗任务中,他带伤参加战斗,英程铖牲,时年"
minzhengzhi_aa,A,不服,m-182,"",",再三申诉,据理力争;1961年林彪制造了所谓“谭政反党宗派集团“冤案,王长德受到了株连。“文化大革命“中,林彪、《四人帮“又再次给王长德强加了种种茧须有的罪名,进行批初斗争,并将她调离军事博物馆,到福州军区作离休安罪。从此,王长德远离亲人,生活得不到应有的照顾,有病不能及时治疗"
minzhengzhi_aa,A,冤案,m-182,"力争;1961年林彪制造了所谓“谭政反党宗派集团“",",王长德受到了株连。“文化大革命“中,林彪、《四人帮“又再次给王长德强加了种种茧须有的罪名,进行批初斗争,并将她调离军事博物馆,到福州军区作离休安罪。从此,王长德远离亲人,生活得不到应有的照顾,有病不能及时治疗,在身心上受到严重摧残。1971年10月13日上午,王长德昕到林彪一伙"
minzhengzhi_aa,A,斗争,m-182,"帮“又再次给王长德强加了种种茧须有的罪名,进行批初",",并将她调离军事博物馆,到福州军区作离休安罪。从此,王长德远离亲人,生活得不到应有的照顾,有病不能及时治疗,在身心上受到严重摧残。1971年10月13日上午,王长德昕到林彪一伙仓停出逃,叛闵投敌,被据死在温都尔汗时,发出了多年不曾有过的炎朗笑声。由于她极度兴奋,致使心脏病猝然发作"
minzhengzhi_aa,A,死亡,m-182,"递过-一根木棍要拉她上岸。芹英只要一伸手,便可脱嵩","威肺,伽她摆了摆央,再次湛入水中,用力把小乔往岸边顶。这时,人们赶到了,小春得救了,而杨芹英却英勇献身。她牺牲时,年仅11岁。共肉团苍源只始于同年8月25日,授孙她《少年英雄“、市充地区团委和省冉委先后扯予妇“舍已救人的优秀少先队员、“优秀少先队员“的称号;凶川省人民政府批准她为"
minzhengzhi_aa,A,斗争,m-183,"部队、地下党工作人员、政府工作人员和人民群众在对敌","中牺牲、失踪和保护或抢救人民的生命、国家和集体财产壮烈牺性的苍溪籍烈士6170人(出版后,发现因失踪巳批准为烈士入荣名录的1人尚在台湾,实为烈士6169人》。1982年后,又牺性和新查证了一批在过去革命战争中牺牲的烈士,正筹备编英名录续集。因烈士数量大,并编有英名录,故不在此列名"
minzhengzhi_aa,X,训练,m-183,"收到在抗日战争、解放战争、抗美援朝战争中,以及战备","、国防施工,支援朝鲜人民重建家园中,作出了特殊贡献的445名苍浩县籍立功军人的立功喜报。各级政府接到喜报后,制作了《人民功臣》穴、慰问品,148."
minzhengzhi_aa,A,杀,m-184,"争中,由命民党军队投入到人民解放军后,调转枪口勇敢","敌的特等功臣孟胜先(张王乡人);有字抗美援朝的上甘峙胡伟中,带领一个战斗小组,坂守阵地三天三夜,打退敌人14次进攻,歼灭300名敌人的一等功臣、荣获朝鲜人民民主共和国授于的“一级战士荣待勋章“的罗光前(蹈山乡人等著名功臣。这烈功厂中,有的巳为革命献出了生命,有的仍在为《罚化建设作"
minzhengzhi_aa,A,歼灭,m-184,"个战斗小组,坂守阵地三天三夜,打退敌人14次进攻,","300名敌人的一等功臣、荣获朝鲜人民民主共和国授于的“一级战士荣待勋章“的罗光前(蹈山乡人等著名功臣。这烈功厂中,有的巳为革命献出了生命,有的仍在为《罚化建设作贡献。现特列名(以收到誉报时间先后为序)于后:特“等“功“臣袁振玉赵德仁孟胜先一“等“功“臣李士备“张白华“翟礼先“赵宣"
minzhengzhi_aa,A,大会,m-186,"952年8月,区乡评出优抚对象模范132人,县召开","期间,评出特等劳模3名(红属1,军属2),甲等模范6名(红属3、烈属1、荣军!、复员军人!)乙等模范5名(红属2、复员军人3)。1953年6月,区乡评选优抚对象模范169人,县从中评出县的一等模范3人,二等模范15人,三等模范20人。1954年12月,区乡评出优抚对象模范155人"
minzhengzhi_aa,A,会议,m-186,"的事迹。1977年,县召开407名优抚汀象先进代表",",15名代表在大会介绍了先进事迹。1983年,县召开优抚对象代表会,选出退伍红军苗资窖(高坡公社)、军属石大荣151"
minzhengzhi_aa,A,大会,m-187,"省和全国的烈军属、歼庞复员军人社会主义建设积极分子","。退伍红军何天星,何天是在部队20多年,负伤24次,三次立特等功,1941年即任营长。1952年退伍回到城郊乡东台村。名乡后,他不属功,不顾伤残和年大(当时已50多岁),还关心人民疾苦,带领群众积极参加社会主义建设。他发现农民任淑贤没房住,李登治没被子,陶家法没床,就拿出自己的残"
minzhengzhi_aa,A,土匪,m-190,"大荒。1918年:3月15日招安军人过高坡,被疑为",",靖国军对其园剿,并奉令放火将高坡场及附近民房数十座烧毁。1923年:中秋前,连雨20日。中秋夜,漓江场纵横三里许,地忽陷下二丈余。是年由阅中传来的疫定,感之片刻不治,死者累神,人民称之为《麻脚痴》。1924年:夏季大早,是岁大饥,东河尤甚,人民吃树皮、葛面充饥,俞学载道。192"
minzhengzhi_aa,A,国民党,m-190,"病万余人,死者关多。1935年,2月19日夜,河西","军乘红军参加陕南战役,偷渡入县城抢粮后,玉,皇客、鹤鸣书局、南门口、东门内及东门巷、东门外等6处起火。6月18日,嘉碎江及东河洪水暴涨,农作物损失严重。是年早灾,仅收三成。冬天,今白岩乡单庙村赵家浪155"
minzhengzhi_aa,A,死于,m-191,"割下一块肉在瓦钿内煮着吃了,因烂肌有毒,不久马赵氏","院坝内核桃树下。建国后群众在此树下坂一石碑,将事实刻于碑上。1940年;5至6月旱,县参议会要求政府呈报上峰派员查勘救济。一区向县报灾称;成灾土地面积5850亩,灾民1.36万人。省拨购买种子赈款2.5万元。1941年:春旱,大春作物未按时种下。城厢镇报灾称欠收如史。“1942年"
minzhengzhi_aa,A,死亡,m-191,",江水暴涨,农作物多被洪水吞没,房屋席卷冲走,牲畜","甚重。县报称;旱灾、水灾、风灾一一胜过往年。,,1948年:大昼、大灾(灾情具体记述无考)。人民吃树皮草根渡荒。′1949年:大早。夏秋150天无雨,约20万亩田土受重灾,减收粮食3600多万厅。城厢镇各保统计,损失最轻者为70%。1950年:旱灾。高山玉米60刃枯萎,红苔40史"
minzhengzhi_aa,A,杀害,m-192,"魏蛛等虫灾。6月10日至11日,全县30万人出动捕","虫3800多厅。1953年,5月下旬,各地皆成早象,全县比上年少插秧20%,且部分巳干死;6月28日起,连续4天5夜大雨,7月13日骥雨,全县普遍受灾,其中水稻、玉米3.6万背面积成灾,小部分冲走,大部分冲倒,垮塘311口、垮堰981条,倒塌、冲走房屋435闭、冲走耕牛3头、猪1"
minzhengzhi_aa,A,死亡,m-193,"因水肿病至1961年5月,即","180多人。1961年:先旱后涝。8月中旬前,旱灾!8月17日至18日连降暴雨,五龙、三川、城郊、元坝4个区受灾大队118个,冲毁农作物6513亨,冲垮桥梁10座、水库7座、堰塘354口、电站一座,毁坏房屋1307间,冲走木船82支,冲走11人,元坝、漓江、石门等12个公社404"
minzhengzhi_aa,A,打死,m-193,"座,吹倒经济林木4万多株,毁房322闰,淹死、垮岩","4人g8月31日晚至次日上午,全县遮6一8级大风,有的地方间有冰雹、暴雨,45个公社受灾,水稻受灾54582亨,损夫稻谷500余万斤!9月16至19日连降大暴雨,4天总雨量232.3毫米,田菜等12个公社受灾。1964年:3月17日,元坝中心完小教室垮塌,132名师生压于楼下,死"
minzhengzhi_aa,A,死亡,m-194,"七队分吃病死牛所,96人进食全部中毒,76人住院,","2人;7月下旬至8月下旬,62个公社遭旱灾,中、晚稽、玉米等作物26万多盲减产;8月198日,东溪、歧坪12个公社遮雪灾,碧产梅食213万多厂。1976年,4月21日至22日上午,全县道7一8级大风袭击,小真作物坂失较严重,吹断树木9290侃,吹垮房屋291阅,压死2人。1977"
minzhengzhi_aa,A,破坏,m-195,"斤!滑坡危害农田面积38万亨,墉、库、堰遭不同程度","1796处,祈毁防洪堤16道计14.3公里,冲毁桥梁140处,经济林木损失面积。13426亩!垮塌房屋8.13万间,2800多户人无家可归!30个公社公路交通中断!工交、财贸、社队企业280个停工停产,702所学校+53个医疗单位被损坏!洪水造成死亡25人伤744人。直接经济损失"
minzhengzhi_aa,A,死亡,m-195,"停产,702所学校+53个医疗单位被损坏!洪水造成","25人伤744人。直接经济损失总金额7550万元,是全省4个重灾县之一。9月,歧坪,龙山、五龙等区47个公社发生勾端螺旋体暴发流行,病2171人,死亡28人。1982年;5月11日至138日,全县道大风袭击,32万亨小麦、5.8万亩早玉米、2.9万个茹苗床、1.1万亩秧苗受损失,"
minzhengzhi_aa,A,死亡,m-196,"2.5万户人吃水困难,100多头耕牛因喝脏水和中暇",",2285只弹死亡;8月30日、31日,天观、新观、漓江、唤马\雍河及白岩、白山、彭店、石马遭大风、冰霍袭击,是上述地区解放以来第一次特大雹灾,据地、县联合调查,受灾41604人,成灾水稻27683亩,加杂粮共约减产1239万厅,灾民人平损失387厅,经济作物捞失折款45万元,灾"
minzhengzhi_aa,A,处理,m-21,"","动法火ssn36》第三芸“交动工作…1377,移民安置.1377,屠民团收安置.37》第十二章“人物.39》_第一节“爱国爱民志士事限44neeseeseceessesrecoccececeoeccoC139)2陶泽煌.139》庄道俭.407,溶金武.0》一,衔祖睑、舒祖模…4》"
minzhengzhi_aa,A,民团,m-21,"第三芸“交动工作…1377,移民安置.1377,屠","收安置.37》第十二章“人物.39》_第一节“爱国爱民志士事限44neeseeseceessesrecoccececeoeccoC139)2陶泽煌.139》庄道俭.407,溶金武.0》一,衔祖睑、舒祖模…4》陈维新…42》第二节熟士信422》、张大权427,烈家消一e143》余锦"
minzhengzhi_aa,A,国民党,m-22,"牲、伤残红军的抚饲,为红军烈、军属代耕等工作外,在","统治期间,军阗割据,“优待?空有其名。宇到抗日战争后,民国政府发布了抚代和优待征属的条款,但因经费来源不可靠和执行中的弊端,苍溪县政府除给-~部分征属发过优待粮,在县城建造了象征性的《战日阵亡痊士纪念碑》及1943年真节通过募捐为每户征属送1斤食盐《慰劳?外,多数“优待“规定不落"
minzhengzhi_aa,A,国民党,m-23,"机构,分别不同情况迹行妙善安置:对资遣回县的55名","旧官兵,本曾给生活出路的精神,实行教济与安置相结合的办法,作到化消极因素为积极因素;对175名退伍红军,实行一切从优的政策,对他们的工作、生活采取一包到底的办法g对50年代先后回乡的3000多名复员军人,各级政府热情欢迎,并根据当时的需要和可能,将其中近一半人安置到党政、企业工作"
minzhengzhi_aa,A,斗争,m-24,"来之阡,迅速动员和组织各方面的力蚊,同灾害进行顽强",",特别是在同早灾、水灾、虫灾作斗争中,取得显著成效,仅18个年度捕杀农作物害虫一项,即挽回粮食产量2.2亿多斤,降低了灾害损失灾情发生后,各级政府和领导深入现场调查灾倾,组织生产的救,认真安排好国家拨发的大批教灾钱、粮以恢复生产,解决灾民生活。1956年至1985年间,国家拔给苍"
minzhengzhi_aa,A,杀,m-24,"、水灾、虫灾作斗争中,取得显著成效,仅18个年度捕","农作物害虫一项,即挽回粮食产量2.2亿多斤,降低了灾害损失灾情发生后,各级政府和领导深入现场调查灾倾,组织生产的救,认真安排好国家拨发的大批教灾钱、粮以恢复生产,解决灾民生活。1956年至1985年间,国家拔给苍溪县直接用于解决灾民的吃饭、住房、治病方瓦的救灾款,即达600多万元"
minzhengzhi_aa,A,杀,m-26,"陶泽煌(苍滑县城兴贤街人)奉四川军政府令,亲摇、亲","了四川总督赵尔丰。民国元年(1912年》5月23日暴雨。寡陵江涨洪水7丈余(约24.14米),沿江田土、房屋被冲毁十之六七,人界流死无数。9月县成立贫民教养工厂(后改为民生职业工厂,民国23年停办》,收无业贫寒子弟,教以技艺,自食其力。所产线毯等行销川北。民国2年(1913年)7"
minzhengzhi_aa,A,杀害,m-26,")和阅中县衡门。因义军中有人叛变,23日庄逸侠故敌","于阆中。25日,与庄逸侠同时参加讨表义举的罗全文(苍溪县城晓古街人)就义于苍溶县监狱。次日,县中同情革命人士举行盛大追悼会。是年大水,享子口渊枯差为23.86米,渊峰流量23000立方米/秒。民国7年(1918年)3月15日“招安军人过高坡,被疏为土匪,靖国军进行围刑并奉令将高坡"
minzhengzhi_aa,A,监狱,m-26,"加讨表义举的罗全文(苍溪县城晓古街人)就义于苍溶县","。次日,县中同情革命人士举行盛大追悼会。是年大水,享子口渊枯差为23.86米,渊峰流量23000立方米/秒。民国7年(1918年)3月15日“招安军人过高坡,被疏为土匪,靖国军进行围刑并奉令将高坡场及附近房屋烧毁。,民园9年(1920年)5月县知事吴鸿宾以“御匠“为名,提卖伟县积"
minzhengzhi_aa,A,土匪,m-26,"年(1918年)3月15日“招安军人过高坡,被疏为",",靖国军进行围刑并奉令将高坡场及附近房屋烧毁。,民园9年(1920年)5月县知事吴鸿宾以“御匠“为名,提卖伟县积谷购买枪弹,使主要用于赈济的公仓积谷无存。民国12年(1923年)是年秋霜雨述句。中秋夜,漓江场纵横三里许,地忽下降二丈余,山崖新裂痕高差二丈余。5"
minzhengzhi_aa,A,国民党,m-27,"33年》5月30日“中共地下党城厢区委书记王文焕被","杀害。6月15日“中图工农红军第四方而军进入苍溪县境。7月,成立苍溪县苏维埃。9月8日,召开第一次工农兵代表大会。解放区先后建立区、乡、村苏维埃政权。民国23年(1934年》′3月“红军和县苏维埃政府,为反敌人“围剖?撒离苍溪县境,9月第二次解放苍溪,并扩大了包括县城在内的嘉陵江"
minzhengzhi_aa,A,杀害,m-27,"》5月30日“中共地下党城厢区委书记王文焕被国民党","。6月15日“中图工农红军第四方而军进入苍溪县境。7月,成立苍溪县苏维埃。9月8日,召开第一次工农兵代表大会。解放区先后建立区、乡、村苏维埃政权。民国23年(1934年》′3月“红军和县苏维埃政府,为反敌人“围剖?撒离苍溪县境,9月第二次解放苍溪,并扩大了包括县城在内的嘉陵江以东"
minzhengzhi_aa,A,大会,m-27,",成立苍溪县苏维埃。9月8日,召开第一次工农兵代表","。解放区先后建立区、乡、村苏维埃政权。民国23年(1934年》′3月“红军和县苏维埃政府,为反敌人“围剖?撒离苍溪县境,9月第二次解放苍溪,并扩大了包括县城在内的嘉陵江以东解放区,侥复和新建了区、乡、村苏维埃政权。1是年30奶的土地因旱未能下种。永宁铺附近十余里因瘟疫流行田土荒芫"
minzhengzhi_aa,A,国民党,m-28,"5月","的别动队及地主还乡囡陆续返芯,大肆“清乡“剽杀苏维埃干部及红军家属,推广“新生活?运动,训练乡、保、甲长,建立5个区,下设36个联保办事处,辖保、甲。7月“改组县政府,设三科两处一室一部。一科等民政、军事。10月县成立禁烟(鸦片)委员会,附设我烟所,各区设分所。是月苍溪民工1万人"
minzhengzhi_aa,A,地主,m-28,"5月国民党的别动队及","还乡囡陆续返芯,大肆“清乡“剽杀苏维埃干部及红军家属,推广“新生活?运动,训练乡、保、甲长,建立5个区,下设36个联保办事处,辖保、甲。7月“改组县政府,设三科两处一室一部。一科等民政、军事。10月县成立禁烟(鸦片)委员会,附设我烟所,各区设分所。是月苍溪民工1万人,自带口粮、工"
minzhengzhi_aa,A,杀,m-28,"国民党的别动队及地主还乡囡陆续返芯,大肆“清乡“剽","苏维埃干部及红军家属,推广“新生活?运动,训练乡、保、甲长,建立5个区,下设36个联保办事处,辖保、甲。7月“改组县政府,设三科两处一室一部。一科等民政、军事。10月县成立禁烟(鸦片)委员会,附设我烟所,各区设分所。是月苍溪民工1万人,自带口粮、工具,参加修筑川陕公路神宣驿一段,"
minzhengzhi_aa,A,甲长,m-28,"埃干部及红军家属,推广“新生活?运动,训练乡、保、",",建立5个区,下设36个联保办事处,辖保、甲。7月“改组县政府,设三科两处一室一部。一科等民政、军事。10月县成立禁烟(鸦片)委员会,附设我烟所,各区设分所。是月苍溪民工1万人,自带口粮、工具,参加修筑川陕公路神宣驿一段,堵年夏完工,死伤民工甚多。民国25年(1936年是年洪、夏"
minzhengzhi_aa,A,联保,m-28,"活?运动,训练乡、保、甲长,建立5个区,下设36个","办事处,辖保、甲。7月“改组县政府,设三科两处一室一部。一科等民政、军事。10月县成立禁烟(鸦片)委员会,附设我烟所,各区设分所。是月苍溪民工1万人,自带口粮、工具,参加修筑川陕公路神宣驿一段,堵年夏完工,死伤民工甚多。民国25年(1936年是年洪、夏早180天,未插秧,溪沟断流"
minzhengzhi_aa,X,训练,m-28,"乡“剽杀苏维埃干部及红军家属,推广“新生活?运动,","乡、保、甲长,建立5个区,下设36个联保办事处,辖保、甲。7月“改组县政府,设三科两处一室一部。一科等民政、军事。10月县成立禁烟(鸦片)委员会,附设我烟所,各区设分所。是月苍溪民工1万人,自带口粮、工具,参加修筑川陕公路神宣驿一段,堵年夏完工,死伤民工甚多。民国25年(1936"
minzhengzhi_aa,A,大会,m-29,")8月15月“县城举行庆祝中国人民坚持八年抗或胜利","和游行。9月1日“大水。水漫县城西街(今嘉陵路上段),一些百姓到县府请愿,求彭祥其(县长》《招水“《消天怒“退《洪位?,彭于西门设香案,酒肉,朝天三跋九拜后,将博士席及鞋抛入江水,但江洪照涨如故。11月,省府拨水灾急赈款100万元。「民国35年(1946年3月19日县城新街李梦林"
minzhengzhi_aa,A,国民党,m-29,"(1947年)′5月“成立“苍溪县在乡军官分会?,","军官58名参加该会。6月25日“大雨数日不止,山洪陡发,江水暴涨,省水灾赈济会先后汇来小本责款法币3000万元。'11月“实行所谓《民选“,县内党派势力、土豪劣绅争夺权利,人事纠纷加剧。为缓和矛盾,全县增划为20个乡(镇)、288个保、3153个甲。民国38年(1949年3月“成"
minzhengzhi_aa,A,土豪,m-29,"0万元。'11月“实行所谓《民选“,县内党派势力、","劣绅争夺权利,人事纠纷加剧。为缓和矛盾,全县增划为20个乡(镇)、288个保、3153个甲。民国38年(1949年3月“成立“苍溪县救济院,收孤儿16人。是年真、夏150天未下透雨,约20万亨农作物受重灾,减产粮食3000万厅。12月31日“人民解放军解放苍溪县。,.1950年1"
minzhengzhi_aa,A,废除旧乡保,m-29,"8.4万斤给农民深荒。8月县人民政府发布《关于彻底","政权,建立乡村人民政府的指示》。9月“苍溪县复员委员会成立,并接收人民解放军第一批复员军人。「.[…。"
minzhengzhi_aa,X,543,m-29,"小麦遮黑穗病、水稻遮蜗虫危害面积40万亨,损失产量",".79万斤。民国86年(1947年)′5月“成立“苍溪县在乡军官分会?,国民党军官58名参加该会。6月25日“大雨数日不止,山洪陡发,江水暴涨,省水灾赈济会先后汇来小本责款法币3000万元。'11月“实行所谓《民选“,县内党派势力、土豪劣绅争夺权利,人事纠纷加剧。为缓和矛盾,全县"
minzhengzhi_aa,A,大会,m-30,"日“成立苍溪县禁烟委员会,并在县城召开禁点禁毒运动",",烛毁鸦片,处治烟毒犯,说服吸食鸦片者限期戒绝。1952年7月20日,县委召开扩大会,制订肃清炯毒行动方案,抽谋35名干部到重点区、乡和各级政府配合,劣清歼存的种、贩、开设烟馆等点毒犯。县成立临时人民法庭,处治首恶分子。经过这次运动,苍语县有近8年时间无炜、贩、种鸦片炯的活动。1"
minzhengzhi_aa,A,临时人民法庭,m-30,"府配合,劣清歼存的种、贩、开设烟馆等点毒犯。县成立",",处治首恶分子。经过这次运动,苍语县有近8年时间无炜、贩、种鸦片炯的活动。1959年3月10日至4月19日,县上集中力量对文君、龙山区部分边远地区未肃清的个别暗藏点毒犯重操旧业,给予了严厉打击,全县烟毒根除。12月25日_县城举行抗美援朝、保家卫国的群众示威游行。会后,群众纷纷制"
minzhengzhi_aa,A,首恶,m-30,"种、贩、开设烟馆等点毒犯。县成立临时人民法庭,处治","分子。经过这次运动,苍语县有近8年时间无炜、贩、种鸦片炯的活动。1959年3月10日至4月19日,县上集中力量对文君、龙山区部分边远地区未肃清的个别暗藏点毒犯重操旧业,给予了严厉打击,全县烟毒根除。12月25日_县城举行抗美援朝、保家卫国的群众示威游行。会后,群众纷纷制订《爱国公"
minzhengzhi_aa,A,乡长,m-30,"年1月“上级批准:全县建立58个乡人民政府,选出新",";增设第八区(元坝)人民政府(实际建立为1950年底)。是月“对缺劳力烈、军属的土地,由乡、村组织代耕队代耕。2月苍溪与阀中、南江等县调整吊角边地。是月5日县人民政府召开复员军人座谈会,了解情况,征求意见,到会141人。是月开始按国家颁布的《革命军人牺牲、病故装饲暂行条例》规定实"
minzhengzhi_aa,A,会议,m-30,"258人。5月8日_县民政科第一次召开区民政助理员",",总结民政工作,交流民政工作经验。7月5日_县成立评歼委员会,对回乡持建国前后各种残废证和证明的残废军人,按新的残废标准评定等级,共64人,升等级1人,降等级12人,换发了残庞证。以后,按国家规定,分别于1962年对二等以上残废,1964年对三等残废,1972年、1981年对所有"
minzhengzhi_aa,A,土地改革,m-31,"11月全县全面开始","(是年1月巳在歧坪试点),组织5个分团,58个工作队分赴各区、乡,至翌年4月结李。全县划定地主3292户,地主兼工商业750户,工商业兼地主22户,半地主式富农778户,富农1813户,地主占总农户6史。共没收、征收土地448735.5背(5背约1亨),收违法款108亿元(旧人民"
minzhengzhi_aa,A,地主,m-31,"58个工作队分赴各区、乡,至翌年4月结李。全县划定","3292户,地主兼工商业750户,工商业兼地主22户,半地主式富农778户,富农1813户,地主占总农户6史。共没收、征收土地448735.5背(5背约1亨),收违法款108亿元(旧人民币》y没收粮食8502石、耕牛3746.5头、大农具16980件、家具226925件、房屋46"
minzhengzhi_aa,A,地主兼,m-31,"各区、乡,至翌年4月结李。全县划定地主3292户,","工商业750户,工商业兼地主22户,半地主式富农778户,富农1813户,地主占总农户6史。共没收、征收土地448735.5背(5背约1亨),收违法款108亿元(旧人民币》y没收粮食8502石、耕牛3746.5头、大农具16980件、家具226925件、房屋46883间,分给了无"
minzhengzhi_aa,A,富农,m-31,"地主兼工商业750户,工商业兼地主22户,半地主式","778户,富农1813户,地主占总农户6史。共没收、征收土地448735.5背(5背约1亨),收违法款108亿元(旧人民币》y没收粮食8502石、耕牛3746.5头、大农具16980件、家具226925件、房屋46883间,分给了无房无地、缺房缺地的农民。塔发了土地房屋所有证。,"
minzhengzhi_aa,A,民主建政,m-31,"头逞户慰问全县烈军属,赠送光荣匾及礼品。3月第二次",",全县刘为85个乡,1街,533个村s6月,原属昭化县的鸵溪、亭子、白桥、新农4个乡,划归苍溪县,全县为89个乡、1街、547个村。.4月卫生行政工作由民政科分出,劳动工作并入。6月县人民政府发出通报,纠正为烈、军属代耕制度不完善的偏差。是月“岳东等区水稻发生严重螨虫危害,县委召"
minzhengzhi_aa,A,大会,m-31,"差。是月“岳东等区水稻发生严重螨虫危害,县委召开扩",",全县动员23万人捕杀害虫。7月15日为宣传贯彻《婚姻法》,县委、县政府召开县属机关、区、乡、村干部和群众约1.5万人大会,对虚杀、虐待、吊打妇女、杀婴等违法案件公开宣判。,8月“召开全县烈、军属,荣军模范及拥优模范大会,到会模范304人。.是月25日川北行署贯彻婚姻法宣传检查组"
minzhengzhi_aa,A,杀害,m-31,"生严重螨虫危害,县委召开扩大会,全县动员23万人捕","虫。7月15日为宣传贯彻《婚姻法》,县委、县政府召开县属机关、区、乡、村干部和群众约1.5万人大会,对虚杀、虐待、吊打妇女、杀婴等违法案件公开宣判。,8月“召开全县烈、军属,荣军模范及拥优模范大会,到会模范304人。.是月25日川北行署贯彻婚姻法宣传检查组来县,推动了全县宣传、执"
minzhengzhi_aa,A,杀,m-31,"属机关、区、乡、村干部和群众约1.5万人大会,对虚","、虐待、吊打妇女、杀婴等违法案件公开宣判。,8月“召开全县烈、军属,荣军模范及拥优模范大会,到会模范304人。.是月25日川北行署贯彻婚姻法宣传检查组来县,推动了全县宣传、执行婚姻法工作,12月民政科编发《苍溪县民主建政宣传提纲》,宣传民主建政的重要性、必要性,提出建政要求和开好"
minzhengzhi_aa,A,宣判,m-31,"人大会,对虚杀、虐待、吊打妇女、杀婴等违法案件公开","。,8月“召开全县烈、军属,荣军模范及拥优模范大会,到会模范304人。.是月25日川北行署贯彻婚姻法宣传检查组来县,推动了全县宣传、执行婚姻法工作,12月民政科编发《苍溪县民主建政宣传提纲》,宣传民主建政的重要性、必要性,提出建政要求和开好乡人民代表会议的搭施。.1953年1月二"
minzhengzhi_aa,A,会议,m-31,"建政的重要性、必要性,提出建政要求和开好乡人民代表","的搭施。.1953年1月二区龙井乡、六区新建乡并入他乡;3月,决定区和村不成为一级政权,区政府改区公所;元坝、东溪场成立镇人民政府!《月1日,城关街政府改为城关镇人民政府,全县为87个乡,3个镇,594个村。「是月22日县召开全县烈军属模范代表大会,到会代表169人。,2月19日"
minzhengzhi_aa,A,破坏,m-31,"月5日“民政科副科长韩介,因隐瞒历史、毒打妻致死和","他人婚姻,界罪潜逃,后投五自杀。「,10"
minzhengzhi_aa,A,大会,m-32,"县、乡(镇)两级普选和召开县、乡(镇)两级人民代表",",至1954年7月6日结柱。12月“志愿军战士罗光前(寨山乡人)1952年在上甘岭战役中坚守阵地三天三夜,歼灭敌300多人,朝鲜民主主义人民共和国授予他一级战士荣誉勋章。1954年3月14日“四川省革命老根据地建设委员会向省人民政府报告,认定苍溪等7县为革命老根据地。4月17日_"
minzhengzhi_aa,A,歼灭,m-32,"山乡人)1952年在上甘岭战役中坚守阵地三天三夜,","敌300多人,朝鲜民主主义人民共和国授予他一级战士荣誉勋章。1954年3月14日“四川省革命老根据地建设委员会向省人民政府报告,认定苍溪等7县为革命老根据地。4月17日_五龙场居民杨开秀手拿油灯捉臭虫,蚊帐若火引起火灾,烧毁民房20间,区公所、税务所、金融组公房被烧30问,损失1"
minzhengzhi_aa,A,大会,m-33,"开全县烈军属、复员退伍军人社会主义建设积极分子代表","。1957年,“2月“退伍回乡的考红军何天星(城郊乡人)出席四川省群英会,《南充报》2月7日以《领导群众创造奇迹的人》为标题,报道了他的事迹。3月开始对全县在“二战?时期、抗日战争和解放战争中牺牲、失除、病故的革命军人、革命工作人员未进行抚饲的进行清理、追饯,至翌年完成。共落实追"
minzhengzhi_aa,A,村民,m-33,"使乡的职权。同时,改行政村为生产大队(管理区),改","小组为生产队。一是月“镇水人民公社群力管理区试办第一所敬老院。12月,参加县四级扩干会的干郡到该院观摩,之后十几天内全县办起175所敬老院,收养五保老人、抹儿2154人。民政拨款2.3万元补助建院。1959年1月,总结仓促办院的教训,决定每个公社只办一所敬考院。因受“左“的影响,"
minzhengzhi_aa,A,大会,m-34,"乡(镇)人民代表选举和召开县、乡(镇)两级人民代表","工作开始,翌年2月14日结柬。12月龙京山皮肤病防治院第三病区因病员取暖失火,热毁草房12间和简易病床等。是月16日新建芦溪、庙垠公社,全县为62个公社。是年旱、水,风灾交替袋击,是苍涉县连续遗受自然灾害蹂躏阡第三年,加之6左“的干扰,政策失误,导敌全县27954户灾民吃穿发生严"
minzhengzhi_aa,A,大会,m-35,"改称社员代表)选举和召开县、公社(镇)两级人民代表","工作开始,至7月15日结束。'1964年′1月县召开考红军、烈军属、荣复、退伍军人、民兵模范代表大会。8月29日_是日至11月上旬70天内仅4天无雨,全县多处滑坡,仅土鲤公社一处滑坡即垮陷田土200多亩,填阻三会寺河沟,自成可薄水80万方的水库;火箭大队一队因滑坡造成无田无地,只"
minzhengzhi_aa,A,会议,m-35,"、社员代表41人在东光三队库房参加全乡小春预分重点",",因呆烟引起室内堆放的火药燃烧爆炸,伤亡8人(当场烧死小孩2人,抢救无效死亡8人》。中共南充地委副书记李仕德、专署民政科副科长邹胜魁及县民政科人员到现场处理事故,并给予了救济。1967年是年由于《文化大革命“的干扰破坏,县民政科领导班子瘙疾。「1968年.2月9日“复退军人的安置"
minzhengzhi_aa,A,死亡,m-35,"火药燃烧爆炸,伤亡8人(当场烧死小孩2人,抢救无效","8人》。中共南充地委副书记李仕德、专署民政科副科长邹胜魁及县民政科人员到现场处理事故,并给予了救济。1967年是年由于《文化大革命“的干扰破坏,县民政科领导班子瘙疾。「1968年.2月9日“复退军人的安置工作从民政科分出,由县人武部办理业务。4月26日“全县遭一天一夜9级大风袭击"
minzhengzhi_aa,A,处理,m-35,"李仕德、专署民政科副科长邹胜魁及县民政科人员到现场","事故,并给予了救济。1967年是年由于《文化大革命“的干扰破坏,县民政科领导班子瘙疾。「1968年.2月9日“复退军人的安置工作从民政科分出,由县人武部办理业务。4月26日“全县遭一天一夜9级大风袭击,小春减产20%。9月18日至19日,又14"
minzhengzhi_aa,A,破坏,m-35,"给予了救济。1967年是年由于《文化大革命“的干扰",",县民政科领导班子瘙疾。「1968年.2月9日“复退军人的安置工作从民政科分出,由县人武部办理业务。4月26日“全县遭一天一夜9级大风袭击,小春减产20%。9月18日至19日,又14"
minzhengzhi_aa,A,大会,m-36,"全权负责民政工作。是月24日公社(镇)既木召开选民","选举第七届(按顺序列为第七届)人民代表,更无法召开乡(铳)人民代表大会选举只人民代表。仅由南充地荣委代表来只宣布县单委的成立和组成人员,公社(镇)革命委员会也先后照此法办理,人民的选举权被剔夺。6月28日中土公社迟伍红军文元中,被《文化大革命9中的造反派迫害致死。1970年1月2"
minzhengzhi_aa,A,法办,m-36,"委的成立和组成人员,公社(镇)革命委员会也先后照此","理,人民的选举权被剔夺。6月28日中土公社迟伍红军文元中,被《文化大革命9中的造反派迫害致死。1970年1月27日回乡探亲的解放军斋长韩柏林,在回水观音滩抢救茶水群众牺性。9月6日县革委办事纷的《民政组“与生产指挥纷的《文卫组“合并为生产指拂纵的《民卫组,一名军代表和原《民政组“"
minzhengzhi_aa,X,审查,m-36,"用印章。是年兵工业、交通、文教等建设所霞土地的征用","报批工作,由民政局交出。1978年是年眷早,1162个毕产队无水有秘,1005个生产队的2.3万户人无水吊;5月8日,8月8日,11日,部分地区道冰霍袱击,损失铭人900万斤、水果5万斤、桐于90多万jy8月中甸,《稿包虫?危密咤稻2万山,损央粮食600万斤』9月5、6日降紫雨阁"
minzhengzhi_aa,A,大会,m-37,"召开烈军属、考红军、荣誉、复员、转业、退伍军人代灵",",到会代表444名。大会评出10个《红旗单位9和10个先进单位,407名先进个人受奖15人在大会上发了言。8月在东溪区开展农村扶贫试点,后在全县普遂开展扶贫工作。是年先后遭旱、冰霏、大风、水灾。1至5月(尤其2月)一量偷少,干冬水田2万多留,247个生产队人留缺吃水!5月29日,"
minzhengzhi_aa,A,会议,m-37,"民政组织先进单位的仪表、县人武部代表参加的民政工作",",贯彻党的十一届三中全会和五届人大及省第十次民政工作会议精神。丞1979年1月全县各级政府、各行各业开展4双拂活动月“,批判林彪和四人帮“攻击民政工作方针政策的谯论,调整积解决军政军民关系巾存在的问题。3月6日从是日起至3月庞,对全县优抚对象进行普查登记。先在伏公公社试点,尔后全"
minzhengzhi_aa,A,错案,m-38,"",",三是实事求是解决优抚对象的固隼。4月11日当日晚至12日上午9时,全县普遍道10一11级暴风袭击,风势之烈在我县历史上罕见,并出现《四月雪“,深丘地区气温下降到3D左右,山区气温降至0U以下,仅小真一项损失3500万斤,干对大真生产造成致命危害,经济作物损失巨大。6月11日,4"
minzhengzhi_aa,A,处理,m-39,"况,至1983年.4月绪束。对查出的问题按政策作了",",并建全了财务副度。11月苍溪县人民政府发布《关于推行火萱、改革土葬的布告》。是年,为适应工作需要,民政局下设二组(优抚安置、民政救济)、一室(办公宣),1984年改设三股(人秘、优抚安置、民政教济》、一室(信访接待)。1988年1月县召开优抚对象代表座谈会,纪念开展《双拥“活动"
minzhengzhi_aa,A,死亡,m-39,"月27日至29日全县逊降暴雨,雨重200毫米以上,","6人,冲毁淹没农作物9万多亩,造成各种经济损失1300万元。民政教济18万多元。是年_对《五保户“进行普查。五保户供给标准,由过去不低于一舫社员生活水平,改为实行4四个六“,即每人每年600厂粮、600斤煤(无煤的以木柴解决)、6斤食油、60元人民币(棉衣裤、政帐男行发给》。19"
minzhengzhi_aa,A,乡长,m-39,"定乡、村有关规章制度和责任制。8月,县人民政府召开","会议,推广试行云。2"
minzhengzhi_aa,A,会议,m-39,"、村有关规章制度和责任制。8月,县人民政府召开乡长",",推广试行云。2"
minzhengzhi_aa,A,会议,m-40,"县区、多民政干部以8天时间,贯彻全国第八次民政工作","及四川省扶贫扶优仪陇经验交流会精神,同时纬织学习新时期的民政业务。9月“肄充地区分配给苍溪县农村贫困户解决衣、故的赊销款1326万元,无息。县按1981年至1983年人平收入在120元以下的户,每人以30元折算,赊销给纯棉布、棉花和成衣的办法,及时分配到贫困户手中。是年按省、地有"
minzhengzhi_aa,X,训练,m-40,"款25万元给予扶持。6月27日民政局开办婚姻登记员","班,给考试合格者颁发了《婚娇登记员证书》,规定颉证者方有权进行婚妮登记。7月!日起,领结婚证时,同时发给贴札人头像的《夫妻关系证明书》,作证明夫妻身分用;如已婚者要求办此证,可凭结婚证补发。是月“对烈土、因公牺牲、病故军人家属中无劳、缺劳、无固定收入生活低于当地群众水平的,自当年"
minzhengzhi_aa,A,甲长,m-41,"埃有关委员及下属有关部门分别办理;区、乡(镇)由保","或有关委员办理。专职民政机构建立后,县级民政机构称谓先后为《第一科、《民政科、《民政组9、《民政局“等;基层民政组织,在抗日战争期间,乡〈镇)曾建立过民政股,以后,仅设民政于事;新中国的区、乡(镇》、村,在不同时期,还设立过管理民政的委员会(小组)。建国后的专职民政机构和民政组织"
minzhengzhi_aa,A,保长,m-45,"设专任干事、户籍助理干事及事务员。各保民政工作,由","负责。抗日战争结束后,此机构消失,乡设民政干事一名。区、乡(镇)民政干部。建国后,区政府(后来改为区公所)一宇设有专职民政助理员。50年代至70年代中期,乡(社、镇)政府,设兼职民政干部;村(大队)分工一名干部兼理民政。1979年后,公社一级设专职民政助理员一名。区、乡(镇)、村"
minzhengzhi_aa,A,村民,m-45,"年后,公社一级设专职民政助理员一名。区、乡(镇)、","政委员会(小组)。为加强民政工作的领导和决策,建国后,犹、乡(社、镇)、村都建立过领导民政工作的委员会或小组。1980年以后,县统一规定,在全县区、乡(社、镇)建立民政委员会,村(大队)建立民政小组。区、乡民政委员会由7至9人组成,由分管民政工作的区委副书记或副区长、乡(镇)党委"
minzhengzhi_aa,A,死亡,m-45,"就业822人,送南部县老残院87人,迷跑112人,","66人,犯罪判刑15人,送劳动教养3人。这时,场内实有场员41人,县委决定对其分散安置后,24"
minzhengzhi_aa,A,判刑,m-45,"南部县老残院87人,迷跑112人,死亡66人,犯罪","15人,送劳动教养3人。这时,场内实有场员41人,县委决定对其分散安置后,24"
minzhengzhi_aa,A,公安,m-46,"是办理行政区刘、选举事务、整顿保甲、人事任免、水陆","、防空、兵役、军政训练、禁删禁詹、医药卫生、优待抚饲、赚灾教济、宗教礼俗、社合登记、慈喻感化、工役、地政、仓倩积谷、寺府财产管理监督、名胜古逊古物调查,保管乡铭遗产、婚丧管理、民政中务及起草、掌理县政府文件、书信等。25"
minzhengzhi_aa,X,训练,m-46,"务、整顿保甲、人事任免、水陆公安、防空、兵役、军政","、禁删禁詹、医药卫生、优待抚饲、赚灾教济、宗教礼俗、社合登记、慈喻感化、工役、地政、仓倩积谷、寺府财产管理监督、名胜古逊古物调查,保管乡铭遗产、婚丧管理、民政中务及起草、掌理县政府文件、书信等。25"
minzhengzhi_aa,A,民主建政,m-47,"苏维埃委员办理。'建_国后1950年,县民政科主管","、行政区划、边界纠纷、地政、机关行政人员任免、卫生行政、优抚、复员安置、社会救济、生产救灾、囱难补助、农村户口、民工动员、社团登记、婚姻登记、移民安置、游民改造、宗教、侨务、民事调解等1952年,人事任免、卫生行政分出,劳动工作并入;1953年,增加选举工作#1956年,户政、民"
minzhengzhi_aa,A,大会,m-47,"务1980年底至1981年初,承担县社两级人民代表","代表直接选举的具体事务(此后,选举工作由县人大常委会主办);1982年,把基层政权建设列为民政部门的主要任务之一。至此,民政的主要职能为基层政权建设、优待抚饵、退伍安置、救灾、社会救济、社会福利、收容遗送、婚娅登记、殡葛改革,同时协助政府做好行政区划、地名管理以及党和政府交办的其"
minzhengzhi_aa,A,会议,m-48,"务不熠的矛盾,一是参加上级民政郯门组织的短期培训、","学习,一是通过边工作边学习的办法,提高政治素质、业务索质和培养好的工作作风。民政科(局)机关干部的自学,长期实行每星期半天业务学习的制度。在各种民政政策法规发生变化时,集中时间学习,并以多种方式进行考试。分工主办各项民政事务的干部,主要通过自学掌握自己分抗的业务知识。对区、乡民政"
minzhengzhi_aa,A,反对,m-48,"心全意为人民服务的标准去衡吾银个人的职业道德;坚决","和严甫处理利川手中的为人民所用皈《救急金、〈救命钱“谋私利,徇私情7;抓民政业务素质的提高(要求熟悉民政业务政策理论,通晓有关的法令、法规;了解与业刍有关的政治、军乐、经济、文化等方面的知识g学会做群众伯的社会工作,葛于与有关部门配合协作的本领》;抓民政工作作风建设(要求民政干部"
minzhengzhi_aa,A,处理,m-48,"民服务的标准去衡吾银个人的职业道德;坚决反对和严甫","利川手中的为人民所用皈《救急金、〈救命钱“谋私利,徇私情7;抓民政业务素质的提高(要求熟悉民政业务政策理论,通晓有关的法令、法规;了解与业刍有关的政治、军乐、经济、文化等方面的知识g学会做群众伯的社会工作,葛于与有关部门配合协作的本领》;抓民政工作作风建设(要求民政干部心旮时刻都"
minzhengzhi_aa,A,镇压,m-53,"年(1644年),即明朝末年(岫祯十七年),明廷为","“反抗“,设甲32"
minzhengzhi_aa,A,甲长,m-55,"长、总甲(十家置",",百家置总甲)。八年(1651年),苍溪属涉朝统治后,仍奄旧制,但因明未人口大堡,清初只编桂花一乡。洁康熙《苍源县志,建星沿革》载,“明编户六里,我朝定鼎兵荒之后,土满人稀,编户一里…...“。十七年(1660年),全县设东、南、西、北四乡,下设保甲。十家为牌,十牌为甲,十甲为保"
minzhengzhi_aa,A,团总,m-55,"。同时,各场设团练分局,进一步将保甲、团练、分局、","联成一气,以互相特制。宣统二年(1910年),办理城乡自治区划,全县就自然地理形势划为城区、王渡镇、元坝镇、龙山乡、东涉乡,三川乡、五龙乡、东岳乡。总称“八区。团保区划标亥革命,中华民国成立(1912年),苍溪仍沿清末《八区(〈见附囹2一1),以团练保甲联合,隶属川北道囡练联合办"
minzhengzhi_aa,A,联保,m-60,"场剑阎县太平乡考观区苏维埃老“观“场辖9个乡苏维埃","、乡(镐)保区划,'民国24年(1935年)夏,蒋介石的中央势力入川,取消军闻防区制。县以下设区分保,划全县为五个区,即一区(治地城厢),二区(治地歧坪),三区(治地龙山》,四区(治地东溪),五区(治地三川》。全县共设36个联保办事处,203保。民国25年(1936年)夏,5个区"
minzhengzhi_aa,A,废除旧乡保,m-64,"。6月,川北区党委指示;年底前结合减(租)退(押)",",建立新乡、村。1951年1月,增划第八区(元坝),并就全县自然地势,废旧乡,新划为58个乡、1街和524村(实际于1950年底已划分完毕,此时上级才正式批准)。一区辖,城关街及城郊、镇水、槐树、回水、云峰、王漆、五里、六包8乡、1街、73村;区政府先设城隍庙,后迁刘家巷。二区辖"
minzhengzhi_aa,A,旧乡,m-64,"1年1月,增划第八区(元坝),并就全县自然地势,废",",新划为58个乡、1街和524村(实际于1950年底已划分完毕,此时上级才正式批准)。一区辖,城关街及城郊、镇水、槐树、回水、云峰、王漆、五里、六包8乡、1街、73村;区政府先设城隍庙,后迁刘家巷。二区辖,东青、马根、蟠龙、禅林、八庙、七树6乡、36村!区政府设东岳庙。三区辖;五"
minzhengzhi_aa,A,土地改革,m-64,"有人口399577人,76311户。1952年春,","后进行第二次民主建政,按照“一个乡的人口,一般四至六千人,平坝地区不得多于一万人口,范围不超过六十华里?的精神,全县境划为10个区,“85个乡,1街,533个村!6月,接收昭化县划给苍溪县的鹏溪、亭子、新农、白桥四乡后,全县划为89个乡、1街,547个村,4231个村(居)民组。"
minzhengzhi_aa,A,民主建政,m-64,",76311户。1952年春,土地改革后进行第二次",",按照“一个乡的人口,一般四至六千人,平坝地区不得多于一万人口,范围不超过六十华里?的精神,全县境划为10个区,“85个乡,1街,533个村!6月,接收昭化县划给苍溪县的鹏溪、亭子、新农、白桥四乡后,全县划为89个乡、1街,547个村,4231个村(居)民组。各区所辖乡是,一区辖"
minzhengzhi_aa,A,地主,m-64,"改为区公所。县人民政府决定;《村不是一级政权,以当","要地名命名?,同时,对地域辽阎、人口过多的村适当划小,全县增划为594个村。东溪场、元坝场成立镇人民政府,分别属于六、40"
minzhengzhi_aa,A,会议,m-65,"一次全面大堀整。12月23日县人民委员会第三次全体","正式决议:将原有10个区、87乡、3镇,调整为9个区、59个乡、1个镇、346个村。此次调整中,撒销丁岳东区,该区的文林、土鲤二乡划归歧坪区,石灶乡划归东溪区。撒销了望水、和平、六包、飞凤、新农、蟠龙、鼓楼、解放、兰池、两河、中和、小新、五峰、月山、太云、大石、喻家、回龙、蚕丝、"
minzhengzhi_aa,A,村民,m-66,"4年,取消公社建制,成立68个乡、1个镇,714个","委员会,3个居民委员会,4673个村民小组。8月,城郊乡的三清、龙潭、光明3个村划入陵江镇。1985年7月,省人民政府批准建立元坝、歧坪、东溪3个镇人民政府(1986年建成)。是年,全县为9仅、1镇、68乡(见附图2一4》、720村、3个居民委员会、4683个村民小组、19个居民"
minzhengzhi_aa,A,联保,m-74,"权晚清、民国的基层政权,其组织形式,经历了团保制、","制、乡保制。其变化实质,在于强化对人民的统治。团“保“制清嘉庆年间(1799一1820年),白莲教农民起义军部属阮正隆、张权潮、包正洪、高德均、冉天元等先后进入县境,历时五六年。清王朝严饭编村保甲,煌式比户患挂门牌,开载详细,寓囡练于保甲之中,“坚壁清野,聚察防守,以御农民起义军"
minzhengzhi_aa,A,镇压,m-74,"事》、客总(答场外之事),又复慕顿县中团练保甲,以","人民起义。光结元年(1875年),县令毛隆恺重新整顿团练保甲,仰保甲团练融为一体,“保甲联于无事之日,囡练用于有事之时。于县城设保甲总局。划清保址,就地成团,设保正、甲长,照给门牌。康、观、寺、院编造无遗。对流民,注明无业字样附于牌尾,以示区别;客店往木客旅,问明来历注签;平时保"
minzhengzhi_aa,A,甲长,m-74,"时。于县城设保甲总局。划清保址,就地成团,设保正、",",照给门牌。康、观、寺、院编造无遗。对流民,注明无业字样附于牌尾,以示区别;客店往木客旅,问明来历注签;平时保甲盘话严密,有事闭练会川兜挎。此举曾获府宪《峡奖?,并将新订章程,转发所属州县。二十六年(1900年)钦衔广练民团,整顿保申,清村户口:此次洁查,均以十家设总牌,牌上书桃"
minzhengzhi_aa,A,民团,m-74,"章程,转发所属州县。二十六年(1900年)钦衔广练",",整顿保申,清村户口:此次洁查,均以十家设总牌,牌上书桃里、棠局、树囡,第几牌,地名何处,户各\男丁、女口、雇工几人,寄住亲友几人,换户塔写,外附客暖零户,上书某名,年岁、职业,田土、房屋、载梅若干,邹右何人。同牌之户暨川首、保正,均签押盖章,共负隐匿连坐责任。二十八年(1902"
minzhengzhi_aa,A,团总,m-74,"县划为东、南、西、北、中五路,每路立一因总,均昕城","日号令。每个场设囡练分局,与县城团练保甲总局联成一气。城乡各保,均将本地少壮《民民“造册,以练丁操练。农予起,仍作本业,一遇有筱,门保首人,督促所练各了前征。清宣统2年(1910年),县奉令办理城乡自治,全县设八个区,每区段设自治总莉一人,各保保正属区总菜管辖。城内团防单务,另归"
minzhengzhi_aa,A,匪,m-74,"们倡团练大筹欲,发惯财,各霸一方,通匠分脏,明团洁",",派49"
minzhengzhi_aa,A,国民党,m-75,"5月,红军撒离苍溪,蒋介石“统一川政,取消防区制,","别动队与地主还乡团大肆《清乡?,推广“新生活运动,训练保甲人员。6月,各区设区署,置区长1人,管理全区事务,下设区员芸干,雇员若干。全县203保,设36个联保办事处,各设联保主任一人。翌年,划全县为““86乡,各乡由县委派联保主任!人,管理全乡事务,下设队附!人,负责武装训练,干"
minzhengzhi_aa,A,地主,m-75,"苍溪,蒋介石“统一川政,取消防区制,国民党别动队与","还乡团大肆《清乡?,推广“新生活运动,训练保甲人员。6月,各区设区署,置区长1人,管理全区事务,下设区员芸干,雇员若干。全县203保,设36个联保办事处,各设联保主任一人。翌年,划全县为““86乡,各乡由县委派联保主任!人,管理全乡事务,下设队附!人,负责武装训练,干事若干人。联"
minzhengzhi_aa,A,联保,m-75,"务,下设区员芸干,雇员若干。全县203保,设36个","办事处,各设联保主任一人。翌年,划全县为““86乡,各乡由县委派联保主任!人,管理全乡事务,下设队附!人,负责武装训练,干事若干人。联保以下,设置保长、队附等。保以下设置甲长,直接管理民众。|乡“保“制民国29年(1940年),四川改行《新县制?(即地方自治),实行所谓管教养卫合"
minzhengzhi_aa,A,联保主任,m-75,",雇员若干。全县203保,设36个联保办事处,各设","一人。翌年,划全县为““86乡,各乡由县委派联保主任!人,管理全乡事务,下设队附!人,负责武装训练,干事若干人。联保以下,设置保长、队附等。保以下设置甲长,直接管理民众。|乡“保“制民国29年(1940年),四川改行《新县制?(即地方自治),实行所谓管教养卫合一。“管?即清查户口"
minzhengzhi_aa,A,保长,m-75,"队附!人,负责武装训练,干事若干人。联保以下,设置","、队附等。保以下设置甲长,直接管理民众。|乡“保“制民国29年(1940年),四川改行《新县制?(即地方自治),实行所谓管教养卫合一。“管?即清查户口,监视居民言行;“教?即宣传国民党的党化教育;“养?即摊派各种苛捐杂税“卫“即组织地方武装。撒销区署,改设区指导员,指导全区工作。"
minzhengzhi_aa,A,甲长,m-75,"干事若干人。联保以下,设置保长、队附等。保以下设置",",直接管理民众。|乡“保“制民国29年(1940年),四川改行《新县制?(即地方自治),实行所谓管教养卫合一。“管?即清查户口,监视居民言行;“教?即宣传国民党的党化教育;“养?即摊派各种苛捐杂税“卫“即组织地方武装。撒销区署,改设区指导员,指导全区工作。撒销乡的联保办事处和联保"
minzhengzhi_aa,A,乡丁,m-75,"队附及分管民政、经济、文化、总务等机构及十事若干,","三五十人,管理全乡保甲事务,并规定;“乡、镇公所直属县政府,承县政府监督指挥,受该管区署之督导,办理本乡镇各项行政及自治事务“,加强县政府的垂直领导。.第二节苏维埃政权。苍溪苏维埃政权,先后共存在约一年半时间,并经历了建立一一撒出一一恢复的过程。因而,一些政策、制度在某些基层苏维"
minzhengzhi_aa,A,杀,m-75,"“的政策,--批苏维埃干部和群众积极分子遮打击和错","等,使政权建设受到影‖l句.>建立政权经过1933年7月,中共川陕省委批准建立了苍溪县苏维埃。9月,苍溪县第一次工农兵代表大会在文昌宫召开,并先后在文昌、龙山、石马、东溪、岳东、白庙、三川、新观“地建区苏维埃,在根据地普遍建立乡、村苏维埃政权。因周民党军队进犯苏区,1934年3月"
minzhengzhi_aa,A,大会,m-75,"准建立了苍溪县苏维埃。9月,苍溪县第一次工农兵代表","在文昌宫召开,并先后在文昌、龙山、石马、东溪、岳东、白庙、三川、新观“地建区苏维埃,在根据地普遍建立乡、村苏维埃政权。因周民党军队进犯苏区,1934年3月,在苍溪的红军和各级苏维埃机关撒离苍涉。1934年9月,红四方面军恢复苍溟英命根据地,随即除整顿原有区、乡、村苏维埃外,还在其"
minzhengzhi_aa,A,土地改革,m-75,"外,还在其扩展的根据地内建立各级苏维埃政权,并进行",",至1935年5月红军撒出苍溪县。「50"
minzhengzhi_aa,X,训练,m-75,"别动队与地主还乡团大肆《清乡?,推广“新生活运动,","保甲人员。6月,各区设区署,置区长1人,管理全区事务,下设区员芸干,雇员若干。全县203保,设36个联保办事处,各设联保主任一人。翌年,划全县为““86乡,各乡由县委派联保主任!人,管理全乡事务,下设队附!人,负责武装训练,干事若干人。联保以下,设置保长、队附等。保以下设置甲长,"
minzhengzhi_aa,A,大会,m-76,"构及人员苏维埃的最高权力机关是苏维埃(工农兵)代表","。大会选出的执行委员分别担任苏维埃政府的主席、副主席和委员。各级苏维埃政权机构名称、职能,大体上下对口。如,县苏维埃设主席、副主席。下属委员6人。土地委员:专等土地改革,清丈田南,谋查人口,分配土地和管理公用。粮食委员;负质收傅榜食,转运粮食,支抱军需,供应机关团体。寺政委员:负"
minzhengzhi_aa,A,土地改革,m-76,"苏维埃设主席、副主席。下属委员6人。土地委员:专等",",清丈田南,谋查人口,分配土地和管理公用。粮食委员;负质收傅榜食,转运粮食,支抱军需,供应机关团体。寺政委员:负责经济的开源节流,保管支出,领导经济合作社。劳工委员:,负责农属的代耕和一切基本建设。文化委员:管理文化、教育和处理来往公文等。内务委员:负责婚姻登记、宣传等。此外,县"
minzhengzhi_aa,A,处理,m-76,"属的代耕和一切基本建设。文化委员:管理文化、教育和","来往公文等。内务委员:负责婚姻登记、宣传等。此外,县设地方武装军区指挥部,指挥赤卫队。凡年龄在20以上东45岁以下的人都参加赤卫队,平时生产,维持治安;战时集中配合红军作战。县苏维埃设有保卫局、革命法庭等。区、乡苏维埃也设主席、副主席。下设劳工、土地、裂判、植食、内务、宣传、经。"
minzhengzhi_aa,A,土豪,m-76,"和地方苏维埃的口号是,打倒军闷,打倒帝闹土义,打倒","分田地。阶级路线:依辉贫雇农,团结中农,限制富农,保护工商业者,消灭地主阶级。凡贫庭农穿莲础烂的,即发给衣服,田地分给好的;汀打击与伤害贫雄农的分二,都要给予严厉惩治;号召地主自首,献出土地、财物,服从管制,劳动生产;富农要献出出租的土地,赔出欲子或罚做愉衣;对一切坚持反动的异已"
minzhengzhi_aa,A,富农,m-76,"倒土豪分田地。阶级路线:依辉贫雇农,团结中农,限制",",保护工商业者,消灭地主阶级。凡贫庭农穿莲础烂的,即发给衣服,田地分给好的;汀打击与伤害贫雄农的分二,都要给予严厉惩治;号召地主自首,献出土地、财物,服从管制,劳动生产;富农要献出出租的土地,赔出欲子或罚做愉衣;对一切坚持反动的异已分子坚决消灭。土地改革:发动贫雄农,团结中农,打"
minzhengzhi_aa,A,地主,m-76,"依辉贫雇农,团结中农,限制富农,保护工商业者,消灭","阶级。凡贫庭农穿莲础烂的,即发给衣服,田地分给好的;汀打击与伤害贫雄农的分二,都要给予严厉惩治;号召地主自首,献出土地、财物,服从管制,劳动生产;富农要献出出租的土地,赔出欲子或罚做愉衣;对一切坚持反动的异已分子坚决消灭。土地改革:发动贫雄农,团结中农,打土豪、分田地。执行机关是"
minzhengzhi_aa,A,管制,m-76,"要给予严厉惩治;号召地主自首,献出土地、财物,服从",",劳动生产;富农要献出出租的土地,赔出欲子或罚做愉衣;对一切坚持反动的异已分子坚决消灭。土地改革:发动贫雄农,团结中农,打土豪、分田地。执行机关是贫农团,由乡村土地委员、十家代表吸收群众意见,没收地主全部上地,量产估田,拾签记号进行分配,约每人5背(!亩),中农、贫农一齐分酌。口"
minzhengzhi_aa,A,土改,m-77,"禁点禁毒,","后,注意发展农业生产,禅止贩运和炜食鸦片烟。各地设戒点局,凡农民殃点,一切费用公家负担。解放妇女;各级妇女组织,组织妇女读书认字,唱歌演戏,宣传男女平等,号召妇女积极参加家庭、婚娇、土改、参军及参政的活助,实行一夫一妻的自由婚娇。|第=节乡(镇)人民政_权人民基层政权的设置,以有"
minzhengzhi_aa,A,村民,m-77,"生活的管理为原则。但在实践中,经历了曲折的道路。乡","主建政1950年1月18日,成立苍溪县人民政府。2月1日,成立各区人民政府。区设正副区长、特派员(后改区委书记》、武装郯长、一般干部若干人,分管组织、宣传、工、农、妇、青及民政、财粮、文教、建设、文书等工作。当时区的建政任务,一是对旧的乡保甲人员采取控制使用,逐步改造,为彻底废除"
minzhengzhi_aa,A,征粮,m-77,"步改造,为彻底废除创造条件;二是以旧的乡为单位成立","剿匪委员会,由政府派任工作人员或农民积极分子任正副主任,使用旧乡保人员协助征粮工作,号召他们戴罪立功g三是在清匪肃特和征粮运动中,发现和培养积极分子,逐步建立乡农协会,代替旧的乡政权。农协会设正副主席,下设武装队长、文书等。7月,废旧保甲,逐步建立村政府,村设村长、农会主席、民兵"
minzhengzhi_aa,A,剿匪,m-77,"造,为彻底废除创造条件;二是以旧的乡为单位成立征粮","委员会,由政府派任工作人员或农民积极分子任正副主任,使用旧乡保人员协助征粮工作,号召他们戴罪立功g三是在清匪肃特和征粮运动中,发现和培养积极分子,逐步建立乡农协会,代替旧的乡政权。农协会设正副主席,下设武装队长、文书等。7月,废旧保甲,逐步建立村政府,村设村长、农会主席、民兵自卫"
minzhengzhi_aa,A,旧乡保,m-77,",由政府派任工作人员或农民积极分子任正副主任,使用","人员协助征粮工作,号召他们戴罪立功g三是在清匪肃特和征粮运动中,发现和培养积极分子,逐步建立乡农协会,代替旧的乡政权。农协会设正副主席,下设武装队长、文书等。7月,废旧保甲,逐步建立村政府,村设村长、农会主席、民兵自卫队长、妇女代表、文书等。据不完全统计,上半年清匪肃特中,共歼灭"
minzhengzhi_aa,A,清匪,m-77,"用旧乡保人员协助征粮工作,号召他们戴罪立功g三是在","肃特和征粮运动中,发现和培养积极分子,逐步建立乡农协会,代替旧的乡政权。农协会设正副主席,下设武装队长、文书等。7月,废旧保甲,逐步建立村政府,村设村长、农会主席、民兵自卫队长、妇女代表、文书等。据不完全统计,上半年清匪肃特中,共歼灭土匪22人,瓦解土匪527人,土匪自新316人"
minzhengzhi_aa,A,肃特,m-77,"乡保人员协助征粮工作,号召他们戴罪立功g三是在清匪","和征粮运动中,发现和培养积极分子,逐步建立乡农协会,代替旧的乡政权。农协会设正副主席,下设武装队长、文书等。7月,废旧保甲,逐步建立村政府,村设村长、农会主席、民兵自卫队长、妇女代表、文书等。据不完全统计,上半年清匪肃特中,共歼灭土匪22人,瓦解土匪527人,土匪自新316人,收"
minzhengzhi_aa,A,旧保,m-77,"。农协会设正副主席,下设武装队长、文书等。7月,废","甲,逐步建立村政府,村设村长、农会主席、民兵自卫队长、妇女代表、文书等。据不完全统计,上半年清匪肃特中,共歼灭土匪22人,瓦解土匪527人,土匪自新316人,收缴枪支1000支。,1950年夏秋间,苍溪县人民政府根据上级指示精神和本县情况发布了《关于彻底废除旧乡保政权,建立乡村人"
minzhengzhi_aa,A,歼灭,m-77,"女代表、文书等。据不完全统计,上半年清匪肃特中,共","土匪22人,瓦解土匪527人,土匪自新316人,收缴枪支1000支。,1950年夏秋间,苍溪县人民政府根据上级指示精神和本县情况发布了《关于彻底废除旧乡保政权,建立乡村人民政府的指示》,指出,在减租运动前彻底废除旧乡保政权,取消旧保甲制度,暂以现行乡保区划建立人民民主的新政权;现"
minzhengzhi_aa,A,土匪,m-77,"表、文书等。据不完全统计,上半年清匪肃特中,共歼灭","22人,瓦解土匪527人,土匪自新316人,收缴枪支1000支。,1950年夏秋间,苍溪县人民政府根据上级指示精神和本县情况发布了《关于彻底废除旧乡保政权,建立乡村人民政府的指示》,指出,在减租运动前彻底废除旧乡保政权,取消旧保甲制度,暂以现行乡保区划建立人民民主的新政权;现任乡"
minzhengzhi_aa,A,自新,m-77,"匪肃特中,共歼灭土匪22人,瓦解土匪527人,土匪","316人,收缴枪支1000支。,1950年夏秋间,苍溪县人民政府根据上级指示精神和本县情况发布了《关于彻底废除旧乡保政权,建立乡村人民政府的指示》,指出,在减租运动前彻底废除旧乡保政权,取消旧保甲制度,暂以现行乡保区划建立人民民主的新政权;现任乡保长,一律调县学习一到二个月,再按"
minzhengzhi_aa,A,废除旧乡保,m-77,"人民政府根据上级指示精神和本县情况发布了《关于彻底","政权,建立乡村人民政府的指示》,指出,在减租运动前彻底废除旧乡保政权,取消旧保甲制度,暂以现行乡保区划建立人民民主的新政权;现任乡保长,一律调县学习一到二个月,再按其立功情况分别先后处理g旧的乡保人员调县后,由乡农代会选举正、副乡长,乡人民政府委员暂不选举,由乡长提名经县人民政府"
minzhengzhi_aa,A,减租,m-77,"废除旧乡保政权,建立乡村人民政府的指示》,指出,在","运动前彻底废除旧乡保政权,取消旧保甲制度,暂以现行乡保区划建立人民民主的新政权;现任乡保长,一律调县学习一到二个月,再按其立功情况分别先后处理g旧的乡保人员调县后,由乡农代会选举正、副乡长,乡人民政府委员暂不选举,由乡长提名经县人民政府批准充任(选出之正副乡长亦须报县人民政府批准"
minzhengzhi_aa,A,乡保长,m-77,"甲制度,暂以现行乡保区划建立人民民主的新政权;现任",",一律调县学习一到二个月,再按其立功情况分别先后处理g旧的乡保人员调县后,由乡农代会选举正、副乡长,乡人民政府委员暂不选举,由乡长提名经县人民政府批准充任(选出之正副乡长亦须报县人民政府批准任命)。乡长及委员产生后,即行建立乡人民政府及其委员会。乡人民政府委员会除正副乡长各兼一委"
minzhengzhi_aa,A,处理,m-77,"长,一律调县学习一到二个月,再按其立功情况分别先后","g旧的乡保人员调县后,由乡农代会选举正、副乡长,乡人民政府委员暂不选举,由乡长提名经县人民政府批准充任(选出之正副乡长亦须报县人民政府批准任命)。乡长及委员产生后,即行建立乡人民政府及其委员会。乡人民政府委员会除正副乡长各兼一委员外,可设委员5至7人,分管民政、财政、生产、武装、"
minzhengzhi_aa,A,农代会,m-77,"按其立功情况分别先后处理g旧的乡保人员调县后,由乡","选举正、副乡长,乡人民政府委员暂不选举,由乡长提名经县人民政府批准充任(选出之正副乡长亦须报县人民政府批准任命)。乡长及委员产生后,即行建立乡人民政府及其委员会。乡人民政府委员会除正副乡长各兼一委员外,可设委员5至7人,分管民政、财政、生产、武装、公安、文教等事宜。委员成分,贫雄"
minzhengzhi_aa,A,副乡长,m-77,"别先后处理g旧的乡保人员调县后,由乡农代会选举正、",",乡人民政府委员暂不选举,由乡长提名经县人民政府批准充任(选出之正副乡长亦须报县人民政府批准任命)。乡长及委员产生后,即行建立乡人民政府及其委员会。乡人民政府委员会除正副乡长各兼一委员外,可设委员5至7人,分管民政、财政、生产、武装、公安、文教等事宜。委员成分,贫雄农必须占三分之"
minzhengzhi_aa,A,乡长,m-77,"乡农代会选举正、副乡长,乡人民政府委员暂不选举,由","提名经县人民政府批准充任(选出之正副乡长亦须报县人民政府批准任命)。乡长及委员产生后,即行建立乡人民政府及其委员会。乡人民政府委员会除正副乡长各兼一委员外,可设委员5至7人,分管民政、财政、生产、武装、公安、文教等事宜。委员成分,贫雄农必须占三分之二,吸收三分之一的中农和贫苦知识"
minzhengzhi_aa,A,公安,m-77,"外,可设委员5至7人,分管民政、财政、生产、武装、","、文教等事宜。委员成分,贫雄农必须占三分之二,吸收三分之一的中农和贫苦知识分子参加(农会主席一般应选为委员),乡人民政府脱离生产的工作人员以5个为限(正、副乡长,农会主席,自卫队指导员,通信员),但现有区域较大,工作繁锁,可酌情多设脱离生产人员!一5人;乡以下,即以原来之保改设村"
minzhengzhi_aa,A,农民大会,m-77,"即以原来之保改设村,村必取代表制,村代表由农代会或","选举,按每甲选代表!人,村设代表主任!人,,代表主任可半脱产负责处理全村日常事务;村以下,即原来之甲,改为居(村)民小组,每组选代表1人,不脱离生产?。52"
minzhengzhi_aa,X,旧保甲,m-77,"。农协会设正副主席,下设武装队长、文书等。7月,废",",逐步建立村政府,村设村长、农会主席、民兵自卫队长、妇女代表、文书等。据不完全统计,上半年清匪肃特中,共歼灭土匪22人,瓦解土匪527人,土匪自新316人,收缴枪支1000支。,1950年夏秋间,苍溪县人民政府根据上级指示精神和本县情况发布了《关于彻底废除旧乡保政权,建立乡村人民"
minzhengzhi_aa,X,调县学习,m-77,"现行乡保区划建立人民民主的新政权;现任乡保长,一律","一到二个月,再按其立功情况分别先后处理g旧的乡保人员调县后,由乡农代会选举正、副乡长,乡人民政府委员暂不选举,由乡长提名经县人民政府批准充任(选出之正副乡长亦须报县人民政府批准任命)。乡长及委员产生后,即行建立乡人民政府及其委员会。乡人民政府委员会除正副乡长各兼一委员外,可设委员"
minzhengzhi_aa,X,调县,m-77,"到二个月,再按其立功情况分别先后处理g旧的乡保人员","后,由乡农代会选举正、副乡长,乡人民政府委员暂不选举,由乡长提名经县人民政府批准充任(选出之正副乡长亦须报县人民政府批准任命)。乡长及委员产生后,即行建立乡人民政府及其委员会。乡人民政府委员会除正副乡长各兼一委员外,可设委员5至7人,分管民政、财政、生产、武装、公安、文教等事宜。"
minzhengzhi_aa,A,保长,m-78,",清洗内部不纯分孔,庞除旧的乡保甲制度;域训共乡、","训练改造。第一批调426名,第二批117叶,于1951年1月3日训完。调训后,按共罪恶轻重及改造好坛,采取分别处理的办法,对一批罪大恶极分子予以枪诀和判刑,其余一大批放出家生产。结合清匪.反霸、减租、退押运动,还培养了一批农民积极分子,被选入参加乡村政权工作。1950年12月底,"
minzhengzhi_aa,A,训练改造,m-78,"洗内部不纯分孔,庞除旧的乡保甲制度;域训共乡、保长","。第一批调426名,第二批117叶,于1951年1月3日训完。调训后,按共罪恶轻重及改造好坛,采取分别处理的办法,对一批罪大恶极分子予以枪诀和判刑,其余一大批放出家生产。结合清匪.反霸、减租、退押运动,还培养了一批农民积极分子,被选入参加乡村政权工作。1950年12月底,一、二、"
minzhengzhi_aa,A,分别处理,m-78,"1月3日训完。调训后,按共罪恶轻重及改造好坛,采取","的办法,对一批罪大恶极分子予以枪诀和判刑,其余一大批放出家生产。结合清匪.反霸、减租、退押运动,还培养了一批农民积极分子,被选入参加乡村政权工作。1950年12月底,一、二、三、六区乡村干部配齐,四、五、七、八区划分的新乡,其干部于1951年2月配齐。在清匪、反霸、减积、退押运动"
minzhengzhi_aa,A,罪大恶极,m-78,"按共罪恶轻重及改造好坛,采取分别处理的办法,对一批","分子予以枪诀和判刑,其余一大批放出家生产。结合清匪.反霸、减租、退押运动,还培养了一批农民积极分子,被选入参加乡村政权工作。1950年12月底,一、二、三、六区乡村干部配齐,四、五、七、八区划分的新乡,其干部于1951年2月配齐。在清匪、反霸、减积、退押运动中,减租果实,粮为59"
minzhengzhi_aa,A,判刑,m-78,",采取分别处理的办法,对一批罪大恶极分子予以枪诀和",",其余一大批放出家生产。结合清匪.反霸、减租、退押运动,还培养了一批农民积极分子,被选入参加乡村政权工作。1950年12月底,一、二、三、六区乡村干部配齐,四、五、七、八区划分的新乡,其干部于1951年2月配齐。在清匪、反霸、减积、退押运动中,减租果实,粮为594.35万斤;退押"
minzhengzhi_aa,A,清匪,m-78,"恶极分子予以枪诀和判刑,其余一大批放出家生产。结合",".反霸、减租、退押运动,还培养了一批农民积极分子,被选入参加乡村政权工作。1950年12月底,一、二、三、六区乡村干部配齐,四、五、七、八区划分的新乡,其干部于1951年2月配齐。在清匪、反霸、减积、退押运动中,减租果实,粮为594.35万斤;退押林实,粮为6477167斤及部分"
minzhengzhi_aa,A,反霸,m-78,"子予以枪诀和判刑,其余一大批放出家生产。结合清匪.","、减租、退押运动,还培养了一批农民积极分子,被选入参加乡村政权工作。1950年12月底,一、二、三、六区乡村干部配齐,四、五、七、八区划分的新乡,其干部于1951年2月配齐。在清匪、反霸、减积、退押运动中,减租果实,粮为594.35万斤;退押林实,粮为6477167斤及部分黄金、"
minzhengzhi_aa,A,减租,m-78,"枪诀和判刑,其余一大批放出家生产。结合清匪.反霸、","、退押运动,还培养了一批农民积极分子,被选入参加乡村政权工作。1950年12月底,一、二、三、六区乡村干部配齐,四、五、七、八区划分的新乡,其干部于1951年2月配齐。在清匪、反霸、减积、退押运动中,减租果实,粮为594.35万斤;退押林实,粮为6477167斤及部分黄金、白银反"
minzhengzhi_aa,A,退押,m-78,"判刑,其余一大批放出家生产。结合清匪.反霸、减租、","运动,还培养了一批农民积极分子,被选入参加乡村政权工作。1950年12月底,一、二、三、六区乡村干部配齐,四、五、七、八区划分的新乡,其干部于1951年2月配齐。在清匪、反霸、减积、退押运动中,减租果实,粮为594.35万斤;退押林实,粮为6477167斤及部分黄金、白银反霸果实"
minzhengzhi_aa,A,地主,m-78,"次建政。在乡(镇》、村政权建立后,因尚未进行士改,","阶级还存在,乡村政权中仍混有兵瘢、二流子和地主的狗膈子,地主及乡保长仍能从中左右人民政权。鉴于此,1951年3月开始,县分三批举办了乡村干部轮训班,共轮训1258人。通过教肌培养和审静清洗,初步纯洁了组织,为土地改革奠定了组织基础。1951年11月至1952年4月,全县进行土地改"
minzhengzhi_aa,A,乡保长,m-78,"乡村政权中仍混有兵瘢、二流子和地主的狗膈子,地主及","仍能从中左右人民政权。鉴于此,1951年3月开始,县分三批举办了乡村干部轮训班,共轮训1258人。通过教肌培养和审静清洗,初步纯洁了组织,为土地改革奠定了组织基础。1951年11月至1952年4月,全县进行土地改革。在这一翻天覆地的运动中,人民群众晏遍发动起来,真正实现了人民当家"
minzhengzhi_aa,A,土地改革,m-78,"58人。通过教肌培养和审静清洗,初步纯洁了组织,为","奠定了组织基础。1951年11月至1952年4月,全县进行土地改革。在这一翻天覆地的运动中,人民群众晏遍发动起来,真正实现了人民当家作主。土改结束时,由工作团领导进行第二次民主建政。此次建政,是在土地改革中巳培养锻炼出大批农民骨干、积极分子的旁础上,召开乡农民代表大会,选举产生乡"
minzhengzhi_aa,A,土改,m-78,"中,人民群众晏遍发动起来,真正实现了人民当家作主。","结束时,由工作团领导进行第二次民主建政。此次建政,是在土地改革中巳培养锻炼出大批农民骨干、积极分子的旁础上,召开乡农民代表大会,选举产生乡人民政府的组成人员。每乡选举乡长1人、副乡长1至2人、自卫队长1人、财粮委员1人,聘请文书1人(以上均为脱产人员)及民政、文教、卫生、治安等委"
minzhengzhi_aa,A,民主建政,m-78,"了人民当家作主。土改结束时,由工作团领导进行第二次","。此次建政,是在土地改革中巳培养锻炼出大批农民骨干、积极分子的旁础上,召开乡农民代表大会,选举产生乡人民政府的组成人员。每乡选举乡长1人、副乡长1至2人、自卫队长1人、财粮委员1人,聘请文书1人(以上均为脱产人员)及民政、文教、卫生、治安等委员,大的场镇与城关街设工商委员(以上均"
minzhengzhi_aa,A,大会,m-78,"炼出大批农民骨干、积极分子的旁础上,召开乡农民代表",",选举产生乡人民政府的组成人员。每乡选举乡长1人、副乡长1至2人、自卫队长1人、财粮委员1人,聘请文书1人(以上均为脱产人员)及民政、文教、卫生、治安等委员,大的场镇与城关街设工商委员(以上均为不脱产人员)。上述成员中,贫雇农占三分之二,中农占三分之一。正副乡长选出后,经区审查报"
minzhengzhi_aa,A,乡长,m-78,"民代表大会,选举产生乡人民政府的组成人员。每乡选举","1人、副乡长1至2人、自卫队长1人、财粮委员1人,聘请文书1人(以上均为脱产人员)及民政、文教、卫生、治安等委员,大的场镇与城关街设工商委员(以上均为不脱产人员)。上述成员中,贫雇农占三分之二,中农占三分之一。正副乡长选出后,经区审查报县批准任命。第二次民主建政后,全县有乡(镇)"
minzhengzhi_aa,A,副乡长,m-78,",选举产生乡人民政府的组成人员。每乡选举乡长1人、","1至2人、自卫队长1人、财粮委员1人,聘请文书1人(以上均为脱产人员)及民政、文教、卫生、治安等委员,大的场镇与城关街设工商委员(以上均为不脱产人员)。上述成员中,贫雇农占三分之二,中农占三分之一。正副乡长选出后,经区审查报县批准任命。第二次民主建政后,全县有乡(镇)的脱产干部8"
minzhengzhi_aa,A,复查,m-78,"强民主建政工作的指示》,指出此次建政,是在土改完成","的地区,按照《共同纲领》的规定,召开綦层各界人民代表会议,选举产生乡(镇)人民政府,同旷还规定了人民政府的编制、民主制度和民政部门在建政中的任务。民政科根据此指示精神,编写了《苍溪县民主建政宣传提纲》,宥传垮层政权建设的重要性和人民政权人民建设的性想,号召人民行动起来管理国家大事"
minzhengzhi_aa,A,会议,m-78,"地区,按照《共同纲领》的规定,召开綦层各界人民代表",",选举产生乡(镇)人民政府,同旷还规定了人民政府的编制、民主制度和民政部门在建政中的任务。民政科根据此指示精神,编写了《苍溪县民主建政宣传提纲》,宥传垮层政权建设的重要性和人民政权人民建设的性想,号召人民行动起来管理国家大事,并举例说吴前两次建政中,一些地方乡干部没选好,政府的政"
minzhengzhi_aa,X,训练,m-78,"洗内部不纯分孔,庞除旧的乡保甲制度;域训共乡、保长","改造。第一批调426名,第二批117叶,于1951年1月3日训完。调训后,按共罪恶轻重及改造好坛,采取分别处理的办法,对一批罪大恶极分子予以枪诀和判刑,其余一大批放出家生产。结合清匪.反霸、减租、退押运动,还培养了一批农民积极分子,被选入参加乡村政权工作。1950年12月底,一、"
minzhengzhi_aa,X,调训,m-78,"26名,第二批117叶,于1951年1月3日训完。","后,按共罪恶轻重及改造好坛,采取分别处理的办法,对一批罪大恶极分子予以枪诀和判刑,其余一大批放出家生产。结合清匪.反霸、减租、退押运动,还培养了一批农民积极分子,被选入参加乡村政权工作。1950年12月底,一、二、三、六区乡村干部配齐,四、五、七、八区划分的新乡,其干部于1951"
minzhengzhi_aa,X,审查,m-78,"农占三分之二,中农占三分之一。正副乡长选出后,经区","报县批准任命。第二次民主建政后,全县有乡(镇)的脱产干部835人,其待遇为铁人每月150厂大米。此时的乡干部,大都属农村贫苦农民出身,土改中分得了土地房屋,一些干部想回家种田,不安心工作,有松劲换班思想。各区乡开办夜校,搞思想教育和丰产创模运动。1952年8月,县开办了乡干部轮训"
minzhengzhi_aa,A,大会,m-79,",分两批以普选的办,法产生乡人民代表,由乡人民代表","选出乡人民政府成员,充分发挥人民的民主权利,使政权机构中的成员更加建立在人民意愿的基础上。此次,全县共选出乡人民代表3381人。其中,,原有乡村干部被选为代表的2414人,占原有基层干部总数的95.1%,说明民主建政时的干部绝大多数是深受人民群众信赖的。通过这次选举,产生了90个"
minzhengzhi_aa,A,民主建政,m-79,"的2414人,占原有基层干部总数的95.1%,说明","时的干部绝大多数是深受人民群众信赖的。通过这次选举,产生了90个乡(镇)人民政府。每个乡(镇)选举产生正副乡(镇)长及委员9至11人,并设立了乡〈镇)生产、列粮、武装、治安、调解委员会(有的乡建立了教育委员会)。1954年以后,另设立管理生产合作社的组织。1955年9月16日,县"
minzhengzhi_aa,A,平反,m-79,"正。对“反右倾运动“中被错批了的干部、群众进行甄别",",经济得到恢复和发展。1966年开始的《文化大革命,林彪、江青反革命集囡肆意践踏社会主义民主,否定社会主义法制,搞穷过游;其流毒波及到每个角落。1969年各公社先后成立<革命委员会?,设主任1人,副主任一般3至5人,委员若干人。公社领导成员由对立的派性组织协商产生所谓“《三结合?"
minzhengzhi_aa,A,反革命,m-79,"复和发展。1966年开始的《文化大革命,林彪、江青","集囡肆意践踏社会主义民主,否定社会主义法制,搞穷过游;其流毒波及到每个角落。1969年各公社先后成立<革命委员会?,设主任1人,副主任一般3至5人,委员若干人。公社领导成员由对立的派性组织协商产生所谓“《三结合?领导班子,使基层政权的民主制度进一步遮到破坏。}政“社“分“设197"
minzhengzhi_aa,A,破坏,m-79,"《三结合?领导班子,使基层政权的民主制度进一步遮到","。}政“社“分“设1978年12月党的十一届三中全会的召开,标志着党和国家完成了指导思想上的拨乱反正,确立了全面开创社会主义现代化建设新局面的正确纲领。1982年,新完法根据农村实行联产承包制后出现的新情况,在总结实践经验的基础上,决定政社分开,建立乡政权,克服“政社合一?的弊端"
minzhengzhi_aa,A,乡长,m-80,"产生","1人,副乡长2人(一般是乡长抓全一纺济建设,第一副乡长管种、莲殓业,第二副乡长管计划止育、信贷、民政等》,并设武装部氏、妇女主任、文习、民政、公安员、财植员\计划生育指导员等(镇人民政府人员编望堆本与乡同》。是年,县人大、县政府及民政局等部门在云峰乡试点,制订《党政、企分工倩况及"
minzhengzhi_aa,A,副乡长,m-80,"产生乡长1人,","2人(一般是乡长抓全一纺济建设,第一副乡长管种、莲殓业,第二副乡长管计划止育、信贷、民政等》,并设武装部氏、妇女主任、文习、民政、公安员、财植员\计划生育指导员等(镇人民政府人员编望堆本与乡同》。是年,县人大、县政府及民政局等部门在云峰乡试点,制订《党政、企分工倩况及岗位责任制》"
minzhengzhi_aa,A,公安,m-80,"贷、民政等》,并设武装部氏、妇女主任、文习、民政、","员、财植员\计划生育指导员等(镇人民政府人员编望堆本与乡同》。是年,县人大、县政府及民政局等部门在云峰乡试点,制订《党政、企分工倩况及岗位责任制》、《乡人民政海工作条例》、《乡经济委员会章程》等规章制度。具中规定乡人民政府的主要职权范围是:执行党的路线、方针、政策和国家的法律、法"
minzhengzhi_aa,A,大会,m-80,"障妇女同男子平等的政治权利;每年召开一次乡人民代表",",向大会作乡人民政府的工作报告;指导和帮助付民委员会开展工作。规定了乡人民政府的主要任务:管理本乡经济、教育、.科学、文化、卫生、体育,城乡建设和财政、公安,民政、司法、计划生育等行政工作!制订本乡生产建设和发展经济计划,开展公共福利公共建设;监督经济单位和个体户执行国家政策法令"
minzhengzhi_aa,A,反革命,m-80,"调解工作!宣传贯彻国家法律,协助公安、司法部门打击","和各种刑事罪犯;促进精神文明建设,正确处理人民内部矛盾,实行综合治邓,加强青少年教育;发展文化、教育、科学、卫生和公共事业,摇好计划生育;摇好城乡建设,主要抓乡村规划和农田水利、农电建设、土地管理、环境保护、植树造林,公路桥梁、社员住宅建设!做好民政工作,搞好拥军优属、复退军人安"
minzhengzhi_aa,A,处理,m-80,"门打击反革命和各种刑事罪犯;促进精神文明建设,正确","人民内部矛盾,实行综合治邓,加强青少年教育;发展文化、教育、科学、卫生和公共事业,摇好计划生育;摇好城乡建设,主要抓乡村规划和农田水利、农电建设、土地管理、环境保护、植树造林,公路桥梁、社员住宅建设!做好民政工作,搞好拥军优属、复退军人安置,关心群众疾苦,安排好五保户、困难户的生"
minzhengzhi_aa,A,会议,m-80,"成征兵任务。1984年8月,县人民政府召开全县乡长","(以会代训),推广试行云峰乡试点经验。之后,各乡在此基础上,按各自的具体情况,有的做了补充、修改,并付诸行动。1985年2月,县民政局对各乡建立健全和落实规章剑度情况进行检查,大多数乡能按新的规章制度办事,人民囡结,社会风气逐深好轻,民主空气增浓,经济文化发展快,人民商兴。第四节"
minzhengzhi_aa,A,土地改革,m-80,"节群众自治组“织民门时无此织织。1952年,苍溪县","结束后,作为棣尿政权的村人民政府和城关街政府下属的街公所,分别改为村民委员会、居民委员会,成为深众性自治组织。侄因当时棣层干部、群众民主意识不强,民主素质不高,乡村干部仍然习惯于行政命令的工作方式,加之1954年以后农业合作化兴起,直至以后的人民公社,村民委员会先后改变为农业合作"
minzhengzhi_aa,A,村民,m-80,"政权的村人民政府和城关街政府下属的街公所,分别改为","委员会、居民委员会,成为深众性自治组织。侄因当时棣层干部、群众民主意识不强,民主素质不高,乡村干部仍然习惯于行政命令的工作方式,加之1954年以后农业合作化兴起,直至以后的人民公社,村民委员会先后改变为农业合作社、生产队,变为生产性组织,群众自治组织的作川木能正常发挥。1984年"
minzhengzhi_aa,A,村民,m-81,".","委员会组织。1982年12月4日,中华人民共和国第五届全国人民代表大会第五次会议通过的宪法规定,农村按居民居住地设立基层群众性自治组织村民委员会。1984年1月,苍溪县在迹行县、乡(镇)人民代表大会代表换届选举,召开县、乡(镇)第九届人民代表大会,选举产生县、乡(镇)新领导班子的"
minzhengzhi_aa,A,大会,m-81,"82年12月4日,中华人民共和国第五届全国人民代表","第五次会议通过的宪法规定,农村按居民居住地设立基层群众性自治组织村民委员会。1984年1月,苍溪县在迹行县、乡(镇)人民代表大会代表换届选举,召开县、乡(镇)第九届人民代表大会,选举产生县、乡(镇)新领导班子的同时,全县建立了村民委员会746个,村民小组4785个。村民委员会、村"
minzhengzhi_aa,A,会议,m-81,"月4日,中华人民共和国第五届全国人民代表大会第五次","通过的宪法规定,农村按居民居住地设立基层群众性自治组织村民委员会。1984年1月,苍溪县在迹行县、乡(镇)人民代表大会代表换届选举,召开县、乡(镇)第九届人民代表大会,选举产生县、乡(镇)新领导班子的同时,全县建立了村民委员会746个,村民小组4785个。村民委员会、村民小组负责"
minzhengzhi_aa,A,公安,m-81,"、任务。1984年6月,县人大常委会、县人民政府及","、司法、民政等部门联合组织工作组,在云峰乡的几个村民委员会,通过宣传宪法,和干部、村民座谈,制定了《村民委员会工作筒则》、《精神文明村条件》、《五好家庭条件》。筒则规定,《村民委员会是自我管理、自我教育、自我服务的基层群众性组织,在乡人民政府指导下进行工作。它的任务是,办理本村公"
minzhengzhi_aa,A,民团,m-81,"的社会秩序,做好“四防“工作,调解民间纠纷,增强人","结,创造“五好“家庭;协助办理拥军优属,扶贫、五保和救济,救灾;制订和执行村规民约向上级反映人民意见、建议;摇好“五讲四美三热爱“活动,建设社会主义精神文明村。试点中制订的五好家庭条件:“遮纪守法,政治思想好g移风易俗,计划生育好:尊老爱幼,家庭和睦好!邻里团结,环境卫生好!勤劳"
minzhengzhi_aa,A,村民,m-82,"全县","人均收入与1983年比,钱增加60元、粮增加100斤,其中有8个乡人平增加收入100元;村民制订了村规民约,普源学习了《窕法》《刑法》、《刑梁诉讼法》、《婚姻法》,《治安算理条例》等,社会治安明显好转,刑事犯罪率下降;民事纠纷中矛盾上交现象减少,有的村民与村民之间存企的几十年的老"
minzhengzhi_aa,A,法办,m-82,"的几十年的老矛盾得到解决;婚事、东事大操大办和不侯","予的问题大帽度下降,扶贫、“帮户助耕“、五保户供养、拥军优属土作进一步加强。由于村民委员会建立时间短,尚缺乏经验,有待进一步摸索。居民委员会组织。1950年,城关街政府下设东关、正南、正西、西关4个街公所。1953年将4个街公所改为4个居民委员会,1954年,合并为东关、正西、西"
minzhengzhi_aa,A,处理,m-82,"是年,各居委会成立谅解小组,织织居民学习法律知识,","民家纠纷,至1954年共处理劳资纠纷、婚姻家庭问题43件;1955年,三个居委会共同将全镇复员军人、贫民中无业的329人组织起来开办厂、组、店,棠札解决就业、生活问题;1956年,着更抓政治怨想工作,各种民事纠纷下降。是年,各居始会成立治保委员会,抓获小偷闭伙4起;1960年,生"
minzhengzhi_aa,A,抓获,m-82,",各种民事纠纷下降。是年,各居始会成立治保委员会,","小偷闭伙4起;1960年,生活发生严重困难,三个居委会将32名60岁以上的孤宏老人织织起来建立敬老院,集仰供养;1962年开始,协勇政府动员居民、知识青年1100多人下乡当农民;“文化大革命“后,调解工作停止,1970年恢复织织,1980年进行藩顿厉,调解员增至16人!1981年"
minzhengzhi_aa,A,保长,m-83,"出席代表14人,镇长余以福及当地绅土30多人列席,","袁道昌向到会人员报告本人任职以来的工作,镇长致巡词,副保长赵俊成及保队附作了讲演,保民代表听完即结柬。民国38年(1949年)8月15日,龙彭乡开乡民代表会,选举乡长\副乡长。选举先由监票员宣布选举事由、意义、规则和办法,尔后讨论提案。接着投票选举。乡长候选人为任瀛峰、郭昌发,选"
minzhengzhi_aa,A,副保长,m-83,"道昌向到会人员报告本人任职以来的工作,镇长致巡词,","赵俊成及保队附作了讲演,保民代表听完即结柬。民国38年(1949年)8月15日,龙彭乡开乡民代表会,选举乡长\副乡长。选举先由监票员宣布选举事由、意义、规则和办法,尔后讨论提案。接着投票选举。乡长候选人为任瀛峰、郭昌发,选举结果,任瀛峰得票44张,郭昌发得票43张,前者当选为乡长"
minzhengzhi_aa,A,乡长,m-83,"(1949年)8月15日,龙彭乡开乡民代表会,选举","\副乡长。选举先由监票员宣布选举事由、意义、规则和办法,尔后讨论提案。接着投票选举。乡长候选人为任瀛峰、郭昌发,选举结果,任瀛峰得票44张,郭昌发得票43张,前者当选为乡长;副乡长候选人任明钦、赵孙俊,选举结果,任明钦得票41张,赵子俊得票39张,前者当选副乡长。农民代表大会19"
minzhengzhi_aa,A,副乡长,m-83,"49年)8月15日,龙彭乡开乡民代表会,选举乡长\","。选举先由监票员宣布选举事由、意义、规则和办法,尔后讨论提案。接着投票选举。乡长候选人为任瀛峰、郭昌发,选举结果,任瀛峰得票44张,郭昌发得票43张,前者当选为乡长;副乡长候选人任明钦、赵孙俊,选举结果,任明钦得票41张,赵子俊得票39张,前者当选副乡长。农民代表大会1950年4"
minzhengzhi_aa,A,大会,m-83,"41张,赵子俊得票39张,前者当选副乡长。农民代表","1950年4月,由区人民政府派工作人员和在农民中培养的积极分子任乡的正副主任,成立乡征粮剿匪委员会。在征粮删匪中逐步建立乡农民协会,代替旧的乡政权。农民协会会员是经本人申请、村农协会审查认可产生的,乡农传会正副主席由上级提名和乡农会会员代表大会选举相结合产生。1950年夏秋间,由"
minzhengzhi_aa,A,征粮,m-83,"人员和在农民中培养的积极分子任乡的正副主任,成立乡","剿匪委员会。在征粮删匪中逐步建立乡农民协会,代替旧的乡政权。农民协会会员是经本人申请、村农协会审查认可产生的,乡农传会正副主席由上级提名和乡农会会员代表大会选举相结合产生。1950年夏秋间,由乡农代会选举产生正、副乡长。乡人民委员由乡长提名报上级政府批准,组成乡人民政府委员会。1"
minzhengzhi_aa,A,剿匪,m-83,"和在农民中培养的积极分子任乡的正副主任,成立乡征粮","委员会。在征粮删匪中逐步建立乡农民协会,代替旧的乡政权。农民协会会员是经本人申请、村农协会审查认可产生的,乡农传会正副主席由上级提名和乡农会会员代表大会选举相结合产生。1950年夏秋间,由乡农代会选举产生正、副乡长。乡人民委员由乡长提名报上级政府批准,组成乡人民政府委员会。195"
minzhengzhi_aa,A,匪,m-83,"分子任乡的正副主任,成立乡征粮剿匪委员会。在征粮删","中逐步建立乡农民协会,代替旧的乡政权。农民协会会员是经本人申请、村农协会审查认可产生的,乡农传会正副主席由上级提名和乡农会会员代表大会选举相结合产生。1950年夏秋间,由乡农代会选举产生正、副乡长。乡人民委员由乡长提名报上级政府批准,组成乡人民政府委员会。1952年春土地改革结束"
minzhengzhi_aa,A,农代会,m-83,"会员代表大会选举相结合产生。1950年夏秋间,由乡","选举产生正、副乡长。乡人民委员由乡长提名报上级政府批准,组成乡人民政府委员会。1952年春土地改革结束时,在有了一大批农民积极分子的基础上,在土改工作队的指导下,召开农民代表大会(城关街召开人代会),选举乡(镇)人民委员(每乡9至11人),由县人民政府批准任命,正式成立乡人民政府"
minzhengzhi_aa,A,土地改革,m-83,"报上级政府批准,组成乡人民政府委员会。1952年春","结束时,在有了一大批农民积极分子的基础上,在土改工作队的指导下,召开农民代表大会(城关街召开人代会),选举乡(镇)人民委员(每乡9至11人),由县人民政府批准任命,正式成立乡人民政府委员会。,各界人民代表会议农代会选举,代表限于农民,要求选举的乡人民委员会成员必须是贫雇农占三分之"
minzhengzhi_aa,A,土改,m-83,"地改革结束时,在有了一大批农民积极分子的基础上,在","工作队的指导下,召开农民代表大会(城关街召开人代会),选举乡(镇)人民委员(每乡9至11人),由县人民政府批准任命,正式成立乡人民政府委员会。,各界人民代表会议农代会选举,代表限于农民,要求选举的乡人民委员会成员必须是贫雇农占三分之二,中农占三分之一。在士改和土改复查结束后,人民"
minzhengzhi_aa,A,会议,m-83,"批准任命,正式成立乡人民政府委员会。,各界人民代表","农代会选举,代表限于农民,要求选举的乡人民委员会成员必须是贫雇农占三分之二,中农占三分之一。在士改和土改复查结束后,人民政权巳经巩固。1952年秋,县、乡(镇)人民政府分别召开各界各业座谈会,扩大民主范围,选举产生凡拥护人民政府的各界各业的人民代表,乡召开各界人民代表会,选举产生"
minzhengzhi_aa,A,土改复查,m-83,"员必须是贫雇农占三分之二,中农占三分之一。在士改和","结束后,人民政权巳经巩固。1952年秋,县、乡(镇)人民政府分别召开各界各业座谈会,扩大民主范围,选举产生凡拥护人民政府的各界各业的人民代表,乡召开各界人民代表会,选举产生新的乡人民政权机构一一乡人民政府委员会。比之农代会,代表和乡政权都更有效地集中了各阶层人民的意志和要求。人民"
minzhengzhi_aa,X,审查,m-83,"代替旧的乡政权。农民协会会员是经本人申请、村农协会","认可产生的,乡农传会正副主席由上级提名和乡农会会员代表大会选举相结合产生。1950年夏秋间,由乡农代会选举产生正、副乡长。乡人民委员由乡长提名报上级政府批准,组成乡人民政府委员会。1952年春土地改革结束时,在有了一大批农民积极分子的基础上,在土改工作队的指导下,召开农民代表大会"
minzhengzhi_aa,A,大会,m-84,"女代表占18奶;贫农小知识分子占22古。乡人民代表","于7月1日召开,民主推举主席囡3人,执行主席为这次选上代表的原乡长主持大会;选出乡人民委员11人,从中推选出正、副乡长。建立五种委员会,每种委员会的主任委员由乡政府委员兼任,各委员会亥原有焦础上修订切实订行的制度,并整琐群众提出的提案,由有关单位签沪解决办法;代表大会讨论了全乡各"
minzhengzhi_aa,A,乡长,m-84,"开,民主推举主席囡3人,执行主席为这次选上代表的原","主持大会;选出乡人民委员11人,从中推选出正、副乡长。建立五种委员会,每种委员会的主任委员由乡政府委员兼任,各委员会亥原有焦础上修订切实订行的制度,并整琐群众提出的提案,由有关单位签沪解决办法;代表大会讨论了全乡各项任务和工作。1953年7月至1954年!月25日,城本按东肉乡的"
minzhengzhi_aa,A,副乡长,m-84,"乡长主持大会;选出乡人民委员11人,从中推选出正、","。建立五种委员会,每种委员会的主任委员由乡政府委员兼任,各委员会亥原有焦础上修订切实订行的制度,并整琐群众提出的提案,由有关单位签沪解决办法;代表大会讨论了全乡各项任务和工作。1953年7月至1954年!月25日,城本按东肉乡的办法分两批完成了全县棣层人民代表的选举和选举产生了乡"
minzhengzhi_aa,A,会议,m-84,"按顺序列为第七届》。1979年6月全国五届人大二次","通过了新的选举法,对1953年的选举法作了重要修改和补充。涉及怒层选举的重要修改和补充是,改等颉选举为差额选举,即正式代表候选人名额应多于应选代表的名顾。全县第八届(1980年11月3基屋人民代表定顾为3960人,而正式候选人为6124人,第九届(1984年1月)桃层人民代表定顾"
minzhengzhi_aa,A,副乡长,m-85,"改举手表决为无记名投票选举。第九届乡人民代表选举正","时,有若干名原乡干部有这样那样的缺点错误,如沿过去举手表决肖选举方式仍可当选,但因无记名投票,都落选了。因而这次全县选出的新的149名正、副乡(镇)长,纱大多数符合“四化?要求,是工农业生产、财贸、科技、文卫等各条战线上有经验、有才干的青壮年。改获得出席选民或代表过半数选票当选为"
minzhengzhi_aa,A,豪绅,m-87,",温全武在县境领导“红灯教“农民起义,公开同军阀、","斗争,直至其英勇就义。|中国工农红军第四方面军米进入苍溪以前,苍溪境内的三堆石等地就建立了中共地下党组织,并先后领导了著名的三堆石、四蛮寨农民武装暴动。1933年红军进入苍溪后,先后有3万多儿女参加红军。苍溪人民为建立苍溪苏维埃、保卫根据地,进行了艰苦卓绝斗争。新中国建立前后的5"
minzhengzhi_aa,A,斗争,m-87,"全武在县境领导“红灯教“农民起义,公开同军阀、豪绅",",直至其英勇就义。|中国工农红军第四方面军米进入苍溪以前,苍溪境内的三堆石等地就建立了中共地下党组织,并先后领导了著名的三堆石、四蛮寨农民武装暴动。1933年红军进入苍溪后,先后有3万多儿女参加红军。苍溪人民为建立苍溪苏维埃、保卫根据地,进行了艰苦卓绝斗争。新中国建立前后的50多"
minzhengzhi_aa,A,匪,m-87,"争、解放成争中牺牲的!有在建国后为解放西南,平叛剽",",抗美援朝,中印边境自卫反击战,珍宝岛自卫反击战,中越边境自卫还击作战中恒牲的有在保卫社会主义建设事业中牺性的。他们中,有师\团、营、连、排和其他武装力量的指挥员、战斗员;有从事地下斗争的中国共产党党员,有党、政、群机关的革命工作人员,有赤卫队员、支前参战的民工、民兵和其他革命同"
minzhengzhi_aa,A,破坏,m-88,"并将几位烈士迁萍其中。《文化大革命?开始后,花木被",",派性组织的所谓“烈士“也操自埋弈其中。1971年,县民政和财政拨款4.76万元,在县城西北龚家山下,男建革命公墓,建筑面积4000多平方米。竣工后,公墓中央安葬了建国后去世的16名老红军、老干部遗骨,建了墓碑;公墓大门内有一长方形坝子,供开追悼会用。火门左侧设有骨灰堂,至198"
minzhengzhi_aa,A,死亡,m-89,"士的》、病故三类。,扳恤金标“准抚恤金分类,一是接","性质,1950年分牺性、病故二类,牺牲抚饲金平均约标当于病故抚恤的1.3借。1980年6月发布《革命烈士烟扬条例》,同年8月18日,国务院决定;对1979年参加对越自卫还击战牺牲的现役军人、支前民兵、民工等人员的家属均增发300元;自1980年6月4日国务院发布《革命烈士褪扬条例"
minzhengzhi_aa,A,处理,m-90,"母、配偶自行商定,商定不通的,由民政部门按下列办法",";《革命烈士证明书》或其他牺牲、病故证明书发给父母;抚饯金,父母、配偶各发一半。没有父母、配偶的,按下列顺序发给:子女!共同生活未满16岁的弟姝!抚养烈士长大的共他亲属。无上述亲属的,不发。1979年1月8日以后认定,1950年12月10日以前牺牲、病故的人员,不发抚饲金,其家属"
minzhengzhi_aa,A,死亡,m-92,"待}政治优待。因战致残,发残庞证后一年内因伤口复发","的,追认为烈士,家属京受烈属待遇!各类型歼废人员,一年以后因伞口复发死亡的,按因公牺牲目待并京受眩应待遇y复员、退伍的歼庞军人,共家属保持革命军人家鹏的政治地位。劳动、就业待遇。残庞军人复员回乡的,特、一、二等残庞免服勤务,对各等级残庞军人,尽力安排力所能及的工作,如看山、管水、"
minzhengzhi_aa,A,处理,m-93,"开支!对过_去回农村安置的,如有后速症需要经常医疗","或配偶在城镇长期分居的特殊情况,必须转到城镇的,按上述精神解决在残废军人疗养院的,本人要求分散安置,也按上述原则办理接收。生活待遇。先后规定有,歼废人员本人凭残废证可优先和享受半价乘车、船;对一等以上歼废人员(全县共8名)在城镇的,每月发给当地一名普通工人工资的护理费,1984年"
minzhengzhi_aa,A,会议,m-94,"新巾国,把优抚工作列入国家大法,《中国人民政治协商","共同纲领》《巾华人民共和国宪法》都作了明确规定。国家规定优抚对象为五种人:革命烈士、因公牺牲,病故、失踪军人的家属;现役军人家属(包括武装、消防民譬家属)y革命残废军人;复员军人;退伍军人。画于《二战?时期,苍溪是革命老根据地,优抚对象多,当时未宥下文字记载,加之《文化大革命“期"
minzhengzhi_aa,A,破坏,m-94,"时未宥下文字记载,加之《文化大革命“期间优抚工作遗",",以及为适应新的政策等,都震弄涉优抚对象的城础候况,为优抚工作提供依据。认定优抚对象1951年至1953年,根据川北行署、省民政厅指示精神,县民政部门组织各区乡优抚委员会、村优承小织及有关成员分赴乡村对优抚对象进行荐查。通过各方面的知情入,调桠建国前参加红军、八路军、新四军、解放"
minzhengzhi_aa,A,平反,m-95,"即帮助建了住房,很快成了家。其他区也陆续这样做了。","昭雪。落实政策中,查出历次政治运动中,特别是“文化大革命“中非法没收优抚对象的证件,取消优待,取消荣誉称号,以莫须有的罪名开除党籍,撒销公职,被挪斗、打残、致死等598起,在查清事实的基础上,分别由县、区、公社、大队进行了平反昭雪,恢复名誉,销毁假材料,消除对其亲属的株途对停发残"
minzhengzhi_aa,A,关押,m-95,"上升为“里通外国“,是“判徒,多次横遇批斗、毒打、",",家人交遮毒打,文元中于1969年6月28日含冤而死。经查,全属诬陷,公社召开了追悼会,恢复名誉,按优抚政策对家属进行忻恤,对家庭生活困难予以补助。云峰公社跃进六队复员军人王安贵,被莫须有的罪名打成《判徒“,多次批斗,开除党籍,撒销大队长职务,经调查核实,侥复了党籍、职务和名誉。"
minzhengzhi_aa,A,复查,m-95,"批斗外,还将其家中所挂烈属大木匾拿到养猪场砍饲料。","后,平了反,重新换上光荣匾。「对“文化大革命“前一些处理不当的问题,也同样落实政策,如,土鲤公社复员军人苗资平,1955年复员,同年7月炜收为乡干部,后任白庙公社党委书记。1960年以“强迫命令、遐死人命?等问题,开除党籍,判处有期徒刑10年。1963年甄别,县人民法院改为“撒销"
minzhengzhi_aa,A,处理,m-95,",平了反,重新换上光荣匾。「对“文化大革命“前一些","不当的问题,也同样落实政策,如,土鲤公社复员军人苗资平,1955年复员,同年7月炜收为乡干部,后任白庙公社党委书记。1960年以“强迫命令、遐死人命?等问题,开除党籍,判处有期徒刑10年。1963年甄别,县人民法院改为“撒销原判,教育释放,党内仍维持原处分。经这次复查,原定主要事"
minzhengzhi_aa,A,徒刑,m-95,"以“强迫命令、遐死人命?等问题,开除党籍,判处有期","10年。1963年甄别,县人民法院改为“撒销原判,教育释放,党内仍维持原处分。经这次复查,原定主要事实失实,报经县委复议,撒销原处分决定,恢复党籍,作退职安置。高坡公社梨树村复员军人沈大才,本姓李,抱给沈姓,沈大才入伍后,土改时沈家定为富农成分。一次,地方有人说他抱父沈其和偷了公"
minzhengzhi_aa,A,法院,m-95,"除党籍,判处有期徒刑10年。1963年甄别,县人民","改为“撒销原判,教育释放,党内仍维持原处分。经这次复查,原定主要事实失实,报经县委复议,撒销原处分决定,恢复党籍,作退职安置。高坡公社梨树村复员军人沈大才,本姓李,抱给沈姓,沈大才入伍后,土改时沈家定为富农成分。一次,地方有人说他抱父沈其和偷了公家的特头,抱父自杀。沈大才复员后问"
minzhengzhi_aa,A,土改,m-95,"村复员军人沈大才,本姓李,抱给沈姓,沈大才入伍后,","时沈家定为富农成分。一次,地方有人说他抱父沈其和偷了公家的特头,抱父自杀。沈大才复员后问其事,即说是翻案,该大队将富农“帽子“给讲大才戴上。经复查,恢复其复员军人称号,每月定补8元生活费(讳无儿无女)。在调查侥实中,还健全了公社民政委员会、大队民政小组,使民政各项工作,从上至下有"
minzhengzhi_aa,A,富农,m-95,"才,本姓李,抱给沈姓,沈大才入伍后,土改时沈家定为","成分。一次,地方有人说他抱父沈其和偷了公家的特头,抱父自杀。沈大才复员后问其事,即说是翻案,该大队将富农“帽子“给讲大才戴上。经复查,恢复其复员军人称号,每月定补8元生活费(讳无儿无女)。在调查侥实中,还健全了公社民政委员会、大队民政小组,使民政各项工作,从上至下有组织保障。红军"
minzhengzhi_aa,A,杀,m-95,"一次,地方有人说他抱父沈其和偷了公家的特头,抱父自","。沈大才复员后问其事,即说是翻案,该大队将富农“帽子“给讲大才戴上。经复查,恢复其复员军人称号,每月定补8元生活费(讳无儿无女)。在调查侥实中,还健全了公社民政委员会、大队民政小组,使民政各项工作,从上至下有组织保障。红军流落人员1980年,对曾参加红军并过了雪山草地,离队后表现"
minzhengzhi_aa,A,杀,m-96,"众巾等生活水平。优待工作的萍实,鼓舞莲前方将士英勇","敌。1954伟,即将赴抗美授朝前线的张仕昭、覃登州等32名战士,于昂化县宝轮院联名写血书,投客县人民政府,表示要勇敢杀敌,感谢政府和人民的关怀。这样的感谢信,务级政府和部门每年郜收到若干封。这些信件,又鼓舞全县人民达妃地作好优抚工作。优待征属民国26年(1937年),民国政府颁布"
minzhengzhi_aa,A,联保主任,m-96,"级精神,制定了征居《代耕队纽织法》规定县长、区长、","、保长、甲长分别任代耕总队长、区队长、中队长、分队71"
minzhengzhi_aa,A,保长,m-96,"定了征居《代耕队纽织法》规定县长、区长、联保主任、","、甲长分别任代耕总队长、区队长、中队长、分队71"
minzhengzhi_aa,A,甲长,m-96,"居《代耕队纽织法》规定县长、区长、联保主任、保长、","分别任代耕总队长、区队长、中队长、分队71"
minzhengzhi_aa,A,会议,m-97,"壮丁安家费。其经费来源,苍溪县政府于同年第一次县政","决,“其安家费定为400元,由各保自行筹集“。据查访城郊乡当时的一些保长称。《没有安家费,据上峰文有,实际无有。民国37年.(1948年)1月24日,苍溪县政府训令称。“《本县35、36年度壮丁安家费,上峥于36年8月汇发2223万元正来县,割经地方机关法团委托常议长在省洽购子弹"
minzhengzhi_aa,A,保长,m-97,"400元,由各保自行筹集“。据查访城郊乡当时的一些","称。《没有安家费,据上峰文有,实际无有。民国37年.(1948年)1月24日,苍溪县政府训令称。“《本县35、36年度壮丁安家费,上峥于36年8月汇发2223万元正来县,割经地方机关法团委托常议长在省洽购子弹手榴弹掀用价款一部(分),于37年!月4日始全部价发各乡,被征壮丁家属每"
minzhengzhi_aa,A,乡长,m-99,"家属,生活有困难的残废军人、退伍红军考战士,带病回","期不能劳动、生活有困难的退伍军人,裕失劳动能力、生活有困难的红军流落人员和复员军人。改进优待,使按劳分配的政策在优待中得到了落实,使劳动力这个因素在经济生活中发挥了实际作用,解除了服现役战士的后顾之忧,提高了烈军属的社会、政治地位,促进了征兵和退伍安置工作的颂利进行。改过去由生产"
minzhengzhi_aa,A,会议,m-99,"一衡量评定,由大队召开民政组长、生产队长、优抚对象",",讨论确定优待对象、优待金额,征求群众意见,报公社审批。大队将优待金额分摊到户,张榜公布,同时塔发四联单,由公社寄往军人部队。其优待金额标准,大体是烈军属略高于当地群众一般生活水平,其他优抚对象不低于当地一般生活水平的原刑。分别评给烈军属超过当地一个整劳力的收入或相当一个整劳力、"
minzhengzhi_zl,A,国民党,z-100,"安“置第一节“安置_机构|民国时期,芯溪县除个别从","军队退下来的伤、病员和逃兵及数十名“在乡军官(不算退役)?外,没有兵员退役当时从红军、八路军、新四军退役回乡的指战员,民国政府更不予理采,木设安置机构。建国后,1950年,人民武装部队开始有计划的整编复员工作,为做好复退军人的接待安置,苍溪县人民政府造于9月成立安置机构。随着形势"
minzhengzhi_zl,A,国民党,z-101,"好安置工作。|资遣官兵安置建国初期,全县共接收安置","官兵65名(内有少数旧政府的人员)。对这部分人的安置,根据川北行署民政厅关于《不只是单纯的救济问题,而是一个安置问题,_“对资遗回家的旧军官旧人合的安置工作,在稳定社会秩序上是重要的,必须给这些人以劳动生产的生活出路?的精神,对他们迹行了热情接待,他们在还乡中原单位未发足路被的人"
minzhengzhi_zl,A,会议,z-101,"政府领导,积极改造怨想、努力生产的数名旧军官参加了","。这部分人在后来的生产劳动和怡想改造中,大都表现较好。退_伍红军安_置“二战“时期,苍溪县大批青壮年参加红军,建国后,先后退伍(由部队复员)回县的共175人,其中大部分为部队团以下干部,少部分为红军老战士。这些同志,在艰苦的战争年代,历尽十辜万苦,为草命作出过重大贡献。他们退伍回"
minzhengzhi_zl,A,土地改革,z-102,"位工作,其生活待遇比其他同职干部高定;愿回乡的,属","前和土改中回乡的(含携带回乡的妻子儿女),按当地标准,分给当地最好的房屋、土地土地改革后回乡的,在公田、公房中,调济安排属老家自有房屋的,如不够住或破旧的,由政府补助,群众帮工帮料修缮。随着时间推移,一些退伍红军家庭人口增多,出现住房困难。1964年县民政科抽调干部逐户调查,对其"
minzhengzhi_zl,A,土改,z-102,"活待遇比其他同职干部高定;愿回乡的,属土地改革前和","中回乡的(含携带回乡的妻子儿女),按当地标准,分给当地最好的房屋、土地土地改革后回乡的,在公田、公房中,调济安排属老家自有房屋的,如不够住或破旧的,由政府补助,群众帮工帮料修缮。随着时间推移,一些退伍红军家庭人口增多,出现住房困难。1964年县民政科抽调干部逐户调查,对其中15户"
minzhengzhi_zl,A,斗争,z-102,"美援朝战争,是有功之臣,其中绝大多数具有一定的对敌","和做群众工作的经验。在当时地方干部紧缺的情况-F,欢迎他们继续工作。据统计,1950年至1953年复员回乡的1390人中,有三分之二的同志分别被县、区、乡分配到清〈朝)反(霸)减(租)退(押)、土改工作团队和区乡行政企事业单位工作;余下的三分之一中的大部分也分别成为村干部和民兵组"
minzhengzhi_zl,A,乡长,z-102,"222人,至年底,被选为人民代表的37人(其中担任","的5人、乡人民委员32人),社一部109人,占当年复员军人总数65.8史。对在乡生产生活有困难的,共发补86"
minzhengzhi_zl,A,地主,z-103,"都能安心生产。在安置复员军人中,一些乡村对家庭出身","、富农或本人有些政治问题的复员军人,一度有歧视和违反政策现象,如不让是党团员的参加组织生活,不让入社劳动,用恶言伤害等。1956年5月14日,县人委贯彻内务部对有政治历史问题和出身地主富农家庭的复员军人妙善安置的精神,结合本县存在问题,向区、乡发了通报,纠正安置工作“中的偏差。1"
minzhengzhi_zl,A,富农,z-103,"心生产。在安置复员军人中,一些乡村对家庭出身地主、","或本人有些政治问题的复员军人,一度有歧视和违反政策现象,如不让是党团员的参加组织生活,不让入社劳动,用恶言伤害等。1956年5月14日,县人委贯彻内务部对有政治历史问题和出身地主富农家庭的复员军人妙善安置的精神,结合本县存在问题,向区、乡发了通报,纠正安置工作“中的偏差。1956"
minzhengzhi_zl,A,杀,z-103,"957年,因家庭和社会关心不够,发生两起复员军人自","事故。对此,中共苍溪县纪律检查委员会、县转业建设委员会,都及时作了适当处理,并通报全。晚,要求各级对复员军人的困雄要“全面进行解决“,“正确认识复员军人是建设社会主义新农村的一支积极力量,要关心和使用他们“,《对打击排斥复员军人的要及时批评教育个别情节严重的要处理,不断纠正了安置"
minzhengzhi_zl,A,处理,z-103,"县纪律检查委员会、县转业建设委员会,都及时作了适当",",并通报全。晚,要求各级对复员军人的困雄要“全面进行解决“,“正确认识复员军人是建设社会主义新农村的一支积极力量,要关心和使用他们“,《对打击排斥复员军人的要及时批评教育个别情节严重的要处理,不断纠正了安置工作中出现的问题。退伍义务兵安置1958年,第一批义务兵开始退伍。根据是年"
minzhengzhi_zl,A,判刑,z-103,"士子女,予以优先拳其志愿安置。对在部队犯有刑事罪被","和被部队开除军籍,或退伍后待分配工作期闰犯刑事罪被判刹的城镇义务兵,不作退伍义务兵分配工作:对不安心服役本人要求中途退伍服役不满一87"
minzhengzhi_zl,A,不满,z-103,"伍义务兵分配工作:对不安心服役本人要求中途退伍服役","一87"
minzhengzhi_zl,A,处理,z-104,"处,自1969年开始,军队对需离队的干部,作了复员","。自1969年1月1月至1975年7月31日,企县先后接收军队复员干部163人。这一百多人中,绝大多数是参加过解放战争、抗美援朝战争和50年代入伍的。他们在革命战争年代和社会土义建设时期,为革命作出了资献,万相当一部份年龄偏大、体弱,又长期脱离农业生产,不少人还拖家带口,对回到农"
minzhengzhi_zl,X,审查,z-104,"需要安排工作的农村退伍军人,根据有关规定,经县严格",",报省民政部门批准后安置。对1961年至1967年家居农村本人在职入伍的军人退伍回乡的,根据省人民政府有关文件精神,凡1957年底前参加工作的,生活低于当地一般社员水平者,可享受本人入伍前原工资标准的40%补助(共41人7;1958年以后参加工作的,生活低于当地社员一舫水平的,定"
minzhengzhi_zl,A,不满,z-105,"置工作的干部,其工资待遇为,复员干部当工人的,军龄","8年的定为二级工;8至15年的,定为三级工;15至20年的,定为四级工;20年以上的,定为五级工。当干部的,按上述军龄分级,分别定为国家行政25、24、23、22级;大专毕业生,参照地方同屈大专毕业生工资标准待遇执行。“1980年,根据中共中央有关规定,对1969年1月1日东19"
minzhengzhi_zl,A,不满,z-106,"满30年以上的,发给本人原工资的85%;军龄满20","30年的,发给本人原工资的80%y军龄满15年不满20年的,发给本人原工资的75外』军龄满10年不满15年的,发给本人原工资的70%;军龄不满10年的,发给本人原工资的65%%y因战因公负伤致残二等以上或患二、三期矽肺病而敦本丧失工作能力退休的干部,发给本人原工资95%;同时对荣"
minzhengzhi_zl,A,村民,z-107,"网乡后缺乏生产技能,除要求亲人传帮带,还教育社员(",")耐心传授生产技术,使之很快成为农业生产上的内行。91"
minzhengzhi_zl,A,土地改革,z-108,"会主义坚定不移。各级政府、单位团体,在各个时期,如",",农业社会主义改造,动员人民支援抗美援朝,保卫祖国疆土不|受侵犯的战争中,党的十一届三中全会后的咕项方针政策的贯彻执行,都充分发挥复员退伍军人、离退休干部的宣传骨干作用。基层领导骨干。大部分复退军人,经过在部队锻炼,都有较好的组织能力和管理经验,办事公正,作风扬实,受到基层党群组"
minzhengzhi_zl,A,村民,z-108,"名以上干部是复退军人。1984年,大队、生产队改为","委员会、李民小组后,通过人民群众选举的村组干部中,约四分之一的于部是退伍军人,给群众自治性组织增添了活力。民兵骨干。复员退伍军人,都经过战争的考验或接近实战的系统训练,回乡后,他们积极投入民兵建设。50年代初至60年代中期,全县乡一级的民兵干部和村(大队的民兵逊排长中的绝大多数由"
minzhengzhi_zl,X,训练,z-108,"干。复员退伍军人,都经过战争的考验或接近实战的系统",",回乡后,他们积极投入民兵建设。50年代初至60年代中期,全县乡一级的民兵干部和村(大队的民兵逊排长中的绝大多数由复退军人担任。腾着退伍军人的数量增大,在70年代、80年代,退伍军人更成了民兵组织的骨干力量。他们把解放军的好思想、好传统、好作风和军队现代化的各种知识传授给民兵,为"
minzhengzhi_zl,X,花名册,z-109,"两用人才介绍所办公室,建立退伍军人","、两用人才登记册,来信来访记录册和两用人才介绍信,有计划、有步骤的向外推荐和就地安排。在一年多时间里,1300多人被招聘为区乡干部或担任村组干部,或者被推荐到全民,集体.乡镇企业工作,为接收安置退伍军人开肆了新的渠道。龙山区成立两用人才介绍所后,扶持有专长或有文化、会经营的人就地"
minzhengzhi_zl,A,联保,z-11,"国前行政区刑e32固保区刘02e3大茹维振区刑03","、乡(镇)保区划.38》1"
minzhengzhi_zl,A,乡长,z-110,"设施发挥了巨大作用。1956年以来,先后修筑了回水","征、庙垭乡群岭、陵江镇东台、镇水乡金花坝和解放坝、五里乡石家坝、鸵源乡垩口村等总长62公里的防洪淤地河堤,保护了5484亩耕地。94"
minzhengzhi_zl,A,土改,z-111,"改田改","造低产田。芯溶县的低产田主要存在冷(冷浸田》、烂(深脚泥、鸭粪田》、毒(叹硫化物或其它有毒物质》、席(地下曾水,影响田水和作物根际温度、保肥力差》闭题,影响作物生长。1975年开始,进行综合治理,到1985年先后改造低产田土2549472亨,其中,1980年改造227232亩。提"
minzhengzhi_zl,A,破坏,z-111,"山上是银行“的《左“的思想指导下,森林遭到大面积,","。据资料记载,全县森林覆盐率1952年为30.6%,1975年为14.56史,1983年为14.24%,1985年回升到18.6%%。森林覆盖率降低,导致生态失调、小气候恶性循环,水、旱、风灾的损失程度增加。气象_预报1959年以后,气象预报工作不断得到加强。20多个气象站、点分"
minzhengzhi_zl,A,斗争,z-112,"动员和组织各方面的力量,间灾害进行针锋相对的",",特别是在旱灾、水灾、虫灾到米时,投入了巨大的人力、物力,把灾害缩小到最小限度。抗旱建国后的36年间,有25年发生不同程度的全县性的春、夏,伏早。在旱灾面前,各级【党政带领全县人民,十方百计寻找水源,抽水、座水、挑水播种、保苗。50年代和60年代前期的几个大旱年,各级政府机关除留"
minzhengzhi_zl,A,斗争,z-113,"地带;县城所有机关、企事业单位职工一齐投入抗洪抢险",",县人武部、民警中队的指战员连夜行动,为县城15个单位和60多户居民抢运出13万余元的财物,大大减少了洪灾损失。消灭病虫害危害农作物和经济作物的病虫害,在苍溪主要有螂虫、蚜虫、红蛛蜱、地老虎、蟒象(屁巴虫)危害农作物;油菜菌核病、小麦黑穗病、红苔软腐病等也很普送。民国【35年(1"
minzhengzhi_zl,A,杀,z-113,"力强防治外,一但病虫害发生,|便不失时机的组织力春","虫治病。在50年代,主要以人工防治、捕杀为主。1952年5、'6月,全县先后发生大螂、二化螂、三化螂、地老虎、蛙蠕、金花虫、红蛛蝉、牛黄.虫、金龟子、缙象等大丞积危害农作物。6月6日,中共苍溪县委分别在县城和岳东区召开扩干会,动员探众捕杀害虫。6月10日、11日,全县23万人出动"
minzhengzhi_zl,A,杀害,z-113,"共苍溪县委分别在县城和岳东区召开扩干会,动员探众捕","虫。6月10日、11日,全县23万人出动捕杀,两天共捕杀害虫3800多厂,符农作物减少了损失。随着农药的发展,防治病虫害,以药物为主。据统计,1957年至1985年的29年间,有18年农作物发生大面积病虫害,由于及时进行灭虫治病,共挽回粮食2.25亿斤。,第三节救、灾1912年至"
minzhengzhi_zl,A,公安,z-114,"与人民群众一道奔赴抗洪抢险第一线,抢教上万人脱险县","干蓉连续战斗两天两夜,教出袖洪水围囱群众154人,抢救公私财物价值30余万元;县航运站职工冒着生命危险夜航,救出被洪水园困在杜里坝、回水坝的群众77人脱险!各级领导对特重灾区的城郊、回水、镇水等乡,进行换门挨户看望,对无家可归的1万多人,安排住进机关办公室、会议室,拨出70万厅粮"
minzhengzhi_zl,A,会议,z-114,"户看望,对无家可归的1万多人,安排住进机关办公室、","室,拨出70万厅粮,7.5万元人98"
minzhengzhi_zl,A,土改,z-115,"灾后,干部群众一起参加洗苗、扶苗、补苗,对无收的田","种疑菜3.2万亨、秋粮4499亩;全县出动100多个专业队整治修复水毁水利工程,当年即蕃水1.2亿立方米;经半年时间,修复房屋5.4万间,新建了24968间,占水毁房屋的97.6%,使灾后无家可归的户全部搬进新居;至1982年4月,侥复了全部交通运输工J、财贸和社队因爱灾停产的2"
minzhengzhi_zl,A,杀,z-116,"名卫生人员深入灾区,免费治病672人次,并进行消毒","虫和对饮水消振!1960年,因灾发生大批水肿病,及时进行了分片治疗!1981年水灾后,县级卫生部门抽调55名医务人员组织9个医疗队,对被水淹的9830户佣地进行杀虫消毒,为14906人治病,清洗水井498口,,为灾区培训卫生人员116人等,防止了瘦疫,保护了劳动力。灾民激动地说:"
minzhengzhi_zl,A,破坏,z-116,"50年代末以后因《志“的心想错误,大批森林植被遮到",",造成生怀条件恶化;在“学大察“中,违反科学围河造田、改士,加剧了溺坡的发生;指导因地制宜的种植不力,增大了灾宾的损失等。遭一次灾,总结一次经验教训,使各级干部、人民群众在灾害面前克服百目性,提高科学性,审时度势,按白然法则办事。`100"
minzhengzhi_zl,A,退押,z-117,"人口的大多数,仍在贫困线上挣扎。建国后,通过偷租\",",土地改革,农业合作化,联产承包的生产货任制等一系列变革,解放了生产力,使绝大多数人民有了丰衣足食的基础。但是,在不同时期,因不同原因,仍有百分之几到十几的贫困户衣食园难,党和政府,把救济困难户始终作为一项解除群众疾苦的重要政策,除用好国家每年拨发的教济款物外,地方财政和集休经济"
minzhengzhi_zl,A,土地改革,z-117,"大多数,仍在贫困线上挣扎。建国后,通过偷租\退押,",",农业合作化,联产承包的生产货任制等一系列变革,解放了生产力,使绝大多数人民有了丰衣足食的基础。但是,在不同时期,因不同原因,仍有百分之几到十几的贫困户衣食园难,党和政府,把救济困难户始终作为一项解除群众疾苦的重要政策,除用好国家每年拨发的教济款物外,地方财政和集休经济组织还采取"
minzhengzhi_zl,A,村民,z-118,"质任制以后,除继续坚持生产自救、节约漆荒外,还发动","互相调济、互助渡荒也颇有成效。各年灾荒造成的困难,80%以上是通过上述办法,由县以下各级政府组织人民解决的。建园36年来,南充专署有25年给苍溪县拨了春荒救济款,15年拨了夏荒救济款。累计拔春、夏荣救济款252万多元(含春夏荒给优抚对象的补助款在内)及教济粮食等。国家拨给的救灾款"
minzhengzhi_zl,A,会议,z-118,"令教济运动办法“成立县《冬后救济会?,由县长、参议","长分别任正副主任,下设查放、事务两个组和筹募、监核两个委员会,由县党部书记长,商会、农会理事长、民政、射政、社会科长及各乡乡长等47人分任主任委员、委员、组长、干事各职,民国33年(1944年)冬开冠救济。其救济经炭,由县“分头向股实富户劝募“和《向各寿庙祠会之收益节余项下劝捐。"
minzhengzhi_zl,A,乡长,z-118,"记长,商会、农会理事长、民政、射政、社会科长及各乡","等47人分任主任委员、委员、组长、干事各职,民国33年(1944年)冬开冠救济。其救济经炭,由县“分头向股实富户劝募“和《向各寿庙祠会之收益节余项下劝捐。救洗对象“以鲲寡孤独歼废不能生活之难民、灾民、逾五人以上家境赤贫者。是年冬救济458人,用款16.4万元;民国34年(1945"
minzhengzhi_zl,A,土地改革,z-119,",占农业总人口7.2史。1951年冬至1952年春","时,在分配土地和其他生产、生活资料中,给贫固户予以优待。之后,社会救济的重点转为对无依无靠的孤老残幼人员和帮助生产上有囱难的户发展生产,增强自力更生的能力。至1955年底,每年平均有5000多户、2.5万多人得到救济(占农业总人口6.2%%),其中,孤老残幼约占救济汀象的8史。1"
minzhengzhi_zl,A,死亡,z-119,"人口14.7克,1961年蚺因饥饽发生大批水肿病和",",但国家、集体巳无力解决大批人的贫困,当年救济6844人,仅占农业人口的1.5史3国民经济进行调整侥复后的1966年,救济64609人,救济对象回升到占农业人口的12.5。《文化大革命动乱期间,社会敏济工作道到严重砾坏,除对“五保“户和特别困难户给点救济,一般社会困难户基本没有救"
minzhengzhi_zl,A,联保,z-12,"eeeeee《9第一节“乡保放权…《9》固侯制《9","翘50弘多侯制.50第二节“苏维埃政权…《50》建立政权经过…C50》政权机构及犬员…主要政策探施…《》第三节“乡(镇)人民政权.C52》多村民主建政…C52》普选建乡政权…5》大氓公社0标一政社分诱.水)第四节群众自治组织.《55》村民委员会0《56》屠民委员会.《657)第五"
minzhengzhi_zl,A,村民,z-12,"政策探施…《》第三节“乡(镇)人民政权.C52》多","主建政…C52》普选建乡政权…5》大氓公社0标一政社分诱.水)第四节群众自治组织.《55》村民委员会0《56》屠民委员会.《657)第五节基层迹举0000《57)乡民昝坏`王民1J〈薯崔釜^…..'……………………""“""""”""""""""……""""""……………(晕S7)农民代裘大会.《》"
minzhengzhi_zl,A,大会,z-12,"""”""""""""……""""""……………(晕S7)农民代裘",".《》吝r界/义民釜(〈皇'羞'z菩i叠(.....′.""...…………'′...′.'′′.′′′'.′.…….′....′...'.…""-…(…、…g)大民代表央会《58)第四章“囊扬扳恤00040400(62第一芸褐扬觊士0(62》棣碑修墓0《62)i羞(〈j'亡妾偏逞茗…"
minzhengzhi_zl,A,大会,z-121,"料,提供猪源;对历年累欠集体的补社款,经社员代表“","讨论,作适当凑免对久病、重病缺衣被的,用教济款和集体公益金解决:在春夏荒口捣供应上重点照顾,子女入学酌情偷免等,使之能在三五年内改变贫困状况,达到,一般社员的生活水平。1980年10月,复查了前四年扶贫工作情况。四年累计群众支援物资折款4.7万多元,集体补助30.8万多元,国家拔"
minzhengzhi_zl,A,复查,z-121,"状况,达到,一般社员的生活水平。1980年10月,","了前四年扶贫工作情况。四年累计群众支援物资折款4.7万多元,集体补助30.8万多元,国家拔给扶贫专款38.4万多元,扶持8026户,脱贫2167户(占扶贫户26.9史》。经国家、集体的扶持,大多数贫困户增强了自力更生的能力,有了摆脱“贫困的信心。1981年扶持2621户,集体扶持"
minzhengzhi_zl,A,土改,z-122,"国成立肛,农业人口和非农业人口严格区别。1952年","结束后,不少场镇属民分得了土地,成为农业人口,因而场镇非农业人口偷少,全县只1.8万多人,且大都有了职业。非农业人口的纯居民仅约2000至3000人,其中,无依靠的孤老残幼人员不过百人。城镇需救济的贫困居民,解放初排约1500人,50年代中期扩大就业面后降至300人左右,80年代"
minzhengzhi_zl,A,死亡,z-124,"),治愈出院172人(次),自动离院65人(次),","111名。病院实行治疗与生产相结合,组织病人参加力所能及的劳动,将病区眠图的荒地开垦种菜种粮(萝,\菜基本长期自给)。60年代还组织过病人焘烤胶、黄莲素、芳香油等,70年代制作过手108"
minzhengzhi_zl,A,死亡,z-125,"境内修筑铁路,至1972年底结束。其闰,14人因公",",51人因公负伤致残。经铁道兵部队审查,以伤残轻重和死亡分别批准按本人每月工资的10至60%的标准,作为每月应发的残庞补助和死亡抚伶资,由四川省军区签发了抚饲费、补助费领取证,由铁道兵一次拔足10年〈1973至1982年)应发的款额,由县民政局按其批准金额铁年向省民政厅领取当年款"
minzhengzhi_zl,X,审查,z-125,"。苍溪共有上述范围的退职职工1880人,经县民政局","批准,1965年救济5人,1974年增至9人,1979年增至11人,并每人每月增发物价补贴2元;1983年5月针对这部分退职职工年龄大,身休弱和阳难增多等情况,根据上级精神,教济对象增至86人,年人平140元;对不够上述条件,但确有实际围雄的,分别情况,由民政局批准,给定期定量教"
minzhengzhi_zl,A,处理,z-126,"′\起义投诚宽释人员救济1982年,根据党中央正确","历史遗留问题,巩固和发展安定团结的政治局面,谅动各方面积松因素为“四化“服务的精神,对原起义、投诚、宽大释放的原国民党党政.军特人员,以社会救济办法,对因“左“的错误造成的非正常死亡人员,给其遗属以补助,对上述人员中生活有固隼的实行定期定量补助。享受遗属补助和给本人定期定量补`助"
minzhengzhi_zl,A,国民党,z-126,"为“四化“服务的精神,对原起义、投诚、宽大释放的原","党政.军特人员,以社会救济办法,对因“左“的错误造成的非正常死亡人员,给其遗属以补助,对上述人员中生活有固隼的实行定期定量补助。享受遗属补助和给本人定期定量补`助的对象、金额,由县委统战部批准,由县民政从社会教济款中支付。1985年定期救济起义、投诚人员47名,人月乎11元,宽释"
minzhengzhi_zl,A,死亡,z-126,"人员,以社会救济办法,对因“左“的错误造成的非正常","人员,给其遗属以补助,对上述人员中生活有固隼的实行定期定量补助。享受遗属补助和给本人定期定量补`助的对象、金额,由县委统战部批准,由县民政从社会教济款中支付。1985年定期救济起义、投诚人员47名,人月乎11元,宽释人员18名,人月乎15元。第四节_城乡杜会福利清康熙二年(166"
minzhengzhi_zl,A,会议,z-126,"自救组织。1984年底,根据省社会福利生产改革工作","精神,再次组建祀会福利生产单位。1985年春,县和部分区、乡先后成立了民政福利公司,易收对象由城乡“四残“人员扩大到优抚对象,使他们通过白己的劳动自立和逐步富裕起来。憎善事业贫民教养工厂。民国元年(1912年)县城成立贫民教养工厂,厂址玉皇客(今食品厂》。招收无业贫寒子弟及孤儿。"
minzhengzhi_zl,A,会上,z-126,"线秘享有盛誉,民国19年(1930年)在成都“劝业","展览获奖。该厂民国22年(1933年)毁于火灾。-*灾童收容所。民国25年至26年(1936年至1937年》,苍溪遮特大饥荒。民国26年7月,中华慈幼协会指派总干事陈铁生到苍溪县组建灾童收容所,收容全县无依无食年龄在5岁至14岁儿童。陈铁生到县后,会同苍溪县机关法囡开会议决,于7"
minzhengzhi_zl,A,会议,z-127,"城关镇社会福利生产综合厂。1958年第四次全国民政",",肯定了组织《四歼?人员开展福利生产的作法后,1959年3月由县民政部门指导将原城关镇的生产自救织织〈其中有“四歼“人4名)扩并更名为城关镇社会福利生产综合厂。由原来的12个厂、组扩并为石灰、肥皂、娇胶、草鞋草帽、针织、制绳、五金、修配8个车间和浆洗、省卖、制砖3个小组。设厂务委"
minzhengzhi_zl,A,地主,z-128,"查登记,规定享受五保的条件是,凡有公民权(含改变了","、富农成分,旧社会任过伪职、过去犯过错误符合上述条件的人》同时具备没有劳动能力、无依无靠、无生活来源三个条件的60岁以上的老人、歼废人和孤儿。同时,遵照宪法中关于“成年子女有赡养扶助父母的义务“的精神,对有女无儿的老人,过去已实行五保的,不再变更,过去未享受“五保“的,说服其女儿"
minzhengzhi_zl,A,富农,z-128,",规定享受五保的条件是,凡有公民权(含改变了地主、","成分,旧社会任过伪职、过去犯过错误符合上述条件的人》同时具备没有劳动能力、无依无靠、无生活来源三个条件的60岁以上的老人、歼废人和孤儿。同时,遵照宪法中关于“成年子女有赡养扶助父母的义务“的精神,对有女无儿的老人,过去已实行五保的,不再变更,过去未享受“五保“的,说服其女儿赡养,"
minzhengzhi_zl,A,处理,z-128,"住房,能御寒、蔽风一》,保医、保葛(孤儿保教育》,","好五保人员死后的财产等。1982年,随着农村生产承包责任制的推行和农民收入增加,“二保“人员供养标准作了相应提高,实行“四个六“:即每年每名五保人员,由集体供给600厅榜、600厅煤(无煤以木柴折算)60元人民币的生活零用钱、6斤食油,衣被按需要分真秋添制。供给的粮钱物以乡或村为"
minzhengzhi_zl,A,村民,z-128,"村为单位,同其他集佛提留一起列入当年分配方案,纳合","承包合同,统一.筹集。民政部门对少数贫困和五保人员多的乡村,在经济上给予适当补助,全县年平救济约5000元。供养形式。分散供养与集中供养两种形式,分散供养多于集中供养。在70年代以前分散供养的形式有;集体供给、生活自理;集体供给,雇人照顾!集体供给,亲友照料。80年代,根据农村生"
minzhengzhi_zl,A,土地改革,z-130,"收_“容“安“置建国后,人民当家作主,劳动光荣。在","时游民也分得了胜利果实,加之人民政府的取缔政令,原活动于城乡的乞七、睿婶,大都自动弃旧图新,走上了生产劳动道路对个别无依彗的老歼乞与,政府和社会采取教济等办法,生活有了着萱对个别丐头、流氓,如八庙乡的“《张老么〉、五龙乡的周丐头等,他们用剥削乞与和诈骗所得钱,财放高利贷、购买土地"
minzhengzhi_zl,A,地主,z-130,"买土地出租,土地改革时技划定成分的标准,分别被定为","、富农等成分,监督劳动,强迫其走自食其力道路。在完成民主革命、进行社会主义改造过程中,一些回乡劳动的乞丐和迷避改造的分子,又再操旧业到处流帘。对此,1956年,苍溪县人民委员会发布了游民改造计划,民政、公安部门协同作了审查清理,对“不事劳动生活或者以不正当手段为生,危害社会秩序,"
minzhengzhi_zl,A,富农,z-130,"出租,土地改革时技划定成分的标准,分别被定为地主、","等成分,监督劳动,强迫其走自食其力道路。在完成民主革命、进行社会主义改造过程中,一些回乡劳动的乞丐和迷避改造的分子,又再操旧业到处流帘。对此,1956年,苍溪县人民委员会发布了游民改造计划,民政、公安部门协同作了审查清理,对“不事劳动生活或者以不正当手段为生,危害社会秩序,又不够"
minzhengzhi_zl,A,公安,z-130,"56年,苍溪县人民委员会发布了游民改造计划,民政、","部门协同作了审查清理,对“不事劳动生活或者以不正当手段为生,危害社会秩序,又不够判刹条件的“99名游民,有劳动能力的人大部分送九龙山游民改造农场,个别送回原籍交群众监督劳动;对不能劳动的数名考残人员,送南充地区老残院教养。建国后、新出现的流浪乞讨人员,主要是因天灾、人祸生活无着的"
minzhengzhi_zl,A,破坏,z-130,"送工作。1968年至1971年,因“文化大革命“的",",收容工作有名无实。1972年县民政局成立后,根据工作需要,由县自定,在县城西门城关派出所楼下修建了收容所,配备了工作人员一名,后增加为2人,负质收容遣送工作。但当时收容对象庞杂,把公安部门在城镇、旅店清查的手续不完备或有违法活动又不够法办的人也移交民政,年平均收容遣送约600人"
minzhengzhi_zl,A,法办,z-130,"部门在城镇、旅店清查的手续不完备或有违法活动又不够","的人也移交民政,年平均收容遣送约600人(次)。这一时期收容的人中,受《四人帮“《越穷越光荣“谬论毒害,好逸恶劳的人较多。1972年收容的308人中,并非生活所迫而流浪的青壮年即达259人,占84%,其中长期外流59人,卡22.7罗。1978年以后,严格按家居农村流入城镇乞讨、城"
minzhengzhi_zl,X,审查,z-130,"民委员会发布了游民改造计划,民政、公安部门协同作了","清理,对“不事劳动生活或者以不正当手段为生,危害社会秩序,又不够判刹条件的“99名游民,有劳动能力的人大部分送九龙山游民改造农场,个别送回原籍交群众监督劳动;对不能劳动的数名考残人员,送南充地区老残院教养。建国后、新出现的流浪乞讨人员,主要是因天灾、人祸生活无着的灾民、精神病人、"
minzhengzhi_zl,A,处理,z-134,"程序,才能受到国家法律的承认和保护。婚姻登记机关是","婚姻问题的主要部门之一。宣“传“婚“姻“法1950年各乡村通过各种会议,办黑板报,村、组夜校老师上课和土广播(纸作的广播筒)在农民收工后进行宣传。主要原文宣讲和出黑板报公布《婚姻法》内容!宣读县印发的关于新婚姻法的意义和如何办理婚姻登记;各级干部处理家庭婚姻纠纷时以婚姻法精神为依"
minzhengzhi_zl,A,会议,z-134,"门之一。宣“传“婚“姻“法1950年各乡村通过各种",",办黑板报,村、组夜校老师上课和土广播(纸作的广播筒)在农民收工后进行宣传。主要原文宣讲和出黑板报公布《婚姻法》内容!宣读县印发的关于新婚姻法的意义和如何办理婚姻登记;各级干部处理家庭婚姻纠纷时以婚姻法精神为依据。通过宣传,人民群众,特别是未婚男女,普遍拥护新婚姻法,称赞婚姻问题"
minzhengzhi_zl,A,不满,z-134,"有的理解“婚姻肖由“就是性自由;寡妇和对原包办婚姻","的妇女,在穿妇改嫁是“不正派“,离婚是“丧德“的与论压力下,虽拥护新婚姻法,但又不敢付诸实际行动。针对种种糊涂认识,结合1951年9月政务院《关于检查婚姻法执行情况的指示》精神,于是年11月10日,苍溪县人民政府交向各区、乡政府、学校,各土改工作分团、中队发出进一步宣传和检查婚婪"
minzhengzhi_zl,A,土改,z-134,"月10日,苍溪县人民政府交向各区、乡政府、学校,各","工作分团、中队发出进一步宣传和检查婚婪法执行情况指示的同时,组织工作组到重点区乡检查、宣传,对于旧社会强迫包办的不能共同生活下去的婚始(如一夫多妻、男女年龄差别极大、虐待等》,提出离婚的人数增加。1951年全县仅受理离婚案33件,检查后的1952年1至6月增加到197件。由于妇女"
minzhengzhi_zl,A,杀,z-134,"年1至6月增加到197件。由于妇女要求解放,发生虐","妇女案件也随之增加,仅1952年5月25日至6月15日被虐杀死亡妇女6人、儿童2人。为贯径新婚姻法,保护妇女儿童,川北行署于1952年118"
minzhengzhi_zl,A,死亡,z-134,"随之增加,仅1952年5月25日至6月15日被虐杀","妇女6人、儿童2人。为贯径新婚姻法,保护妇女儿童,川北行署于1952年118"
minzhengzhi_zl,A,法院,z-135,"8月组织工作组来苍溪,与县民政、","、妇联、文化馆、团工委等组成联合工作组深入农村,发动群众,召开乡村干部、宣传员、妇女积极分子、教师会议,利用赶场天设宣传站,办婚娴画展,演文艺节目,深入宣传婚姻法,解答人民对婚姻法中不懂的问题,阀明法律的严肃性。赴云峰乡工作组报告,全乡5000多人听了宣传。该乡三村仍有父母包办未"
minzhengzhi_zl,A,会议,z-135,"发动群众,召开乡村干部、宣传员、妇女积极分子、教师",",利用赶场天设宣传站,办婚娴画展,演文艺节目,深入宣传婚姻法,解答人民对婚姻法中不懂的问题,阀明法律的严肃性。赴云峰乡工作组报告,全乡5000多人听了宣传。该乡三村仍有父母包办未成婚的17人,如是年5月,少年孙少华(15岁)的父亲用木棒逼着他与19岁的童养嫁到区政府登记结婚六村陈"
minzhengzhi_zl,A,惩办,z-135,"我都20岁了还没对象,怎么得了啊1“通过深入宣传,","虐杀妇女儿童的罪犯和各区确定专人办理婚姻登记,虐杀案减少了70。但强迫包办婚姻仍很盘行,婆婆虐待儿嫁,丈夫毒打妻子,不准女子参加社会活动等现象迦较普遍。鉴于此,1953年春开展了婚婪法宣传月活动。同时,县委、县政府于3月19日至25日以7天时间,召开了县机关干部40人、区干部11"
minzhengzhi_zl,A,杀,z-135,"0岁了还没对象,怎么得了啊1“通过深入宣传,惩办虐","妇女儿童的罪犯和各区确定专人办理婚姻登记,虐杀案减少了70。但强迫包办婚姻仍很盘行,婆婆虐待儿嫁,丈夫毒打妻子,不准女子参加社会活动等现象迦较普遍。鉴于此,1953年春开展了婚婪法宣传月活动。同时,县委、县政府于3月19日至25日以7天时间,召开了县机关干部40人、区干部117人"
minzhengzhi_zl,A,斗争,z-135,"7年到党的十一届三中全会以前的时间里,一切《以阶级","为纲“,一些单位和基尿组织在具体问题处理上也注入了极强的防级斗争内容,除贫下中农不愿与富农、地主子女通婚,政历清白的人不敢与有“政治问题“的人的家庭通婚外,对1957年被划成“右派“或有政治问题的多由组织强令其离婚一些地方和单位把法定婚龄随意提前，或者把“提倡晚婚“的年龄任意加码"
minzhengzhi_zl,A,处理,z-135,"切《以阶级斗争为纲“,一些单位和基尿组织在具体问题","上也注入了极强的防级斗争内容,除贫下中农不愿与富农、地主子女通婚,政历清白的人不敢与有“政治问题“的人的家庭通婚外,对1957年被划成“右派“或有政治问题的多由组织强令其离婚一些地方和单位把法定婚龄随意提前，或者把“提倡晚婚“的年龄任意加码,变《提倡“为“法定“,使人们法制观念淡"
minzhengzhi_zl,A,富农,z-135,"处理上也注入了极强的防级斗争内容,除贫下中农不愿与","、地主子女通婚,政历清白的人不敢与有“政治问题“的人的家庭通婚外,对1957年被划成“右派“或有政治问题的多由组织强令其离婚一些地方和单位把法定婚龄随意提前，或者把“提倡晚婚“的年龄任意加码,变《提倡“为“法定“,使人们法制观念淡演。<1980年公布了新的婚姻法,各级政府和有关部"
minzhengzhi_zl,A,地主,z-135,"也注入了极强的防级斗争内容,除贫下中农不愿与富农、","子女通婚,政历清白的人不敢与有“政治问题“的人的家庭通婚外,对1957年被划成“右派“或有政治问题的多由组织强令其离婚一些地方和单位把法定婚龄随意提前，或者把“提倡晚婚“的年龄任意加码,变《提倡“为“法定“,使人们法制观念淡演。<1980年公布了新的婚姻法,各级政府和有关部门,按"
minzhengzhi_zl,A,处理,z-136,"离婚,有无草率离婚问题,孙女和财产问题是否巳有适当","办法等.审查中要对当事人做好必要的调解工作,情况不清的要进行必要的调查.@)、登记。经过审查,对于符合婚姻法规定条件的,准予结婚或离婚并发给结婚或离婚证,对于不符合婚娴法规定的,不予登记,并向当事人说清理由。对复婚登记的,在发给结婚证的同时,收回并注销其离婚证。1985年7月!日"
minzhengzhi_zl,A,法院,z-136,",共同到一方户口所在地婚姻登记机关登记离婚或向人民","提出离婚诉讼。为保护现役军人婚婀,其现役军人配偶要求离婚者,需征得军人同意,并征求军人所在部队囡以上政治机关的意见后,再决定是否办理。保障_合法婚娅由于封建思想和旧婚婀制度残余的影响,在执行新婚姻法和婚姻登记中,始终货穿120"
minzhengzhi_zl,X,审查,z-136,"有的乡是节日或逢场天登记,造成登记过于集中,不利于",",弊病'较大。1985年,基本做到随到随登记,方便了群众,也便于登记员有充裕时间审查婚姻当事人的情况。登记程序。〇申请。男女双方自愿结婚或离婚,即到一方户口所在地的婚姻登记机关提出申请。申请结婚时,携带所在村(大队、居民委员会或工作单位出具的关于本人婚姻状况的证明(离过婚的还须持"
minzhengzhi_zl,A,斗争,z-137,"婪,干涉他人婚姻自由,特别是和不够婚龄的早婚现象作","。婚姻登记工作人员,除办理婚姻登记外,迦是社会主义婚姻制度的宣传者、保护者,引导群众同旧的婚姻制度作斗争,保障合法婚姻的实现。50年代初,由于各级政府重视,不断纠正偏差,不断培训婚婪登记人员,贯彻新的婚姻法取得显著成绩《大跃进“,特别是《文化大革命“期间,婚姻登记工作管理松弛,甚"
minzhengzhi_zl,A,法院,z-137,"培训班,除民政部门领导干部亲自组织外,还请司法局、","、计划生育等部门的干部讲课,共467人得到培训;县统一组织检查4次,开婚姻登记工作先进代表会5次,表彰先进个人97名。在登记中,坚持“两把关“(年龄关、当事人自主关),“三坚持“(坚持随到随办、在男女一方户口所在地办和双方到场才办)6五不登“(手续不齐、规定项相不清、年龄与户口蕉"
minzhengzhi_zl,A,村民,z-137,"进《乡规民约5,对出偿证明的村组十部和违反婚姻法的",",制定了处理办法;对婚姻登记人员中不坚持原则、徇私情、收贿贾的人员给予惩处。鞑子乡婚姻登记员庞绍整因此被解聘回家。东青区一度早婚突出,区委即组织婚姻登记、公安、计划生育等工作人员组成宣传组,一村一户地宣传婚娅法,一村一组地进行查处,为阻止16岁的山玉和非法结婚,8名乡干部冒雨摸黑"
minzhengzhi_zl,A,处理,z-137,"5,对出偿证明的村组十部和违反婚姻法的村民,制定了","办法;对婚姻登记人员中不坚持原则、徇私情、收贿贾的人员给予惩处。鞑子乡婚姻登记员庞绍整因此被解聘回家。东青区一度早婚突出,区委即组织婚姻登记、公安、计划生育等工作人员组成宣传组,一村一户地宣传婚娅法,一村一组地进行查处,为阻止16岁的山玉和非法结婚,8名乡干部冒雨摸黑30多里,拦"
minzhengzhi_zl,A,公安,z-137,"解聘回家。东青区一度早婚突出,区委即组织婚姻登记、","、计划生育等工作人员组成宣传组,一村一户地宣传婚娅法,一村一组地进行查处,为阻止16岁的山玉和非法结婚,8名乡干部冒雨摸黑30多里,拦住迎亲队伍。为彻底按婚姻法'办事,5年中以县委、县政府名义发通报9次。如对岳东乡1981年到1983年登记结婚的505对中不够婚龄的80余对的问题"
minzhengzhi_zl,A,反对,z-137,",中老年人再婚难仍是个突出问题。难就难在他们的子女",",导致了许多帮望再婚的男女不能结合;一些再婚的,也遇到重重困难和苦恼。据调查陵江镇1982年至1984年的28对再婚夫妻中,30史以上的人婚后家庭不和腔,阻力来自封建礼教遗毒,认为“好马不配双鞍?,《一女不嫁二男“y一些肖年人只认为父母包办儿女婚娅是违反婚姻法,没体会到儿女干涉父"
minzhengzhi_zl,A,反对,z-138,"改革婚姻习俗建国后,党和人民政府大力提倡婚事新办,","封建迷信,反对铸张浪费、大操大办。但也受到传统习惯势力的严重阻碍,走过曲折的道路。农村'农业合作化以前,多数仍属新婚旧礼,除男女双方婚前可以互相往来外,订婚纳彩,大宴宾客,新娘坐花轿,以至仍暗地请算命先生合“八字、择“吉日“。人民公社化以后,由于人民贫困,大都由男方赠送几套衣服鞋"
minzhengzhi_zl,A,处理,z-141,"理一第一节I殡藕习俗′长期以来,苍溪城乡用土萼方法","死者遗体。直至民国的历代统治者都竭力推行封建迷信的丧制、丧礼。民间严遵《重殓厚葛?,“入土为安“的封建礼教,并深受“萱之以礼,祭之以礼,“破家而葬,债子而还“,以及“生死轮回,“因果报^应“的影响,给人民在丧葬中造成巨大经济负担,精神上带来沉重柄锁。旧“礼“俗凡父母、祖辈生命垂危"
minzhengzhi_zl,A,死亡,z-142,"魂不灭?的迷信思想展开,的,相信人有《灵魂“,躯体","而“灵魂永生“y重殓厚弓,为的使《灵砚“在“阴`间“也过着和“阳世?的名样生活!看“风水“定墓穴,认为是死者居住的“《阴宅2,故重视选择;请僧道诵经,认为可以“超度亡魂“,说如此作了,即是生前有罪也能得到敏免,使“灵魂?早升“天堂“或早日“托生“富贵人家。因而,即是一些极贫寒人家"
minzhengzhi_zl,A,斗争,z-143,"习俗的","始终没有停止。破封建迷信建国后,结合清匠反霸、土地改革运动,在宣传人民要翻身,只有探共产党,辉社会主义,彗自己解放自己才能翻身得解放的同时,用通俗的语言,宣传世界是物质的,没有脱离物质而存在的精神;既没有“天堂“、《地狱“,也不可能有脱离人的肉体独立“存在的“灵魄“,人一丁死亡,"
minzhengzhi_zl,A,反霸,z-143,"习俗的斗争始终没有停止。破封建迷信建国后,结合清匠","、土地改革运动,在宣传人民要翻身,只有探共产党,辉社会主义,彗自己解放自己才能翻身得解放的同时,用通俗的语言,宣传世界是物质的,没有脱离物质而存在的精神;既没有“天堂“、《地狱“,也不可能有脱离人的肉体独立“存在的“灵魄“,人一丁死亡,生命现象也就终止了,不可能成神仙,也不可能变"
minzhengzhi_zl,A,土地改革,z-143,"斗争始终没有停止。破封建迷信建国后,结合清匠反霸、","运动,在宣传人民要翻身,只有探共产党,辉社会主义,彗自己解放自己才能翻身得解放的同时,用通俗的语言,宣传世界是物质的,没有脱离物质而存在的精神;既没有“天堂“、《地狱“,也不可能有脱离人的肉体独立“存在的“灵魄“,人一丁死亡,生命现象也就终止了,不可能成神仙,也不可能变鬼变妖。同"
minzhengzhi_zl,A,死亡,z-143,"也不可能有脱离人的肉体独立“存在的“灵魄“,人一丁",",生命现象也就终止了,不可能成神仙,也不可能变鬼变妖。同时,政府对端公、道士、阴阳先生迹行登记,取缔迷信职业者,没收他们做“法事“的道具停止生产香、烛。广大群众通过新旧社会两重天的事实和普通的科学道理宣传,瘦葛中的封建迷信恩想大减。加上条件的限制,在50年代、60年代,全县几乎没"
minzhengzhi_zl,A,处理,z-143,"者诵经《超度。为此,县政府发出布告,各公社对其教育",",停止了活动。“文化大革命?开始后,“造反派?掌权,他们一方面宣传“破四旧“,一方面对互相武斗死亡的“造反派?实行重殓厚藩,民间迷促活动复苏1878年以后,县人民政府和有关部门,大力宣传党和国家在瘦蕴问题上的~-贯方针政策,发布了不准在殖葛中摘封建迷信活动的布告,对社会造成严重危"
minzhengzhi_zl,A,公安,z-143,"害的迷信职业者和丧家进行了处罚.1979年9月,县","局还发出《关于取绕封建迷信活动的公告》。1981年,县民政局印发了破除迷信,移风易俗的宣传手册,但由于“文化大革命“中的流毒未肃清和旧的习惯势力以及资产阶级思想对人们精神的污染,致使有令不行,有禁不止,在说萱中的封建迷信活动愈演愈烈,农民死后,几乎普遍都要设灵堂,灵牌,请客送礼\"
minzhengzhi_zl,A,死亡,z-144,"坟堆占地面积大,50个坟堆即占地1亩。以全县年平均","4500入计,一年仅棺材一项即用木材3000立方米以上,占良田近100亨,为死者穿的衣服数量增办,由原来的三五件增至7件、9件、11件,且衣料质量越来越高档大宴宾客,一般20席左右,多的达130席,.亲朋吊丧赴宴,在离丧家数百米以外,放鞭炮,丧家立即以糖炮相迎,为迎宾客买鞭烘,丧"
minzhengzhi_zl,A,处理,z-144,"9年以后,在抓破除封建迷信,简办丧事的同时,开始抓","遗体的方式,即改革土葛和推行火萍,达到最终以火葬代替土萱。殡萱改革虽巳取得成效,但道路曲折步履维艰。,改“卑“土“节1979年、1981年、1982年,县人民政府和民政局先后发布告和文件、宣传手册,除宣传改革土葬的社会意义和经济意义外,规定在无条件火萱的乡村,由生产大队(后来的村"
minzhengzhi_zl,A,死亡,z-145,",凡机关、团体、学校、厂矿、企事业单位的干部、职工","后,都要实行火葬,否则不发给丧葬资和困难补助;城镇属民和交通方便的农村社员死亡后实行火葆,对应火葬而搞士葛造成生活困难的,不予救济!并确定陵江镇、城郊、五里、云蜂,六榭,回水、庙垛、镇水、东青、八庙、马根、自恨、莪店、伏公、店子、元坝、张王、南阳、歧坪、白驿、万安等乡的场镇和农村"
minzhengzhi_zl,A,死亡,z-146,"火葬的给予支持和提供方便!规定于部、职工的直系亲属","后,有条件火葬而搐土葬的,视其情节轻重,要给干部职工以批评教育、经济制裂和纪律处分。各种规定发布后,干部、职工死后908以上都实行了火萱。但在农民中实行火萱仍很困难,至1985年底,实行火葬的,基本是干部、职工、农村的“五保“户和城镇的孤考。区、乡民政干部为动员一名死亡居民、农民"
minzhengzhi_zl,A,匪,z-147,"傅军食。民国9年(1920年)5月县令吴鸿宾以“御","“为名,提卖全县存余积谷购买枪弹,民国《苍溪县志》载:“惕至民国以来,变迁无常,屡遭兵火,官仓、社仓均归乌有“。,川降省苏维埃的《公粮条例》规定,“公粮的分配…..-以干分之二作为社会保险,《教济没有生产能力的鲲、寡、孤、独、残废者)?,对红军伤亡人员的抚饯费,由苏维埃政府拨款。"
minzhengzhi_zl,A,会议,z-148,"和福利事业费,自,然灾害救济费,及信访、慕问、专业","、事业档案等其他赏用,开支项目复杂。大体可分为:固定支出\福利支出\临时支出二大项。固定支出人抚饯金、殓庞金、分散供养金\离休退休金、定期定量补助金、退职老弱救济金等人头款,每年约占整个民政经费的70外,1957、1958年发放追思费时,这种赏用所占比例更大福利支出含《五保户)、"
minzhengzhi_zl,A,保长,z-148,"备荒和优待征属的《积谷“管理混乱,常袖命、区、乡、","随意挪用;民国32年(1943年)后,规定动用《积谷教灾,必预经县政府、县参议会同有关念关议定,报省政府钝中央植食部核准后,县组织发放机132"
minzhengzhi_zl,A,村民,z-149,"核、乡批准,发给本人。大量成批救济,要经群众评议,","委员会审查核实,乡批准,张榜公布。审批金额权限,乡民政干部每户一次5元以下,乡政府30元以不,区50元以下,50元以上由县民政局批准。重大灾情发生后,救灾款由县工作组会同区乡宜批,由乡民政塔写三联单,一联留乡查存,一联向民政局报销,一联交享受对象,由其持联单到信用社领款,违者拒付"
minzhengzhi_zl,X,审查,z-149,"况分拨到各区,由区掌握,代行发放后,造册送县民政科",",再报省府;大的特殊开支如教灾等.经县领导批准才能支付。1958年,建立了乡(镇)一级财政视导,财政由县下放到乡,“对及时发现和解决群众实际围难起了很大作用“。1963年,区乡建立专户专帐,严格执行审批报销制度,实行“三联单2,区和公社不支付现金,由俏用社付款。1975年1月,根"
minzhengzhi_zl,A,处理,z-150,"对查清:问题清,做到事实清楚,实事求是,质任分明,","落实清。四对口即:区和公社对口;公社和大队对口!大阮和生产队对口!生产队和享受户对口。清理后,按照“一全三坚持,即公社(镇有专人管帐,做到月清季结、帐卡(册)单据齐全;坚持优抚、救济方针政策和使用原则,坚持民主评议,制定规划(扶贫专款),张榜公布和集体审批制度坚持用三联单发款,以"
minzhengzhi_zl,X,审查,z-150,"2年所拨款《物]发放和报帐等数字,逐项、逐笔、逐户","核对清;用途清,对不合用途的如平均发放,乱支滥用,贪污挪用,优亲厚友,重干薄群等核对查清:问题清,做到事实清楚,实事求是,质任分明,处理落实清。四对口即:区和公社对口;公社和大队对口!大阮和生产队对口!生产队和享受户对口。清理后,按照“一全三坚持,即公社(镇有专人管帐,做到月清季"
minzhengzhi_zl,A,处理,z-152,"因和其他项统计一起,已无法分开。,.第二节来信来访","人民来信,接待人民来访,是新中国建立后才开展的,是民政部门一项经常性的重要工作。承“办“范“图民政部门承办来信和接待来访人员的范围,一般是烈军属、残废军人、复员退伍军人要求优抚安置、补发证件,盲职咽就业安置,城乡居民、村民要求解决生活防难、社会教济救灾,“五保户?要求解决困难,城"
minzhengzhi_zl,A,村民,z-152,"要求优抚安置、补发证件,盲职咽就业安置,城乡居民、","要求解决生活防难、社会教济救灾,“五保户?要求解决困难,城镇无依无靠、无家可归及自流人员安置、退休、退职、精减下放后,要求解决生活围难、医疗疾病开支的救济,婚姻登记、丧蕴等有关问题,以及反映对民政工作、民政工作人员的意见等。承“办“机“构1983年以前,县民政科(局)指定一人兼管"
minzhengzhi_zl,A,破坏,z-152,",认真查处!对于假借来信来访名义,迹行无理取闹甚至","、诈骝等y按情节分别进行批评教育或同有关部门联系处理;对于不属于本部门的来信来访,及时转送有关的部门。对来信来访的姓名、单位、内容、处理结果,进行专门登记备查。在处理来信来访时,对政策性的问题,部门领导综合研究,拟定办法,集中解决,或及时合上级反映,提出处理意见。136"
minzhengzhi_zl,A,处理,z-153,"建国后,县民政部门,年平均接待","来信来访约300人(次》。年度数量起伏性大,政治经济形势好,来信来访少;反之,信访数量增加。大批复退军人回乡,抚饯政策和金额调整,落实红军流落人员政策等新的政策实行初期,信访增多。为减少群众信访费时赏资金,凡有关民政工作政策变化时,采取尽快把新政策传达宣传给群众,并迅速挂政策处理"
minzhengzhi_zl,A,公安,z-153,"工“作'建国后,民政部门曾主办过农村户政和地政,与","部门共办过菲鸦片。后来,这些工作有的移交,有的消亡。同时,民政部门还圆满地完成了县委、政府交办的一些临时伯事务工作。移_“民“安“罢1957年冬,南充专员公署决定是年冬至1958年春,冉南部、西充等县向苍溪县境内移民。规定移出户必须是有劳动力的农民。1957年12月,苍溪与南部、"
minzhengzhi_zl,A,会议,z-153,"7年12月,苍溪与南部、西充民政部门召开了三方联合",",达成协议:移民坚持自愿原则,接收南部3500户、西充2500户,安置到三川、五龙、元坝、歧坪、东溪、龙山、文昌、城郊等8个区、45个乡;迁入户银户有一个以上主要劳动力,能自给自足;1958年1月底主劳(当家人)基本迁完,2月巾旬家属基本全部迁入』迁移户举派代表,町乡干部带领,与"
minzhengzhi_zl,A,拒绝,z-153,"安置有困难,由该区掌握调整;迁入乡在规定任务内不得",",接收,乡、社要适当组织欢迎;迁入户必须持迁出乡的证明,包括是否党团员、何种干部、复员军人、烈军属等内容和户口迁移证,粮食转移证(要说明口粮卖给国家多少,,要与售粮凭证相符,到迁入地凭证买回》。迁移基本按协议进行,各区、乡作了热情棉待,如善安置,本着移民自愿原则,自移公助分散插社"
minzhengzhi_zl,A,公安,z-154,",也可以根据他们的要求经当地民政部门审查批准,按照","户口管理规定,就地办理农转非手续,县人民政府本此精神,1982年交由县民政部门具体办理。据当年8月10月摸底统计,需迁回城镇和就地农转非的共417户,1456人。其中,苍溪县各场镇下乡居民308户,1097人;南充市下至苍溪农村的67户,233人;重庆市下至苍溪县农村的42户,1"
minzhengzhi_zl,X,审查,z-154,"人不愿当社员的,也可以根据他们的要求经当地民政部门","批准,按照公安户口管理规定,就地办理农转非手续,县人民政府本此精神,1982年交由县民政部门具体办理。据当年8月10月摸底统计,需迁回城镇和就地农转非的共417户,1456人。其中,苍溪县各场镇下乡居民308户,1097人;南充市下至苍溪农村的67户,233人;重庆市下至苍溪县农"
minzhengzhi_zl,A,反对,z-155,"之士,积极参与孙中山领导的辛亥革命,讨伐衮世.凯,","蒋介石独裁统治和封建地主的残酷剥削,抛头颅、洒热血、浩气长存,为人民长期所传颂。现就有史可考的人和事简记于后。陶“泽“煌陶泽煅,字明生,苍溪城内兴贤街人。16岁中清末武秀才。清光绪戊戍宣布“预备立宪“,泽煜大喜,考入四川官午学校,毕业后任清军绿营管带(相当营长)。辛亥革命军兴,投"
minzhengzhi_zl,A,地主,z-155,"的辛亥革命,讨伐衮世.凯,反对蒋介石独裁统治和封建","的残酷剥削,抛头颅、洒热血、浩气长存,为人民长期所传颂。现就有史可考的人和事简记于后。陶“泽“煌陶泽煅,字明生,苍溪城内兴贤街人。16岁中清末武秀才。清光绪戊戍宣布“预备立宪“,泽煜大喜,考入四川官午学校,毕业后任清军绿营管带(相当营长)。辛亥革命军兴,投身反清运动者接踵而起,泽"
minzhengzhi_zl,A,杀,z-155,"陶泽烟率队100多人冲进督院,砍死守门卫兵,四处冲","。赵尔丰的巡传军目睿泽煜所率敢死队的英勇,纷纷溃逃。泽煌手提马刀,随带士兵数人直冲赵的卧室,赵尚未起床。赵身边有个丫头是川边少数民族,名秀姑,人称4蛮丫头“,携枪佩刀,经常守卫在赵的身边,见泽煅入室,立即开枪抵抗。子弹从泽煅耳侧飞过,泽煅置生死不顾,纵步上前,一刀将秀妓砍倒,活捉"
minzhengzhi_zl,A,抵抗,z-155,"携枪佩刀,经常守卫在赵的身边,见泽煅入室,立即开枪","。子弹从泽煅耳侧飞过,泽煅置生死不顾,纵步上前,一刀将秀妓砍倒,活捉赵尔丰,捆到皇城军政府内。事后,秀昌衡在皇城内明远裸召开全市群众大会,将赵捆绑到场,人民历数其屠杀藏族\同胞,镇压保路运动,惨杀成都人民的罪行后,之当场宣布“立即斩首9,并命陶泽煜行刑。陶泽煜手起刀落,人头滚下,"
minzhengzhi_zl,A,群众大会,z-155,"到皇城军政府内。事后,秀昌衡在皇城内明远裸召开全市",",将赵捆绑到场,人民历数其屠杀藏族\同胞,镇压保路运动,惨杀成都人民的罪行后,之当场宣布“立即斩首9,并命陶泽煜行刑。陶泽煜手起刀落,人头滚下,传首示众,大伍人心。事后叙功,陶升为标统(相当围长,辖三个营)。民国2年(1913年),赵尔丰之兄赵尔巽(清总督、袁世凯的旧交)请袁世凯"
minzhengzhi_zl,A,镇压,z-155,"群众大会,将赵捆绑到场,人民历数其屠杀藏族\同胞,","保路运动,惨杀成都人民的罪行后,之当场宣布“立即斩首9,并命陶泽煜行刑。陶泽煜手起刀落,人头滚下,传首示众,大伍人心。事后叙功,陶升为标统(相当围长,辖三个营)。民国2年(1913年),赵尔丰之兄赵尔巽(清总督、袁世凯的旧交)请袁世凯密令附袁死党一一四川都督胡景伊、师长周骏加害陶"
minzhengzhi_zl,A,被害,z-155,"师长周骏加害陶泽煜,为其弟赵尔丰\报仇。是年秋,陶","。人民缅怀泽煜诛赵有功,入祀成都四川忠烈祠。\139"
minzhengzhi_zl,A,国民党,z-156,"激易,闻者动宾,其名大著。民国成立后,同\盟会改为","。逸侠以国民党员身份奔走成、渝,以巩和发展国民党为已任,结识不少青年志士,介绍入党。民国2年(1913年),讨衰(世凯)护国军起。四川省党部为响应督军熊克武讨袁先讨胡(景价的决定,准备在川北发动义军,待胡抽调部队攻打重庆时,川北即发难举义,以包围成都。为此,特组织龚焕然(阅中人、"
minzhengzhi_zl,A,被杀,z-156,"逸侠等被捕。23日,龚焕然、孔宝庆、庄逸侠、孙鸿震","害于阆中。就义时,他们痛骂窃国大盗袁世凯及其走狗。庄逸侠辑牲时年仅18岁,入衬成都四川忠烈祠。温“全“武温全武,芯溪温家沟(今双田乡)人,生于清同治八年(1869年),自幼家贫,给财主当雇工。全武深受财主的侮辱虐待,甚侃贪官劣绅,即出走高坡三角山寺院为僧,后入陕西太白山学道,受“"
minzhengzhi_zl,A,杀,z-156,"贫苦农民可各得其所。以“打倒贪官污吏“,《打不平、","不平,杀尽不平方太平“等口号,号召、招募贫苦农民加入《红灯教“。后栗,教徒发展到七八百人。“红灯教“声势逐涧扩大,引起当地反动势力惊恐。民国14年(1925年)6月,东溪场大地主勾结团正带领团丁、家丁30余人,袭击三清庙。全武即命一骨干带50余人,以《红灯教“教义鼓舞斗志,教徒以"
minzhengzhi_zl,A,地主,z-156,"动势力惊恐。民国14年(1925年)6月,东溪场大","勾结团正带领团丁、家丁30余人,袭击三清庙。全武即命一骨干带50余人,以《红灯教“教义鼓舞斗志,教徒以抓叉、刀矛迎数,杀伤4人,余敌选宛。温全武料敌不肯罢休,因三清庙地形易攻难守,决定7名骨干各带百人,分道向光山子转移,到140"
minzhengzhi_zl,A,豪绅,z-157,"大石、岳东、梅家浩口等地,纵横二百里,公开同军阀、","斗争。在辖区内,宣传打倒贪官贪吏,规定农民不纳地租、军饷、苛捐杂税。自民国14年6月至15年5月,在其势力范围内杀掉罪大恶极的保长、土豪劣绅20余人,罚款20余人!开仓放粮,周济贫苦;辖区内400多户农民不纳租交税,深得民心。同时,温还率教徒在山寨、隘口等^除要地带,挖陷井、插竹"
minzhengzhi_zl,A,斗争,z-157,"、岳东、梅家浩口等地,纵横二百里,公开同军阀、豪绅","。在辖区内,宣传打倒贪官贪吏,规定农民不纳地租、军饷、苛捐杂税。自民国14年6月至15年5月,在其势力范围内杀掉罪大恶极的保长、土豪劣绅20余人,罚款20余人!开仓放粮,周济贫苦;辖区内400多户农民不纳租交税,深得民心。同时,温还率教徒在山寨、隘口等^除要地带,挖陷井、插竹签、"
minzhengzhi_zl,A,杀,z-157,"杂税。自民国14年6月至15年5月,在其势力范围内","掉罪大恶极的保长、土豪劣绅20余人,罚款20余人!开仓放粮,周济贫苦;辖区内400多户农民不纳租交税,深得民心。同时,温还率教徒在山寨、隘口等^除要地带,挖陷井、插竹签、铁锥、安套子、垒石块,防敌袭击。@温全武领导的“红灯教“农民起义军,震动了反动派,丝溪团总、豪绅、恶霸联名急报"
minzhengzhi_zl,A,罪大恶极,z-157,"。自民国14年6月至15年5月,在其势力范围内杀掉","的保长、土豪劣绅20余人,罚款20余人!开仓放粮,周济贫苦;辖区内400多户农民不纳租交税,深得民心。同时,温还率教徒在山寨、隘口等^除要地带,挖陷井、插竹签、铁锥、安套子、垒石块,防敌袭击。@温全武领导的“红灯教“农民起义军,震动了反动派,丝溪团总、豪绅、恶霸联名急报县知事钟俊"
minzhengzhi_zl,A,保长,z-157,"4年6月至15年5月,在其势力范围内杀掉罪大恶极的","、土豪劣绅20余人,罚款20余人!开仓放粮,周济贫苦;辖区内400多户农民不纳租交税,深得民心。同时,温还率教徒在山寨、隘口等^除要地带,挖陷井、插竹签、铁锥、安套子、垒石块,防敌袭击。@温全武领导的“红灯教“农民起义军,震动了反动派,丝溪团总、豪绅、恶霸联名急报县知事钟俊,钟急"
minzhengzhi_zl,A,土豪,z-157,"月至15年5月,在其势力范围内杀掉罪大恶极的保长、","劣绅20余人,罚款20余人!开仓放粮,周济贫苦;辖区内400多户农民不纳租交税,深得民心。同时,温还率教徒在山寨、隘口等^除要地带,挖陷井、插竹签、铁锥、安套子、垒石块,防敌袭击。@温全武领导的“红灯教“农民起义军,震动了反动派,丝溪团总、豪绅、恶霸联名急报县知事钟俊,钟急电田颂"
minzhengzhi_zl,A,团总,z-157,"全武领导的“红灯教“农民起义军,震动了反动派,丝溪","、豪绅、恶霸联名急报县知事钟俊,钟急电田颂尧派兵“清列“,田忙于内战无兵可派。民国15年(1926年)夏,钟亲自出马,团练局长罗秋源带本局兵丁,并纠集龙山、运山、高坡等地反动「武装,从石灶梯子岩进攻。温率众挥刀,口念,“杀不进、杀不进“语,向敌猛冲,敌落陷井、入大套、中竹签者不计"
minzhengzhi_zl,A,恶霸,z-157,"红灯教“农民起义军,震动了反动派,丝溪团总、豪绅、","联名急报县知事钟俊,钟急电田颂尧派兵“清列“,田忙于内战无兵可派。民国15年(1926年)夏,钟亲自出马,团练局长罗秋源带本局兵丁,并纠集龙山、运山、高坡等地反动「武装,从石灶梯子岩进攻。温率众挥刀,口念,“杀不进、杀不进“语,向敌猛冲,敌落陷井、入大套、中竹签者不计其数。坐镇石"
minzhengzhi_zl,A,国民党,z-157,"难。舒氏解蹇助贫在城乡民众中广为流传,当时驻川北的","29军军长田颁尧闻讯,即在闻中特剑长9市尺、宽5市尺的黑底金字木质厩二憨,分别题词《人声义问、“乐善好施“,用红绫子制作大花三朵缠绕匾颜的上端和两头,派一个连的部队,以「“国民革命军屯殖军司令田颂尧“的名义,专程送到三川寺二舒家中;本地群众亦制木141"
minzhengzhi_zl,A,国民党,z-158,"《亲信“,借1937年8月陈参与营救八卦洲农民友对","南京市政府没收自垦河滩地而下狱事,以“异党挠乱后方“论罪,将陈逸捕监禁,经戴季陶等保释后回川。陈维新在漫长生涯中,结识了宋庆龄、冯玉祥、李济琛等知名进步人士,并受其影响,加之自身遭遇的休验,他关心人民疾苦,痛恨恶势力。1936年夏,他得知修筑川晖公路的一万苍溪民工完成任务后仍不放"
minzhengzhi_zl,A,地主,z-158,"赈济,后得到宋庆龄等惠寄捐款。是年,他还将东溪场大","、西充县长杨廷椿及其侄儿、国民党陆军师长杨达的恶迹写成打油诗,《大洋何所有?啶是水云天。龙鲸俱渥后,虾蟹敢当前。“用木牌高悬东溪场,得到乡人好评。1952年土改时,维新被安置在县文化馆工作,并被、聘为省文史员。1954年去世,享年79岁。第二节_烈士“传苍溪薹的革命烈士,绝大部分"
minzhengzhi_zl,A,土改,z-158,"当前。“用木牌高悬东溪场,得到乡人好评。1952年","时,维新被安置在县文化馆工作,并被、聘为省文史员。1954年去世,享年79岁。第二节_烈士“传苍溪薹的革命烈士,绝大部分特牲于第二次国内革命战争和抗日战争。因时隔数十年,又大都牺牲在远离家乡的战场,不易收集到他们的具体英勇事迹,仅以各方提供的片断情况,对少数灰士事迹作简略记述(按"
minzhengzhi_zl,A,地主,z-159,"轿顶村陈家沟一个贫农家庭。因家境贫寒,其父张北恒给","宋文安当长工,勉强度日。民国6年(1917年),人权8岁时,其父向宋求情,送人权到其所办的私塾读书。因人权学习动奔,得亲友喜爱和周济,先后升入苍溪县高等小学堂、南充县\初级中学、保宁(阆中共立高中师泊班读书。民国17年(1928年),他在师范班读书期间,与进步同学马步旭、进步教师"
minzhengzhi_zl,A,斗争,z-159,"立起地下党文部,组织农民武装,发动群众开展抗租抗捐","。同时,他联系三川地区在外读书的同学和在乡的部分青年,成立进步组织“新民促进会?,楷倡男女平等,主张妇女不缠脚、不穿耳,反对信神信鬼。民国19年(1930年)农历正月,张人权、何芗等在新观荀英寨召开农民代表联系会议,被当地囡保发觉告密而遭通缉。党组织及时将他转移到南充中心县委,负"
minzhengzhi_zl,A,反对,z-159,"民促进会?,楷倡男女平等,主张妇女不缠脚、不穿耳,","信神信鬼。民国19年(1930年)农历正月,张人权、何芗等在新观荀英寨召开农民代表联系会议,被当地囡保发觉告密而遭通缉。党组织及时将他转移到南充中心县委,负责学生和工人运动。因工作出色,后被派任南充中心县委少共书记。民国21年(1932年),在南部县升钟寺举行的农民暴动“升保起义"
minzhengzhi_zl,A,会议,z-159,"历正月,张人权、何芗等在新观荀英寨召开农民代表联系",",被当地囡保发觉告密而遭通缉。党组织及时将他转移到南充中心县委,负责学生和工人运动。因工作出色,后被派任南充中心县委少共书记。民国21年(1932年),在南部县升钟寺举行的农民暴动“升保起义“,失败后的次年春天,张人权接受细织派遣,到升保地区恢复了地下党组织,建立起地下党团升保特"
minzhengzhi_zl,A,土豪,z-159,"。他带领游击小分队,发动和依联群众,砷仓分粮,打击","劣绅。是年秋天,为了配合破仓分粮斗争,他与升保地区游击队李指导员一道,到枣碧庙一带侦察地形,故当地团防发觉,不幸袖捕。他受尽酷刑,宁死不屈。第二天,敌人把他押到升钟寺场上,施以马刀剖背的酷刑。临刑时,。张人权念慨激昴,高呼,《打倒帝国主义、《打剖蒋介石、《中国共产党万岁1》就义时"
minzhengzhi_zl,A,处理,z-16,"","办法…6第三节“京办工作…877移民安置…87》屑民团收安置0n137-第十二章“人剧3第一节“爱国爱民志士事陶.139》陶泽爆…39座邋信040温全武…n40舒祖睑、舒祖模…》「陈维新02第二节。熟士传…2张大松e鲜家涉..003余锦义00那佐钧e韩梁林00006王长德40人6"
minzhengzhi_zl,A,民团,z-16,"办法…6第三节“京办工作…877移民安置…87》屑","收安置0n137-第十二章“人剧3第一节“爱国爱民志士事陶.139》陶泽爆…39座邋信040温全武…n40舒祖睑、舒祖模…》「陈维新02第二节。熟士传…2张大松e鲜家涉..003余锦义00那佐钧e韩梁林00006王长德40人67韧芹英..000eeeeeeeeeeeeeeceee"
minzhengzhi_zl,A,杀,z-160,"突围,到达了预定地点。娆家涧和15名战士英勇战斗,","伤敌人近100名。由于敌我力量过于悬殊,全班战士相继壮烈牺牲,姚家润'的双腹虽然负了重伤不能行走,仍坚持与敌人战斗。最后,当一群月伪军扑近时,他拉响手榴弹,与敌人同归于尽。姚家涓牺牲时,年仅20岁。余-绮“义余锦义(1916一1948年),苍溪县五里乡人,1916年生。他从小给地"
minzhengzhi_zl,A,地主,z-160,"948年),苍溪县五里乡人,1916年生。他从小给","放牛,孤尽`苦难。1933年参加中国工农红军,次年加入中围共产党。先后任班长、排长、连长、营长、团长筝职。`长征途中,生活极端艰苦,每人每天只有4两粮食,佘镁义每天卵要节约2两粮食给伤病员后;抗战初期,在娘子关战斗中,他身负重伤,不下火线,坚持完成作战任务,受上级通令嘉奖。194"
minzhengzhi_zl,A,斗争,z-160,"940年,错义奉令率一个营,深入淮北地区,坚持敌后","。一次日伪200余人企图在濠城设立据点,他趁敌人立足未稳,率领部队长途奔袭,一举攻入城内,状敌大部,歼敌狼狐逃窜。随后,又在该地道子村歼灭伪军一个营,粉硖了日寇蚕食扫荡我根据地的阴谋,受到上级表扬。解放战争中,他率领部队完成了胶河、诸城等.战役的作战任务1948年6月,解放华东益"
minzhengzhi_zl,A,歼灭,z-160,"城内,状敌大部,歼敌狼狐逃窜。随后,又在该地道子村","伪军一个营,粉硖了日寇蚕食扫荡我根据地的阴谋,受到上级表扬。解放战争中,他率领部队完成了胶河、诸城等.战役的作战任务1948年6月,解放华东益林镇时,他充分发挥军事民主,研究进攻或术,将坑道挖至敌阵地前法。战斗发起后,他头部负伤,但仍亲串突破口指挥战斗,打'垮了敌人13次反冲击,"
minzhengzhi_zl,A,击毙,z-161,"“中,邓仕钧沉着机畹地指挥部队冲出敌人的三层包围,","敌人20名。在磨河滩北河沟战斗中,他率领一个连占领制高点,掩护主“力转移,激战一日,击退日军7次冲锋。他-一人投掷手榴弹40多颖,手榴弹投完后,就投掷地雷,杀伤敌人70多名,粉碎了日军合击企图,保证了部队安全转移。或后,邓仕“钧荣获“响察菅边区子弟兵战斗英雄“称号和一级英雄奖章。"
minzhengzhi_zl,A,杀,z-161,"一人投掷手榴弹40多颖,手榴弹投完后,就投掷地雷,","伤敌人70多名,粉碎了日军合击企图,保证了部队安全转移。或后,邓仕“钧荣获“响察菅边区子弟兵战斗英雄“称号和一级英雄奖章。1950年,邓参加中国人民志愿军,任志愿军187师559团团长,打击美国侵略者。1951年5月28日,在完成洙川江南岸战斗任务中,他带伤参加战斗,英勇牺牲,时"
minzhengzhi_zl,A,不服,z-163,"",",再三申诉,据理力争;1961年林彪制造了所谓“谭政反党宗派集团“冤案,王长德受到了株连。《文化大革命“中,林彪、“四人帮?又再次给王长德强加了种种莫须有的罪名,进行批判斗争,并将她调离军事博物馆,到福州军区作离休安置。从此,王长德远离亲人,生活得不到应有的照顾,有病不能及时治疗"
minzhengzhi_zl,A,冤案,z-163,"力争;1961年林彪制造了所谓“谭政反党宗派集团“",",王长德受到了株连。《文化大革命“中,林彪、“四人帮?又再次给王长德强加了种种莫须有的罪名,进行批判斗争,并将她调离军事博物馆,到福州军区作离休安置。从此,王长德远离亲人,生活得不到应有的照顾,有病不能及时治疗,在身心上受到严重擂残。1971年10月13日上午,王长德听到林彪一伙"
minzhengzhi_zl,A,斗争,z-163,"帮?又再次给王长德强加了种种莫须有的罪名,进行批判",",并将她调离军事博物馆,到福州军区作离休安置。从此,王长德远离亲人,生活得不到应有的照顾,有病不能及时治疗,在身心上受到严重擂残。1971年10月13日上午,王长德听到林彪一伙仓停出逃,叛国投敌,被摔死在温都尔汗`时,发出了多年不曾有过的爽朗笑声。由于她极度兴奋,改使心脏病猝然发"
minzhengzhi_zl,A,死亡,z-163,"递“过一根木棍要拉她上岸。芹英只要~伸手,便可脱离","威胁,但她摆了摆头,再次潜入水中,用力把小春往岸边顶。这时,人们赶到了,小春得救了,而杨芹英却英勇献身。她牺性时,年仅11岁。共青团苍溪县委于同年8月25日,摒了她“少年英雄“、南充地区团委和省囡委先后授予她《史巳救人的优秀少先队员、“优秀少先队员“的称号;四川省人民政府批准她为"
minzhengzhi_zl,A,斗争,z-164,"部队、地下党工作人员、政府工作人员和人民群众在对敌","中特牲、失踪和保护或抢救人民的生命、国家和集体财产壮烈牺牲的苍溪籍烈士6170人(出版后,发现因失踪巳批准为烈士入英名录的!人尚在台湾,实为烈上6169人》。1982年后,又牺牲和新查证了一批在过去革命战争中牺牲的烈士,,正筹备编英名录续集。因烈士数量大,并编有英名录,放不在此列"
minzhengzhi_zl,X,训练,z-164,"收到在抗日战争、解放战争、抗美援朝战争中,以及战备","、国防施工,支援朝鲜人民重建家园中,作出了特殊贡献的445名苍浩县籍立功军人的立功喜报。各级政府接到喜报后,制作了《人民功臣》厦、慰问品,148"
minzhengzhi_zl,A,国民党,z-165,"功臣、老纤军赵德仁(金斗乡人);有字解放战争巾,由","军队投入到人民解放军后,调转枪口勇敢杀敌的特等功臣孟胜先(张王乡人);有在抗美援朝的上甘岭战役巾,带领一个战斗小组,坚守阵地三天三夜,打退敌人14次进攻,歼灭300名敌人的一等功臣、荣获朝鲜人民民主共和国摒于的《一级战士荣誉勋章“的罗光前(寨山乡人)等著名功臣。这些功臣中,有的巴"
minzhengzhi_zl,A,杀,z-165,"争巾,由国民党军队投入到人民解放军后,调转枪口勇敢","敌的特等功臣孟胜先(张王乡人);有在抗美援朝的上甘岭战役巾,带领一个战斗小组,坚守阵地三天三夜,打退敌人14次进攻,歼灭300名敌人的一等功臣、荣获朝鲜人民民主共和国摒于的《一级战士荣誉勋章“的罗光前(寨山乡人)等著名功臣。这些功臣中,有的巴为革命歇出丁、生命,有的仍在为《四化“"
minzhengzhi_zl,A,歼灭,z-165,"个战斗小组,坚守阵地三天三夜,打退敌人14次进攻,","300名敌人的一等功臣、荣获朝鲜人民民主共和国摒于的《一级战士荣誉勋章“的罗光前(寨山乡人)等著名功臣。这些功臣中,有的巴为革命歇出丁、生命,有的仍在为《四化“建设作贡献。现特列名(以收到寒报时间先后为序)于后。特“等“务臣袁振玉赵德仁孟胜先一“等“动臣杜士备“张自华“翟礼先“赵"
minzhengzhi_zl,A,大会,z-167,"952年8月,区乡评出优抚对象模范132人,县召开","期间,评出特等劳模3名〈红属l,军属2),甲等模范6名(红属3、烈属1、荣军1、复员军人1)乙等模范5名(红属2、复员军人3》。1953年6月,区乡评选优抚对象模范169人,县从中评出县的一等模范3人,二等模范15人,三等模泓20人。1954年12月,区乡评出优抚对象模范155人"
minzhengzhi_zl,A,会议,z-167,"的事迹。1977年,县召开407名优抚对象先进代表",",15名代表在大会介绍了先进事迹。1983年,县召开优抚对象代表会,选出退伍红军苗资富(高坡公社》、军属石大荣151"
minzhengzhi_zl,A,大会,z-168,"省和全国的烈军属、残废复员军人社会主义建设积极分子","。退伍红军何天星何天星在部队20多年,负伤24次,三次立特等功,1941年即任营长。1952年退伍冉到城郊乡东台村。回乡后,他不居功,不顾伤歼和年大(当时已50多岁,还关心人民疾苦,带领群众积极参加社会主义建设。他发现农民任淑贤没房住,李登治没被子,陶家法没床,就拿出自己的残庚金"
minzhengzhi_zl,A,国民党,z-17,"牲、伤歼红军的抚伶,为红军烈、军属代耕等工作外,在","统治期间,军阀割据,“优待“空有其名。直到抗日战争后,民国政府发布了抚伶和优待征属的条款,但因经费来源不可挂和执行中的弊端,苍溪县政府除给-部分征属发过优待粮,在县城建造了象征性的《战日阵亡将士纪念碑》及1943年春节通过募捐为每户征属送1厅'食盐“慰劳“外,多数“优待“规定不落"
minzhengzhi_zl,A,土匪,z-171,"大荒。1918年:3月15日招安军人过高坡,被疑为",",靖国军对其园剽,并奉令放火将高坡场及附近民房数十座烧毁。1923年:中秋前,连雨20日。中秋夜,溶江场纵横三里许,地忽陷下二丈余。是年由阅中传来的疫症,感之片刻不治,死者累累,人民称之为“麻脚瘟“。|1924年,夏季大早,是岁大饥,东河尤甚,人民吃树皮、葛面充饥,俄舜载道。19"
minzhengzhi_zl,A,国民党,z-171,"病万余人,死者关多。1935年:2月19日夜,河西","军乘红军参加陕南战役,偷渡入县城抢粮后,王\皇宫、鹤鸣书局、南门口、东门内及东门巷、东门外等6处起火。6月18日,嘉陵江及|东河洪水暴涨,农种物损失严重。是年旱灾,仅收三成。冬天,今白岩乡单庙村赵家湾\155|"
minzhengzhi_zl,A,死于,z-172,"割下一块肉在瓦缠内焙着吃了,因烂肌有毒,不久马赵氏","院坝内核桃树下。建国后群众在此树下竖一石碑,将事实刻于碑上。1940年:5农6月易,县参议会要求政府呈报上峰派员查勘救济。一区向县报灾称:成灾土地面积5350亩,灾民1.36万人。省拨购买种子赉款2.5万元。1941年,春早,大春作物未按时种下。城厢镇报灾称欠收40史。1942年"
minzhengzhi_zl,A,死亡,z-172,",江水暴渥,农作物多被洪水吞没,房屋席卷冲走,牲留","甚重。县报称:早灾、水灾、风灾一一胀过往年。「1948年:大早、大灾(灾情具体记述无考)。人民吃树皮草根渡荒。1949年:大早。夏秋150天无雨,约20万南田土受重灾,减收粮食3600多万厅。城厢镇各保统计,损失最轻者为70%。1950年,早灾。高山王米60乃枯萎,红若40%十死"
minzhengzhi_zl,A,杀害,z-173,"蝉蛳等虫灾,6月10日至11日,全县30万人出动捕","虫3800多厅。1953年,5月下旬,各地皆成早象,全县比上年少插秧20外,且部分巳干死6月28日起,连续4天5夜大一,7月13日骤雨,全县普遍受灾,其中水稻、玉米3.6万背面积成灾,小部分冲走,大部分冲倒,垮塘311口、垮堰981条,倒塌、冲走房屋435间、v冲走耕牛3头、猪1"
minzhengzhi_zl,A,死亡,z-174,"‖|因水肿病至1961年5月,即","180多人。\1961年,先旱后涝。8月中旬前,旱灾;8月17日至18日连降暴雨,五龙、三川、城郊、元坝4个区受灾大队118个,冲毁农作物6513亩,冲垮桥梁10座、水库7座、堰\塘354口、电站一座,毁坏房屋1307间,冲走木船82支,冲走11人,元坝、漓江、石门等12个公社4"
minzhengzhi_zl,A,打死,z-174,"座,昂倒经济林木4万多株,毁房322问,淹死、垮岩","4人;8月31日晚至次日上午,全县道6一8级大风,有的地方间有冰雹、暴雨,45个公社受灾,水稻受灾54582亩,损夫稽谷500余万斤;9月16至19日连降大暴雨,4天总雨量232.3毫米,田菜等12个公社受灾。1964年:3月17日,元坝中心完小教室垮媚,132名师生压于楼下,死"
minzhengzhi_zl,A,死亡,z-175,"队分吃病死牛庞,96人进食全部中毒,76人住“陛,","2人;7月下旬至8月下甸,62个公社遮旱灾,中、晓稷、玉米等作物26万多亩减产;8月19月,东溪、歧坪12个公社道雹灾,准产粮食213万多斤。1976年:4月21日至22日上午,全县遮7一8级大风袭击,小眷作物损失较严重,吹断树木9290根,吹垮房屋291间,压死2人。1977年"
minzhengzhi_zl,A,破坏,z-176,"斤;滑坡危害农田面积28万亩,塘、库、堰遭不同程度","1796处,冲毁防洪堤16道计14.3公里,冲毁桥梁140处,经济林木损失面积13426卤;垮塌房屋8.13万闰,2800多户人无家可归30个公社公路交通中断!工交、财贸、社队企业280个停工停产,702所学校、53个医疗单位被损坏;洪水造成死亡25人|伤744人。直接经济损失总"
minzhengzhi_zl,A,死亡,z-176,"停产,702所学校、53个医疗单位被损坏;洪水造成","25人|伤744人。直接经济损失总金额7550万元,是全省4个重灾县之一。9月,皆坪、龙IL、五龙等区47个公社发生勾端螺旋体暴发流行,病2171人,死亡28人。1982年:5月11日至13日,全县道大风袭击,32万亩小麦、5.8万亩早玉米、2.9万个茴苗床、1.1万亮秧苗受损失"
minzhengzhi_zl,A,死亡,z-177,"2.5万户人吃水困难,100多头耕牛因喝脓水和中暑",",2285只猪死亡!8月30日、81日,天观、新观、溱江、唤马.雌河及白岩、白山、彭店、石马遮大风、冰霆袭击,是上述地区解放以来第一次特大霏灾,.据地、县联合调查,受灾41604人,成灾水稻27683亨,加杂粮共约减产1239万厅,灾民人平损失387厅,经济作物搅失折款45万元,"
minzhengzhi_zl,A,国民党,z-18,"机构,分别不同情况逃行妙善安置,对资遣回县的65名","旧官兵,本曾给生活出路的精神,实行救济与安置相结合的办法,作到化消极因素为积极因素;对175名逃伍红军,实行一切从优的政策,对他们的工作、生活采取一包到底的办法;对50年代先后回乡的3000多名复员军人,各级政府热情欢迎,并根据当时的需要和可能,′将其中近一半人安置到党政、企业工"
minzhengzhi_zl,A,斗争,z-19,"之时,迅速动员和组织各方、面的力量,咖灾害迹行顽强",",特别是在同早灾、水灵、虫灾作斗争中,取得显著成|效,仅18个年度捕杀农作物害虫一项,即挠回粮食产量2.2亿多斤,降何了灾害损失y\灾情发生后,各级政府和领导深入现场调查灾惜,组织生产自救,认真安排好国家拔发“的大批救灾钱、粮以侥复生产,解诀灾民生活。1956年至1985年间,国"
minzhengzhi_zl,A,杀,z-19,"水灵、虫灾作斗争中,取得显著成|效,仅18个年度捕","农作物害虫一项,即挠回粮食产量2.2亿多斤,降何了灾害损失y\灾情发生后,各级政府和领导深入现场调查灾惜,组织生产自救,认真安排好国家拔发“的大批救灾钱、粮以侥复生产,解诀灾民生活。1956年至1985年间,国家拔绘苍溪县直接用于解决灾民的吃饭、住房、治病方面的教灾欲,即达600"
minzhengzhi_zl,A,国民党,z-19,"五是对麻风病人、精神病人、精准老职工、《四殓人员、","起义\投试、宽释人员中的图难户,实行特殊教济,使他们的基本生活和疾病治疗有保证,1985年,,县、区、乡开始建立民政福利企业,为《四残“人员创造了同健全人一样有了劳动就业的机会,对医治他们的心灵创伤和减线家庭、社会负担起了积极作用;六是对流浪乞讨人员,实行收宰安置,安定丁社会,连"
minzhengzhi_zl,A,杀,z-21,"陶泽煅(苍源县城兴贤街人)奉四川军政府令,亲搞、亲","了四川总督赵尔丰。民国元年(1912年》5月23日暴一。嘉陵江涨洪水7丈余(约24.14米),沿江田土、房屋被冲毁十之六七,人畜淹死无数。,9月县成立贫民教养工厂(后改为民生职业工厂,民国23年停办》,收无业贫寒子弟,教以技艺,自食其力。所产线毯等行销川北。,民国2年(1913年"
minzhengzhi_zl,A,杀害,z-21,")和阆中县衡门。因义军中有人叛变,23日庄逸侠被敌","于阅中。25日,与庄递侠同时参加讨袁义举的罗全文(苍溪县城晓古街人)就义于苍)语县监狱。次日,县中同情革命人士举行盛大追悼会。是年大水,享子口洪枯差为23.86米,洪峰流量23000立方米/秒。'民国7年(1918年)3月15日“招安军人过高坡,被疑为土匪,靖国军进行围剽并奉令将"
minzhengzhi_zl,A,监狱,z-21,"讨袁义举的罗全文(苍溪县城晓古街人)就义于苍)语县","。次日,县中同情革命人士举行盛大追悼会。是年大水,享子口洪枯差为23.86米,洪峰流量23000立方米/秒。'民国7年(1918年)3月15日“招安军人过高坡,被疑为土匪,靖国军进行围剽并奉令将高坡场及附近房屋烧毁。民国9年(1820年,5月县知事吴鸿宾以《御匠“为名,提卖全县积"
minzhengzhi_zl,A,土匪,z-21,"年(1918年)3月15日“招安军人过高坡,被疑为",",靖国军进行围剽并奉令将高坡场及附近房屋烧毁。民国9年(1820年,5月县知事吴鸿宾以《御匠“为名,提卖全县积谷购买枪弹,使主要用于赈济的公仓积谷无存。民国12年(1928年)是年秋“霖雨连句。中秋夜,漓江场纵模三里许,地忽下降二丈余,山崖新裂疯高差二丈余。5"
minzhengzhi_zl,A,国民党,z-22,"1933年5月30日中共地下党城罗区委书记王文焕被","杀害。6月15日“中国工农红军第四方面军进入苍溪县境。7月,成立苍溪县苏维埃。9月8日,召开第一次工农兵代表大会。解放区先后建立区、乡、村苏维埃政权。.民国23年(1934年43月“红军和县苏维埃政府,为反敌人“围列?撒离苍涉县境,9月第二次解放苍误,并扩大了包括县城在内的嘉陵江"
minzhengzhi_zl,A,杀害,z-22,"3年5月30日中共地下党城罗区委书记王文焕被国民党","。6月15日“中国工农红军第四方面军进入苍溪县境。7月,成立苍溪县苏维埃。9月8日,召开第一次工农兵代表大会。解放区先后建立区、乡、村苏维埃政权。.民国23年(1934年43月“红军和县苏维埃政府,为反敌人“围列?撒离苍涉县境,9月第二次解放苍误,并扩大了包括县城在内的嘉陵江以东"
minzhengzhi_zl,A,大会,z-22,",成立苍溪县苏维埃。9月8日,召开第一次工农兵代表","。解放区先后建立区、乡、村苏维埃政权。.民国23年(1934年43月“红军和县苏维埃政府,为反敌人“围列?撒离苍涉县境,9月第二次解放苍误,并扩大了包括县城在内的嘉陵江以东解放区,恢复和新建了区、乡、村苏维埃政权是年30观的土地因旱未能下种。永宁铺附近十余里因瘟疫流行田土荒芜。小"
minzhengzhi_zl,A,国民党,z-23,"|5月“","的别动队及地主还乡团陆续返苍,大肆《清乡》剜杀苏维埃干部及红\军家属,推广《新生活》运动,训练乡、保、甲长,建立5个区,下设36个联保办事处,辖保、甲。7月改组县政府,设三科两处一室一部。一科管民政、农事。10月县成立禁烟(鸭片)委员会,附设珑烟所,各区设分所。是月“苍溪民工!万"
minzhengzhi_zl,A,地主,z-23,"|5月“国民党的别动队及","还乡团陆续返苍,大肆《清乡》剜杀苏维埃干部及红\军家属,推广《新生活》运动,训练乡、保、甲长,建立5个区,下设36个联保办事处,辖保、甲。7月改组县政府,设三科两处一室一部。一科管民政、农事。10月县成立禁烟(鸭片)委员会,附设珑烟所,各区设分所。是月“苍溪民工!万人,自带口粹、"
minzhengzhi_zl,A,杀,z-23,"国民党的别动队及地主还乡团陆续返苍,大肆《清乡》剜","苏维埃干部及红\军家属,推广《新生活》运动,训练乡、保、甲长,建立5个区,下设36个联保办事处,辖保、甲。7月改组县政府,设三科两处一室一部。一科管民政、农事。10月县成立禁烟(鸭片)委员会,附设珑烟所,各区设分所。是月“苍溪民工!万人,自带口粹、工具,参加修筑川陕公路神宣驿一段"
minzhengzhi_zl,A,甲长,z-23,"干部及红\军家属,推广《新生活》运动,训练乡、保、",",建立5个区,下设36个联保办事处,辖保、甲。7月改组县政府,设三科两处一室一部。一科管民政、农事。10月县成立禁烟(鸭片)委员会,附设珑烟所,各区设分所。是月“苍溪民工!万人,自带口粹、工具,参加修筑川陕公路神宣驿一段,翌玖夏完工,死伤民工甚多。,民国25年〈1986年》…是年"
minzhengzhi_zl,A,联保,z-23,"活》运动,训练乡、保、甲长,建立5个区,下设36个","办事处,辖保、甲。7月改组县政府,设三科两处一室一部。一科管民政、农事。10月县成立禁烟(鸭片)委员会,附设珑烟所,各区设分所。是月“苍溪民工!万人,自带口粹、工具,参加修筑川陕公路神宣驿一段,翌玖夏完工,死伤民工甚多。,民国25年〈1986年》…是年真、夏早180天,未插秘,溪"
minzhengzhi_zl,X,训练,z-23,"》剜杀苏维埃干部及红\军家属,推广《新生活》运动,","乡、保、甲长,建立5个区,下设36个联保办事处,辖保、甲。7月改组县政府,设三科两处一室一部。一科管民政、农事。10月县成立禁烟(鸭片)委员会,附设珑烟所,各区设分所。是月“苍溪民工!万人,自带口粹、工具,参加修筑川陕公路神宣驿一段,翌玖夏完工,死伤民工甚多。,民国25年〈198"
minzhengzhi_zl,A,大会,z-24,")`8月15日县城华行庆祝中国人民坚持八年抗战胜利","和游行。9月1日大水。水漫县城西街(今嘉陵路上段),一些百姓到县府请愿,求彭祥龚(县长)“拜水《消天怒“退《洪位,彭于西门设香案,酒肉,朝天三限九挡后,将博士帝及鞋抛入江水,但江洪煦涨如故。11月,省府拨水灾急赈款100万元。民国85年(1946年》3月19日“县城新街李梦林家起"
minzhengzhi_zl,A,国民党,z-24,"35年(1947年)5月成立<苍溪县在乡军官分会,","军官58名参加该会。6月25日大雨数日不止,山洪能发,江水暴涨,省水灾煜济会先后汇来小本责款法币3000万元。11月实行所谛《民选“,县内党派势力、土豪劣绅争夺权利,人事纠绛加剧。为缓和矛盾,全县增划为20个乡(镇)、288个保、3153个申。民国38年(1949年)。3月成立“"
minzhengzhi_zl,A,土豪,z-24,"000万元。11月实行所谛《民选“,县内党派势力、","劣绅争夺权利,人事纠绛加剧。为缓和矛盾,全县增划为20个乡(镇)、288个保、3153个申。民国38年(1949年)。3月成立“苏滕县救济院,收孤儿16人。_是年春、夏150天未下透雨,约20万亩农作物受重灾,准产粮食3000万斤。12月31日“人民解放军解放苍源县。|1950年"
minzhengzhi_zl,A,废除旧乡保,z-24,"3.4万斤给农民渡荒。8月县人民政府发布《关于彻底","政权,建立乡村人民政府的指示》。9月苍溪县复员委员会成立,并接收人民解放军第一批复员军人。8"
minzhengzhi_zl,X,543,z-24,"小麦道黑穗病、水稽遍蜓虫危害面积40万亩,损失产量",".79万厂。民国35年(1947年)5月成立<苍溪县在乡军官分会,国民党军官58名参加该会。6月25日大雨数日不止,山洪能发,江水暴涨,省水灾煜济会先后汇来小本责款法币3000万元。11月实行所谛《民选“,县内党派势力、土豪劣绅争夺权利,人事纠绛加剧。为缓和矛盾,全县增划为20个"
minzhengzhi_zl,A,大会,z-25,"6日成立苍源县禁烟委员会,并在县城召开禁烟菲毒运动",",烨毁鸭片,,处治烧毒犯,说服炜食鸭片者限期珑绝。1952年7月20日,县委召开扩大会;制订肃清烟毒行动方案,抽调35名干部到重点区、乡和各级政府配合,肃清残存的种、贩、开设烟馆等烟毒犯。县成立临时人民法庭,处治首恒分子。经过这次运动,苍溪县有近8年时间无炜、贩、种鸦片烟的活动。"
minzhengzhi_zl,A,临时人民法庭,z-25,"府配合,肃清残存的种、贩、开设烟馆等烟毒犯。县成立",",处治首恒分子。经过这次运动,苍溪县有近8年时间无炜、贩、种鸦片烟的活动。1959年3月10日至4月19日,县上集中力量对文昌、龙山区部分边远地区未肃清的个别暗藏烟毒犯重操旧业,给予了严厉打击,全县烟毒根,除。`*12月25日县城举行抗美援朝、保家卫国的群众示威游行。会后,群众纷"
minzhengzhi_zl,A,乡长,z-25,"1年1月上级批准;全县建立58个乡人民政府,选出新",";增设第八区(元坝人民政府(实际建立为1950年底)。是月“对纬劳力烈、军属的土地,由乡、村组织代耕队代耕。2月苍浩与闻巾、南江等县调整吊角边地。′是月5日县人民政府召开复员军人座谈会,了解情况,征求意见,到会141人。是月“开始按国家颂布的《草命军人牺牲、病故威他暂行条例》规定"
minzhengzhi_zl,A,会议,z-25,"1258人。5月8日县民政科第一次召开区民政助理员",",总结民政工作,交流民政工作经验。7月5日县成立评歼委员会,对回乡持建国前后各种歼庞证和证明的残庚军人,按新的歼废标准评定等级,共64人,升等级1人,降等级12人,搞发了残底证。以后,.按国家规定,分别于1962年对二等以上残庞,1964年对三等残庞,1972年、1981年对所有"
minzhengzhi_zl,A,土地改革,z-26,"1I1月“全县全面开始","(是年1月巳在歧坪试点),组织5个分团,58个工作队分赵各区、乡,冗翌年4月结束。全县划定地主3292户,地主兼工商业750户,工商业兼地主22户,半地主式窖农778户,富农1813户,地主占总农户6史。共没收、征收士地448735.5背(5背约1亩),收违法款108亿元(旧人民"
minzhengzhi_zl,A,地主,z-26,"58个工作队分赵各区、乡,冗翌年4月结束。全县划定","3292户,地主兼工商业750户,工商业兼地主22户,半地主式窖农778户,富农1813户,地主占总农户6史。共没收、征收士地448735.5背(5背约1亩),收违法款108亿元(旧人民币);没收粮食8502石、耕牛3746.5头、大农具16980件、家具226925件、房屋46"
minzhengzhi_zl,A,地主兼,z-26,"各区、乡,冗翌年4月结束。全县划定地主3292户,","工商业750户,工商业兼地主22户,半地主式窖农778户,富农1813户,地主占总农户6史。共没收、征收士地448735.5背(5背约1亩),收违法款108亿元(旧人民币);没收粮食8502石、耕牛3746.5头、大农具16980件、家具226925件、房屋46883间,分给了无"
minzhengzhi_zl,A,富农,z-26,"50户,工商业兼地主22户,半地主式窖农778户,","1813户,地主占总农户6史。共没收、征收士地448735.5背(5背约1亩),收违法款108亿元(旧人民币);没收粮食8502石、耕牛3746.5头、大农具16980件、家具226925件、房屋46883间,分给了无房无地、缺房缺地的农民。填发了土地房屋所有证。「是年对全县优抚"
minzhengzhi_zl,A,民主建政,z-26,"头逐户慰问全县烈军属,赠送光荣匾及礼品。3月第二次",",全县刘为85个乡,1街,533个村!6月,原属昭化县的鸵说、亭子、白桥、新农4个乡,划归苍溪县,全县为89个乡、1街、547个村。4月“卫生行政工作由民政科分出,劳动工作并入。.6月_县人民政府发出通报,纠正为烈、军属代耕制度不完善的偏差。是月岳东等区水稻发生严重螨虫危害,县委"
minzhengzhi_zl,A,大会,z-26,"偏差。是月岳东等区水稻发生严重螨虫危害,县委召开扩",",全县动员23万人捕杀害虫。7月15日为宣传贯彻《婚姻法》,县委、县政府召开县属机关、区、乡、村干部和群众约1.5万人大会,对虐杀、虐待、吊打妇女、杀婴等违法案件公开宣判。8月召开全县烈、军属,荣军模范及拥优模范大会,到会模范304人。是月25日“川北行署贯彻婚姻法宣传检查组来县"
minzhengzhi_zl,A,杀害,z-26,"生严重螨虫危害,县委召开扩大会,全县动员23万人捕","虫。7月15日为宣传贯彻《婚姻法》,县委、县政府召开县属机关、区、乡、村干部和群众约1.5万人大会,对虐杀、虐待、吊打妇女、杀婴等违法案件公开宣判。8月召开全县烈、军属,荣军模范及拥优模范大会,到会模范304人。是月25日“川北行署贯彻婚姻法宣传检查组来县,推动了全县宣传、执行婚"
minzhengzhi_zl,A,杀,z-26,"属机关、区、乡、村干部和群众约1.5万人大会,对虐","、虐待、吊打妇女、杀婴等违法案件公开宣判。8月召开全县烈、军属,荣军模范及拥优模范大会,到会模范304人。是月25日“川北行署贯彻婚姻法宣传检查组来县,推动了全县宣传、执行婚姻法工作,12月民政科编发《苍溪县民主建政宣传提纲》,宣传民主建政的重要性、必要|性,提出建政要求和开好乡"
minzhengzhi_zl,A,宣判,z-26,"人大会,对虐杀、虐待、吊打妇女、杀婴等违法案件公开","。8月召开全县烈、军属,荣军模范及拥优模范大会,到会模范304人。是月25日“川北行署贯彻婚姻法宣传检查组来县,推动了全县宣传、执行婚姻法工作,12月民政科编发《苍溪县民主建政宣传提纲》,宣传民主建政的重要性、必要|性,提出建政要求和开好乡人民代表会议的措施。、1953年.1月“"
minzhengzhi_zl,A,会议,z-26,"政的重要性、必要|性,提出建政要求和开好乡人民代表","的措施。、1953年.1月“二总龙井乡、六区新建乡并入他乡!3月,决定区和村不成为--级政权,区政府改区公所;元坝、东溪场成立镇人民政府;4月1日,城关街政府改为城关镇人民政府,全县为87个乡,3个镇,594个村。是月22日县召开全县烈军属模范代表大会,到会代表169人。2月19"
minzhengzhi_zl,A,破坏,z-26,"月5日“民政科剧科长韩介,因隐瞒历史、毒打妻致死和","他人婚姻,田罪潜逃,后投井自杀。10"
minzhengzhi_zl,A,大会,z-27,"县、乡(镇)两级普选和召开县、乡(镐)两级人民代表",",至1954年7月6日结柬。12月志愿军战士罗光前(寨山乡人1952年在上甘岭战役中坚守阵地三天三夜,歼灭敌300多人,朝鲜民主主义人民共和国授予他一级战士荣誉勋章。界1954年3月14日四川省革命老根据地建设委员会向省人民政府报告,认定苍溪等7县为吊革命考根据地。4月17日五龙"
minzhengzhi_zl,A,歼灭,z-27,"寨山乡人1952年在上甘岭战役中坚守阵地三天三夜,","敌300多人,朝鲜民主主义人民共和国授予他一级战士荣誉勋章。界1954年3月14日四川省革命老根据地建设委员会向省人民政府报告,认定苍溪等7县为吊革命考根据地。4月17日五龙场居民杨开秀手拿油灯捉臭虫,蚊希莲火引起火灾,烧毁民房20间,区公所、税务所、金融组公房被烯30间,损失1"
minzhengzhi_zl,A,杀,z-27,",改为优待工分。s5月25日“白庙乡五保户周xx自",",6月3日南充专署对此事通报全专区各县,指示进一步做好五保户的供养工作。6月15日“成立九龙山游民改造农场,省属县代管。1957年6月7日,改由县直接f管理,游民收容审批权属南充专署。至1960年共接收安罪游民646人,采取边收容边改造边分散回籍安署,至1962年10月在场只41"
minzhengzhi_zl,A,大会,z-28,"开全县烈军属、复员退伍军人社会主义建设积极分子代表","。1957年12月“退伍回乡的老红军何天星(城郊乡人)出席四川省群英会,《南充报》2月7日以《领导群众创造奇迹的人》为标题,报道了他的事迹。「3月_开始对全县在“二战?时期、抗日战争和解放战争中牺牲、失陵、病故的革`命军人、革命工作人员未进行抚饯的进行清理、追饯,至妻年完成。共落"
minzhengzhi_zl,A,村民,z-28,"使乡的职权。同时,改行政村为生产大队(管理区),改","小组为生产f队。是月“镇水人民公社群力管理区试办第一所数老院。12月,参加县四级扩干会的干部到该院观摩,之后十几天内全县办起175所敬老院,收养五保老人、拓儿2154人。民政'拨款2.3万元补助建院。1959年1月,总结仓促办院的教训,决定每个公社只办一所敬老院。因受“左“的影响"
minzhengzhi_zl,A,大会,z-29,"乡(镇)人民代表选举和召开县、乡(镇)两级人民代表","工作开始,翌年2月14日结柱。12月龙享山皮肤病防治院第三病区因病员取暖失火,烧毁草房12间和简易病床等。是月16日新建芦涉、庙垭公社,全县为62个公社。是年早、水、风灾交暧袭击,是苍溪县连续遮受自然灾害踩躏的第三年,加之《左“的干扰,政策失误,导致全县27954户灾民吃穿发生严"
minzhengzhi_zl,A,法院,z-3,"委,纪委、党史办、共青团、妇联和县人大、政协、人民","、公安局、财政局、粮食局、农业局、林业局、水电局、劳动人事局、卫生局、县文化馆、气象站及陵江镇等单位的有关资料,共约120万字。1985年3月开始编繁,8月完成初稿,送给曾在苍溪县民政部门工作过的《考民政“审阅,而后修改增补。1986年6月,县民政局组织局内全体职工以七天时间进行"
minzhengzhi_zl,A,公安,z-3,"委、党史办、共青团、妇联和县人大、政协、人民法院、","局、财政局、粮食局、农业局、林业局、水电局、劳动人事局、卫生局、县文化馆、气象站及陵江镇等单位的有关资料,共约120万字。1985年3月开始编繁,8月完成初稿,送给曾在苍溪县民政部门工作过的《考民政“审阅,而后修改增补。1986年6月,县民政局组织局内全体职工以七天时间进行逐章逐"
minzhengzhi_zl,A,大会,z-30,"改称社员代表)选举和召开县、公社(镇)两级人民代表","工作开始,至7月15月结束。1964年1月县召开老红军、烈军属、荣复、退伍军人、民兵模范代表大会。8月29日是日至11月上旬70天内仅4天无雨,全县多处滑坡,仅土鲤公社一处滑坡即垮陷田土200多亮,塔阻三会寿河沟,自成可蕾水80万方的水库;火箭大队一队因滑坡造成无田无地,只好撒销"
minzhengzhi_zl,A,会议,z-30,"、社员代表41人在东光三队库房参加全乡小春预分重点",",因吸点引起室内堆放的火药燕烧爆炸,伤亡8人(当场烧死小孩2人,抢救无效死亡8人》。中共南充地委副书记李仕德、专署民政科副科长邹胜魁及县民政科人员到现场处理事故,并给予了教济。1967年是年由于4文化大革命“的十扰破坏,县民政科领导班子瘙痔。1968年2月9日“复退军人的安置工作"
minzhengzhi_zl,A,死亡,z-30,"火药燕烧爆炸,伤亡8人(当场烧死小孩2人,抢救无效","8人》。中共南充地委副书记李仕德、专署民政科副科长邹胜魁及县民政科人员到现场处理事故,并给予了教济。1967年是年由于4文化大革命“的十扰破坏,县民政科领导班子瘙痔。1968年2月9日“复退军人的安置工作从民政科分出,由县人武部办理业务。4月26日“全县遭一天一夜9级大风袭击,小"
minzhengzhi_zl,A,处理,z-30,"李仕德、专署民政科副科长邹胜魁及县民政科人员到现场","事故,并给予了教济。1967年是年由于4文化大革命“的十扰破坏,县民政科领导班子瘙痔。1968年2月9日“复退军人的安置工作从民政科分出,由县人武部办理业务。4月26日“全县遭一天一夜9级大风袭击,小春况产20%。9月18日至19日,又14"
minzhengzhi_zl,A,破坏,z-30,"给予了教济。1967年是年由于4文化大革命“的十扰",",县民政科领导班子瘙痔。1968年2月9日“复退军人的安置工作从民政科分出,由县人武部办理业务。4月26日“全县遭一天一夜9级大风袭击,小春况产20%。9月18日至19日,又14"
minzhengzhi_zl,A,大会,z-31,"松负责民政工作。是月24日“公社(镇)既未召开选民","选举第七届(拳顺序列为第七届)人民代表,更无法召开乡(镇)人民代表大会选举县人民代表。仅由南充地革委代表来县宣布*县革委的成立和组成人员,公社(镇)革命委员会也先后照此法办理,人民的选举权被剥夺。-36月28日“中土公社退伍红军文元中,被《文化大革命“中的“造反派“迫害致死。19"
minzhengzhi_zl,A,法办,z-31,"委的成立和组成人员,公社(镇)革命委员会也先后照此","理,人民的选举权被剥夺。-36月28日“中土公社退伍红军文元中,被《文化大革命“中的“造反派“迫害致死。1970年“,1月27日回乡探亲的解放军班长韩柏林,在回水观音滩抢救落水群众牺性。9月6日_县革委办事组的《民政组“与生产指挥组的《文卫组“合并为生产指捧组的《民卫组“,一名军"
minzhengzhi_zl,A,大会,z-32,"召开烈军属、老红军、荣誉、复员、转业、退伍军人代表",",到会代表444名。大会评出10个“红旗单位“和10个先进单位,407名先进个人受奖15人在大会上发了言。'8月“在东溪区开展农村扶贫试点,后在全县普遍开展扶贫工作。是年先后遭早、冰霍、大风、水灾。1至5月(尤其2月)雨量偏少,干冬水田2万多亨,247个生产队人畜缺吃水;5月29"
minzhengzhi_zl,A,会议,z-32,"民政组织先进单位的代表、县人武部代表参加的民政工作",",贯彻党的十一届三中全会和五届人大及省第十次民政工作会议精神。1979年1月全县各级政府、各行各业千展“双拥活动月“,批判林彪和“凶人帮“攻击民政工作方针政策的谒论,调整和解决军政军民关系中存在的问题。3月6日“从是日起至3月底,对全县优抚对象进行普查登记。先在伏公公社试点,尔后"
minzhengzhi_zl,A,错案,z-33,"",",三是实事求是解决优抚对象的困难。4月11日“当日晚至12日上午9时,全县普遍遗10一11级暴风袭击,风势之烈在我县历史上罕见,并出现“四月雪“,深丘地区气温下降到3左右,山区气温降至0U以下,仅小春一项损失3500万斤,并对大春生产造成致命危害,经济作物损失巨大。6月11日,4"
minzhengzhi_zl,A,处理,z-34,"情况,至1983年《月结柱。对查出的问题按政策作了",",并建全了财务制度。「11月“苍溪县人民政府发布《关于推行火萱、改革土萱的布告》。是年,为适应工作需要,民政局下设二组(优抚安置、民政救济》、一室(办公室),1984年改设三股(人秘、优抚安置、民政救济)、一室(信访接待)。1988年1月县召开优抚对象代表座谈会,纪念开展《双拥“"
minzhengzhi_zl,A,死亡,z-34,"月27日至29日全县连降暴雨,雨量200毫米以上,","6人,冲毁淹没农作物9万多亨,造成各种经济损失1300万元。民政救济18万多元。是年“对《五保户?进行普查。五保户供给标准,由过去不低于一般社员生活水平,改为实行《四个六,即每人银年600斤粮、600斤煤(无煤的以木柴解决)、6斤食油、60元人民币(棉衣裤、蚊帐另行发给。1984"
minzhengzhi_zl,A,乡长,z-34,"定乡、村有关规章制度和责任制。8月,县人民政府召开","会议,推广试行云18"
minzhengzhi_zl,A,会议,z-34,"、村有关规章制度和责任制。8月,县人民政府召开乡长",",推广试行云18"
minzhengzhi_zl,A,会议,z-35,"县区、乡民政干部以8天时间,贯彻全国第八次民政工作","及四川省扶贫扶优仪陇经验交流会精神,同时组织学习新时期的民政业务。9月南充地佣分配给苍溪县农村贫固户解决衣、效的赊销款1326万元,无息。县按1981年至1983年人平收入在120元以下的户,每人以30元折算,赊销给纯棉布、棉花和成衣的办法,及时分配到贫困户手中。是年按省、地有关"
minzhengzhi_zl,X,训练,z-35,"25万元给予扶持。【6月27日民政局开办婚姻登记员","班,给考试合格者颁发了《婚姻登记员证书》,规定领证者方有权进行婚姻登记。7月1日起,领结婚证时,同时发给贴本人头像.的《夫妻关系证明书》,作证明夫妻身分用,如巳婚者要求办此证,可凭结婚证补发。是月“对烈士、因公牺牲、病故军人家属中无劳、缺劳、无固定收入生活低于当地群众水平的,自当"
minzhengzhi_zl,A,甲长,z-36,"埃有关委员及下属有关部门分别办理;区、乡(镇)由保","或有关委员办理。专职民政机构建立后,县级民政机构称谓先后为“第一科、《民政科、〈《民政组“、“民政局“等;基层民政组织,在抗日战争期间,乡(镇)曾建立过民政股,以后,仅设民政干事;新中国的区、乡(镇)、村,在不同时期,还设立过管理民政的委员会(小组)。建国后的专职民政机构和民政组"
minzhengzhi_zl,A,保长,z-40,"设专任干事、户籍助理干事及事务员。各保民政工作,由","负责。抗日战争结束后,此机构消失,乡设民政干事一名。区、乡(镇)民政干部。建国后,区政府(后来改为区公所)一直设有专职民政助,理员。50年代至70年代中期,乡(社、镇)政府,设兼职民政干部;村(大队)分工一名干部公理民政。1979年后,公社一级设专职民政助理员一名。区、乡(镇)、"
minzhengzhi_zl,A,村民,z-40,"年后,公社一级设专职民政助理员一名。区、乡(镇)、","政委员会(小组)。为加强民政工作的领导和决策,建国后,|纺、乡(社、镇)、村都建立过领导民政工作的委员会或小组。1980年以后,县统一规定,在全县区、乡(社、镇)建立民政委员会,村(大队)建立民政小组。区、乡民政委员会由7至9人组成,由分管民政工作的区委副书记或副区长、乡(镇)党"
minzhengzhi_zl,A,死亡,z-40,"就业322人,送南部县老残院87人,逃跑112人,","66人,犯罪判刑15人,送劳动教养3人。这时,场内实有场员41人,县委决定对其分散安置后,24"
minzhengzhi_zl,A,判刑,z-40,"南部县老残院87人,逃跑112人,死亡66人,犯罪","15人,送劳动教养3人。这时,场内实有场员41人,县委决定对其分散安置后,24"
minzhengzhi_zl,A,公安,z-41,"是办理行政区划、选举事务、整顿保甲、人事任免、水陆","、防空、兵役、军政训练、禁烟菲毒、医药卫生、优待抚恤、赚灾教济、宗教礼俗、社团登记、慈善感化、工役、地政、仓借积谷、寺庙财产管理监督、名胜古迹古物调枢、保管乡镇道产、婚丧管理、民政事务及起草、掌理县政府文件、书信等。25"
minzhengzhi_zl,X,训练,z-41,"务、整顿保甲、人事任免、水陆公安、防空、兵役、军政","、禁烟菲毒、医药卫生、优待抚恤、赚灾教济、宗教礼俗、社团登记、慈善感化、工役、地政、仓借积谷、寺庙财产管理监督、名胜古迹古物调枢、保管乡镇道产、婚丧管理、民政事务及起草、掌理县政府文件、书信等。25"
minzhengzhi_zl,A,民主建政,z-42,"苏维埕委员办理。建_国后「1950年,县民政科主管","、行政区划、边界纠纷、地政、机关行政人员任免、卫生行政、优抚、复员安置、社会救济、生产教灾、固难补劲、农村户口、民工动员、社囡登记、婚姻登记、移民安置、游民改造、宗教、侨务、民事调解等!1952年,人事任免、卫生行政分出,劳动工作并入;1953年,增加选举工作;1956年,户政、"
minzhengzhi_zl,A,大会,z-42,"务1980年底至1981年初,承担县社两级人民代表","代表直接选举的具体事务(此后,选举工作由县人大常委会主办),1982年,把基层政权建设列为民政部门的主要任务之一。至此,民政的主要职能为基尿政权建设、优待抚饵、退伍安置、救灾、社会教济、社会福利、收容造送、婚姻登记、殡营改革,同时协助政府做好行政区刘、地各管理以及党和政府交办的其"
minzhengzhi_zl,A,会议,z-43,"务不熠的矛盾,一是参加上级民政部门组织的短期培训、","学习,一是通过边工作边学习的办法,提高政治素质、业务素质和培养好的工作作风。民政科(局)机关干部的自学,长期实行每星期半天业务学习的制度。在各种民政政策法规发生变化时,集中时间学习,并以多种方式进行考试。分工主办各项民政事务的干部,主要通过自学掌提自己分担的业务知识。对区、乡民政"
minzhengzhi_zl,A,反对,z-43,"心全意为人民服务的标准去衡量每个人的职业道德!坚决","和严肃处理利用手师的为人民所用的《教急金“、“救命钱“谋私利,徇私情》;抓民政业务素质的提高(要求熠悉民政业务政策理论,通晓有关的法令、法规;了解与业务有关的政治、军事、经济、文化等方面的知识学会做群众性的社会工作,善于与有关部门配合协作的本领);抓民政工作作风建设(要求民政干部"
minzhengzhi_zl,A,处理,z-43,"民服务的标准去衡量每个人的职业道德!坚决反对和严肃","利用手师的为人民所用的《教急金“、“救命钱“谋私利,徇私情》;抓民政业务素质的提高(要求熠悉民政业务政策理论,通晓有关的法令、法规;了解与业务有关的政治、军事、经济、文化等方面的知识学会做群众性的社会工作,善于与有关部门配合协作的本领);抓民政工作作风建设(要求民政干部心里时刻都"
minzhengzhi_zl,A,镇压,z-48,"年(1644年),即明朝末年(岫祯十七年),明廷为","《反抗,设甲32"
minzhengzhi_zl,A,甲长,z-49,"||长、总甲(十家置",",百家置总申)。八年(1651年),苍溪属清朝统治后,仍袭旧制,但因明未人口大确,清初只编桂花一乡。清康熙《苍溪县志.建置沿革》载:“明编户六里,我朝定鼎兵荒之后,土满人梓,编户一里…...“。十七年(1660年),全县\设东、南、西、北四乡,下设保甲。十家为牌,十牌为甲,十甲为"
minzhengzhi_zl,A,团总,z-49,"。同时,各场设团练分局,进一步将保甲、团练、分局、","联成一气,以互相牵制。,宣统二年(1910年),办理城乡自治区划,全县就自然地理形势划为城区、王渡镇、元坝镇、龙山乡、东溪乡,三川乡、五龙乡、东岳乡。总称《八区。团_保区“划辛亥革命,中华民国成立(1912年),苍溪仍沿清末《八区>《见附图2一1),s以团练保甲联合,隶属川北道团"
minzhengzhi_zl,A,联保,z-54,"剑阚县太平乡考观区苏维埃老“观“场辖9个乡苏维埃|","、乡(镇)保区划民国24年(1935年夏,蒋介石的中央势力入川,取消军阀防区制。县以下设区分保,划全县为五个区,即一区(治地城厢),二区(治地歧坪),三区(治地龙山),四区〈治地东溪),五区〈治地三川)。全县共设36个联保办事处,203保。民国25年(1936年)夏,5个区并为3"
minzhengzhi_zl,A,杀,z-55,"区政府设三川场;五区,夺;害艺禺上乡一】【言寥蜇夕","(封迂莫菖羞每穸『霁，宫=1菖/\俱1趸贲乞】j归瑟它王)、歧坪全乡及元中全乡、阅中县老观乡芦浸沟飞地与石晤乡第九保(宋江为界),区政府设歧坪场!六区,辖龙王全乡、三II|乡′′音|匾分(以斑竹林的谢家店下面沟直上为界)、漓土乡一部分(第八保)、三川乡另一部分(花冠子)、阆中县特"
minzhengzhi_zl,A,废除旧乡保,z-56,"。6月,川北区党委指示,年底前结合喜(租)退(押)",",建立新、村。<1951年1月,增划第八区(元坝),并就全县自然地势,废旧乡,新划为58个乡、1街和524村(实际于1950年底巳划分完毕,此时上级才正式批准)。一区辖城关街及城郊、镇水、槐树、回水、云峰、王渡、五里、六包8乡、1街、73村;区政府先设城隍庙,后迁刘家巷。二区辖东"
minzhengzhi_zl,A,旧乡,z-56,"1年1月,增划第八区(元坝),并就全县自然地势,废",",新划为58个乡、1街和524村(实际于1950年底巳划分完毕,此时上级才正式批准)。一区辖城关街及城郊、镇水、槐树、回水、云峰、王渡、五里、六包8乡、1街、73村;区政府先设城隍庙,后迁刘家巷。二区辖东青、马桑、蠕龙、禅林、八庙、七树6乡、36村;区政府设东岳庙。三区辖:五龙、"
minzhengzhi_zl,A,土地改革,z-56,"有人口399577人,76311户。1952年眼,","后进行第二次民主建政,按照“一个乡的人口,一般四至六千人,平坝地区不得多于一万人口,范围不超过六十华里“的精神,全县增划为10个区,85个乡,I街,533个村;6月,接收吹化县划给苍溪县的鸭溪、亭子、新农、白桥网乡后,全县划为89个乡、1街,547个村,4231个村(居)民组。各"
minzhengzhi_zl,A,民主建政,z-56,",76311户。1952年眼,土地改革后进行第二次",",按照“一个乡的人口,一般四至六千人,平坝地区不得多于一万人口,范围不超过六十华里“的精神,全县增划为10个区,85个乡,I街,533个村;6月,接收吹化县划给苍溪县的鸭溪、亭子、新农、白桥网乡后,全县划为89个乡、1街,547个村,4231个村(居)民组。各区所辖乡是,一区辖城"
minzhengzhi_zl,A,地主,z-56,"改为区公所。县人民政府决定,“村不是一级政权,以当","要地名命名,同时,对地域辽阙,人口过多的村适当划小,全县增划为594个村。东溪场、元坝场成立镇人民政府,分别属于六、40"
minzhengzhi_zl,A,会议,z-57,"一次全面大调整。13月23日县人民委员会第三次全体","正式决议:将原有10个区、87乡、3镇,调整为9个区、59个乡、1个镐、346个村。此次调整中,撒销了岳东区,该区的文林、土鲤二乡-划归歧坪区,石灶乡划归东溪区。撒销了望水、和平、六包、飞凤、新农、蟠龙、数楼、解放、兰池、两河、中和、小新、五峰、月山、太云、大石、喻家、回龙、蚕丝"
minzhengzhi_zl,A,村民,z-58,"4年,取消公社建制,成立68个乡、1个镇,714个","委员会,3个居民委员会,4673个村民小组。8月,城郊乡的三清、龙澈、光明3个村划入陵江镇。1985年7月,省人民政府批准建立元坝、歧坪、东溪3个镇人民政府(1986年建成)。是年,伟县为9区、1镇、68乡(见附图2一4)、720村、3个居民委员会、4683个村民小组、19个居民"
minzhengzhi_zl,A,斗争,z-6,"故的爱国爱民志士,记共事略对在中国共产党领导的革命","中物牲的烈士,因巳编英名录专辑,本志只对有史料可考的着名烈士立传,为有资料记载的立功革命军人录名,并简介优抚对象、拥军优属工作中的先进人物。五、表示时间、长度、面积、容积等数字用法,按国家语委等七个部门1986年12月31日联合发出的《关于出版物上数字用法的试行规定》执行!历史上"
minzhengzhi_zl,A,联保,z-65,"“晚清、民国的基尸政权,其组织形式,经历了团保制、","制、乡保制。其变化实质,在于强化对人民的统治。v团“保“制清嘉庆年间(1799一1820年),自莲教农民起义军部属阮正隆、张权潮、包正渊、高德均、冉天元等先后进入县境,历时五六年。清王朝严饭编查保甲,照式比户悬挂门牌,开载详细,寓团练于保甲之中,《坚壁清野,聚寨防守,以御农民起义"
minzhengzhi_zl,A,镇压,z-65,"事》、客总〈管场外之事),又复整顿县中囡练保甲,以","人民起义。光绪元年(1875年),县令毛隆恺重新整顿团练保甲,使保甲团练融为一体,<保甲联于无事之日,囡练用于有事之时“》。于县城设保甲总局。划清保址,就地成团,设保正、甲长,照络门牌。康、观、寺、院编造无遗。对流民,注明无业字样附于牌尾,以示区别;客店往来客旅,问明米历注簿;平"
minzhengzhi_zl,A,甲长,z-65,"》。于县城设保甲总局。划清保址,就地成团,设保正、",",照络门牌。康、观、寺、院编造无遗。对流民,注明无业字样附于牌尾,以示区别;客店往来客旅,问明米历注簿;平时保甲盘请严密,有事囡练会团免搞。此举曾获府完《嘉奖“,并将新订章程,转发所属州县。二十六年(1900年)钦伟广练民囡,整顿保甲,清查户口:此次清查,均以十家设总牌,牌上书某"
minzhengzhi_zl,A,团总,z-65,"立一囡长。全县划为东、南、西、北、中五路,每路立一",",均昕城团总局号令。每个场设团练分局,与县城团绊保甲总局联成一气。城乡各保,均将本地少壮《良民“造册,以练丁操练。农事起,仍作本业,一逼有警,团保首人,督促所练各丁前往。清宣统2年(1910年),县奉令办理城乡自治,全县设八个区,每区段设自治总董一人,各保保正属区总董管辖。城内团"
minzhengzhi_zl,A,匪,z-65,"家劣绅之手,他们借囡练大筹款,发倩财,各霸一方,通","分脏,明囡啃匠,派49"
minzhengzhi_zl,A,地主,z-66,"溪,蒋介石“统一川政“,取消防区制,图民党别动队与","还乡团大肆“清乡“,推广《新生活运动,训练保甲人员。6月,各区设区署,置区长1人,管理全区事务,下设区员冰干,雇员若干。全县203保,设36个联保办事处,各设联保主任一人。始年,划全县为「36乡,各乡由县委派联保主任1人,等理全乡事务,下设队附!人,负责武装训练,干事若于人。联保"
minzhengzhi_zl,A,联保,z-66,"务,下设区员冰干,雇员若干。全县203保,设36个","办事处,各设联保主任一人。始年,划全县为「36乡,各乡由县委派联保主任1人,等理全乡事务,下设队附!人,负责武装训练,干事若于人。联保以下,设置保长、队附等。保以下设置甲长,直接管理民众。乡保“制民国29年(1940年),四川改行《新县制?《即地方自治),实行所谓管教养卫合一。《"
minzhengzhi_zl,A,联保主任,z-66,",雇员若干。全县203保,设36个联保办事处,各设","一人。始年,划全县为「36乡,各乡由县委派联保主任1人,等理全乡事务,下设队附!人,负责武装训练,干事若于人。联保以下,设置保长、队附等。保以下设置甲长,直接管理民众。乡保“制民国29年(1940年),四川改行《新县制?《即地方自治),实行所谓管教养卫合一。《管“即清查户口,监视"
minzhengzhi_zl,A,保长,z-66,"队附!人,负责武装训练,干事若于人。联保以下,设置","、队附等。保以下设置甲长,直接管理民众。乡保“制民国29年(1940年),四川改行《新县制?《即地方自治),实行所谓管教养卫合一。《管“即清查户口,监视居民言行;“教“即宣传国民党的党化教育;“养“即摊派各种苛捐杂税;“卫“即组织地方武装。撒销区署,改设区指导员,指导全区工作。播"
minzhengzhi_zl,A,甲长,z-66,"干事若于人。联保以下,设置保长、队附等。保以下设置",",直接管理民众。乡保“制民国29年(1940年),四川改行《新县制?《即地方自治),实行所谓管教养卫合一。《管“即清查户口,监视居民言行;“教“即宣传国民党的党化教育;“养“即摊派各种苛捐杂税;“卫“即组织地方武装。撒销区署,改设区指导员,指导全区工作。播销乡的联保办事处和联保主"
minzhengzhi_zl,A,国民党,z-66,"合一。《管“即清查户口,监视居民言行;“教“即宣传","的党化教育;“养“即摊派各种苛捐杂税;“卫“即组织地方武装。撒销区署,改设区指导员,指导全区工作。播销乡的联保办事处和联保主任,改设乡(镇)公所,设正副乡(镇)长,乡(镇)队附及分管民政、经济、文化、总务等机构及干事若干,乡丁三五十人,管理全乡保甲事务,并规定,“《乡、镇公所直属"
minzhengzhi_zl,A,乡丁,z-66,"队附及分管民政、经济、文化、总务等机构及干事若干,","三五十人,管理全乡保甲事务,并规定,“《乡、镇公所直属县政府,承县政府监督指挥,受该管区署之督导,办理本乡镇各项行政及自治事务,加强县政府的垂直领导。第二节苏维_埃政_权苍溪苏维埃政权,先后共存在约一年半时间,并经历了建立一一撒出一一垮复的过|程。因而,一些政策、制度在某些基层苏"
minzhengzhi_zl,A,杀,z-66,"“的政策,--批苏维埕干部和群众积极分子遮打击和错","等,侗政权建设受到影响。建立政权经过1933年7月,中共川陕省委批准建立了苍溪县苏维埃。9月,苍溪县第一次工农兵代表大会在文昌宫召开,平先后在文昌、龙山、石马、东溪、岳东、白庙、三川、新观.地建区苏维埕,在根据地普遍建立乡、村苏维埃政权。因国民党军队进犯苏区,1934年3月,在苍"
minzhengzhi_zl,A,大会,z-66,"准建立了苍溪县苏维埃。9月,苍溪县第一次工农兵代表","在文昌宫召开,平先后在文昌、龙山、石马、东溪、岳东、白庙、三川、新观.地建区苏维埕,在根据地普遍建立乡、村苏维埃政权。因国民党军队进犯苏区,1934年3月,在苍涉的红军和各级苏维埃机关撒离苍滓。1934年9月,红四方而军恢复苍溪革命根据地,随即除整顿原有区、乡、村苏维埃外,还在其"
minzhengzhi_zl,A,土地改革,z-66,"外,还在其扩展的根据地内建立各级苏维埃政权,并进行",",至1935年5月红军撒出苍溪县。50"
minzhengzhi_zl,X,训练,z-66,"别动队与地主还乡团大肆“清乡“,推广《新生活运动,","保甲人员。6月,各区设区署,置区长1人,管理全区事务,下设区员冰干,雇员若干。全县203保,设36个联保办事处,各设联保主任一人。始年,划全县为「36乡,各乡由县委派联保主任1人,等理全乡事务,下设队附!人,负责武装训练,干事若于人。联保以下,设置保长、队附等。保以下设置甲长,直"
minzhengzhi_zl,A,大会,z-67,"及人_员苏维埃的最高权力机关是苏维埃(工农兵)代表","。大会选出的执行委员分别担任苏维埃政府的主席、副主席和委员。各级苏维埃政权机构名称、职能,大体上下对口。如:.县苏维埃设主席、副主席。下属委员6人。土地委员:,专管土地改革,清丈田亩,调查人口,分配土地和等理公田。“粮食委员,负责收借粮食,转运粮食,支援军需,供应机关团体。财政委"
minzhengzhi_zl,A,土地改革,z-67,"维埃设主席、副主席。下属委员6人。土地委员:,专管",",清丈田亩,调查人口,分配土地和等理公田。“粮食委员,负责收借粮食,转运粮食,支援军需,供应机关团体。财政委员,负责经济的开源节流,保管支出,领导经济合作社。\劳工委员,负责军属的代耕和一切基本建设。文化委员:,管理文化、教育和处理来往公文等。内务委员,负责婚姻登记、宣传等。此外"
minzhengzhi_zl,A,处理,z-67,"的代耕和一切基本建设。文化委员:,管理文化、教育和","来往公文等。内务委员,负责婚姻登记、宣传等。此外,命设地方武装军区指挥部,指挥赤卫队。凡年龄在20以上至45岁以下的人都参加赤卫队,平时生产,维持治安;战时集中配合红军作战。县苏维埃设有保卫局、革命法庭等。区、乡苏维埃也设主席、副主席。下设劳工、土地、裁判、粮食、内务、宣传、经济"
minzhengzhi_zl,A,土豪,z-67,"和地方苏维埃的口号是,打倒军闽,打倒帝国王义,打倒","分田地。阶级路线:依靠贫雇农,团结中农,限制富农,保护工商业者,消灭地主阶级。凡*贫雄农穿着砾烂的,即发给衣服,田地分给好的对打击与伤害贫鹿农的分孔,都要给予严厉惩治;号召地主自首,献出土地、财物,服从管制,劳动生亦;富农要献出出租的土地,赔出款子或罚做榻衣对一切坚持反动的异己分"
minzhengzhi_zl,A,富农,z-67,"倒土豪分田地。阶级路线:依靠贫雇农,团结中农,限制",",保护工商业者,消灭地主阶级。凡*贫雄农穿着砾烂的,即发给衣服,田地分给好的对打击与伤害贫鹿农的分孔,都要给予严厉惩治;号召地主自首,献出土地、财物,服从管制,劳动生亦;富农要献出出租的土地,赔出款子或罚做榻衣对一切坚持反动的异己分子坚决消灭。土地改革:发动贫雄农,团结中农,打土"
minzhengzhi_zl,A,地主,z-67,"依靠贫雇农,团结中农,限制富农,保护工商业者,消灭","阶级。凡*贫雄农穿着砾烂的,即发给衣服,田地分给好的对打击与伤害贫鹿农的分孔,都要给予严厉惩治;号召地主自首,献出土地、财物,服从管制,劳动生亦;富农要献出出租的土地,赔出款子或罚做榻衣对一切坚持反动的异己分子坚决消灭。土地改革:发动贫雄农,团结中农,打土豪、分田地。执行机关是贫"
minzhengzhi_zl,A,管制,z-67,"要给予严厉惩治;号召地主自首,献出土地、财物,服从",",劳动生亦;富农要献出出租的土地,赔出款子或罚做榻衣对一切坚持反动的异己分子坚决消灭。土地改革:发动贫雄农,团结中农,打土豪、分田地。执行机关是贫农团,由乡村土地委员、十家代表吸收群众意见,没收地主全部土地,量产估田,插签记号进行分配,约每人5背(1亩》,中农、贫农一齐分配。各乡"
minzhengzhi_zl,A,土改,z-68,"禁烟禁毒;","后,注意发展农业生产,菲止版运和炜食鸦片点。各地设戒烟局,凡农民戒点,一切费用公家负担。解放妇女:各级妇女组织,组织妇女读书认字,唱歌演戏,宣传男女平等,号召如文积极参加家庭、婚姜、土改、参军及参政的活动,实行一夫一妻的自由婚姻。第三节乡(镇)人民政权人民基层政权的设置,以有利人"
minzhengzhi_zl,A,村民,z-68,"生活的管理为原则。但在实践中,经历了曲折的道路。乡","主建政1950年!月18日,成立苍溪县人民政府。2月1月,成立各区人民政府。区设正副区长、特派员(后改区委书记》、武装部长、一般干部若干人,分管组织、宣传、工、农、妇、青及民政、财粮、文教、建设、文书等工作。当时区的建政任务,一是对旧的乡保甲人员采取控制使用,逐步改造,为径底废除"
minzhengzhi_zl,A,匪,z-68,",为径底废除创造条件;二是以旧的乡为单位成立征植剽","委员会,由政府派任工作人员或农民积极分子任正副主任,使用旧乡保人员协助征粮工作,号召他们戴罪立功;三是在清匪肃特和征粮运动中,发现和培养积极分子,逐步建立乡农协会,代替旧的乡政权。农协会设正副主席,下设武装队长、文书等。7月,废旧保甲,逐步建立村政府,村设村长、农会主席、民兵自卫"
minzhengzhi_zl,A,旧乡保,z-68,",由政府派任工作人员或农民积极分子任正副主任,使用","人员协助征粮工作,号召他们戴罪立功;三是在清匪肃特和征粮运动中,发现和培养积极分子,逐步建立乡农协会,代替旧的乡政权。农协会设正副主席,下设武装队长、文书等。7月,废旧保甲,逐步建立村政府,村设村长、农会主席、民兵自卫队长、妇女代表、文,书等。据不完全统计,上半年清匠肃特巾,共殃"
minzhengzhi_zl,A,征粮,z-68,"作人员或农民积极分子任正副主任,使用旧乡保人员协助","工作,号召他们戴罪立功;三是在清匪肃特和征粮运动中,发现和培养积极分子,逐步建立乡农协会,代替旧的乡政权。农协会设正副主席,下设武装队长、文书等。7月,废旧保甲,逐步建立村政府,村设村长、农会主席、民兵自卫队长、妇女代表、文,书等。据不完全统计,上半年清匠肃特巾,共殃灭土匪22人"
minzhengzhi_zl,A,清匪,z-68,"用旧乡保人员协助征粮工作,号召他们戴罪立功;三是在","肃特和征粮运动中,发现和培养积极分子,逐步建立乡农协会,代替旧的乡政权。农协会设正副主席,下设武装队长、文书等。7月,废旧保甲,逐步建立村政府,村设村长、农会主席、民兵自卫队长、妇女代表、文,书等。据不完全统计,上半年清匠肃特巾,共殃灭土匪22人,瓦解土匪527人,士匪自新316"
minzhengzhi_zl,A,肃特,z-68,"乡保人员协助征粮工作,号召他们戴罪立功;三是在清匪","和征粮运动中,发现和培养积极分子,逐步建立乡农协会,代替旧的乡政权。农协会设正副主席,下设武装队长、文书等。7月,废旧保甲,逐步建立村政府,村设村长、农会主席、民兵自卫队长、妇女代表、文,书等。据不完全统计,上半年清匠肃特巾,共殃灭土匪22人,瓦解土匪527人,士匪自新316人,"
minzhengzhi_zl,A,旧保,z-68,"。农协会设正副主席,下设武装队长、文书等。7月,废","甲,逐步建立村政府,村设村长、农会主席、民兵自卫队长、妇女代表、文,书等。据不完全统计,上半年清匠肃特巾,共殃灭土匪22人,瓦解土匪527人,士匪自新316人,收缴枪支1000支。1950年夏秋间,苍溪县人民政府根据上级指示精神和本县情况发布了《关于彻底废除旧乡保政权,建立乡村人"
minzhengzhi_zl,A,土匪,z-68,"、文,书等。据不完全统计,上半年清匠肃特巾,共殃灭","22人,瓦解土匪527人,士匪自新316人,收缴枪支1000支。1950年夏秋间,苍溪县人民政府根据上级指示精神和本县情况发布了《关于彻底废除旧乡保政权,建立乡村人民政府的指示》,指出;4在减租运动前彻底废除旧乡保政权,_取消旧保甲制庭,暂以现行乡保区划建立人民民主的新政权现任乡"
minzhengzhi_zl,A,自新,z-68,"匠肃特巾,共殃灭土匪22人,瓦解土匪527人,士匪","316人,收缴枪支1000支。1950年夏秋间,苍溪县人民政府根据上级指示精神和本县情况发布了《关于彻底废除旧乡保政权,建立乡村人民政府的指示》,指出;4在减租运动前彻底废除旧乡保政权,_取消旧保甲制庭,暂以现行乡保区划建立人民民主的新政权现任乡保长,一律域县学习一到二个月,再按"
minzhengzhi_zl,A,废除旧乡保,z-68,"人民政府根据上级指示精神和本县情况发布了《关于彻底","政权,建立乡村人民政府的指示》,指出;4在减租运动前彻底废除旧乡保政权,_取消旧保甲制庭,暂以现行乡保区划建立人民民主的新政权现任乡保长,一律域县学习一到二个月,再按其立功情况分别先后处理;旧的乡保人员调县后,由乡农代会选举`正、副乡长,乡人民政府委员智不选举,由乡长提名经县人民"
minzhengzhi_zl,A,减租,z-68,"除旧乡保政权,建立乡村人民政府的指示》,指出;4在","运动前彻底废除旧乡保政权,_取消旧保甲制庭,暂以现行乡保区划建立人民民主的新政权现任乡保长,一律域县学习一到二个月,再按其立功情况分别先后处理;旧的乡保人员调县后,由乡农代会选举`正、副乡长,乡人民政府委员智不选举,由乡长提名经县人民政府批准充任(选出之正副乡长亦须报县人民政府批"
minzhengzhi_zl,A,乡保长,z-68,"保甲制庭,暂以现行乡保区划建立人民民主的新政权现任",",一律域县学习一到二个月,再按其立功情况分别先后处理;旧的乡保人员调县后,由乡农代会选举`正、副乡长,乡人民政府委员智不选举,由乡长提名经县人民政府批准充任(选出之正副乡长亦须报县人民政府批准任命)。乡长及委员产生后,即行建立乡人民政府及其委员会。乡人民政府委员会除正副乡长各兼一"
minzhengzhi_zl,A,处理,z-68,"长,一律域县学习一到二个月,再按其立功情况分别先后",";旧的乡保人员调县后,由乡农代会选举`正、副乡长,乡人民政府委员智不选举,由乡长提名经县人民政府批准充任(选出之正副乡长亦须报县人民政府批准任命)。乡长及委员产生后,即行建立乡人民政府及其委员会。乡人民政府委员会除正副乡长各兼一委员外,可设委员5至7人,分管民政、财政、生产、武装"
minzhengzhi_zl,A,农代会,z-68,"按其立功情况分别先后处理;旧的乡保人员调县后,由乡","选举`正、副乡长,乡人民政府委员智不选举,由乡长提名经县人民政府批准充任(选出之正副乡长亦须报县人民政府批准任命)。乡长及委员产生后,即行建立乡人民政府及其委员会。乡人民政府委员会除正副乡长各兼一委员外,可设委员5至7人,分管民政、财政、生产、武装、公安、文教等事宥。委员成分,贫"
minzhengzhi_zl,A,副乡长,z-68,"先后处理;旧的乡保人员调县后,由乡农代会选举`正、",",乡人民政府委员智不选举,由乡长提名经县人民政府批准充任(选出之正副乡长亦须报县人民政府批准任命)。乡长及委员产生后,即行建立乡人民政府及其委员会。乡人民政府委员会除正副乡长各兼一委员外,可设委员5至7人,分管民政、财政、生产、武装、公安、文教等事宥。委员成分,贫雄农必须占三分之"
minzhengzhi_zl,A,乡长,z-68,"农代会选举`正、副乡长,乡人民政府委员智不选举,由","提名经县人民政府批准充任(选出之正副乡长亦须报县人民政府批准任命)。乡长及委员产生后,即行建立乡人民政府及其委员会。乡人民政府委员会除正副乡长各兼一委员外,可设委员5至7人,分管民政、财政、生产、武装、公安、文教等事宥。委员成分,贫雄农必须占三分之二,易收三分之一的中农和贫苦知识"
minzhengzhi_zl,A,公安,z-68,"外,可设委员5至7人,分管民政、财政、生产、武装、","、文教等事宥。委员成分,贫雄农必须占三分之二,易收三分之一的中农和贫苦知识分孙参加(农会主席一般应选为委员),乡人民政府脱离生产的工作人员以5个为限(正、副乡长,农会主席,自卫队指导员,通信员),但现有区域较大,工作繁锁,可酌情多设脱离生产人员1一5人;乡以下,即以原来之保改设村"
minzhengzhi_zl,A,农民大会,z-68,"即以原来之保改设村,村必取代表制,村代表由农代会或","选举,按每甲选代表1人,村设代表主任!人,代表主任可半脱产负责处理全村日常事务村以下,即原来之甲,改为居(村)民小、组,每组选代表1人,不脱离生产“。52"
minzhengzhi_zl,X,旧保甲,z-68,"。农协会设正副主席,下设武装队长、文书等。7月,废",",逐步建立村政府,村设村长、农会主席、民兵自卫队长、妇女代表、文,书等。据不完全统计,上半年清匠肃特巾,共殃灭土匪22人,瓦解土匪527人,士匪自新316人,收缴枪支1000支。1950年夏秋间,苍溪县人民政府根据上级指示精神和本县情况发布了《关于彻底废除旧乡保政权,建立乡村人民"
minzhengzhi_zl,X,调县,z-68,"到二个月,再按其立功情况分别先后处理;旧的乡保人员","后,由乡农代会选举`正、副乡长,乡人民政府委员智不选举,由乡长提名经县人民政府批准充任(选出之正副乡长亦须报县人民政府批准任命)。乡长及委员产生后,即行建立乡人民政府及其委员会。乡人民政府委员会除正副乡长各兼一委员外,可设委员5至7人,分管民政、财政、生产、武装、公安、文教等事宥"
minzhengzhi_zl,A,不纯分子,z-69,"精神,于是年9月前,普遍整顿了乡村农协会,清洗内部",",废除旧的乡保甲制度调训其乡、保长训练改造。第一批谋426名,第二批117名,于1951年1月3日训完。域训后,按其罪恶轻重及改造好坏,采取分别处理的办法,对一批罪大恶极分子予以枪决和判刑,其余一大批放回家生产。结合清匪,反霸\减租、退押运动,迦培养了一批农民积极分子,被选入参加"
minzhengzhi_zl,A,保长,z-69,"会,清洗内部不纯分子,废除旧的乡保甲制度调训其乡、","训练改造。第一批谋426名,第二批117名,于1951年1月3日训完。域训后,按其罪恶轻重及改造好坏,采取分别处理的办法,对一批罪大恶极分子予以枪决和判刑,其余一大批放回家生产。结合清匪,反霸\减租、退押运动,迦培养了一批农民积极分子,被选入参加乡村政权工作。1950年12月底,"
minzhengzhi_zl,A,训练改造,z-69,"清洗内部不纯分子,废除旧的乡保甲制度调训其乡、保长","。第一批谋426名,第二批117名,于1951年1月3日训完。域训后,按其罪恶轻重及改造好坏,采取分别处理的办法,对一批罪大恶极分子予以枪决和判刑,其余一大批放回家生产。结合清匪,反霸\减租、退押运动,迦培养了一批农民积极分子,被选入参加乡村政权工作。1950年12月底,一、二、"
minzhengzhi_zl,A,分别处理,z-69,"1月3日训完。域训后,按其罪恶轻重及改造好坏,采取","的办法,对一批罪大恶极分子予以枪决和判刑,其余一大批放回家生产。结合清匪,反霸\减租、退押运动,迦培养了一批农民积极分子,被选入参加乡村政权工作。1950年12月底,一、二、三、六区乡村干部配齐,四、五、七、八区划分的新乡,其干部于1951年2月配齐。在清匪、反霸、净租、退押运动"
minzhengzhi_zl,A,罪大恶极,z-69,"按其罪恶轻重及改造好坏,采取分别处理的办法,对一批","分子予以枪决和判刑,其余一大批放回家生产。结合清匪,反霸\减租、退押运动,迦培养了一批农民积极分子,被选入参加乡村政权工作。1950年12月底,一、二、三、六区乡村干部配齐,四、五、七、八区划分的新乡,其干部于1951年2月配齐。在清匪、反霸、净租、退押运动中,减租果实,粮为59"
minzhengzhi_zl,A,枪决,z-69,"造好坏,采取分别处理的办法,对一批罪大恶极分子予以","和判刑,其余一大批放回家生产。结合清匪,反霸\减租、退押运动,迦培养了一批农民积极分子,被选入参加乡村政权工作。1950年12月底,一、二、三、六区乡村干部配齐,四、五、七、八区划分的新乡,其干部于1951年2月配齐。在清匪、反霸、净租、退押运动中,减租果实,粮为594.35万斤"
minzhengzhi_zl,A,判刑,z-69,",采取分别处理的办法,对一批罪大恶极分子予以枪决和",",其余一大批放回家生产。结合清匪,反霸\减租、退押运动,迦培养了一批农民积极分子,被选入参加乡村政权工作。1950年12月底,一、二、三、六区乡村干部配齐,四、五、七、八区划分的新乡,其干部于1951年2月配齐。在清匪、反霸、净租、退押运动中,减租果实,粮为594.35万斤退押果"
minzhengzhi_zl,A,清匪,z-69,"恶极分子予以枪决和判刑,其余一大批放回家生产。结合",",反霸\减租、退押运动,迦培养了一批农民积极分子,被选入参加乡村政权工作。1950年12月底,一、二、三、六区乡村干部配齐,四、五、七、八区划分的新乡,其干部于1951年2月配齐。在清匪、反霸、净租、退押运动中,减租果实,粮为594.35万斤退押果实,粮为“6477187斤及部分"
minzhengzhi_zl,A,反霸,z-69,"子予以枪决和判刑,其余一大批放回家生产。结合清匪,","\减租、退押运动,迦培养了一批农民积极分子,被选入参加乡村政权工作。1950年12月底,一、二、三、六区乡村干部配齐,四、五、七、八区划分的新乡,其干部于1951年2月配齐。在清匪、反霸、净租、退押运动中,减租果实,粮为594.35万斤退押果实,粮为“6477187斤及部分黄金、"
minzhengzhi_zl,A,减租,z-69,"枪决和判刑,其余一大批放回家生产。结合清匪,反霸\","、退押运动,迦培养了一批农民积极分子,被选入参加乡村政权工作。1950年12月底,一、二、三、六区乡村干部配齐,四、五、七、八区划分的新乡,其干部于1951年2月配齐。在清匪、反霸、净租、退押运动中,减租果实,粮为594.35万斤退押果实,粮为“6477187斤及部分黄金、白银反"
minzhengzhi_zl,A,退押,z-69,"判刑,其余一大批放回家生产。结合清匪,反霸\减租、","运动,迦培养了一批农民积极分子,被选入参加乡村政权工作。1950年12月底,一、二、三、六区乡村干部配齐,四、五、七、八区划分的新乡,其干部于1951年2月配齐。在清匪、反霸、净租、退押运动中,减租果实,粮为594.35万斤退押果实,粮为“6477187斤及部分黄金、白银反霸果实"
minzhengzhi_zl,A,土改,z-69,"的第一次建政。在乡(镇》、村政权建立后,因尚未进行",",地《主阶级还存在,乡村政权中仍混有兵痧、二流子和地主的狗腹子,地主及乡保长仍能从中左右人民政权。鉴于此,1951年3月开始,县分三批举办了乡村于部轮训班,共轮训1258人。通过教育培养和审查清洗,初步纯洁了组织,为土地改革奠定了组织基础。1951年11月至1952年4月,全县进"
minzhengzhi_zl,A,地主,z-69,",地《主阶级还存在,乡村政权中仍混有兵痧、二流子和","的狗腹子,地主及乡保长仍能从中左右人民政权。鉴于此,1951年3月开始,县分三批举办了乡村于部轮训班,共轮训1258人。通过教育培养和审查清洗,初步纯洁了组织,为土地改革奠定了组织基础。1951年11月至1952年4月,全县进行土地改革。在这一翻天覆地的运动中,人民群众普遍发动起"
minzhengzhi_zl,A,乡保长,z-69,"乡村政权中仍混有兵痧、二流子和地主的狗腹子,地主及","仍能从中左右人民政权。鉴于此,1951年3月开始,县分三批举办了乡村于部轮训班,共轮训1258人。通过教育培养和审查清洗,初步纯洁了组织,为土地改革奠定了组织基础。1951年11月至1952年4月,全县进行土地改革。在这一翻天覆地的运动中,人民群众普遍发动起来,真正实现了人民当家"
minzhengzhi_zl,A,土地改革,z-69,"58人。通过教育培养和审查清洗,初步纯洁了组织,为","奠定了组织基础。1951年11月至1952年4月,全县进行土地改革。在这一翻天覆地的运动中,人民群众普遍发动起来,真正实现了人民当家作主。土改结束时,由工作囡领导进行第二次民主建政。此次建政,是在土地改革中已培养锻炼出大批农民骨干,积极分子的基础上,召开乡农民代表大会,选举产生乡"
minzhengzhi_zl,A,民主建政,z-69,"了人民当家作主。土改结束时,由工作囡领导进行第二次","。此次建政,是在土地改革中已培养锻炼出大批农民骨干,积极分子的基础上,召开乡农民代表大会,选举产生乡人民政府的组成人员。钗乡选举乡长1人、副乡长1至2人、自卫队长1人、财粮委员1人,聘请文书1人(以上均为脱产人员)及民政、文教、卫生、治安等委员,大的场镇与城关街设工商委员(以上均"
minzhengzhi_zl,A,大会,z-69,"炼出大批农民骨干,积极分子的基础上,召开乡农民代表",",选举产生乡人民政府的组成人员。钗乡选举乡长1人、副乡长1至2人、自卫队长1人、财粮委员1人,聘请文书1人(以上均为脱产人员)及民政、文教、卫生、治安等委员,大的场镇与城关街设工商委员(以上均为不脱产人员)。上述成员中,贫雄农占三分之二,中农占三分之一。正副乡长选出后,经区审查报"
minzhengzhi_zl,A,乡长,z-69,"民代表大会,选举产生乡人民政府的组成人员。钗乡选举","1人、副乡长1至2人、自卫队长1人、财粮委员1人,聘请文书1人(以上均为脱产人员)及民政、文教、卫生、治安等委员,大的场镇与城关街设工商委员(以上均为不脱产人员)。上述成员中,贫雄农占三分之二,中农占三分之一。正副乡长选出后,经区审查报县批准任命。第二次民主建政后,全县有乡(镇)"
minzhengzhi_zl,A,副乡长,z-69,",选举产生乡人民政府的组成人员。钗乡选举乡长1人、","1至2人、自卫队长1人、财粮委员1人,聘请文书1人(以上均为脱产人员)及民政、文教、卫生、治安等委员,大的场镇与城关街设工商委员(以上均为不脱产人员)。上述成员中,贫雄农占三分之二,中农占三分之一。正副乡长选出后,经区审查报县批准任命。第二次民主建政后,全县有乡(镇)的脱产干部8"
minzhengzhi_zl,A,复查,z-69,"强民主建政工作的指示》,指出此次建政,是在土改完成","的地区,按照《共同纲领》的规定,召开基尸各界人民代表会议,选举产生乡(镇)人民政府,同时还规定了人民政府的编制、民主制度和民政部门在建政中的任务。民政科根据此指示精神,编写了《苍溪县民主建政宣传提纲》,宣传基层政权建设的重要性和人民政权靠人民建设的思想,号召人民行动起来管理国家大"
minzhengzhi_zl,A,会议,z-69,"地区,按照《共同纲领》的规定,召开基尸各界人民代表",",选举产生乡(镇)人民政府,同时还规定了人民政府的编制、民主制度和民政部门在建政中的任务。民政科根据此指示精神,编写了《苍溪县民主建政宣传提纲》,宣传基层政权建设的重要性和人民政权靠人民建设的思想,号召人民行动起来管理国家大事,并举例说明前两次建政中,一些地方乡干部没选好,政府的"
minzhengzhi_zl,X,调训,z-69,"了乡村农协会,清洗内部不纯分子,废除旧的乡保甲制度","其乡、保长训练改造。第一批谋426名,第二批117名,于1951年1月3日训完。域训后,按其罪恶轻重及改造好坏,采取分别处理的办法,对一批罪大恶极分子予以枪决和判刑,其余一大批放回家生产。结合清匪,反霸\减租、退押运动,迦培养了一批农民积极分子,被选入参加乡村政权工作。1950年"
minzhengzhi_zl,X,训练,z-69,"清洗内部不纯分子,废除旧的乡保甲制度调训其乡、保长","改造。第一批谋426名,第二批117名,于1951年1月3日训完。域训后,按其罪恶轻重及改造好坏,采取分别处理的办法,对一批罪大恶极分子予以枪决和判刑,其余一大批放回家生产。结合清匪,反霸\减租、退押运动,迦培养了一批农民积极分子,被选入参加乡村政权工作。1950年12月底,一、"
minzhengzhi_zl,X,审查,z-69,"了乡村于部轮训班,共轮训1258人。通过教育培养和","清洗,初步纯洁了组织,为土地改革奠定了组织基础。1951年11月至1952年4月,全县进行土地改革。在这一翻天覆地的运动中,人民群众普遍发动起来,真正实现了人民当家作主。土改结束时,由工作囡领导进行第二次民主建政。此次建政,是在土地改革中已培养锻炼出大批农民骨干,积极分子的基础上"
minzhengzhi_zl,A,大会,z-70,"内,分两批以普选的办法产生乡人民代表,由乡人民代表","选出乡人民政府成员,充分发挥人民的民主权利,使政权机构中的成员更加建立在人民意愿的基础上。此次,全县共选出乡人民代表3381人。其中,原有乡村干部被选为代表的2414人,占原有堆层干部总数的95.1%,说明民主建政时的干部绝大多数是深受人民群众信赖的。通过这次选举,产生了90个乡"
minzhengzhi_zl,A,民主建政,z-70,"的2414人,占原有堆层干部总数的95.1%,说明","时的干部绝大多数是深受人民群众信赖的。通过这次选举,产生了90个乡〈镇)人民政府。每个乡(镇)选举产生正副乡(镇)长及委员9至11人,并设立了乡〈镇)生产、财粮、武装、治安、调解委员会(有的乡建立了教育委员会》。1954年以后,古设立管理生产合作社的组织。1955年9月16日,县"
minzhengzhi_zl,A,破坏,z-70,"越了历史阶段,加之高指标、浮夸风,对生产力造成严重","。1960年,贯彻中央指示,公社经济体制实行三级所有,队(大队为基蛎,允许社员经营少量自留地和副业。1962年,决定公社一舫以生产队(即小队为基本核算单位。经济体制调墓,对“吃大锅饭“、《--平二调?等偏差有不吟程度的纠正。对“反右倾运动“中被错批了的干部群众进行甄别平反,经济得"
minzhengzhi_zl,A,平反,z-70,"纠正。对“反右倾运动“中被错批了的干部群众进行甄别",",经济得到恢复和发展。1966年开始的“文化大革命9,林彪、江青反革命集团肆意践踏社会主义民主,否定社会主义法制,搞穷过液,其流毒波及到每个角落.1969年各公社先后成立《革命委员会,设主任!人,副主任一般3至5人,委员若干人。公社领导成员由对立的派性组织协商产生所谋《三结合?领"
minzhengzhi_zl,A,反革命,z-70,"和发展。1966年开始的“文化大革命9,林彪、江青","集团肆意践踏社会主义民主,否定社会主义法制,搞穷过液,其流毒波及到每个角落.1969年各公社先后成立《革命委员会,设主任!人,副主任一般3至5人,委员若干人。公社领导成员由对立的派性组织协商产生所谋《三结合?领导班孙,使基层政权的民主制度进一步遭到破坏。政“社“分“设1978年1"
minzhengzhi_zl,A,乡长,z-71,"产生","1人,副乡长2人(--舫是乡长抓全面经济建设,第一副乡长管种、养殖业。第二副乡长管计划生育、信贷、民政等),并设武装郡长、妇女主任、文书、民政、公安员、财粮员、计划生育指导员等(镇人民政府人员编制基本与乡同)。是年,县人大、县政府及民政局等部门在云峰乡试点,制订《党\政\企分工情"
minzhengzhi_zl,A,副乡长,z-71,"产生乡长1人,","2人(--舫是乡长抓全面经济建设,第一副乡长管种、养殖业。第二副乡长管计划生育、信贷、民政等),并设武装郡长、妇女主任、文书、民政、公安员、财粮员、计划生育指导员等(镇人民政府人员编制基本与乡同)。是年,县人大、县政府及民政局等部门在云峰乡试点,制订《党\政\企分工情况及岗位责任"
minzhengzhi_zl,A,公安,z-71,"贷、民政等),并设武装郡长、妇女主任、文书、民政、","员、财粮员、计划生育指导员等(镇人民政府人员编制基本与乡同)。是年,县人大、县政府及民政局等部门在云峰乡试点,制订《党\政\企分工情况及岗位责任制》、《乡人民政府工作条例》《乡经济委员会章程》等规章制度。其中规定乡人民政府的主要职权范围是:执行党的路线、方针、政策和国家的法律、法"
minzhengzhi_zl,A,大会,z-71,"障妇女同男子平等的政治权利;每年召开一次乡人民代表",",向大会作乡人民政府的工作报告;指导和帮助村民委员会开展工作。规定了乡人民政府的主要任务:管理本乡经济、教育、科学、文化、卫生、体育\城乡建设和财政、公安、民政、司法、计划生育等行政工作!制订札乡生产建设和发展经济计划,开展公共福利公共建设;监督经济单位和个体户执行国家政策法令,"
minzhengzhi_zl,A,村民,z-71,"代表大会,向大会作乡人民政府的工作报告;指导和帮助","委员会开展工作。规定了乡人民政府的主要任务:管理本乡经济、教育、科学、文化、卫生、体育\城乡建设和财政、公安、民政、司法、计划生育等行政工作!制订札乡生产建设和发展经济计划,开展公共福利公共建设;监督经济单位和个体户执行国家政策法令,坚持社会主义方向!履行经济合吟,完成税收、征购"
minzhengzhi_zl,A,反革命,z-71,"调解工作;宣传贺彻国家法律,协助公安、司法部门打击","和各种刑事罪犯;促迹精神文明建设,正确处理人民内部矛盾,实行综合治理,加强青少年教育;发展文化、教育、科学、卫生和公共事业,摘好计划生育:携好城乡建设,主要抓乡村规划和农田水利、农电建设、土地管理、环境保护、植树造林,公路桥梁、社员住宅建设』做好民政工作,搞好拥军优属、复退军人安"
minzhengzhi_zl,A,处理,z-71,"门打击反革命和各种刑事罪犯;促迹精神文明建设,正确","人民内部矛盾,实行综合治理,加强青少年教育;发展文化、教育、科学、卫生和公共事业,摘好计划生育:携好城乡建设,主要抓乡村规划和农田水利、农电建设、土地管理、环境保护、植树造林,公路桥梁、社员住宅建设』做好民政工作,搞好拥军优属、复退军人安置,关心群众疾苦,安排好五保户、囱难户的生"
minzhengzhi_zl,A,会议,z-71,"成征兵任务。1984年8月,县人民政府召开全县乡长","(以会代训),推广试行云峰乡试点经目验。之后,各乡在此基础上,按各自的具体情况,有的做了补充、修改,并付诸行动。1985年2月,县民政局对各乡建立健全和落实规章制度情况进行检查,大多数乡能按新的规章制度办事,人民囡结,社会风气逐渐好转,民主空气增浓,经济文化发展快,“人民高兴。第"
minzhengzhi_zl,A,土地改革,z-71,"四节群众自治组织民国时无此组织。1952年,苍溪县","结束后,作为基层政权的村人民政府和,城关街政府下属的街公所,分别改为村民委员会、居民委员会,成为群众性自治组织。但因当时基尿于部、群众民主意识不强,民主素质不高,乡村二部仍然习惯于行政命令的工作方式,加之1954年以后农业合作化兴起,直至以后的人民公社,村民委员会先后改变为农业合"
minzhengzhi_zl,A,村民,z-72,"","委员会组织。1982年12月4日,中华人民共和国第五屈全国人民代表大会第五次会议通过\的窕法规定,农村按居民居佐地设立基尿群众性自治组织村民委员会。1984年1月,苍溪臭在进行县、乡(镇)人民代表大会代表换屈选举,召开县、乡(镇)第九届人民代表大会,选举产生县、乡(镇)新领导班孙"
minzhengzhi_zl,A,大会,z-72,"82年12月4日,中华人民共和国第五屈全国人民代表","第五次会议通过\的窕法规定,农村按居民居佐地设立基尿群众性自治组织村民委员会。1984年1月,苍溪臭在进行县、乡(镇)人民代表大会代表换屈选举,召开县、乡(镇)第九届人民代表大会,选举产生县、乡(镇)新领导班孙的同时,全县建立了村民委员会746个,村民小组4785个。村民委员会、"
minzhengzhi_zl,A,会议,z-72,"月4日,中华人民共和国第五屈全国人民代表大会第五次","通过\的窕法规定,农村按居民居佐地设立基尿群众性自治组织村民委员会。1984年1月,苍溪臭在进行县、乡(镇)人民代表大会代表换屈选举,召开县、乡(镇)第九届人民代表大会,选举产生县、乡(镇)新领导班孙的同时,全县建立了村民委员会746个,村民小组4785个。村民委员会、村民小组负"
minzhengzhi_zl,A,公安,z-72,"、任务。1984年6月,县人大常委会、县人民政府及","、司法、民政等部门联合组织工作组,在云峰乡的几个村民委员会,通过宣传宪法,和干部、村民座谈,制定了《村民委员会工作简则》、《精神文明村条件》、《五好家庭条件》。简则规定,“村民委员会是自我管理、自我教育、自我服务的基层群众性组织,在乡人民政府指导下迹行工作。它的任务是,办理本村公"
minzhengzhi_zl,A,民团,z-72,"的社会袭序,做好“四防“工作,调解民间纠纷,增强人","结,创造“五好“家庭!协助办理拥军优属,扶贫、五保和教济,教灾制订和执行村规民约向上级反映人民意见、建议;摇好“五讲四美三热爱“活动,建设社会主义精神文明村。`试点中制订的五好家庭条件:“遵纪守法,政治怡想好!移风易俗,计划生育好s尊老爱幼,家座和腔好;邻里团结,环境卫生好』勒劳"
minzhengzhi_zl,A,村民,z-73,"全县","人均收入与1983年比,钱增加60元、粮增加100斤,其中有8个乡人平增加收入100元!村民制订了村规民约,普遂学习了《宪法》、《刑法》、《刑事诉讼法》、《婚姻法》、《治安管理条例》等,社会治安明显好转,刑事犯罪率下降;民事纠纷中矛盾上交现象准少,有的村民与村民之间存在的几十年的"
minzhengzhi_zl,A,法办,z-73,"的几十年的老矛盾得到解决,婚事、丧事大操大办和不依","事的问题大幅度下降,扶贫、“帮户助耕“、五保户供养、拥军优属工作进一步加强。由于村民委员会建立时间短,尚缺乏经验,有待进一步摸索。「居民委员会《组织。1950年,城关街政府下设东关、正南、正西、西关4个街公所。1953年将4个街公所改为4个居民委员会,1954年,合并为东关、正西"
minzhengzhi_zl,A,处理,z-73,"是年,各居委会成立调解小组,织织屈民学习法律知识,","民事纠纷,至1954年共处理劳资纠纷、婚姻家庭问题43件1955年,三个居委会共同将全镇复员军人、贫民中无业的329人组织起来开办厂、组,店,基本解决就业、生活问题;1956年,着里抓政治思想工作,各种民事纠纷下降。是年,各居委会成立治保委员会,抓获小做团伙4起;1960年,生活"
minzhengzhi_zl,A,抓获,z-73,",各种民事纠纷下降。是年,各居委会成立治保委员会,","小做团伙4起;1960年,生活发生严重困难,三个居委会将32名60岁以上的孤寡老人织织起来建立敬老院,集体供养;1962年开始,协助政府动员属|民、知识青年1100多人下乡当农民;“文化大革命“后,域解工作停止,1970年恢复组织,1980年进行整顿后,调解员增至16人;1981"
minzhengzhi_zl,A,保长,z-74,"席代表14人,镇长余以福及当地绅士30多人列席,\","袁道昌向到会人员报告本人任职以来的工作,镇长致巡词,副保长赵俊成及保队附作了讲演,保民代表昕完即结柬。民国38年(1949年》8月15日,龙彭乡开乡民代表会,选举乡长\副乡长。选举先由监票员宣布选举事由、意义、规则和办法,尔后讨论提案,接着投票选举。乡长候选人为任瀛峰、郭昌发,选"
minzhengzhi_zl,A,副保长,z-74,"道昌向到会人员报告本人任职以来的工作,镇长致巡词,","赵俊成及保队附作了讲演,保民代表昕完即结柬。民国38年(1949年》8月15日,龙彭乡开乡民代表会,选举乡长\副乡长。选举先由监票员宣布选举事由、意义、规则和办法,尔后讨论提案,接着投票选举。乡长候选人为任瀛峰、郭昌发,选举结果,任瀛峰得票44张,郭昌发得票43张,前者当选为乡长"
minzhengzhi_zl,A,乡长,z-74,"(1949年》8月15日,龙彭乡开乡民代表会,选举","\副乡长。选举先由监票员宣布选举事由、意义、规则和办法,尔后讨论提案,接着投票选举。乡长候选人为任瀛峰、郭昌发,选举结果,任瀛峰得票44张,郭昌发得票43张,前者当选为乡长!副乡长候选人任明钦、赵子俊,选举结果,任明钦得票41张,赵子俊得票39张,前者当选副乡长。农民代表大会19"
minzhengzhi_zl,A,副乡长,z-74,"49年》8月15日,龙彭乡开乡民代表会,选举乡长\","。选举先由监票员宣布选举事由、意义、规则和办法,尔后讨论提案,接着投票选举。乡长候选人为任瀛峰、郭昌发,选举结果,任瀛峰得票44张,郭昌发得票43张,前者当选为乡长!副乡长候选人任明钦、赵子俊,选举结果,任明钦得票41张,赵子俊得票39张,前者当选副乡长。农民代表大会1950年4"
minzhengzhi_zl,A,大会,z-74,"41张,赵子俊得票39张,前者当选副乡长。农民代表","1950年4月,由区人民政府派工作人员和在农民中培养的积极分子任乡的正副主任,成立乡征粮剽匠委员会。在征粮剌匪中逐步建立乡农民协会,代替旧的乡政权。农民协会会员是经本人申请、村农协会审查认可产生的,乡农协会正副主席由上级提名和乡农会会员代表大会选举相结合产生。1950年夏秋间,由"
minzhengzhi_zl,A,征粮,z-74,"人员和在农民中培养的积极分子任乡的正副主任,成立乡","剽匠委员会。在征粮剌匪中逐步建立乡农民协会,代替旧的乡政权。农民协会会员是经本人申请、村农协会审查认可产生的,乡农协会正副主席由上级提名和乡农会会员代表大会选举相结合产生。1950年夏秋间,由乡农代会选举产生正、副乡长。乡人民委员由乡长提名报上级政府批准,组成乡人民政府委员会。1"
minzhengzhi_zl,A,匪,z-74,"分子任乡的正副主任,成立乡征粮剽匠委员会。在征粮剌","中逐步建立乡农民协会,代替旧的乡政权。农民协会会员是经本人申请、村农协会审查认可产生的,乡农协会正副主席由上级提名和乡农会会员代表大会选举相结合产生。1950年夏秋间,由乡农代会选举产生正、副乡长。乡人民委员由乡长提名报上级政府批准,组成乡人民政府委员会。1952年春土地改革结束"
minzhengzhi_zl,A,农代会,z-74,"会员代表大会选举相结合产生。1950年夏秋间,由乡","选举产生正、副乡长。乡人民委员由乡长提名报上级政府批准,组成乡人民政府委员会。1952年春土地改革结束时,在有了一大批农民积极分子的基础上,在土改工作队的指导下,召开农民代表大会(城关街召开人代会,选举乡(镇)人民委员(每乡9至11人》,由县人民政府批准任命,正式成立乡人民政府委"
minzhengzhi_zl,A,土地改革,z-74,"报上级政府批准,组成乡人民政府委员会。1952年春","结束时,在有了一大批农民积极分子的基础上,在土改工作队的指导下,召开农民代表大会(城关街召开人代会,选举乡(镇)人民委员(每乡9至11人》,由县人民政府批准任命,正式成立乡人民政府委员会。各界人民代裘会议农代会选举,代表限于农民,要求选举的乡人民委员会成员必须是贫雄农占三分之二,"
minzhengzhi_zl,A,土改,z-74,"地改革结束时,在有了一大批农民积极分子的基础上,在","工作队的指导下,召开农民代表大会(城关街召开人代会,选举乡(镇)人民委员(每乡9至11人》,由县人民政府批准任命,正式成立乡人民政府委员会。各界人民代裘会议农代会选举,代表限于农民,要求选举的乡人民委员会成员必须是贫雄农占三分之二,中名更′壬董三夕贵之一,右i…土I苣爻{刁蔺土亘"
minzhengzhi_zl,A,会议,z-74,"府批准任命,正式成立乡人民政府委员会。各界人民代裘","农代会选举,代表限于农民,要求选举的乡人民委员会成员必须是贫雄农占三分之二,中名更′壬董三夕贵之一,右i…土I苣爻{刁蔺土亘锭盒菖查骂′宣=束后,人民i旦仡】b乙巳兰圣〕三翼L固【′ls)52年矛芝('县、乡(叁看()|人民政府分别召开各界各业座谈会,扩大民主范围,选举产生凡拥护"
minzhengzhi_zl,X,审查,z-74,"代替旧的乡政权。农民协会会员是经本人申请、村农协会","认可产生的,乡农协会正副主席由上级提名和乡农会会员代表大会选举相结合产生。1950年夏秋间,由乡农代会选举产生正、副乡长。乡人民委员由乡长提名报上级政府批准,组成乡人民政府委员会。1952年春土地改革结束时,在有了一大批农民积极分子的基础上,在土改工作队的指导下,召开农民代表大会"
minzhengzhi_zl,A,地主,z-75,"对于依法尚未改变成分的","阶级分子、依法放剥夺政治权利的反革命分子和其他依法被剥夺政治权利的人,都一律剥夺选举权和被选举权.调查登记人口并审查选民资格,发给选民证划分选区,成立选民小组,酝酿和提名候选人。按选举法规定,各阶层共同提名直接选举乡(镇)人民代表;表决方法:对正式候选人逐个提名,逐个举手通过,超"
minzhengzhi_zl,A,反革命,z-75,"法尚未改变成分的地主阶级分子、依法放剥夺政治权利的","分子和其他依法被剥夺政治权利的人,都一律剥夺选举权和被选举权.调查登记人口并审查选民资格,发给选民证划分选区,成立选民小组,酝酿和提名候选人。按选举法规定,各阶层共同提名直接选举乡(镇)人民代表;表决方法:对正式候选人逐个提名,逐个举手通过,超过参选选民半数票当选(代表名颜,20"
minzhengzhi_zl,A,大会,z-75,"女代表占18%;贫农小知识分子占22史。乡人民代表","于7月1日召开,，民主推举主席团3人,执行主席为这次选上代表的原乡长主持大会;选出乡人民委员11人,从中推选出正、副乡长。建立五种委员会,每种委员会的主任委员由乡政府委员兼任,各委员会在原有基础上修订切实可行的制度,并整理群众提出的提案,由有关单位签注解决办法;代表大会讨论了全乡"
minzhengzhi_zl,A,乡长,z-75,",，民主推举主席团3人,执行主席为这次选上代表的原","主持大会;选出乡人民委员11人,从中推选出正、副乡长。建立五种委员会,每种委员会的主任委员由乡政府委员兼任,各委员会在原有基础上修订切实可行的制度,并整理群众提出的提案,由有关单位签注解决办法;代表大会讨论了全乡各项任务和工作。1953年7月至1954年1月25日,基本按东青乡的"
minzhengzhi_zl,A,副乡长,z-75,"乡长主持大会;选出乡人民委员11人,从中推选出正、","。建立五种委员会,每种委员会的主任委员由乡政府委员兼任,各委员会在原有基础上修订切实可行的制度,并整理群众提出的提案,由有关单位签注解决办法;代表大会讨论了全乡各项任务和工作。1953年7月至1954年1月25日,基本按东青乡的办法分两批完成了全县基层人民代表的选举和选举产生了乡"
minzhengzhi_zl,A,会议,z-75,"来按顺序列为第七届。1979年6月全国五屈人大二次","通过了新的选举法,对1953年的选举法作了重要修改和补充。涉及基层选举的重要修改和补充是,改等额选举为差额选举,即正式代表候选人名额应多于应选代表的名额。全县第八届(1980年11月)基层人民代表定颜为3960人,而正式修选人为6124人,第九届(1984年1月)基层人民代表定额"
minzhengzhi_zl,X,审查,z-75,"利的人,都一律剥夺选举权和被选举权.调查登记人口并","选民资格,发给选民证划分选区,成立选民小组,酝酿和提名候选人。按选举法规定,各阶层共同提名直接选举乡(镇)人民代表;表决方法:对正式候选人逐个提名,逐个举手通过,超过参选选民半数票当选(代表名颜,2000至3000人口的乡选代表30至35人,3000至5000人口的乡选40至45"
minzhengzhi_zl,A,副乡长,z-76,"改举手表决为无记名投票选举。第九届乡人民代表选举正","时,有若干名原乡干部有这样那样的缺点错误,如沿过去举手表决肖选举方式仍可当选,但因无记名投票,都落选了。因而这次全县选出的新的149名正、副乡(镇)长,绝大多数符合“四化“要求,是工农业生产、财贸、科技、文卫等各条战线上有经验、有才干的青壮年。改获得出席选民或代表过半数选票当选为"
minzhengzhi_zl,A,会议,z-77,"保组织系统表乡代一|区复友吴厂一一一一(丧表乡镇务","民会镇镇「钊[长伟国圆圆厢瘾属||衬不镐||丁|瘦||算||裂|纯庆||簿|[一怡||刍|多|不「徊||田|民||取济|[&||B&||作|[兼||交门刹砺园e日日以|阮|欧|李携任及李民|示心一目夕}寥队]…j釜痘a弓干熹,菩′i瓮t兵j喹……摹霞羞『喜逞雇跃寥″'菖'盲壹剑一"
minzhengzhi_zl,A,豪绅,z-78,",温全武在县境领导“红灯教“农民起义,公开同军阀、","斗争,直至其英勇就义。中国工农红军第四方面军未进入苍溪以前,苍溪境内的三堆石等地就建立了中共地下党组织,并先后领导了著名的三堆石\四蛮蹋农民武装暴动。1933年红军进入苍滨后,先后有3万多儿女参加红军。苍源人民为建立苍源苏维埃、保卫根据地,进行了艰苦卓绝斗争。新中国建立前后的50"
minzhengzhi_zl,A,斗争,z-78,"全武在县境领导“红灯教“农民起义,公开同军阀、豪绅",",直至其英勇就义。中国工农红军第四方面军未进入苍溪以前,苍溪境内的三堆石等地就建立了中共地下党组织,并先后领导了著名的三堆石\四蛮蹋农民武装暴动。1933年红军进入苍滨后,先后有3万多儿女参加红军。苍源人民为建立苍源苏维埃、保卫根据地,进行了艰苦卓绝斗争。新中国建立前后的50多年"
minzhengzhi_zl,A,剿匪,z-78,"战争、解放战争中牺牲的;有在建国后为解放西南,平叛",",抗美援朝,中印边境自卫反击战,珍宝岛自卫反击战,中越边境自卫还击作战中牺性的!有在保卫社会主义建设事业中牺牲的。他们中,有师团、营、返、排和其他武装力量的指挥员、战斗员:有从事地下斗争的中国共产党党员,有党、政、群机关的革命工作人员;有赤卫队员、支前参战的民工、民兵和其他革命同"
minzhengzhi_zl,A,破坏,z-79,",并将几位烈士迁萱其中。《文化大革命开始后,花木被",",派性组织的所谓“烈士“也擅自埋葬其中。1971年,县民政和财政拨款4.76万元,在县城西北龚家山下,另建革命公墓,建筑面积4000多平方米。竣工后,公巳墓中央安葛了建国后去世的16名老红军、老干部遗骨,建了墓碑;公墓大门内有一长方形坝子,供开追悼会用。大门左侧设有骨灰堂,至19"
minzhengzhi_zl,A,民团,z-79,"地点和立功记载。-宣传烈士事迹建国后,各级政府、人","体、企事业单位、学校,结合各时期的不同任务,宣传63"
minzhengzhi_zl,A,死亡,z-80,"的》、病故三类。抚恐“金标“准|抚坡金分类,一是按","性质,1950年分犍性、病故二类,牺性抚虾金平均约相当于病故抚恤的1.3倍。1980年6月发布《革命烈士装扬条例》,同年8月18日,国务院决定;对1979年参加对越自卫还击战牺牵的现役军人、支前民兵、民工等人员的家属均增发300元;自1980年6月4日国务院发布《革命烈士寓扬条例"
minzhengzhi_zl,A,处理,z-81,"、配偶|自行商定,商定不通的,由民政部门按下列办法",":《革命烈士证明书》或其他牺性、病故证明书发给父母;抚饲金,父母、配偶各发一半。没有父母、配偶的,按下列顺序发给:子女;共同生活未满16岁的弟妹z抚养烈士长大的其他亲属。无上述亲属的,不发。1979年1月8日以后认定,1950年12月10日以前牺牲、病故的人员,不发抚饲金,其家属"
minzhengzhi_zl,A,死亡,z-83,"得\政治优待。因战致残,发残废证后一年内因伤口复发","的,追认为烈士,家属享受烈属待遇!各类型残废人员,一年以后因伐口复发死亡的,按因公牺牲看待并享受相应待遇复员、退伍的残废军人,其家属保持革命军人家属的政治地位。劳动、就业待遥。残废军人复员回乡的,特、一、二等残废免服勒务,对各等级残\废军人,尽力安排力所能及的工作,如看山、管水、"
minzhengzhi_zl,A,处理,z-84,"政开支!对过去回农村安置的,如有后遗定需要经常医疗","或配偶在城镇长期分居的特殊情况,必须转到城镇的,按上述精神解决!在残废军人疗养院的,本人要求分散安览,也按上述原则办理接收。生活待遏。先后规定有,歼废人员本人凭歼废证可优先和享受半价乘车、船;对一|等以上歼废人员(全县共「8名)在城镇的,每月发给当地一名普通工人工资的护理费,19"
minzhengzhi_zl,A,会议,z-85,"新中国,把优抚工作列入国家大法,《中国人民政治协商","共同纲领》、《中华人民共和国宪法》都作了明确规定。国家规定优抚对象为五种人:革命烈士、因公牺|牲,病政、失踪军人的家属;现役军人家属(包括武装、消防民警家属),革命残废军人;复员军人;退伍军人。由于“二战?时期,苍溪是革命老根据地,优抚对象多,当时`未留下文字记载,加之“文化大革"
minzhengzhi_zl,A,平反,z-86,"帮助\建了住房,很伍成了家。其他区也陆续这样做了。","昭雪。落实政策中,查出历次政治运动中,特别是“文化大革命“中非法没收优抚对象的证件,取消优待,取消荣誉称号,以莫须有的罪名开除党籍,撒销公职,被拥斗、打残、致死等598起,在查清事实的基础上,分别由县、区、公社、大队进行了、平反昭雪,恢复名誉,销毁假材料,消除对共亲属的株连!对停"
minzhengzhi_zl,A,关押,z-86,"升为“里通外国“,是“判徒“,多次横道批斗、封打、",",家人亦遮毒打,文元中于1969年6月28日含冤而死。经查,全属诧陷,公社召开了追悼会,侥复名誉,按优抚政策对家属进行论伽,对家庭生活围难予以补助。云峰公社跃进六队复员军人王安贵,被兹须有的骑名打成“判徒“,多次批斗,开除党籍,撒销大队长职务,经谅查核实,恢复了党籍、职务和名誉。"
minzhengzhi_zl,A,复查,z-86,"批斗外,还将其家中所挂烈属大木匾拿到养猪场砂饲料。","后,平了反,重新换上光荣匾。对《文化大革命“前一些处理不当的问题,也同样落实政策,如,土鲤公社复员军人苗资平,1955年复员,同年7月服收为乡一部,后任白庙公社党委书记。1960年以“强迫命令、逼死人命“等问题,开除党籍,判处有期徒刑10年。1963年甄别,县人民法院改为“撒销原"
minzhengzhi_zl,A,处理,z-86,"后,平了反,重新换上光荣匾。对《文化大革命“前一些","不当的问题,也同样落实政策,如,土鲤公社复员军人苗资平,1955年复员,同年7月服收为乡一部,后任白庙公社党委书记。1960年以“强迫命令、逼死人命“等问题,开除党籍,判处有期徒刑10年。1963年甄别,县人民法院改为“撒销原判,教育释放,党内仍维持原处分。经这次复查,原定主要事"
minzhengzhi_zl,A,徒刑,z-86,"以“强迫命令、逼死人命“等问题,开除党籍,判处有期","10年。1963年甄别,县人民法院改为“撒销原判,教育释放,党内仍维持原处分。经这次复查,原定主要事实失实,报经县委复议,撒销原处分决定,侥复党籍,作退职安置。高坡公社梨树村复员军人沈大才,本姓李,抱给沈姓,沈大才入伍后,土改时沈家定为富农成分。一次,地方有人说他抱父沈其和偷了公"
minzhengzhi_zl,A,法院,z-86,"除党籍,判处有期徒刑10年。1963年甄别,县人民","改为“撒销原判,教育释放,党内仍维持原处分。经这次复查,原定主要事实失实,报经县委复议,撒销原处分决定,侥复党籍,作退职安置。高坡公社梨树村复员军人沈大才,本姓李,抱给沈姓,沈大才入伍后,土改时沈家定为富农成分。一次,地方有人说他抱父沈其和偷了公家的犊头,抱父白杀。沈大才复员后问"
minzhengzhi_zl,A,土改,z-86,"村复员军人沈大才,本姓李,抱给沈姓,沈大才入伍后,","时沈家定为富农成分。一次,地方有人说他抱父沈其和偷了公家的犊头,抱父白杀。沈大才复员后问其事,即说是翻案,该大队将富农“幄子“给沈大才戴上。经复查,恢复其复员军人称号,每月定补8元生活费(沈无儿无女5。在调查核实中,还健全了公社民政委员会、大队民政小组,使民政各项工作,从上至下有"
minzhengzhi_zl,A,富农,z-86,"才,本姓李,抱给沈姓,沈大才入伍后,土改时沈家定为","成分。一次,地方有人说他抱父沈其和偷了公家的犊头,抱父白杀。沈大才复员后问其事,即说是翻案,该大队将富农“幄子“给沈大才戴上。经复查,恢复其复员军人称号,每月定补8元生活费(沈无儿无女5。在调查核实中,还健全了公社民政委员会、大队民政小组,使民政各项工作,从上至下有组织保障。红_"
minzhengzhi_zl,A,杀,z-86,"一次,地方有人说他抱父沈其和偷了公家的犊头,抱父白","。沈大才复员后问其事,即说是翻案,该大队将富农“幄子“给沈大才戴上。经复查,恢复其复员军人称号,每月定补8元生活费(沈无儿无女5。在调查核实中,还健全了公社民政委员会、大队民政小组,使民政各项工作,从上至下有组织保障。红_军_流落人“员1980年,对曾参加红军并过了雪山草地,离队"
minzhengzhi_zl,A,杀,z-87,"众中等生活水平。优待工作的茶实,鼓舞着前方将士英勇","敌。1954年,即将赴抗美援朝前线的张仕昭、覃登州等32名战士,于昭化县宝轮院联名写血书,投宥县人民政府,表示要勇敢杀敌,感谢政府和人民的关怀。这样的感谢信,“各级政府和部门每年都收到若干封。这些信件,又鼓舞全县人民更好地作好优抚工作。4优_待征_属「民国26年(1937年),民"
minzhengzhi_zl,A,联保主任,z-87,"级精神,制定了征属《代耕队组织法》规定县长、区长、","、保长、甲长分别任代耕总队长、区队长、中队长、分队7"
minzhengzhi_zl,A,保长,z-87,"定了征属《代耕队组织法》规定县长、区长、联保主任、","、甲长分别任代耕总队长、区队长、中队长、分队7"
minzhengzhi_zl,A,甲长,z-87,"属《代耕队组织法》规定县长、区长、联保主任、保长、","分别任代耕总队长、区队长、中队长、分队7"
minzhengzhi_zl,A,会议,z-88,"壮丁安家费。其经费来源,苍溪县政府于同年第一次县政","决,“其安家费定为400元,由各保自行筹集“。据查访城郊乡当时的一些保长称,“没有安家费,据上峰\文有,实际无有。“民国37年(1948年)1月24日,苍溪县政府训令称,“本县35、36年度壮丁安家费,上峥于36年8月汇发2223万元正来县,嗣经地方机关法囱委托常议长“在省洽购子"
minzhengzhi_zl,A,保长,z-88,"400元,由各保自行筹集“。据查访城郊乡当时的一些","称,“没有安家费,据上峰\文有,实际无有。“民国37年(1948年)1月24日,苍溪县政府训令称,“本县35、36年度壮丁安家费,上峥于36年8月汇发2223万元正来县,嗣经地方机关法囱委托常议长“在省洽购子弹手榴弹掀用价款一部(分》,于37年1月4日始全部价发各乡,被征壮丁家属"
minzhengzhi_zl,A,乡长,z-90,"家属,生活有困难的歼废军人、退伍红军老战士,带病回","期不能劳动、生活肌困难的退伍军人,丧失劳动能力、生活有困难的红军流落人员和复员军人。改进优待,使按劳分配的政策在优待中得到了落实,使劳动力这个因素在经济生活中发挥了实际作用,解除了服现役战士的后顾之忧,提高了烈军属的社会、政治地位,促进了征兵和退伍安置工作的顺利进行。改过去由生产"
minzhengzhi_zl,A,会议,z-90,"一衡量评定,内大队召开民政组长、生产队长、优抚对象",",讨论确定优待对象、优待金额,征求群众意见,报公社审批。大队将优待金颧分摊到户,张榕公布,同时填发四联单,由公社寄往军人部队。其优待金颖标准,大体是烈军属略高于当地群众一般生活水平,其他优抚对象不低于当地一般生活水平的原则。分别评给烈军属超过当地一个整劳力的收入或相当一个整劳力、"
minzhengzhi_zl,A,群众大会,z-91,"神,本人申请,大队(村)基层民政组织调查了解,召开","评议通过,乡审查,民政局批准,乡张榜公布,发给定补证,毒月到乡(镇)领款的方法。定补对象和金额,每年都要审查调整一次。定补对象死亡后,有亲属的继续发定补半年,以示抚伶。这样扩大了定补面,定补对象由1979年的268人,到1980年上升到2837人,定补金额上升到31.2万多元,人"
minzhengzhi_zl,A,死亡,z-91,"法。定补对象和金额,每年都要审查调整一次。定补对象","后,有亲属的继续发定补半年,以示抚伶。这样扩大了定补面,定补对象由1979年的268人,到1980年上升到2837人,定补金额上升到31.2万多元,人平每月定补9元多。1984年,因一部分优抚对象仍存在一些实际困难,又适当增加了老复员军人中部分丧失劳动能力的人的定补75"
minzhengzhi_zl,X,审查,z-91,"村)基层民政组织调查了解,召开群众大会评议通过,乡",",民政局批准,乡张榜公布,发给定补证,毒月到乡(镇)领款的方法。定补对象和金额,每年都要审查调整一次。定补对象死亡后,有亲属的继续发定补半年,以示抚伶。这样扩大了定补面,定补对象由1979年的268人,到1980年上升到2837人,定补金额上升到31.2万多元,人平每月定补9元多"
minzhengzhi_zl,A,土地改革,z-93,"了保障。其_他优待分地分房。1951年至1952年","时,根据县人民政府的统一安排,各村的土改工作人员在分配土地房屋时,都采用不同形式给其优待。分配时,有的先将应分房屋、土地的烈军属、退伍红军战土列出名单,把没收地主财产中最好的房屋、家具农具和离其家最近最好的土地分配给优抚对象,尔后再分给其他人;有的对应分房屋、士地的优抚对象,由他"
minzhengzhi_zl,A,土改,z-93,"52年土地改革时,根据县人民政府的统一安排,各村的","工作人员在分配土地房屋时,都采用不同形式给其优待。分配时,有的先将应分房屋、土地的烈军属、退伍红军战土列出名单,把没收地主财产中最好的房屋、家具农具和离其家最近最好的土地分配给优抚对象,尔后再分给其他人;有的对应分房屋、士地的优抚对象,由他们在规定数虫内自选,尔后再分给其他贫雇农"
minzhengzhi_zl,A,地主,z-93,"分房屋、土地的烈军属、退伍红军战土列出名单,把没收","财产中最好的房屋、家具农具和离其家最近最好的土地分配给优抚对象,尔后再分给其他人;有的对应分房屋、士地的优抚对象,由他们在规定数虫内自选,尔后再分给其他贫雇农。治病。1951年开始,每年在优抚款中划拨一部分为贫围烈军属治病。据1956年统计,总共为烈军属治病1.3万人(次)。对患"
minzhengzhi_zl,X,审查,z-93,"属全部入社,为解决生产投资困难,通过群众评议,区乡","批准,为投资有囱难的优抚对象4356户,发放入社投资款6.2万元,户平14元,帮助步入集体化生产。*扶持优抚对象致富。党的十一屉三中全会后,贯彻党的富民政策,生产力得到解放,给优抚对象发展生产,勤劳致富开辟了广阑前景。广大优抚对象,特别是退伍军人,他们对党的方针政策理解快,思想解"
minzhengzhi_zl,X,名单,z-93,",有的先将应分房屋、土地的烈军属、退伍红军战土列出",",把没收地主财产中最好的房屋、家具农具和离其家最近最好的土地分配给优抚对象,尔后再分给其他人;有的对应分房屋、士地的优抚对象,由他们在规定数虫内自选,尔后再分给其他贫雇农。治病。1951年开始,每年在优抚款中划拨一部分为贫围烈军属治病。据1956年统计,总共为烈军属治病1.3万人"
minzhengzhi_zl,A,土地改革,z-94,"军,长期实行公费医疗。′′|子女入学。1952年,","后,人民群众求知欲望增强。为使优抚对象,特别是烈军属的子女能上学读书,县人民政府行文规定:烈军属子女无力缴学费的持乡村证明,学校根据实际情况况免学费。同时,根据上级民政部门对烈军属子女解决入学补助\裆的精神,县人民政府于1953年制定了补助办法,规定凡贫苦烈属和革命军人的子女,及"
minzhengzhi_zl,A,土改,z-95,"优抚对象做一件好事;每个军属要向前方亲人写信,报告","翻身情况,鼓励多杀敌立功。是年春节期间,各级一部走访了8574户优抚对豪,给较困难的599户烈军属送粮3万斤。1964年,请优折对象1.09万人参加了各级组织的座谈会,县人委组织91人的11个工作组分别去3861个生一队检查优抚工作的落实情况,并和优抚对象见了面;“文化大革命“的"
minzhengzhi_zl,A,杀,z-95,"每个军属要向前方亲人写信,报告土改翻身情况,鼓励多","敌立功。是年春节期间,各级一部走访了8574户优抚对豪,给较困难的599户烈军属送粮3万斤。1964年,请优折对象1.09万人参加了各级组织的座谈会,县人委组织91人的11个工作组分别去3861个生一队检查优抚工作的落实情况,并和优抚对象见了面;“文化大革命“的前期,拥军优属活动"
minzhengzhi_zl,A,大会,z-95,"立后,每年计召开过优抚对象座谈会和《八一“节的庆祝","、招待容会、文艺(电影)晚会、但重形式过多,解设实际问题少!党的十一届三中全会后,饷复发扬拥军优属优良传统,1979年春节开展“双拥“活动月,全县组成5861人参加的823个慰问团组看望了7820户优抚对象,了解借况,解决实际困难;县领导分赴到有驻军的县城、唤马、回龙、三川等地,"
minzhengzhi_zl,A,破坏,z-95,",军民欢聚一堂,畅谈大好形势,批刻林彪、“四人帮“","军民关系的罪行,检查和解决军民关系中存在的一些问题。给优抚对象送年画6848张,对联1461付,慰问信8.3万分。同时,为烈军属中溥挂了《光荣之家》牌的719户迹行了补挂.慰问团走到哥里就为那里的优抚对象做-好事,计送柴送草5.3万斤,挑水1.8万担,扫地7271处,补洗衣故65"
minzhengzhi_zl,A,村民,z-96,"任制,过去的办法有的巳不适应。为照顾其生活,由乡、","政干部、共青团组织发动团员、民兵开展“帮户助耕“活动,义务为其排优解难。帮助他们担水、扫地、砍柴、作饭、洗衣购物,请医熬药,帮助收种庄稼等,解决了用“抚恤、“优待“欲解决不了的问题。据1985年统计:全县有“学雷锋小组》6763个,“青年服务队“4517个,“帮户助耕队(组)59"
minzhengzhi_zl,A,法院,z-96,"1日公布的《婚娇法》、1951半4月24日最高人民","、司法部《对于现役军人与退役革命残废军人离婚突仰之处理办法》、同年6月30日政务院、政治法律委员会《关于处理现役革命军人取消婚约的暂行规定》、1981年1月1日的《婚姗法》中有关保护军婚的规定,向人民宣传,拟入有关文告、公约,号召全体人民都做保护军婚的工作,并教育军人配偶自尊自重"
minzhengzhi_zl,A,处理,z-96,"、司法部《对于现役军人与退役革命残废军人离婚突仰之","办法》、同年6月30日政务院、政治法律委员会《关于处理现役革命军人取消婚约的暂行规定》、1981年1月1日的《婚姗法》中有关保护军婚的规定,向人民宣传,拟入有关文告、公约,号召全体人民都做保护军婚的工作,并教育军人配偶自尊自重。司法、婚婪登记机关严格按法规保护、处理军人80"
minzhengzhi_zl,A,破坏,z-97,"的婚姜。苍溪发生","军婚的事件主要表现为奸污军人的妻子、未婚妻,或唤使配偶与军人离婚。60年代生活困难时期,-一些基尿干部利用权势,乘人之危,破坏军婚事件时有发生,每年都有数起、数十起,政府均作了严肃处理。1963年10月,县委批转了县政法党组《关于加强保护现役军人婚姻的报告》,报告巾指出,当年全县"
minzhengzhi_zl,A,处理,z-97,"事件时有发生,每年都有数起、数十起,政府均作了严肃","。1963年10月,县委批转了县政法党组《关于加强保护现役军人婚姻的报告》,报告巾指出,当年全县现役军人的妻子被奸污的xx起(通奸xx起,强奸x起),共巾生产队长以上干部占案件43.2%%。报告提出开展保护军婴的教育办法和对军婚砾坏者的处理意见。1964年,全县发生砾坏军s婚案4"
minzhengzhi_zl,A,判刑,z-97,"县发生砾坏军s婚案47起,都分别情况作了处理,其中","、撒销干部职务的87起。4文化大革命中,此事鲜为人过问。粉碎《四人帮“后,随着社会风气好转、法制的加强,破坏军婚_事件减少,东进行严励惩治。表彰_先迹自1950年起,县\区乡几乎每年都召开优抚对象和拥军优属先进人物、先进单位的座谈会\代表会\积极分子会(1966年至1972年因《"
minzhengzhi_zl,A,杀,z-97,"妇女,纷纷做鞋、鞋垒,或在手帕上绣上鼓舞指战员英勇","敌的话语投寄志愿军。1951年7月,发动全县人民招款,购买《苍涨号“飞机,支援志愿军打击美帝。是年全县399577人中,有351424人捐款,共捐款168377.87万元(旧人民币,约合新人民币16.84万元)通过捐献热潮,全县有605的户修订了1950年的爱国公约,增加了支援前"
danganzhi,X,训练,a-101,"二人,35岁以下三人。县档案馆干部先后在四川省档案","班学习的四人,南充地区档松训练班学习的三人,未经过培训的二人。县档栾局、馆在批思想政治工作,加强精神文明建诱的同时,也注意提高干部的文化水平和业务能力。1980年以来,每周至少以一天时间系统学习业务,从未间断。并把举办县属单位和区、乡档案工作人员训练班作为自身学习的好机会,备课共"
danganzhi,A,公安,a-106,"委办公室|0置/覃/量0“|工交部|7【““|“|","局'「_″一广_一一一广[吴吴吴园卞曹丽仁仁仁′一一》一一一厂厂一一王交局一|/「一【,|水电局|7“7|保宿、档案工作|一一TTTTT历厂T厂卞嬴翦一…丁一复一卞史0吴明吴吴江明明明口,莆韦豇卞晨′卞[′′卞′一]_卞[一′′′′一`一E厂00厂门一|一aa8厂F1国“〕一一厢"
danganzhi,A,公安,a-107,"局0宁0仁|/一一薯/|农机局/1/夏0熹/]″i","局/〗厂|011童/】商业局0戛//熹/雇仁属灿银行/熹仁仁\0言/|水电局0二/2哥/茎/T县纪委/1//】0氰“)县委宣传部|)0【|/】县委办公室0|/\0量/…/歹〖菩』埕婕荃/仁1/」01一一一一门g一招一一一一一一一一一一】″熹量壹室寥仁「仁/仁…仁98"
danganzhi,A,公安,a-109,"200】′亏'咤一0【_量日熹<国1010一/\县","局000/0'呈会匕芝、更堇00/;与-//[_‖_一′一`100"
danganzhi,A,杀,a-111,"动打扫清洁卫生。冬天生火炉,戚天打开水,档案复制、","虫、加工整理都积极主动,一心扑在工作上,堪称“老黄牛2。干一行专一行“干一行,爱一行,专一行,是县档桃馆专职业务指导干部陈均儒的特点。儿年来他自学了《文书学》、《档案工作基本知识》、《档案保管技术学》等十多种业务书籍。他还阅读了k档棠工作3、《档案学通讯》等有关刊物的重要文章。他"
danganzhi,X,训练,a-111,"时间到区、乡和县城单位指导档案业刻",",叉要帮助难度大的单位鉴定档案,清理积存文件。有时白天下单位抓业务工作,晚上加班写《档案志》。身教胜于言教。几年来,县档案局、馆,垣固全县开展修志工作,查阅档案资料的人员逐年增多,而工作人员有限,但全体职工都埋头苦干,一个人顶几个人工作,而无怨言。一心扑圭工作上“县档案馆于197"
danganzhi,A,会议,a-112,"文先后召开公社党委书记和办公室人员会“议,大队会计",",对全区清档工作作了统一部署。区委从区级单位和公社共抽调八人,加上区委领导和干部一齐动手,经过一月多时间的突击,到1977年4月,结束了区委机关文书档案、资料的清理工作。“此后连续作战,到间年8月,又结束了10个公社的清理工作。同年年底,,结束了全区117个大队文书档案的清理工作"
danganzhi,X,训练,a-112,"、《文书档案的质量标准》等业务指导性文件和档案人员","班教材讲座十多篇。正是档桃接收进馆素忙的1984年,陈均儒进行阑尾手术后,又扭伤了脚骨,他不顾伤痛和行走不便,休坚持刹运山乡訾定完1950年至1984年的档案。因劳累过度,伤势加重了,回县到医院打好石膏后。又去岳东、文昌、白岩等乡继续档松鉴定工作。1985年,他在元坝区鉴定档案时"
danganzhi,A,会议,a-113,"亥部办公室)赵光兴,1978年参加地区文书档案培训","回县后,把会议精神和开展档案工作的打算向工交党组作了汇报。当即决定本系统各单位派一名档案人员参加自办的档桃业务培训班。在县档案馆的协助下,与会人员经过七天的培训,提高了摇好档案工作的自觉性。在集中学习期间,赵光兴悉心培养他们实际工作能力,边学习,边实践,把工交、二轻两局20多年的"
danganzhi,A,处理,a-114,"社党组明确指出,当事人写检讨,单位写书面报告,上报","。后经有关人员反复查捎,终干拖出李了,邀免了文件的委失。专职称职“县水利电力局专职档案员严大容,于1974年从事档松工作后,县水电局领导采纳了他的意见,建立了县水电局文书,秉技档案联合档案室,添制了档案柜,制订了栗案资料收集、接收、归档、利用、修改、补充等制度。他在领导和群众的支"
danganzhi,A,复查,a-114,"人写检讨,单位写书面报告,上报处理。后经有关人员反","捎,终干拖出李了,邀免了文件的委失。专职称职“县水利电力局专职档案员严大容,于1974年从事档松工作后,县水电局领导采纳了他的意见,建立了县水电局文书,秉技档案联合档案室,添制了档案柜,制订了栗案资料收集、接收、归档、利用、修改、补充等制度。他在领导和群众的支持下,全面收集了本系"
danganzhi,A,大会,a-116,"立卷归档。四、县委、县革委直接主持召开的常委会,扩","、全委会、党代会,区、社书记会议等形成的文件衬料,畔县革委办公室立卷归107"
danganzhi,A,会议,a-116,"持召开的常委会,扩大会、全委会、党代会,区、社书记","等形成的文件衬料,畔县革委办公室立卷归107"
danganzhi,A,会议,a-117,"档(县革委与武装部联名召开的","形成的文件材料,武装部可存复制本)。以县委、县草委名义召开,而由有关部、委主持的各种专业会议形成的文件材料,由主持单位立卷归栗,并送办公室一至二套参考。五、各部、委向县委、县草委的请示、报告和县委、县革委的批复、批转文件等,由文件制成部、委和办公室分别立卷归档。六、县委、县革委负"
danganzhi,A,会议,a-118,"达的长远计划、年度计划、控制数字。@)主管上级所开",",需要贯彻执行的报告、总结、决议、草稿、修改稿(草稿、修改稿应保存至最后正式定稿为止)。其余一般为短期。二、本机关文件霁永久保管方面,@〇上级文件中目接针对本机关的指示、批示、批复等。@)下级报送文件中,经本机关批转、扰复的请示、报告、总结等。@)本机关所开会议的报告、决议、总结"
danganzhi,A,死亡,a-118,")本机关所管辖干部的编制、任免、奖励、处分,退职,","等。@本机关和本机关批准成立的单位及合并、撒销、更改名称启用印章等。@)本机关在历次政治运动中形成109"
danganzhi,A,处理,a-119,"等文件,本机关是会筱者。@)本机关与有关机关商定和","重要事情的来往文书。G@)本机关直接处理的重要来信、来访等材料。G@)本机关开会所形成的筒报、发言材料等。@G)本机关财产、物资、档案、枪弹等的交接凭证,@)调干、转移党、团组织关系的存根等。其余一般的短期。三、下级文件需长期保管方面,〇D直属下级送来的年度和年度以上的统计表、总"
danganzhi,A,发言,a-119,"要来信、来访等材料。G@)本机关开会所形成的筒报、","材料等。@G)本机关财产、物资、档案、枪弹等的交接凭证,@)调干、转移党、团组织关系的存根等。其余一般的短期。三、下级文件需长期保管方面,〇D直属下级送来的年度和年度以上的统计表、总结报告等。下级送来的长远规划和有价值的典型报告等。其余一舱的短期。东四、同级和不相隶属机关文件同级"
danganzhi,A,死亡,a-121,"应迹馆文书档案、科技档桃、财会档案、诉讼档案、干部","栗案及其他专门档桃、资料的接收、征集工作,并实行系统化管理。5、切实搐好馆内档案、资料的修补、复制、加工和系统化工作,为档案管理逐步实现现代化打好基础。6、邵极主动地镐好档案的利用和编研工作,采用多种形式提供112"
danganzhi,A,会议,a-122,"领导汇报工作,并提出可行的建议。3、主持局、馆工作",",审查、签发档案工作文件。对局、馆库房维修、设备添制、经费开支等,提出具体意见和要求。,《、按熙档松工作的五条标准,结合我县实际情况,拟订出档案收集、整理、保管、统计、鉴定、利用和编研工作的具体方案和实施办法。(二)办公室人员职责1、负责上传下达、文件打印、分发、运转、传阅、归档"
danganzhi,X,审查,a-122,"报工作,并提出可行的建议。3、主持局、馆工作会议,","、签发档案工作文件。对局、馆库房维修、设备添制、经费开支等,提出具体意见和要求。,《、按熙档松工作的五条标准,结合我县实际情况,拟订出档案收集、整理、保管、统计、鉴定、利用和编研工作的具体方案和实施办法。(二)办公室人员职责1、负责上传下达、文件打印、分发、运转、传阅、归档和报刊"
danganzhi,A,杀,a-123,"安全、保密等工作。2、对接收进馆的档桃,做好消毒、","虫、全宗区分、编号和系统化排列。3、对馆内不符合质量要求和字迹褪叙、破损的档案、资料,要组织复制、修补或加工整理,使其达到标准化和整齐美观。4、切实搞好馆内全宗卡、全宗目录、案卷目录、归栗文件目录、专题卡片和档案、资料存放松引等检索工具的编制工作,以达到及时准陡地提供档案、资料。"
danganzhi,A,惩办,a-124,"移交工作。6、办好领导临时交办的事情。三、考勤和奖","法1、建立考评小组。考评小组由王绍文、郑治严、谭光润三同志组成,王绍文任组长,其余为组员,负责本单位工作人员岗位职责的考评工作。2、考裆办法。凸办公室同志负贼记载好人好事,谈假和考勤登记工作御、勤、绩的全面考评,做到季度小评,半年初评、年终总评。3、奖惩制度@〇不假离开工作岗位者"
danganzhi,A,处理,a-124,"@在法定假内经领导安排坚持工作者,可补假或按公休假","。4,年终受奖等级。G@〇)每月出勒26天为满勤。@完成本岗位工作成绩突出,又能积极配合其他工作者,全年事假不超过20天(探紧、公休假除外),病假不超过25天(公伤、绝症除外),可评为一等奖和评选县以上先进个人;完成本岗位工作成绩好,能协助他人工作者,全年事假不超过25天,病假不"
danganzhi,A,会议,a-14,"底稿登记存栗。1951年8月3日“县人民政府在致府","室召开县、区文书工作会议,有县属各单位和各区担任收发文书工作的吟志参加,副县长李蔽璐传达了南充秤书会议精神,会议规定了公文处理,严格文书档案等八项制度,文书实行统收统发,档案集中管理,诱专人或兼职人员做此项工作.1952年7月10日“县人民政府召开县、区、乡文书、收发会议,县长刘"
danganzhi,A,处理,a-14,"副县长李蔽璐传达了南充秤书会议精神,会议规定了公文",",严格文书档案等八项制度,文书实行统收统发,档案集中管理,诱专人或兼职人员做此项工作.1952年7月10日“县人民政府召开县、区、乡文书、收发会议,县长刘凯指出,这次会议的中心是改进文书工作,发挥它应有的职能作用。丞确定了文书工作范图和它的纵横关系。1953年7月80日“苍溪县人"
danganzhi,A,国民党,a-14,"见随后成立了《苍溪县清理敌伪政治档案办公堂,清理了","县党、团部遗留下的部份档案材料、这些清理后的档案材料,全部送交中共南充地委保存,。5"
danganzhi,A,处理,a-15,"956年4月2日“中共苍溪县委规定了撒区并乡后档案","办法:所撒区委、区公所的档栾,分别交县委、县政府办公室;所撒乡的栗案,交并入区单独保存.是年10月1日“县人民委员会档案室正式成立。是年10月5日“苍溪县人委办公室召开推行文书处理部门立卷工作培训会议,由办公室秘书主持,参加学习的有县人委各科、垮,委、局的立卷人员和档案员共15人"
danganzhi,A,会议,a-15,"“苍溪县人委办公室召开推行文书处理部门立卷工作培训",",由办公室秘书主持,参加学习的有县人委各科、垮,委、局的立卷人员和档案员共15人。在学懂立卷的原则和方法后,由点到面地迹行了部门立卷归档工作.1957年3月22日_县委通知全县各区、乡党组织,要求组织力量收集草命历史档案。同年7月2日,对县文化倌保存的各种单命书籍文件共21册,红"
danganzhi,A,法院,a-15,"5日至16日县人委召集县属软大的14个单位(即人民","、梨樊院,公安局、粮食局、税务局、邹电局、人民银行、县供销社、专卖处、百货公司、贸易公司、盐业分销处、手工业联社、木根购销处)和县人委各科的立卷人员,学习了k国务院关于加强国家档案工作的决定》、《国家机关文书立卷工作和档案室工作暂行通则》。与会人员对档案工作的重要性及其任务职责有"
danganzhi,A,公安,a-15,"人委召集县属软大的14个单位(即人民法院、梨樊院,","局、粮食局、税务局、邹电局、人民银行、县供销社、专卖处、百货公司、贸易公司、盐业分销处、手工业联社、木根购销处)和县人委各科的立卷人员,学习了k国务院关于加强国家档案工作的决定》、《国家机关文书立卷工作和档案室工作暂行通则》。与会人员对档案工作的重要性及其任务职责有了较明确的认识"
danganzhi,A,会议,a-16,"58年7月21日“县人民委员会召开了全县区、乡文书","。介绍了石门乡整理积存文件的作法,研究了区、乡文书处理、人民木信、保密等工作。然后以“打播?》方式开展了区乡与区乡、个人与个人之间的拼应战,弥向党写了央心书。是年9月“芯溪县史开了全县区、乡文书工作会议,研究县级机关在整理积存文件中成立的3个互助组的问题。会后在城郊乡摇了清理积存"
danganzhi,A,处理,a-16,"。介绍了石门乡整理积存文件的作法,研究了区、乡文书","、人民木信、保密等工作。然后以“打播?》方式开展了区乡与区乡、个人与个人之间的拼应战,弥向党写了央心书。是年9月“芯溪县史开了全县区、乡文书工作会议,研究县级机关在整理积存文件中成立的3个互助组的问题。会后在城郊乡摇了清理积存文件的试点工作。1959年3月!7日“县人委办公室编写"
danganzhi,X,调县,a-16,"请建立芯溪县档案馆和进一步开晚档松工作的意见中,强","档案馆是四合一的业务机构,即:既是县档案馆,叉是县委、县人委机关档桃室,又是资料室,又是文书档根的业务指导机构,由县委、晚人委领导,县委、县人委办公室具体管理。1960年6月8日“南充专区阀(中)苍(溪)南(部)档桃工作协作组,组织三县档案馆的同志,对参加文书栗案工作亮赛的单位进"
danganzhi,A,会议,a-17,";四,整理保管;五,建立“两簿“(一是电报簿、二是","记录簿)。1963年7月18日“县委办公室负责同志在县委召开的区、社党委书记会议上,传达了四川省档案工作会议精神。.1964年10月6日、中共.芯溪县委办公室向全县各公社转发了四川省档案局“关于建立健全农村人民公社文书、档案工作的暂行规定2。善国园园1965年8月18日“县委召开"
danganzhi,A,处理,a-17,"查敌伪档案办公室,有关清档中的遗留问题,由县档案馆","。1971年3月“先后两次召开县革委办事机构、县属机关企事业单位文书档案工作座谈会。出席会议的有39个单位。具体研究加强文书档栾的领导,建立健全文书档案管理制度;做好文件、档案的清理和洁交等工作。|园国吴园吴2.|"
danganzhi,A,会议,a-18,"的文书档案。1976年12月14日“县文书档案工作","在县城召开。区、社办公室和县属单位文书档案人员参加了会议。会上传达了地区档案工作会议精神,参观了现场。县委书记牛文恭到会讲了话。1977年5月30日“苍溪地、县农村工作团党委、中共苍溪县委联合发出关于认定做好党的基本路线教育中形成的档案材料的通知之后,在工作团队撒走前,都分别做好"
danganzhi,A,会上,a-18,"开。区、社办公室和县属单位文书档案人员参加了会议。","传达了地区档案工作会议精神,参观了现场。县委书记牛文恭到会讲了话。1977年5月30日“苍溪地、县农村工作团党委、中共苍溪县委联合发出关于认定做好党的基本路线教育中形成的档案材料的通知之后,在工作团队撒走前,都分别做好了向当地党委进行文书档松的整理、移交工作。``1978年6月2"
danganzhi,A,处理,a-18,"案鉴定工作,各单位在訾定中抓了保留材料的调卷整理和","应销殿材料的审批,9"
danganzhi,A,会议,a-19,"日王28日“县委召开了全县197人的文书、档案工作","。县委办公室主任侯永康传达了地区档案工作会议精神,县委剪书记李开林作了题为《努力做好档案工作,积极为四化建设服务》的报告,县委办公室副主任杨正川作了文书、档案、保密工作、机要通信、来信来访检查评比的总结。李开林同志向21个先进集体和32名先进个人发了奖品和奖状。是年3月27日王绍"
danganzhi,A,会上,a-19,"工作会议在县城召开,历时3天,共34人参加了会议。","王绍文同志传达了地区科技档松会说精神,县委办公室副主任杨正川传达学习了中央书记处万里同志在全国科技档栾工作会议上的讲话和四川省政府批转全省科技栗案工10"
danganzhi,A,会议,a-20,"作","的报告,县委办公室主任侯永康作了保密、科技档案工作的报告,县委副书记牛文杰作了会议总结。1981年“档松局、馆开始编写《芯溪县大事记》,到年末,编写成文的大事记已印发到1973年。1982年6月29日_成立《芯溪县档案专业干部业务职称评定委员会“。侯永康同志任主任委员、闻书恺、杨"
danganzhi,A,会上,a-20,"栾局王绍文和歧坪区、县经委、县供销社等单位的同志在","交流了经验;与会人员参观了城郊区、县水电局、县农机一厂、县供销社、县政府的机关档案室和县档松馆。地区档案局副局长何子君对会议作总结发言。是年7月17日_县经委与县档案局、科委、建设局等单位组成了!科技档案工作评查小组,分赵14个科技档案单位,进行了检查和评比。评出好的单位四个,比"
danganzhi,A,发言,a-20,"案室和县档松馆。地区档案局副局长何子君对会议作总结","。是年7月17日_县经委与县档案局、科委、建设局等单位组成了!科技档案工作评查小组,分赵14个科技档案单位,进行了检查和评比。评出好的单位四个,比较好的6个,一般的1个,差的有3个。1984年“有38个县属修志单位陆续进入县档案馆查阅档栾资料,全年共接待查档人员7,234人次,调"
danganzhi,A,处理,a-23,"期间,档案工作重点抓了现行机关档案室的建立,由文书","部门立卷,认定清理积存文件和收集旧政权档案,开始筹建各级档案馆.1965年8月16日,经中共芯溪县委批准建立了“苍溪县档案馆“。建馆前,全县档案的收集、整理和业务工作的督促、检查,均由县委办公室和县政府办公室具体负贷。建倌后,县档案馆配备了专职十部二人,落实了档桥库房,增添了一亚"
danganzhi,A,旧政权,a-23,"的建立,由文书处理部门立卷,认定清理积存文件和收集","档案,开始筹建各级档案馆.1965年8月16日,经中共芯溪县委批准建立了“苍溪县档案馆“。建馆前,全县档案的收集、整理和业务工作的督促、检查,均由县委办公室和县政府办公室具体负贷。建倌后,县档案馆配备了专职十部二人,落实了档桥库房,增添了一亚必要的档案设备,开展了档案业务活劲,抚"
danganzhi,A,会议,a-24,"条件下,积极开展了栗案业务活动,召开了全县档案工作",",以点带面地抓了县城机关和区、社(镇)积存文件的整理,建立了部份大队的档案工作,抑了专兼职档案干部的业务培训和档案的鉴定等工作。1975年,在县委、县草委的关怀下,由县财政拨款3,000元,分别给全县各区、社(镇)增制档案柜1台。蓼上乡丕乏爹「垩壬彗晨主'芦昌写熹(丨S丨`甘矛I"
danganzhi,A,杀,a-25,"了编研工作积极广泛地提供了利用;加强了档案的消毒、","虫工作,最大限度地延长了档案的寿命,维护了档案的完整与安全。1980年至1985年,先后被南充地区和广元市档案局评为先进集体。档案工作是维护党和国家历史定实面貌的重大事业,是历史赋予每个档案工作者的光荣使命。为了适应整个社会发展的需要,全县档案干部正以百倍的信心,去实现档案管理的"
danganzhi,A,国民党,a-28,"在启境发展党员,建立组织,开展地下革命活动。图当时","右派制造白色恐市,党组织内部只能《单线联系,开展秘密活动,有关草命历史档桐至今已无从寻观。1933至1935年,红四方西罘在芯溪恩立了革命根据地,成立了县、区、乡苏维埃政叔,党的活动始由地下装入公开阶段,革命文物极多。但红军撒唐萝溪北上抗日以后,国民党右派、还乡团对苏区荚命人民进"
danganzhi,A,镇压,a-28,"民党右派、还乡团对苏区荚命人民进行威遢、搜查和残酷","。在这称情况下,革命文物遭叛严重毁坏。1951年,中夺革命老根据地访闰团来芯,在文景、三川、东溪、元坝等区和一些乡搜集带走了许多荚命文物(包括文件),余下的由县文化馆收藏至今。1957年3月22日,县委通知全县各区、乡党组织,继续拥紧收集革命历史档案,先后共收到26件,从建国前旧"
danganzhi,A,大会,a-30,"墙“1933年9月8日,苍溪县第一次工、农、兵代表","在文昌客召开,成立了苍溪县苏维埃政府。图为县苏维埃旧址(现文昌区供销社)伟招_江招0沥《河、洁振沥"".水0E一“-0d:河李[8酶′妻邕阙曦菩[洁冉…宁搔`〔蠹-踹x堀巯镗'熏晏孽【簧林一s,国沥标2东吴丨={.2._擎胬“}戛水招沥.心3园关,述标腱遏…e公院国,医菩〈纂愚E…"
danganzhi,A,处理,a-41,"和保管差弃甚大,晋民国中央政府曾颁发了k县政府档案","法》,要求按款、项、节、目组卷,并拟制了裆松分类、缩古、拟写标题、装订、归调等制度。但由于各方面的不重视,叉无统一的管理和研究部门,组卷实为各行其事,有文必栾,质量低劣。不少单位基于无人管理,公文散失甚多,加上民国32"
danganzhi,A,土改,a-42,",建国初,许多干部对它的重要性认识不够,1951年","时被工作团及区里的同志热了一些,以东溪乡烧的较多,有120斤,元坝乡40余斤,东青乡40余斤。大都是旧制公文、书籍及人员名册等。还有的因人事调动,走时材料未作交代,故有些材料一直查找不到。从1955年起,在全国范围内开展了社会镇反、内部肃反和审干运动。苍溪县于1955年10月成立"
danganzhi,A,镇反,a-42,"直查找不到。从1955年起,在全国范围内开展了社会","、内部肃反和审干运动。苍溪县于1955年10月成立的县“清理敌伪政治档案?》小组,从有关单位抽调干部10名,有计划地开展了历史档案的收集、清理工作。这次清理旧政治档案的重点,是民国时期苍溪县的历史档案。清理小组先分头到县城机关把材料集中到清理办公室,然后分别到区、乡收集,特别是到"
danganzhi,X,名册,a-42,"0余斤,东青乡40余斤。大都是旧制公文、书籍及人员","等。还有的因人事调动,走时材料未作交代,故有些材料一直查找不到。从1955年起,在全国范围内开展了社会镇反、内部肃反和审干运动。苍溪县于1955年10月成立的县“清理敌伪政治档案?》小组,从有关单位抽调干部10名,有计划地开展了历史档案的收集、清理工作。这次清理旧政治档案的重点,"
danganzhi,X,名册,a-44,"数量均不多,只有同学通讯录、纪念册、同院录、教职员","、县志等30多册。.二、现行资料“建馆以李至1985年,总共收集资料66种,5,013册(其中,书籍1,591册,报纸950本,刊物1,040卷)。主要内容有:鞍命领袖著作、革命史、党史、文学史;中央和地方各级党政部门,各个时期的方针、政策、法令、章程等的文件汇集或选编;各业务主"
danganzhi,A,公安,a-45,",分了门类,但润有系统整理,立卷后休零乱地堆存在县","局的一间楼房里。1964年县档案馆雇请县城待业青年5人,以一年时间装订了全部历史档案,加了卷皮,写了简单卷目。但休木拳文件内容和性质分类装订。1969年,县十命委员会再次组织力量,将档案缉了张号,编制了30,000多张卡片和落实材料、组织资料、军政人员名册等查拖工具,编写了部份专"
danganzhi,A,国民党,a-45,"同时还重新修补、装订了重点历史栗桐2477卷,复制","、三青团组织名册五本。所划全宗蛎不完全答合要求,但方便了查拖。整个档案已建了卡片,编写了检索工具。1973年,县档案馆又从工厂临时抽调了七位同志,花了半年时间,用了23后白纸,、150多斤树胺,对已破烂的2,840卷档案逐页进行了修补。固而档根厚度增加,案卷增加为2,980卷。1"
danganzhi,A,三青团,a-45,"新修补、装订了重点历史栗桐2477卷,复制国民党、","组织名册五本。所划全宗蛎不完全答合要求,但方便了查拖。整个档案已建了卡片,编写了检索工具。1973年,县档案馆又从工厂临时抽调了七位同志,花了半年时间,用了23后白纸,、150多斤树胺,对已破烂的2,840卷档案逐页进行了修补。固而档根厚度增加,案卷增加为2,980卷。1973年"
danganzhi,A,特务,a-45,"档案的性质和内容,整个档案又划分了囚个大类:“一、","、军警、地方武装类.这类档案共316卷,是1938年土1949年间的国民党苍溪县党部清36"
danganzhi,X,名册,a-45,"30,000多张卡片和落实材料、组织资料、军政人员","等查拖工具,编写了部份专题和人头资料,正确划分了全宗,做到了有目可查,有规可循。同时还重新修补、装订了重点历史栗桐2477卷,复制国民党、三青团组织名册五本。所划全宗蛎不完全答合要求,但方便了查拖。整个档案已建了卡片,编写了检索工具。1973年,县档案馆又从工厂临时抽调了七位同志"
danganzhi,A,特务,a-48,"镇长联遂会等主要单位的筑料所组成,主要内容是,各种","组织和特务控制机构的成立日期,组织竟程、人员活动等情决,多系各积名册、办法、会议记录、定令,派仝、昔文、报告和往来函件等。二、政府和党、团类。这类档案共811卷,是由苍溪县民政科,统计室、参议会、民敬馆、沥赋管理处、税捐处、征收处、商会、工会、农推所、银行、郎电、学校、乡镇公所、"
danganzhi,A,会议,a-48,"期,组织竟程、人员活动等情决,多系各积名册、办法、","记录、定令,派仝、昔文、报告和往来函件等。二、政府和党、团类。这类档案共811卷,是由苍溪县民政科,统计室、参议会、民敬馆、沥赋管理处、税捐处、征收处、商会、工会、农推所、银行、郎电、学校、乡镇公所、会道门和省保安队等单位的资料所组成。主如内容系各秦名册、表报、训令、指后、密令,"
danganzhi,A,会道门,a-48,"、商会、工会、农推所、银行、郎电、学校、乡镇公所、","和省保安队等单位的资料所组成。主如内容系各秦名册、表报、训令、指后、密令,代电,昔文、通知、汞说、组织章程、会议记录和往李函件等.三、司法类。这类档植共1,709卷,是由苍溪县政府、军法室、司法室、司法根、四川高等法院、四川闻中第囚分院和四川省十囚区督察专员公署等卑位的资料所形成"
danganzhi,A,法院,a-48,",是由苍溪县政府、军法室、司法室、司法根、四川高等","、四川闻中第囚分院和四川省十囚区督察专员公署等卑位的资料所形成。主要是民事纠纷、逵援、审途、镇压红罕、地下党和进步人士等情况。一舫多系诉状、昔文、密报书,密后、侦讯笔录、判决书、自新悔过书、保状、清剔办法、人事派令和往来丽件等。四、同学通讯录类。这类档栾共17卷,是1934年7月"
danganzhi,A,镇压,a-48,"署等卑位的资料所形成。主要是民事纠纷、逵援、审途、","红罕、地下党和进步人士等情况。一舫多系诉状、昔文、密报书,密后、侦讯笔录、判决书、自新悔过书、保状、清剔办法、人事派令和往来丽件等。四、同学通讯录类。这类档栾共17卷,是1934年7月至1949年11月,由国民党中央陆军年官学校、青年军预备干校、中训团二五罘官总队、军政部荣誉军3"
danganzhi,A,自新,a-48,"舫多系诉状、昔文、密报书,密后、侦讯笔录、判决书、","悔过书、保状、清剔办法、人事派令和往来丽件等。四、同学通讯录类。这类档栾共17卷,是1934年7月至1949年11月,由国民党中央陆军年官学校、青年军预备干校、中训团二五罘官总队、军政部荣誉军39"
danganzhi,A,国民党,a-48,"栾共17卷,是1934年7月至1949年11月,由","中央陆军年官学校、青年军预备干校、中训团二五罘官总队、军政部荣誉军39"
danganzhi,X,名册,a-48,"机构的成立日期,组织竟程、人员活动等情决,多系各积","、办法、会议记录、定令,派仝、昔文、报告和往来函件等。二、政府和党、团类。这类档案共811卷,是由苍溪县民政科,统计室、参议会、民敬馆、沥赋管理处、税捐处、征收处、商会、工会、农推所、银行、郎电、学校、乡镇公所、会道门和省保安队等单位的资料所组成。主如内容系各秦名册、表报、训令、"
danganzhi,A,特务,a-49,"人教养院、陆军四十一军","长训练班、国防部预备干部局青年研究会、四川省十四区督察专员公署教育师资训练班、芯溪县地方行政干部训练所、苍溪县民众自卫组训干训班等单位的资料所组成。主要内容是,同学通讯录、纪念册、同院录、教职员名册等。馆内依熊既定全宗的次序入柜、编号、排列,并同历史资料一起专存一个库房,分柜保管"
danganzhi,A,会议,a-49,"月这段时间,县委、县人委(县政府)领导在有关的大小","上,蛭一再强调档桃工作的重要性,但因缺乏严密的组织措施和健全的档案工作制度,因而在机关文书的立卷、归档和管理方面,休存在混乱现象。1956年10月,中共萄溪县委、县人委机关档案室建立后,县属各单位也陆续建立了栾栾宦,一般都有专职或兼职人员管理这一工作。首先在县人委的一些部门试行文"
danganzhi,A,处理,a-49,"职人员管理这一工作。首先在县人委的一些部门试行文书","部门立卷归档的办法,确定了民政、财政、卫生、手管、人事、文化教育等13个科、室、委、局为立卷单位。这些单位编制了“案卷类目,将平时已经办完的文件,及时放入已编好的案卷类目卷宗内,使各种文件“对号入座,各得其所“,基本改变了文件保管的混乱和承办人分散保管的现象,便利了查找利用,为年"
danganzhi,A,乡长,a-49,",发现问题,及时通报全县各区、乡。在同年5月的区、","会议上,县人委办公室的负责人作40"
danganzhi,X,训练,a-49,"人教养院、陆军四十一军特务长","班、国防部预备干部局青年研究会、四川省十四区督察专员公署教育师资训练班、芯溪县地方行政干部训练所、苍溪县民众自卫组训干训班等单位的资料所组成。主要内容是,同学通讯录、纪念册、同院录、教职员名册等。馆内依熊既定全宗的次序入柜、编号、排列,并同历史资料一起专存一个库房,分柜保管。附,"
danganzhi,X,名册,a-49,"成。主要内容是,同学通讯录、纪念册、同院录、教职员","等。馆内依熊既定全宗的次序入柜、编号、排列,并同历史资料一起专存一个库房,分柜保管。附,芯溪县档案馆历史档案全宗划分表(见下页)现行档案“建国后的1950年至1956年9月这段时间,县委、县人委(县政府)领导在有关的大小会议上,蛭一再强调档桃工作的重要性,但因缺乏严密的组织措施和"
danganzhi,A,杀,a-5,"为了巩固自己的统治,镇歧人民群众的友抗,不择手段抹","档案资料的眠实性。只有在新中国成立后,档案才以它的可信性眠正为人民的事业所利用。本志书从苍溪档案的产生,焘化、发展,到代天系统地集中保管和利用,都作了较为翔实的记述,从而阚明了档案的发展规律。档案是历史的真实记录,是科学文化知识的宝贵财宾。档松具有重要的凭证和参考作用,它作为机关"
danganzhi,A,斗争,a-5,"查考的依据,为党政领导和各项业务工作服务;它是生产","、经济建设经验的总结,为无产阶级的政治斗争服务;是教育人民和子孙后代的生动教材,为振奋民族精神、推动社会主义事业不断前进的动力。这些在志书中均有所记载,充分体现了志书的《资政、教育、存史“的作用。县档案馆、局自建立以来,在党委和政府的领导下,按照档案工作的方针,做到政治与业务的统"
danganzhi,A,国民党,a-50,"名称案卷数、(星党郭、县党部执委会、党回区分部1|","苍浜县党、团部全宗清共委员会、各绥晋公唐、巴山籁备|7卷}司令部)2|苍溪县司法室全宗(含四川高等法院、阉中第四分院)493卷|芸源晋农法室全宗(居居兵国2民众自卫总队、在乡军管会、团民|26s卷4|苍溪县警察局全宗(省保安队、防护团、看守所、保安司令部》|51卷芸溪县政府全宗“"
danganzhi,A,法院,a-50,"备|7卷}司令部)2|苍溪县司法室全宗(含四川高等","、阉中第四分院)493卷|芸源晋农法室全宗(居居兵国2民众自卫总队、在乡军管会、团民|26s卷4|苍溪县警察局全宗(省保安队、防护团、看守所、保安司令部》|51卷芸溪县政府全宗“参议会5秘书室、统计宇、民政科、财樵科、教育科、建设科「军事科、||6恩社会科、财委会、民教馆、田赋粹"
danganzhi,A,看守所,a-50,"|26s卷4|苍溪县警察局全宗(省保安队、防护团、","、保安司令部》|51卷芸溪县政府全宗“参议会5秘书室、统计宇、民政科、财樵科、教育科、建设科「军事科、||6恩社会科、财委会、民教馆、田赋粹食管理处、防空指挂部、商|《46会、农推所、卫生院、各区公署、乡镇公所、苍溪中学、各乡镇国民学枝、幼儿园、地征处6|苍溪县司法处全宗(省高等"
danganzhi,X,训练,a-50,"讯录、中训团2512军总队、军政部陆军41军牺务长","班、国防部预备干校、肯|0卷年研究会、苍源中学、城厉中心国民学枫.历届毕业生同学录、十四区师训班教职员通讯录、阅中省中同学录红"
danganzhi,A,发言,a-51,"了“关于加强区、乡文书工作“的专题",",主要解决那种随意丢失和销毁文件的现象。1958年元月县人委又组织专职档案人员到元坝、岐坪等5个区和沿途的10个乡,对文件材料的保管情况胡次进行了检查。绝大多数区、乡都执行了文件统一登记、交办、审批,定期清退、立卷归档和保管等制度。1959年,县属的25个党、政、群机关和企事业单"
danganzhi,A,处理,a-51,"县属的25个党、政、群机关和企事业单位,已建立文书","部门立卷的有2!1个,占84史。从此,在全县范围内全面推行了文书处理部门立卷工作,一直坚持到1985年。建国后,头儿年全县各机关企事业单位的积存文件的数量庞大,而且都涓有进行过整理,给平时的利用工作造成了很大困难。于1957年2月,县人委办公室组织了几个同志将所属7个科室1956"
danganzhi,A,会议,a-52,"的《根板“。县委并在岐姑区召开了区、社文书档案工作","。档案馆的同志在会上具体讲了区、公社和大队文书档案的整理办法,参观了现场。随后各区、社、大队集中时间、力量,在全县范围内开展了大规糠整理档案的活动。到1979年底,全县实现了县、区、社无积存文件。全县745个大队,已建立档案的有443个,占总数的60史。县档案馆内所有的零散文件也"
danganzhi,A,会上,a-52,"岐姑区召开了区、社文书档案工作会议。档案馆的同志在","具体讲了区、公社和大队文书档案的整理办法,参观了现场。随后各区、社、大队集中时间、力量,在全县范围内开展了大规糠整理档案的活动。到1979年底,全县实现了县、区、社无积存文件。全县745个大队,已建立档案的有443个,占总数的60史。县档案馆内所有的零散文件也迹行了彻底整理,共墓"
danganzhi,A,公安,a-55,"全宗|cao|芸洁具二轻供应公司全宗B44|苍源县","局全宗C21l|苍溪县建筑公司全宗B45苍溪县司法局全宗C22苍溪县电影公司全宗B46|苍溪县检察院全宗C23|苍溪县物资供应公司全宗B47|苍溪县法院全定一一皂厂芸笑林素晓一B48‖苍溪县民政局全宗一一T一一一|D1苍溪县电厂全宗《公“司“全“宗“群|_Dy苍溪县自来水厂全宗C"
danganzhi,A,法院,a-55,"院全宗C23|苍溪县物资供应公司全宗B47|苍溪县","全定一一皂厂芸笑林素晓一B48‖苍溪县民政局全宗一一T一一一|D1苍溪县电厂全宗《公“司“全“宗“群|_Dy苍溪县自来水厂全宗C1|苍溪县种子公司全宗D3苍溪县酒厂全定C2|苍溪县木材公司全宗Da苍溪县机制酒厂全宗C3|苍溪县社队供应公司全宗D3苍溪县印刷厂全宗C4‖茶溪星医药公"
danganzhi,A,会议,a-60,"75个卷。1965年8月县委专门召开了档案鉴定工作","之后,县级各机关也逐步开展了鉴定工作。县人委当即统一组织专职档案干部13人,结合有关部门拮业务的同志,共计24人,对县属有关单位的档案进行了清理和鉴定。疚鉴定档案之前,县档案馆先组织他们学习档案保管《新参考表》、《南充县档案清理鉴定试点工作的情况介绍》等有关鉴定工作的规定和文件。"
danganzhi,A,定案,a-64,"965年,县级机关有清理鉴定任务的34个单位,应鉴","卷共15,000多卷,其中数量最大的是县档案馆,有3,000卷档案需进行鉴定,约卞县级单位应鉴定数的30史。截至当年10年31日止,县级机关已鉴定档案6,619卷,占应鉴定总敏的45史。经鉴定准备销毁的档案5,500多卷,大都登记了.销毁清册,待审批后处理。1975年12月底销毁"
danganzhi,A,处理,a-64,"档案5,500多卷,大都登记了.销毁清册,待审批后","。1975年12月底销毁1974年以前不归档文件21万多份。从鉴定试点情况看,档案中突出的问题是,不少单位多以作者特征组卷,文件年代不清,党政不分,请示与批复各在一卷;有的单位还将永久、如期、短期甚至不应归档的文件合装在一个卷内;有的案卷太机,若干间题组成一卷的也不少。县级各机关"
danganzhi,A,会议,a-64,"销社、城郊区委摇了档案进馆前的试点鉴定,召开了现场",",按煌档案的质量要求,把档案的鉴定工作做在进馆之前。在县档案部门的指导和帮助下,1980年底,全县九个区的档案有七个区作了鉴定,县属87个立档单位中,有丞仁结束了鉴定工作,共鉴定档桃3,337卷。以后一直采取鉴定一55"
danganzhi,A,会议,a-66,"的。保护_1982年5月,南充地区召开各县局、馆长",",安排布置了抢救褪焕档案的任务。会后,县档案局立即召开了县属部、委,室、局和公司的文书档案人员会议,传达了会议精神,强调了抢救褪焘档案的重要性和紧迫性。会议决定:已进馆的档案,由档案馆负责抢救;未进馆档案,分别由所在单位负责抢救。县档案局还对复制档案的具体方法、范围、重点和注意事"
danganzhi,A,法院,a-66,"日至6月10日,对县档案馆和9个区、县城的劳动局、","、公安局、检察院、物价局、商业局、百货公司、税务局、水电局、农行等重点单位的文书、诉讼、会计等档案进行了普查。检查结果,57"
danganzhi,A,公安,a-66,"月10日,对县档案馆和9个区、县城的劳动局、法院、","局、检察院、物价局、商业局、百货公司、税务局、水电局、农行等重点单位的文书、诉讼、会计等档案进行了普查。检查结果,57"
danganzhi,A,公安,a-67,"档桃,1965年发生过一次虫害。当时,栾桐存放在县","局看守所楼上,因无人管理,房屋又漪雨,因而发生了虫害。这些档案接收迹馆后,选用松节油和滴滴畏混合药液喷杀,效林很好,以后汗有发生出蛀现象了,1984年新接收的6,185卷档案,分三批进行了消毒杀虫,每个档案祛内还放了防虫药物。此后,县档案馆所接收的栗松、资料、都先朽出消毒,后入柜"
danganzhi,A,看守所,a-67,"1965年发生过一次虫害。当时,栾桐存放在县公安局","楼上,因无人管理,房屋又漪雨,因而发生了虫害。这些档案接收迹馆后,选用松节油和滴滴畏混合药液喷杀,效林很好,以后汗有发生出蛀现象了,1984年新接收的6,185卷档案,分三批进行了消毒杀虫,每个档案祛内还放了防虫药物。此后,县档案馆所接收的栗松、资料、都先朽出消毒,后入柜排列,防"
danganzhi,A,杀,a-67,"。这些档案接收迹馆后,选用松节油和滴滴畏混合药液喷",",效林很好,以后汗有发生出蛀现象了,1984年新接收的6,185卷档案,分三批进行了消毒杀虫,每个档案祛内还放了防虫药物。此后,县档案馆所接收的栗松、资料、都先朽出消毒,后入柜排列,防止虫害发生。1981年7月13日,苍溪出现百年不逼的特大洪灾。县城在受到嘉陵江洪水威肿时,县档案"
danganzhi,A,处理,a-68,"关栗案室,为机关工作、肃反、审十、发展工农业生产、","纠纷、落实政策、教育科研、絮荣经济、加强文明建设、编史修志等方面,提供了栗案材料,收到了明显的社会效益和经济效蕃检松工具“县档案馆(窒)自建立以来,主要编制有下列检索工昌,“栗卷目录“:即栗案案卷名册,是统计档案数量,了解档案内容,提取案卷的基本工具。各机关裆案室和县档案借,从建"
danganzhi,X,名册,a-68,",主要编制有下列检索工昌,“栗卷目录“:即栗案案卷",",是统计档案数量,了解档案内容,提取案卷的基本工具。各机关裆案室和县档案借,从建立以梓,59"
danganzhi,A,反革命,a-69,"后编制有“一打三反(即反贪污、盗突、投机倒把、打击","的破坏活动)定案人员目录、全宗档案目录、反动党团目录、资料目录等。“专题卡片“:是根据档案内容编制的某些主要方面的指引性工具。县档案馆先后编制有土地证所在全宗、所在案卷和所在乡、村卡片,旧政权人员卡片、旧政权组织、资料卡片,档案存放片卡等。《专题资料?:县档案馆先后编制了文书档案"
danganzhi,A,破坏,a-69,"“一打三反(即反贪污、盗突、投机倒把、打击反革命的","活动)定案人员目录、全宗档案目录、反动党团目录、资料目录等。“专题卡片“:是根据档案内容编制的某些主要方面的指引性工具。县档案馆先后编制有土地证所在全宗、所在案卷和所在乡、村卡片,旧政权人员卡片、旧政权组织、资料卡片,档案存放片卡等。《专题资料?:县档案馆先后编制了文书档案全宗排"
danganzhi,A,定案,a-69,"(即反贪污、盗突、投机倒把、打击反革命的破坏活动)","人员目录、全宗档案目录、反动党团目录、资料目录等。“专题卡片“:是根据档案内容编制的某些主要方面的指引性工具。县档案馆先后编制有土地证所在全宗、所在案卷和所在乡、村卡片,旧政权人员卡片、旧政权组织、资料卡片,档案存放片卡等。《专题资料?:县档案馆先后编制了文书档案全宗排列示意囹,"
danganzhi,A,旧政权,a-69,"后编制有土地证所在全宗、所在案卷和所在乡、村卡片,","人员卡片、旧政权组织、资料卡片,档案存放片卡等。《专题资料?:县档案馆先后编制了文书档案全宗排列示意囹,档案、资料存放索引,《芯溪县档案馆介绍》等专题资料。资料汇编“1958年召开全国档案工作会议,会上提出了“利用为纲?的档松工作方针,在“浮夸风“思想的影响下,芯溪档案工作也走了"
danganzhi,A,会议,a-69,"》等专题资料。资料汇编“1958年召开全国档案工作",",会上提出了“利用为纲?的档松工作方针,在“浮夸风“思想的影响下,芯溪档案工作也走了一些夷路。1959年{月4日,芯溪县委和县人委办公室贯彻内江会议精神,召开了编写档案资料利用工作专门会议,会议要求在同月10号前每个部门编写出20种资料。会后县人委办公室在城郊公社摇了试点,召开了"
danganzhi,A,会上,a-69,"题资料。资料汇编“1958年召开全国档案工作会议,","提出了“利用为纲?的档松工作方针,在“浮夸风“思想的影响下,芯溪档案工作也走了一些夷路。1959年{月4日,芯溪县委和县人委办公室贯彻内江会议精神,召开了编写档案资料利用工作专门会议,会议要求在同月10号前每个部门编写出20种资料。会后县人委办公室在城郊公社摇了试点,召开了队长以"
danganzhi,A,旧政权,a-70,"(L一8届)人代会筒介》、《芯溪县大事记》、以及《","人员昔报材料?等43万多字的资料汇编。第六节统“计苍溪县档案馆从1960年至1979年只搐了一些档案零星统计;1980年至1985年,建立了档栾统计制度,按照苍溪县档案工作的实际情况,每年都对主要项目作了统计;1983年起,按熙国家档案局制发的档案统计项目,正规地开展了统计工作,"
danganzhi,X,名册,a-70,"、“档案查阅借阅效果登记箍“等。县档案馆建有“全宗","、《档案进馆登记簿“、“档栾利用登记簿“、“设备、财产登记籁、“全县档案数量统计表、“馆内温温度记载篝“、《档案鉴定、销毁登记簿“、《档桃褪变抢救6"
danganzhi,X,名册,a-71,"复制登记簿“和“十部","“等。档案统计制度建立后,对全县档植工作情况有了全面的了解,各机关档案室的状况更加清楚,为全县的档栾业务指导,加强档松事业的建诱,都有促迹作用。附一,苍溪县1960年档桃基本情况统计表附二,芯溪县1980年栗案基本情况统计表附三,芯溪县1985年档案基本情况统计表附四,芯滑县档案"
danganzhi,A,处理,a-72,"步趋盐镗定才『当寡胃3，f玉R」7』苍利重份文件、","材料26,624件,不相隶属文件56,604件,临用|批准销毁数时性通知、便函508份,剔出重份资料6,708份棣,文档|人次86人次|科档|人次35人次况|档案利用情况,1|国纸4张书案|调卷155卷|技案|调卷65卷采取《以会代训9方法,1一月份召开业务培训5次,参加人业|干"
danganzhi,A,会议,a-72,"县属、区级机关单位,1个厂,5个公社′训|召开业务","|召开档案业务工作会议2次,参加人数198人63"
danganzhi,X,名册,a-73,"、发展工农业生产均起了作用编剩检|档案收进籁、全宗","、档案存放索引、资料存放索引、档案利用筱索工具|案卷目录46个栗案人员|期“数|“性质|粘均每朝|培训对豚一一一|文档案|科技档桐|一一一一专职|兼职培训情况87托1期511人127人科渡技档案人员配备保管档案|的入企业_1333袋(卷)移技档栗巾,70|限名3、,w|袋属机务档"
danganzhi,A,会议,a-79,"档案的立卷归栾和管理方面的试点,召开了有关专业档桃",",初步建立了收集;管理、利用等方面的制度。1983年起,正式列入档案统计报表项目。第-节技科档案建馆后的1962年,全县撒、并和全民转集体的工厂、机关共5个单位,在撒、并、转过程中,县档案馆忽视了抓档案的整理移交工作,大部份技术档案材料散失。其中华莹山疏磺厂开办四年多时间,仅存有"
danganzhi,A,会上,a-80,"公室负责同志在","强调了拱好科技档案工作的重要性和急迫性,布置了科技档案工作任务,提出了摇好这项工作的具体要求。会后,兵水电局、农机一厂等单位加强了领导,落实了专兼职档案人员,健全了制度,增添了设备。有的主管部、局还检查了所属单位会后的行动情况,发现问题,及时研究解决。县档案局经常派出人员对县麻纺"
danganzhi,A,乡长,a-80,"1983年6月,县政府召开的县属机关部、局长和区、","会议上,专门学习传达了万里副总理在全国科技档案工作会上的重要讲话。同年7月,县档案局、县经委、县科委统一组织力量,对全县有科技档案的26个单位进行了检查。评比结果,有66外以上单位的档案达到了质量标准。1985年,全县有科技档栾单位28个,配备专职档案干部4人,兼职24人,保管档"
danganzhi,A,会议,a-80,"83年6月,县政府召开的县属机关部、局长和区、乡长","上,专门学习传达了万里副总理在全国科技档案工作会上的重要讲话。同年7月,县档案局、县经委、县科委统一组织力量,对全县有科技档案的26个单位进行了检查。评比结果,有66外以上单位的档案达到了质量标准。1985年,全县有科技档栾单位28个,配备专职档案干部4人,兼职24人,保管档栾总"
danganzhi,A,法院,a-82,"城建档案工作打下了良好基础。第四节“诉讼档案县人民","1950年至1969年应进馆的诉讼档案9,824卷,其中民事诉讼档案2,613卷,刑事诉讼档案7,211卷,已于1986年3月19日移交县档松馆保管。县档案馆组织力量,将这批档案全部进行了整理加工。对少敏同一案件分装两卷或三卷的,为了便于查找,合并为一卷;大多数栾卷内夹有小档案袋"
danganzhi,A,发言,a-83,"交通局在航管站召开会计档案现场会时单位负责同志正在","。74"
danganzhi,A,会议,a-84,";(3)认真接交;(4)整理保管;(5)建立电报、","记录两簿。1964年县委办公室在区、社书记会议上组织学习了南充地委办公室转发《营山县检查新民公社文书档案工作情况的通知》,转发了省档案局《关于建立健全农村人民公社文书档案工作的暂行规定》,落实了区、社两级兼管档案人员,开展了积存文件的清理、归档工作。1975年,在清理积存文件中,"
danganzhi,X,训练,a-85,"二节培。训建馆时,有档案干部2人,先后都经过省栗案","班培训。1973年以后调到县栗案局、档案馆的7个同志,有4人参加了省档训班的学习,1人参加了地区栾桃班的培训,!人在南充电大档案班学习。1980年后,县档案局、馆的干郭,每周还以半天时间集体学习业务,先后学习了k文书学》、《栗桥管理学》,《档案工作基本知识讲稿》、k科技栗案基本知"
danganzhi,A,处理,a-86,"培训三至五天,学习主要内容是,文书","和档案工作甄论,文书材料立卷归桐和档案鉴定的具体要求和方法,档案规章制度的建立与实施等。短训班理论联系实际,用“《一看(看兴型示苑)、二讲(专业人员辅导、学员相互交流经验)、三做(实际操作)“的方法,使学习的同志将自己所带的文件材料,训短训班组卷实习,这样,既学到了理论知识,又提"
danganzhi,A,公安,a-86,";1975年在城郊公社搞了公社墓理积存文件的点,在","局摇了县属单位整理档案的点;1977年在岐坪区委和青春大队搐了区和大队整理档案的点;1980年在县农机一厂和县水电局搞了科技档案的点;1983年在城郊区搐了应迹馆档案质量标准的点;1985年在县广播局、县物资局摇了会计档案的点。通过试点,摸索出经验后,就召集县城单位和区、乡档案人"
danganzhi,A,会议,a-86,"还为南充地区档案局在苍溪召开全地区档植工作业务指导","作了充分准备。会上县档案局作了77"
danganzhi,A,会上,a-86,"在苍溪召开全地区档植工作业务指导会议作了充分准备。","县档案局作了77"
danganzhi,A,公安,a-87,"档案工作摇得好的城郊区、城郊乡、县水电局、供销社、","局、劳动局、交通局、经委、县档案馆等九个单位。现场指导“县档案倌一建立,在编的两位同志就到县城各机关协助档案的整理和进馆工作,使20多个单位将1957年以前的档案送进了县档案馆。1974年至1976年,县档案馆的干部,先后深入到东溪、元坝、岐坪、龙山等区和陵江镇、县供销社、银行、"
danganzhi,A,会议,a-87,"程,每年都要开一至二次区、社和县城单位文书档案工作",",布置、检查、总结这方面的工作。1975年芯溪县革命委员会向县属机关和区、社发出通知,把单位领导重视、档案人员落实、热爱本职工作,本机关从成立之日起至1974年底止,各种文件材料全部立卷归档78"
danganzhi,A,会议,a-88,"共同进行检查。在检查评比的基础上,召开全县档案工作",",对评选出的先进单位和个人,给予奖励或通报表扬。1980年全县开展了保密、文书档案、机要通信大检查。县委从县委办、档案、保密、邮电鄂门抽出15名干部,组成三个检查组,从是年元月13日至24日,以12天时间,深入区、社、大队和县城机关分片交叉检查。重点抽了区委、区公所、邮电支局、粮"
danganzhi,A,处理,a-89,"编号_阅|号|号|号苍溪县|苍溪县人民政府档案文件","|||54.6.18|B2|3|35一38人民政府|意见′中_共苍|县委关于清理敌伪政治档案资55.9.29|Al|1191一94溟县委|料的工作意见…中共苍溪县委机关文书处理工056.3.5【Al|45|45一56作与档案工作暂行实施细则(草稿)关于撒区并乡后档案问题的处/|5"
danganzhi,A,会议,a-90,"县档案倩关于贯彻执行地|总号(655||委档案工作","精神和今后工作的65.8.4s8fAl|1|66溪县委|安排意见004||中共苍溪县|关于进一步做好档案工作的蝶|总号一,′命命`165.9.29|A1l|1]79委办公室|见0o121|:县草委|“70年清档工作基本情况和今后一_-,71:.2|Al|150|139一146清档"
danganzhi,A,会议,a-91,"档案工|〈74县革委74,10.12|B2|19作","纪要084县鞍委|关于印发建立健全生产大队档74.9.12|B21137办_公_室|案工作的意见关于召开县属单位文书档案工仁74s10,|B2|1|15一22作会议纪要茶溪县|关于印发k机关文书档案保管76.12.10|A4|11档案馆|期限表的通知县委|关于开展文书档案鉴定工作"
danganzhi,A,处理,a-92,"|20一23委办公室|的通知3号关于复制档案和文书","工作|苍委办发0《1983183.1.22|A4|2|24一27′中一些具体问题的富见4号明"
danganzhi,A,斗争,a-95,"抄录印发外地发函和所查人员下落。整个工作是为“阶级","服务“的。因此,它是《文化大革命?极左路线的产物。1969年10月,县革委又从全县抽调一批干部充实到清档办公室,使该室人员增加到36人。将原来四组一室,改为五组(深控、阗卷、档案、落实、汇编)一室(办公室)同年12月省清档工作会议结束后,全县区、社、大队、街道层层建立了清档落实小"
danganzhi,A,会议,a-95,"案、落实、汇编)一室(办公室)同年12月省清档工作","结束后,全县区、社、大队、街道层层建立了清档落实小组,由各区、社武装部长和公安干部具体负责查找工作。全县共建立专案组839个,其中区级九个,社(镇)级69个,大队749个,街道15个,形成了一支庞大的清档落实“敌伪人员“的“骨干“队伍。从1968年至1973年,县清档办公室查阅了"
danganzhi,A,公安,a-95,"、街道层层建立了清档落实小组,由各区、社武装部长和","干部具体负责查找工作。全县共建立专案组839个,其中区级九个,社(镇)级69个,大队749个,街道15个,形成了一支庞大的清档落实“敌伪人员“的“骨干“队伍。从1968年至1973年,县清档办公室查阅了国民党苍溪县党团部、县政府、警察局、军法处,司法处等重点档案2,862卷,同学"
danganzhi,A,国民党,a-95,"队伍。从1968年至1973年,县清档办公室查阅了","苍溪县党团部、县政府、警察局、军法处,司法处等重点档案2,862卷,同学录27札。在五年多的时间里,共查出“罕、〈警“、《宪、《特“30,987人,闵全国各地发出“敌伪“人员线索6,000余件,接收外地寄李我县“效皋"
danganzhi,A,斗争,a-96,"料等做了一些工作,但因受“左“的路线影响,拱了阶级","扩大化,使一部份干部群众受到迫害,造成了不良政治后果。837"
diminglu,A,土改,d-114,"县所辖。解放后,1951年建政为古楼乡。1952年","后,淅整行政区划,将原昂化县所属部份划归苍溪后建立鸭溪乡和古楼乡。1955年鸵溪、古楼两乡合并为鹏溪乡。1958年为砺溪人民公社至今。全社地属山区。地势北高南低,山坪陡峪,沟谷幽深,东南部较为平缓,嘉陵江纵贯境内8个大队。--舫海拔;00至700米,黑猪梁最高,海拔1015米,张"
diminglu,A,死于,d-119,"坡,鸵溪寺YuanxTs1描红有哉阜仰关史亡之耆而","此地,乡人炕资路`杨家坝angj15ba山间平坝,住户杨姓居多。'朱家坡Zhaj15p5|平缓山坡,住有朱娃人家。`一一一一00一,(103)蔓团li"
diminglu,A,死亡,d-12,"长率降至3.74%,人口出生率降至10.3%,人口","率降至6.56希,计二划生育率达到83.98史,晚婚率达到89.35%,育龄夫妇已有11338对领取了独生子女`|证,占59.62史。,人′,(5)`|1一"
diminglu,A,地主,d-123,"多。国园`熹庄子岩ZhuangzIy6n此山岩原为","之庄子,故名。菩坪江大队Pfngj15ngDadui龚仪等宣据i絮资窖陡汀,故名,有耕地136言,y20′熹钱家坪QlI6njlapfng,地劾乐坦,佳户钱姑居多,故名。为坪江大队驻地。i陈家坪Chng115pfng山间平地,住名陈姆居多。熹李家嘴LTIazuT此山嚓佳户李姆命多"
diminglu,A,抗拒,d-13,"曾宿此留题。王佐墓;王佐系宋末利州(今广元)守将,","元兵尽忠死节。墓在县西北白桥乡长宁山,清邑令丁映奎为之建碑立亭。此外还有古苍溪《屏山远脓“》,《杜里游春,“云台仙迹?,“大获莲池2,“石笋连峰,《方山雪洞》,“紫溪金钗9,“曲江蔫翠2,《歧坪晚渡,“紫阳熹晓钟?十景和古县城“奎阁凌云?,“杜里游春2,《塔峰挺秀2,“峡堆耸翠“"
diminglu,A,乡长,d-13,"州(今广元)守将,抗拒元兵尽忠死节。墓在县西北白桥","宁山,清邑令丁映奎为之建碑立亭。此外还有古苍溪《屏山远脓“》,《杜里游春,“云台仙迹?,“大获莲池2,“石笋连峰,《方山雪洞》,“紫溪金钗9,“曲江蔫翠2,《歧坪晚渡,“紫阳熹晓钟?十景和古县城“奎阁凌云?,“杜里游春2,《塔峰挺秀2,“峡堆耸翠“,_〉“临江夜月,“《屏山晚“,"
diminglu,A,斗争,d-157,"5.7观。|1933年,红三十军曾在这里进行过革命","。1940年,地下党曾在歧坪建立过苍滓谨县委。歧坪场古为县治所在,早在晋武帝太康时(公元280一290年)曾在此建歧惟县。南`(141)|,,||′1eE"
diminglu,A,地主,d-161,"在距县城东北38公里的分水【岭。据查,元末一韩姓大",",祖籍河南南阳,为镇压反元农民军,组织《毛菁芦万户府“并号称南阳县,故名。解放前属皈白乡所辖;解放后建政,1951年成立南阳乡。〈1958年为南阳人民公社至今。.全社地属山区。地势东南高,西北低,-山梁较平缓,山坡多台地,沟谷较平坦、开闹,滇流呈羽状分布。一舫海拔450一600米"
diminglu,A,镇压,d-161,"分水【岭。据查,元末一韩姓大地主,祖籍河南南阳,为","反元农民军,组织《毛菁芦万户府“并号称南阳县,故名。解放前属皈白乡所辖;解放后建政,1951年成立南阳乡。〈1958年为南阳人民公社至今。.全社地属山区。地势东南高,西北低,-山梁较平缓,山坡多台地,沟谷较平坦、开闹,滇流呈羽状分布。一舫海拔450一600米,以细颈梁为最高,海拍"
diminglu,A,地主,d-162,"公N6ny6ngGa5ngshe据传,当地一恒姓大",",祖篡河南南阳,为效毛荽芦|南阳公社Y9509万户笛徊压发民超爻,赤华名佳旋号,故名「,分水岭Fanshufliang.为三江口和大洁口两条小溪之分水岩。南阳公社驻地。一-集市,非农业人口83人.三江大队SannjiangDadu1原禹【宏大队,以境内三江而得名,有耕在87讽,三"
diminglu,A,土改,d-168,"土乡。解放后建政,1951年成立漓江乡。1952年","后调|整行政区划,将漓江分为漓江、五凤两乡。1956年漓江、五凤两乡合并后仍为溶江乡。.'「1958年建立漓江人民公社至今。全社地属山区。整个地势狭长高晟,由西北向东南颗斜,东河贯穿其间,沟谷明显。一舱海拖700一900米,以龙享山为最高,海拔1218米,小士鲤最低,海投400米"
diminglu,A,死于,d-188,"丝神鲤尸观Lfshrguan棣信河春年有一朱大纳鱼","此,传为鱼糊,换尸建晏家噶Y6n115zuf此山多晃姆住一,故名。HuaguanDadui原名茹芭大队,仪榕内种写庙而得名。其庙顶雕龙丽花冠大队9“凤,五彬宾纷,有耕地678亩,836人。刑「刘家境LIuJiab15n地处平缓山坡,住户多刘姓,故称,为花冠大队驻地射弓大队Shsg"
diminglu,A,土改,d-198,"辖。解放后建政,1951年成立桥溪`乡,1952年","后分成桥涉、喻家乡。1955年合并后仍为桥溪乡,1958年为桥溪人民公社至今。`全社地属山区。地势西北高东南低,山岭起伏大,沟谷深而狡窍,东河从北至南洪浠经境内东部6个大队。一舫海捏850至800米,以与石灶公社接壤的九把斧最高,海抓1195.5米,以蟠龙溪和东河交汇处最低,海拔"
diminglu,A,地主,d-199,"坨大v庄子坪ZhuangzTpfng该地曾有一杨姓","的庄园,小察大队驻地。刀一伟人余有一标余知主的厂区小察一驻地。(183)"
diminglu,A,杀,d-221,",,`二郎关立rl6ngguan相传二郎神曾于此适","孰龙,后建一观置,大寨墒。Dazhalblin地处平缓山坡,建有一大泓,故名。「苍湾大队_CangwanDaduf,揣所陈W棣免腐2颅贾贾6,易“仁“为“怡I杨家岩Y6ngj15y5n住户多杨姓,苍涂大队驻地,`刘家角LIGJI61I6o“住户刘姓居多。,官,大沟河Dag5uhg"
diminglu,A,土豪,d-229,"933年,红军曾在石灶场建立过乡苏维捉。组织群众打","分田地,石刻标语部份〉}尚存。.马》`(213)|."
diminglu,A,斗争,d-234,"社五郎庙。李开湘同志曾在四峦寨一带组织群众进行革命","。1934年,红四方面军曾在元坝场、石门场、观音寺、三堆石、王渡场和元坝公社天井大队,建立过区、乡苏维埃。1935年,红军准备西渡嘉陵江,曾在王渡场小安滩河坝建过造船厂。境内有《大获城2,古为兵家要地。南宋理宗绍定年间都统孙臣、王坚所筑。理宗淳祝三年,为四川制置使余珍增修,聚兵屯"
diminglu,A,地主,d-240,"住户董姓居多,故秒。库楼湾K516uwan昔日蒂姓","曾于此建~小仓库,并宥楼闽,故名。白家器B6ijiazuf住户白姓居多,故称。李家湾LTjiawan住户李姓居多,故称。,`黄家梁大队耳u6ngj15|16ngDadu糖灯草家椿,丢而得各,勒地132定,1180人,原先|罗家大院子Lu6i15dayuanz1源沥洁颂仁7m6命学"
diminglu,A,斗争,d-252,"。老红军李开湖等同志曾在四峦墙等地纬织群众进行革命","。1《236)国"
diminglu,A,地主,d-253,"所居。|庄子湾Zhuangz1wan该地曾有一王姆","庄子,故称寻李家湾LT115wan处山湾,住户多李姑。辜|玉台山at6ishan其山高平突兀,昔白色,故称'金鹤大队JTnhkDadu1农塘内金蒸观而得吉。耕地879亩,1070人,原金华大金鹤观JTnhgguan相传该地有一对金鹤,后建庙,故名。金鹤大队驻地。美家坪JIangi"
diminglu,A,杀,d-263,"的干部和后勒人员撒退至燕窝岭在五标松处与敌人展开撕",",大部人员转移,少数同志狙击到弹尽援绝,抱着敌人滚岩就义,诸写了英雄史篇。|境内的《白马井,位于龙山场东侧。相传,古时有一将军骑白马至此,后在这里「引出地下水,长流不息,乡人砌一井,并用石琢饰一白马,站立井旁,水从白马口中喷出,故名。但在《文革?中遭砾坏,1978年修复,并安装了"
diminglu,A,恶霸,d-271,"命撞离,撒至燕窝岭向家祠堂宿营时,囚叛徒告密,被大","向龙光、向汝海等地生武装包围,大郡分人员转移,独下少数掩护的同志,在五棣松下与敌浴血撕杀,因寡不敌众;红军战士与敌人紧抱,滚岑就义现在4五探松“巳成为革命纪念地-《255)"
diminglu,A,杀,d-271,"人员转移,独下少数掩护的同志,在五棣松下与敌浴血撕",",因寡不敌众;红军战士与敌人紧抱,滚岑就义现在4五探松“巳成为革命纪念地-《255)"
diminglu,A,死于,d-283,"`,uaftqif传说0前--妇人,囚其丈夫遇汛洋","此,守寡城居,扩寡妇恭Gu6fiqldo集农建桥,故名。anzhaiDadut原名邹放大队、境内有天呆察(其察地劾高峻险要,晕天客大队TIanzhaiDadui,其定生之亢察),伟芒子朋噬甩B河标动高烨吊要“调】八角些“Bdjiaoling遮地有一水犯,其五口呈八角形,故名为天察"
diminglu,A,杀,d-292,"色故名.为红碑大队骅石板垭Shfbany5其山城多","状石头,故名。,一8yumDadu},眯传此地阮济一解元,,解元大队JiayuanDadui县椿光沥去林5传萧接淅年国有人由了奥元|,fiia116地处两山之间的角著.住户李妮属多,故名。为鲆元大|李家角【LIjI51I6o伟述留夺马踹梁Mtf1Ifang此山梁有儿个小石坑,酷似"
diminglu,A,处理,d-3,"作。本着尊重历史,保持地名稳定性,对地名作了标准化","。《苍溪县地名录》一就是在此基础上经过加工、提炼、充实编辑而成。,7本书记述了县境内行政区划及自然村、自然地理实体、人工建资、企事业单位、名,胜古迹等五类地名共4566条,并辑录了重要地名的概况材料96篇,苍溪县地图一幅。对各类地名的名称来历、更替及含义都作了考证,并对每条地名在"
diminglu,A,地主,d-308,"华里的空涂,故名。_庄子Zhuangz1此地以前为","的庄子。龙家涂L6ngii6wan其山海属有龙姓人家|李家院LTIiayuan,为李姓人居住的院茵`|杨家器Y6ngj15zuf原有杨姓人家居此山听。irW合Ienoxreon芒单戈大队DangiDadu1原眼丽涉大队。历墓内单敌石得名.有耦地75!命,单鼓石Dangishf此地"
diminglu,A,土改,d-310,"部分划归苍溪,1951年成立乡人民政府。1952年","后分为石马、师华、胜利3乡。1955年石马,中华、胜利3乡合并后仍为石马乡。1958年为石马人民公社至今。|全社地属山区。地势由北向南倾斜,岭谷相间,起伏较大,北部坡度较南部平缓。一般海拔600至800米,以文武寨915米为最高,与彭店公社清泉大队交界的文家岭海拔470米为最低。"
diminglu,A,斗争,d-316,"入苍前,革命活动就遍及一全县,苍溪中学即为开展革命","的中心,1932年在全校师生的强烈反对下,撒销了横-行霸道的团练局大队长陶泽渊的职务。不久,又扰起了“择师“运动,赶走了国民党县【【党部委员余光珀。教师郑伯辰,学生罗青长、李开湘、罗茂修、安征夫、李成先、陈运【′章、李中尧、赵成佐、谭永保等一批进步师生先后参加了共产党,宣传革命,"
diminglu,A,反对,d-316,"即为开展革命斗争的中心,1932年在全校师生的强烈","下,撒销了横-行霸道的团练局大队长陶泽渊的职务。不久,又扰起了“择师“运动,赶走了国民党县【【党部委员余光珀。教师郑伯辰,学生罗青长、李开湘、罗茂修、安征夫、李成先、陈运【′章、李中尧、赵成佐、谭永保等一批进步师生先后参加了共产党,宣传革命,教育民′众,组织农民参加抗捐\抗租\抗"
diminglu,A,国民党,d-316,"长陶泽渊的职务。不久,又扰起了“择师“运动,赶走了","县【【党部委员余光珀。教师郑伯辰,学生罗青长、李开湘、罗茂修、安征夫、李成先、陈运【′章、李中尧、赵成佐、谭永保等一批进步师生先后参加了共产党,宣传革命,教育民′众,组织农民参加抗捐\抗租\抗税、抗丁,为迎接红军,建立革命根据地起了积极作用。11933年红军到达苍溪,学校党组织和"
diminglu,A,豪绅,d-32,"户王姆居多。公坝Zhaog5ngba据传当地一陌姓",",为与四川都督赵尔锋攀亲,称赵公坝99_坝为赵公坝。为此杨家湾Y6ngji6wan其山海住户柏姓居多。李家涂LTJ15wan此滑住户李妍居多。81原名自合大队。1981个更为现名。以境内有白观子(白观大队B61guanDadui智河技人财吴标圆加咤禹八埕师有白观孔不白观子B61g"
diminglu,A,大会,d-341,"年9月8日,《JI[陕省苍溪县第一次工农兵代表一、","在这里召开。到会代表220人,大会宣布了苍溪县苏维埃政府的成立,通过了《苍1溪县第一次工农兵代表大会决议书》。县苏维捉政府设文昌场(今区供销社),辖石马、龙山、白庙、文昌、东溪、岳东、老观(现属阀中》、三川、新观、永宁、烟烽楼元坝12个区苏维捉81个乡苏维埃,488个杜苏维埃s苍"
diminglu,A,破坏,d-342,"古城增添了新的光彩。.,此城在十年动乱中曾遮受严重",",现所存无几。(322)"
diminglu,A,破坏,d-343,",有苍溪近城公园之称。可惜在“文革T,“中遭到严重",",现正在复修。|…|“白“塔“概诈、自塔(又名笔塔),位于县城之东4公里的塔子山顶,紧靠嘉陵江和阅(中)苍(溪)公路。〕′此塔系明代天启六年(公元1626年)所建,因塔为白色,故名。该塔形六方,全系石、砖熹`砌成,底部直径约5米,顶端直径约1米,高约20米,计九层,塔内为螺旋式构"
diminglu,A,会议,d-346,"鲜,1964年远销香港。同时还在印度新德里世界水果","上展出,深受国际友人好评。司近10多年来,曾多次被列为地、省和北京梨展俺的展品。1974年5月四川省果树所编入`《四川果树良种图谱》,1976年8月中国果树所编入《梨主要品种原色图谱》,生产和科研单位一致公认苍溪雪梨是沙梨系统巾优良的中晚熠品种,伏季佳果,香甜可口,营,养丰富。1"
diminglu,A,大会,d-348,"名称,重新进行了更“名,命名,并提请苍溪县人民代表","第四次常务委员会讨论通过,现通知于后。自公'布之日起,应用,书写全县区、公社(镇》、大队和街道居委会名称,均应以本通知为,准,凡不待合标准名称的应即更正。今后,未经批准,不得任意变更。,全县区、公社(镇》、大队、街道居委会的标准名称(括号内为更名前的名称)列后:王女大队(红卫大队"
diminglu,A,破坏,d-41,"。“临江夜月皆古县城《八景“之一,《文革“中啬倌遮",",仅存部分建筑,现已开始修复。熹，'〉“叠\2\.1《25)〗"
diminglu,A,公安,d-412,"》的工作中,我们得到了县水电局、统计′局、文教局、","局、农业局,林业局、社队企业局、农机局、气象局等有关单位的文叠持和配合,对此我们深表谢意。,1'一九八一年十二月全县地名普查工作结束,图、表、卡、文四项成果资料报经省、|,地验收后,根据上级指示,我们在完成四项成果资料的基础上,着手缉辑《四川省苍源|县地名录》的工作,提供各级有关"
diminglu,A,村民,d-43,"队QdnITngDadu158河伟吴加根伟大队,以","大郑尿山岩得名.有劾。一文家湾仁gn|16wan小山满,住有文姓人家。为群峙大队驻地。]花家坝、Hu6115ba此地住户花姓人家居多,故名。萝石院大队ShfyuanDadu1驿洁招年沥央-0当兄有一钢大的石院夙得名.有振|老屋岩Liowty6n为当地于姓家族之老尾基地。石院大队驻"
diminglu,A,击毙,d-60,"龟山战斗最激烈,敌军王志远旅被击溃,敌团长陈神杨被","。并在马柔场、东青场建立过区苏维埃。境内的青山观,古为青山驿,宋代爱国诗人陆游曾在此留题。造谐很深的贾家洞书法石刻,使众多的游人前往。鹫\一"
diminglu,A,击毙,d-65,"乡乃雕埃。1935年3月29日拂晓,红军曾在蟠龙场","敌团长陈岫朴。.}.,(49)「"
diminglu,A,地主,d-66,"名。庄房山Zhuangf6ngshan其山原有张姓","的庄房,故名。`佛腔岩F6qiangy6n其岩胞内刻有佛像,故名。王家岩Vngjiay6n有手姓人家居于此山岩.碑窝梁Dulw5116ng「当地有一大月,形芳确窝,故名。「,槐儿湾Hu6ierwan其山海多胺槐故名「飞寨子山Zhaizishan此山原建卷敌赛政名。】,中心大队Zh"
diminglu,A,地主,d-67,"huangf6ngplng山间小平地,早年建有一姓","的庄房。…高峰大队GaofsngDadu1因紧靠高城山之主峰得名。有耕地733亩,824人要园冉家包Rinjiabao此地有一小山包,住有冉姆人家,为高峰大队驻地。熹潮泥沟Chdonfgau其山沟多淤泥,故名。.寇家坪,“Keullapfng山间小平地,住户多窖姓人家玉京大队Y山"
diminglu,A,杀,d-72,"龛囊寅T了{…F赘勺〔毫营亘『菖泰】荃!『菩邑『寰","菖}盲熹郦*『晕『壶菖叠【「荤…'.标限邹诚′马蹄春Matfyan「关山深石上有东行小质,形若马险所踩,敦名。为琼硅大队驻地`任家山REnj15shan多任姆人家居此山。李家河LTJ1ahg个河沟,住户李姓居多,故名。,(56)"
diminglu,A,豪绅,d-76,"anq5地处山腹,故名。庄子Zhuong此地原有一","之庄房。.松林大队SanglfnDadui骆吊刹居大队.团垮内山坂松林沼寇得名,有貅地8841马家沟M3J11995u小山沟住户马姑居多故名-为松林大队驻地。4林家坪LfnjI5pfng早6有林姓人属住,故名。〈下冉家坝XIaranjTaba。山阅小平坝,住有胡娃人士,属上广家坝"
diminglu,A,地主,d-84,"6人。庄子岩Zhuangziy6n踏心为原为伐姑大","之序子,故名。为铜顶大队驻,一吴.宁家涂TMfngi5wan小山海住有宁姓人家。伏家坪F0Ji5qfug地势平坦,居有伏姆人家、\老阴沟LioyTng5u其山沟树木茂密、阮森故名。老晓坪Liow5pfng山间平地,原为当地伏妮家族之老晓,故名。“一一L(68)砺河园许园许园园许沥"
yiwengushi18,A,破坏,m-104,"文化品位,在川北乃至全省,均为罕见,让人慨叹。人为","永世憾响堂坟玄妙神奇的故事,高品位的文化,独特的景致给这里的人们带来了诸多欢乐和享受,但也为它自己招来了毁灭性灾难。′清初,有几个专事盗宝行当的陕西人嗝到这里,|盗掘了一些墓内金银财宝,盗拔了字库上的灵芝草。此次洗劫后,响堂坟变成了易冢,再也不响了。一九三三年红军来了,国民党旧政"
yiwengushi18,A,国民党,m-104,"响堂坟变成了易冢,再也不响了。一九三三年红军来了,","旧政权人员败走,地方政权一时出现真空,一些地疲流氓趁机打劫,响"
yiwengushi18,A,旧政权,m-104,"变成了易冢,再也不响了。一九三三年红军来了,国民党","人员败走,地方政权一时出现真空,一些地疲流氓趁机打劫,响"
yiwengushi18,A,拒绝,m-107,"善吴的妻子,起身要走,姑娘苦畜不放。在杨天伦的执意","下,姑娘答应说:“今晚让你回去,千万别对妻子说,从明日起,我教你学经十天十夜,定有好处。俏若你对妻子讲了,定不饶恕。“杨天佑出洞打了一只野鸡扫回家,一夜对妻子半向未谈当天的奇遇。次日,杨天佑来到当云洞,那姑娘对他倍加热情,教他学经修道。不觉又到傍晦,杨天佑又要回家,姑娘怎么也不让"
yiwengushi18,A,杀,m-113,"白龙带着五万天兵天将,下海捉拿青龙。|经一阵拼和厮",",最后白龙打不赢青龙,只好迷回天上。|玉帝火冒三丈,马上又派太阳神的九儿子二郎神|和火神老爷带着哗天犬和十万天兵天将,再次到海中|捉拿龙妖。火禀对二郎神说:“等我放真火烧海三尺,|引龙妖出海,我们再用锁兽链锁龙妖的头。“他又拍,拍哗天犬说:“到时你去抓他的鳝,这青龙最害怕揭|它的"
yiwengushi18,A,恶霸,m-12,"...........郁兴寿“21金老爷拯敏百姆王","关进石门….........鄄兴寿“27三角塘的唱和记事诗…....................,徐海道“30量亥沼e陵子仁35石人拙辑的传说…赵克健“38岳东之名传说二则…赳克健42亭子口史话.红云石“45"
yiwengushi18,A,杀,m-121,"危难之事。正在这时,马嘶声渐近,妇大悲,方知有人追","刘秀。在这千钩一发之际,她急中生智,叫刘秀下河藏匿水中,只露出口鼻,再将绿绿的菜叶盖于刘秀头上。在她精心布置下,谁也看不出一点破统。伪装毕,追兵至,莹军向妇大呵:“你见一过往儒生否?“妇搓头,穷凶极恶的萱军扬长而去。妇人如释重负,就这样救下了刘秀。河水发出涂涂的响声,好参是对荻军"
yiwengushi18,A,反对,m-121,"文化大革命中红卫兵要捣毁它,要铲除它,当地群众坚欧",",千方百计保护了我们古老的民族文化遗产,还栽上荆丛,把“汉昌河“三个大字避"
yiwengushi18,A,杀,m-127,"念念有词的人,时而摇头摆尾地跳神,时而装腔作势地打",",时而阴阳怪气地哮唱。修婆婆认得梨花,便把梨花拉到一边,不让梨花干扰赵春官施法。梨花要侯婆婆把处方拿来看看,不看则已,一看梨花就愣了,你道这是什么方子:响水滩上鲫鱼尿一两,半岩坡上凤凰草二两,老鹰脊上羽毛二两…...用四厅百草霜熨七个时辰。这是什么方子?还要熬七个时辰,熟药又不是"
yiwengushi18,A,杀,m-128,"施公子是天设地造的一对。但梨花是宫女,婉宫女又恐遭","身之检。因而在对梨花的婚事上施老汉的态度是不反对也不赞成。每次乡邻们当着施老汊说起这事时,施老汉都是支支吾君。日子一长,梨花也觉察到施老伯的顾虑,心里也便忧虑起来。很快,她这种忧"
yiwengushi18,A,反对,m-128,"恐遭杀身之检。因而在对梨花的婚事上施老汉的态度是不","也不赞成。每次乡邻们当着施老汊说起这事时,施老汉都是支支吾君。日子一长,梨花也觉察到施老伯的顾虑,心里也便忧虑起来。很快,她这种忧"
yiwengushi18,A,破坏,m-129,"家老伯治病的神汊么?“这赵春官也想起眼前位姑娘就是","了自己好事的梨花,眼里一道凶光掠过,心道:“大胆罪女,竟敢如此放肆,你等着瞬。“遂气势洮洮地吼道:“施老汊,昕说这位女子是宫女,还不快把她赶出家门,′留此罪犯作甚?“说昼头也不回地走了。不久,施老汉感上风寒,卧床不起,咬嘹不止。这天,施公子上九龙山后山挚药去了,施老汉拉着梨花的手"
yiwengushi18,A,村民,m-130,"后的一天,赵春官引着一伙官差闻迹|施家要押走梨花。","与官差讲理,未允,向赵春官求情,不理,村民们含泪送别梁花出山口。至于梨花后来怎么样,说法不一。有人说她在县衙公堂上出示了宫女的腰牌,被县衡押送至京,听凭|坂上发落,武则天听了她育水果救百姓的呈辞后,认|为她有功于大周,就敏免了她,梨花重返九龙山,与…施家公子成家,生活美漪并福。也"
yiwengushi18,A,豪绅,m-136,"花银“和“官食一席之资,百姓百口之食“的话。在官府","残酷掠夺、压迫之下,百姓忍无可忍,被逼绪队联邦,起来与之抗争。〉清乾隆末年,那些失去土地的农民,自发组织起来,一部分进入深山老林,星荒采矿,谋求生路。当时悄然兴起的反清力量一一白莲教趁机宣传教义,称说“将来换了世界,入教的人可以分到田地“。无路_可走的农民纷纷加入白蔡教,短时间内"
yiwengushi18,A,镇压,m-136,"到十多万|人。清廷闻此,非常恐慌,调集官兵大规模地","白|莹教。||一七九六年,当白莲教义军转战到四川时,苍溟|的一些爱国僧道徒,如黄和岩、马道人、文尼姑等号|召穷苦大众,先后在元坝老君山、店子沟玄坛庙、伏|公五皇寺、尼姑寺、火烧庙、五龙灯照寺等地,高点|太平灯、万年灯,植尚光明,意即光明一定能战胜黑暗,并练马操兵,与白莹教义军遥相"
yiwengushi18,A,地主,m-136,"应。清廷认为这是大逆不道,罪不宰敖,立即调集官军与","武装,对他们进行血腹镇压。起义军并不畏惧,在农民的支援下,给官军以迎头痛击。清军无奈,建筑土堡,坚"
yiwengushi18,A,破坏,m-143,"石牛掉头,去其不祥而送穹。后被任家湾富户发觉,遂以","地脉、损害风水之罪禀报县衙,诉请问罪。同治十三年县令毛隆恩〔江西丰城人)将双方传讯,问明情由,以为无稽,判令还石牛原方位而息讼,并咏石牛诗一首:怪石巍巍恰似牛,山中独卧几千秋,风吹逾体无毛动,雨打浑身有汗流;青草齐眉难开口,牧童敲角不回头,自古项下无绳索,天地为栏夜不收。诗句绝妙"
yiwengushi18,A,不服,m-147,"长令人把暖频挂在祠堂正门上方,让众人品评。一秀才很","气地提出,“流“字上面少写了一点(按:以书法艺术而论,此点可有可无)王栋随即将手中的那砝棉花向匮频掷去,距离七八尺,不偏不倚,正好落在“流“字“一“横的上方,恰到好处,使整个霞频更现风彩,更具神韵。此时人们方知来此两年多的长工王栋精通文墨,绝非等闲之辈。族长当即命人为其更换衣帽,"
yiwengushi18,A,地主,m-149,"夫子又教授出邬飞卿、邦昂等举人。此二人即为解放时大","邬四阶的先辈,此系后话,不赘述。王夫子在白鹤观开馆授徒二十余年,口碑极佳,远近爱戴。大约于一八九〇年(清光绪16年)前后,以七十余高龄辞世。王夫子其为何人?为何流落于此?据传说他系太平天国遗臣、朝廷钦犯。他极可能是翼王石达开的部下,在大渡河战败后逃亡出来,流落至苍溪的。王夫子由长"
yiwengushi18,A,死于,m-152,"后,才知真的许文田是个很有文才的进士,赴任时,暴病","河南开封。他狡狱的益,商侄儿趁机冒名顶替来茶任职,因此闹了很多笑话。据说“诚端公“原形毕霰后,被挺回原籍丢监。11,"
yiwengushi18,A,反对,m-153,"在永宁想购买永宁场的园宝山修筑教堂,因当地乡保绀士",",未能成功。后到白鹤乡新店子,以重金买下李自安的店错,李氏是一个大财主,曾有多处庄房,到了晚期家庭衰落,他的后代李卓新将新店子卖给英国人,大小房屋八十余间,山林六十多亩。原来房子很漆亮,是四角搬爪,长九间、四进的房子,排成一个八字形,有两道楼门,还建有几个凉亭。树木主要是松柏树,"
yiwengushi18,A,地主,m-154,"店子即可交到。因为教堂享有特权,所以清未多乱之秋,","富户多去新店子躲避,俨然成了“租界“。一八八二年英国传教师贾美玉等人从成都华西医院、阆中仁济医院来此传教、办学。大约是一九四二至一九四三年间,办有耶鲶真理小学校。学校教唱的歌曲内容是:“耶稣生在大卫家,犹太山城白丽恒,,玛丽亚将主抓在怀,东方博士来拜他,礼物献给他,,大家笑哈际!"
yiwengushi18,A,土改,m-155,"天下,若丧失了自己的炀,为他有什么益建2一九五二年","时新店子教产收奶国有,一九八三年又复归教会,由县林业局代管。现在新店子经省上批准成立了“苍溪县天主教爱委会“,除对原有房子整修外,又专门修建了大礼拜堂、小礼拜堂等。"
yiwengushi18,A,土地改革,m-156,"曾在这块土地上留下足迹,江下了革命的种子。,解放后","民主建政时期,在这个地方成立了兰|池乡人民政府。据有关史料记载:明朝的水马驿站道及全国,洪1武年间(公元1368年一一1398年)全国设有驿站1936处,在苍溪境内有槐树马驿、施店马驿。从保宁府(现'阎中》到利州(广元)相距360华里,设立有四驿九错。民间流传有句顺口滑“四驿九铸"
yiwengushi18,A,民主建政,m-156,"土地上留下足迹,江下了革命的种子。,解放后土地改革","时期,在这个地方成立了兰|池乡人民政府。据有关史料记载:明朝的水马驿站道及全国,洪1武年间(公元1368年一一1398年)全国设有驿站1936处,在苍溪境内有槐树马驿、施店马驿。从保宁府(现'阎中》到利州(广元)相距360华里,设立有四驿九错。民间流传有句顺口滑“四驿九铸一座楼,"
yiwengushi18,A,豪绅,m-160,";二、没收帝国主义在华的工厂、企业和银行;三、推翻","地主资产阶级和军闻国民党政府。......只刻了三条。还有《参加红军的十大好处》,如:“参加红军不当亡国双参加红军子子孙孙不出款子;参加红军有人代耕;参加红军吃穿不愁;参加红军穷人坐天下“等。现保存下来的石刻标语有1!条。如:,解放全中国工农!|反对帝国主义瓜分中国!;国民党是帝"
yiwengushi18,A,地主,m-160,"、没收帝国主义在华的工厂、企业和银行;三、推翻豪绅","资产阶级和军闻国民党政府。......只刻了三条。还有《参加红军的十大好处》,如:“参加红军不当亡国双参加红军子子孙孙不出款子;参加红军有人代耕;参加红军吃穿不愁;参加红军穷人坐天下“等。现保存下来的石刻标语有1!条。如:,解放全中国工农!|反对帝国主义瓜分中国!;国民党是帝国主"
yiwengushi18,A,国民党,m-160,"的工厂、企业和银行;三、推翻豪绅地主资产阶级和军闻","政府。......只刻了三条。还有《参加红军的十大好处》,如:“参加红军不当亡国双参加红军子子孙孙不出款子;参加红军有人代耕;参加红军吃穿不愁;参加红军穷人坐天下“等。现保存下来的石刻标语有1!条。如:,解放全中国工农!|反对帝国主义瓜分中国!;国民党是帝国主义瓜分中国的清道夫!"
yiwengushi18,A,反对,m-160,"存下来的石刻标语有1!条。如:,解放全中国工农!|","帝国主义瓜分中国!;国民党是帝国主义瓜分中国的清道夫!…打倒卖国的国民党!刘浑、田颂元、邓锡侯等不是川军,是整川里穷人的军队!消灭刘潘,赤化全川!参加红军保护田地房屋、父母妻儿!'争取独立自由的新中国!参加红军消灭了刘湘等川军棒老二,全川穷人永不出款!据当地老人目睹,当时,施店驿"
yiwengushi18,A,地主,m-161,"路过这里到广元,看到很多红军标语,就命令杨洪林〔大","杨登容的后代)三天内把所有标语刮完,当时毁了一些,有的还残存下来。解放后人们整理出来,保存了一部分,送到县文化馆。现在,施店驿虽只有其遗址,但怒改革开放以来,省、市、县有关专家、学者,还不时专车前来考察,他们对施店驿《即古葭萌驿)这个有名气的地方很感兴趣。"
yiwengushi18,A,杀,m-167,"难怪家中出事,原来就是这些孽障作怪。于是提刀弄斧,","了公鸡,劈了犁篡,将鸡炖上。不一会儿功夫,就使陈半仙饱餐了一顿。"
yiwengushi18,A,杀,m-17,"余后,到水库垂钓,或抓点盐巴逗玩羊羔,看公羊角斗,","跆跑羊,或登舍身崖,看神仙脚,游韩相子戏何仙姑仙境,或再去望夫坪,摸摸猫爪石,然后爬上笔架峰,极目远眯,"
yiwengushi18,A,处死,m-21,"是郑妃指使崔、李二人所为,于是崔、李被押往外地准备","。这件奋案史称“红丸案“。又据《明史宫廷内记》记载,光宗在位时,主郡天官王赐与崔、李二人交往甚好,感情深厚。王赐老家居巴西郡(今阅中)苍溪北溟沟(今天观乡柏溪村二组),这里山陡峰奇,展手能攘天。所以,后来人们按“王天官“的谐音称这里为“望天观“(埋葬王赐的“天官坟“现保存完好)。"
yiwengushi18,A,土匪,m-22,"。庙宇三进大院,规模宏大,二十世纪三十年代庙内常有","藏匿,为了清匪尼姑庙毁于战火。还有一个石岩上,有一只很大的脚印子,相传是韩相子畜下的。很久以前,陈母娘娘在望天观修行。那年天大旱,天下闸饥茵,她就给百姓燕饿馍吃,没有水拌面,就请了几个石匠在岩上打井。石头硬,打又打不动,过了好几批人才打了一个小坑坑。陈母娘娘看着天下的人挨饿,急得"
yiwengushi18,A,清匪,m-22,",规模宏大,二十世纪三十年代庙内常有土匪藏匿,为了","尼姑庙毁于战火。还有一个石岩上,有一只很大的脚印子,相传是韩相子畜下的。很久以前,陈母娘娘在望天观修行。那年天大旱,天下闸饥茵,她就给百姓燕饿馍吃,没有水拌面,就请了几个石匠在岩上打井。石头硬,打又打不动,过了好几批人才打了一个小坑坑。陈母娘娘看着天下的人挨饿,急得不得了,就在石"
yiwengushi18,A,国民党,m-27,"拜佛,求神许愿。过去庙里香火十分兴旺,一九三三年被","军队烧毁,许多雕刻古迹、碑文被捣毁,现只有一些残迹,破碑林立。小龙岗庙字也是始建于一千多年前,经历代多次修缮。相传过去这里规模宏大,庙内有三个大殿和若干耳房,是佛教圣地。庙宇金碧辉煌,庙会香火相当兴旺,僧人、尼姑曾一度达一百余人。庙内藏有很多经书和字板。后来,小龙岗咕宇经朝朝代代"
yiwengushi18,A,破坏,m-28,"人民苦未休。小龙岗庙宇在大跃进和文化大革命中相继被","、拆毁,许多文物及藏书、古迹先后遭毁坏,无一幸存。最后一名尼姑与一名和尚也死于二十世纪七十′年代的文化大革命运动中。少龙汽的石壁上镐刻有“古卧龙岗“网个大字,笔锐工整,刚劲有力。据传,三国时代蜀国丞相诸葛亮因积劳成疾,病死在或场上,璧耗传回成都,蜀国第二代皇帝刘禅非常悲伤,为诸葛"
yiwengushi18,A,死于,m-28,"古迹先后遭毁坏,无一幸存。最后一名尼姑与一名和尚也","二十世纪七十′年代的文化大革命运动中。少龙汽的石壁上镐刻有“古卧龙岗“网个大字,笔锐工整,刚劲有力。据传,三国时代蜀国丞相诸葛亮因积劳成疾,病死在或场上,璧耗传回成都,蜀国第二代皇帝刘禅非常悲伤,为诸葛家之妻黄氏亲笔写下“卧龙岗“三个大字,作千古怀念。魏灭蜀后,诸葛亮之孙诸葛尚和"
yiwengushi18,A,地主,m-31,",有人又看见白龙马奔跑起来了。红军一到吓坏了当地的","恶霸和反动民团、土匪特务,他们潜入深山密"
yiwengushi18,A,恶霸,m-31,"人又看见白龙马奔跑起来了。红军一到吓坏了当地的地主","和反动民团、土匪特务,他们潜入深山密"
yiwengushi18,A,民团,m-31,"龙马奔跑起来了。红军一到吓坏了当地的地主恶霸和反动","、土匪特务,他们潜入深山密"
yiwengushi18,A,土匪,m-31,"跑起来了。红军一到吓坏了当地的地主恶霸和反动民团、","特务,他们潜入深山密"
yiwengushi18,A,特务,m-31,"来了。红军一到吓坏了当地的地主恶霸和反动民团、土匪",",他们潜入深山密"
yiwengushi18,A,恶霸,m-32,"“18。苍溪轶闻趣事林,伺机反扑。大","、土匪头子王树森在向家梁一带聚集了1000多人的反动武装,联合了九龙、彭店、白岩、月尔湾、清泉寺的各路头目,抢劫九龙场,火烧石马街,疯狂袭击苏区,破坏新生的红色政权,群众对他们恨之入骨。驻扎在这里的红九军之一部,欧心要除掉这帮坏蛋。他们组织了精干的骑兵队伍,准一备配合游击队进行夜"
yiwengushi18,A,土匪,m-32,"“18。苍溪轶闻趣事林,伺机反扑。大恶霸、","头子王树森在向家梁一带聚集了1000多人的反动武装,联合了九龙、彭店、白岩、月尔湾、清泉寺的各路头目,抢劫九龙场,火烧石马街,疯狂袭击苏区,破坏新生的红色政权,群众对他们恨之入骨。驻扎在这里的红九军之一部,欧心要除掉这帮坏蛋。他们组织了精干的骑兵队伍,准一备配合游击队进行夜袭。可"
yiwengushi18,A,破坏,m-32,"的各路头目,抢劫九龙场,火烧石马街,疯狂袭击苏区,","新生的红色政权,群众对他们恨之入骨。驻扎在这里的红九军之一部,欧心要除掉这帮坏蛋。他们组织了精干的骑兵队伍,准一备配合游击队进行夜袭。可是向家梁两边的悬崖峭壁′如刀削斧砍,仅中间有一条崎岖险陡的小道可通寨口,匪徒们又在隘口修筑了坚固的工事,上下左右都架着机枪。土匪自我吹嘘说:“凭"
yiwengushi18,A,匪,m-32,"′如刀削斧砍,仅中间有一条崎岖险陡的小道可通寨口,","徒们又在隘口修筑了坚固的工事,上下左右都架着机枪。土匪自我吹嘘说:“凭着小寨天险,红军插翅也难飞上来。“红军攻打向家梁的消息传开了,可是过了半个多月还不见动静,匪徒们以为红军真的攻不上去了,郧晓得就在一个晓上,向家梁窃然响起了激烈的枪声,而下很快山上的白匪就被红军消灭了。这是咋回"
yiwengushi18,A,土匪,m-33,"声一停又出现了。敌人的子弹快光了,可马却越来越多。","官兵吓憾了,想从寨西逃走,可西面又冲出一支骑兵;想从寨东窃围,东面也杀出一支骑兵。东、西、南、北四面都冲出了马背上刻着“赤化全川“红色标语的骑兵。标语犹如万面彩旁飞舞,铺天盐地,“旗帜“下杀声霁耳。一个被吓得魂不附体的敌营长,他软瘫在地上等死,就在这时,他恍恍惚惚记得这马在郧里见"
yiwengushi18,A,杀,m-33,"西逃走,可西面又冲出一支骑兵;想从寨东窃围,东面也","出一支骑兵。东、西、南、北四面都冲出了马背上刻着“赤化全川“红色标语的骑兵。标语犹如万面彩旁飞舞,铺天盐地,“旗帜“下杀声霁耳。一个被吓得魂不附体的敌营长,他软瘫在地上等死,就在这时,他恍恍惚惚记得这马在郧里见过,想着想着,把大腿一拍,猛然醒悟:那三足石马背上不正有这幅标语吗?他"
yiwengushi18,A,匪,m-33,"石马场的神马在为红军助战,打不得呀!“被打怕了的白","官兵们经他这么一喊,更加心虚,都乖乖地缴械投降了。,当地百姓吻到这个消息,欢呼雀跃。人们异口同声说,这是石马呼唤来千万匹神马帮助红军消灭了敌人。,二十世纪八十年代中期,时逢改革开放的大好春天,石马镇党委、政府尊重当地民俗传说,顺应民意,增添文化氛围,重金聘请有关专家实地设计,在石"
yiwengushi18,A,地主,m-35,"挥着千军万马,在连年征战中,一个接着一个地击破各地","武装在镇压农民起义过程中形成的割据势力,直至他“得陇望蜀“,最后彻底打败了以公孙述为王的巴蜀所有敌手,使中国出现重新统一的局面。这时,光武帝看到深受战乱之苦的老百姓对各地豪强争夺地盘的战争早已恨透了,他便抓住民心思治的心态,兴文重教并大敖天下,释放奴婢和罗犯,净轻刑罚、徨"
yiwengushi18,A,镇压,m-35,"马,在连年征战中,一个接着一个地击破各地地主武装在","农民起义过程中形成的割据势力,直至他“得陇望蜀“,最后彻底打败了以公孙述为王的巴蜀所有敌手,使中国出现重新统一的局面。这时,光武帝看到深受战乱之苦的老百姓对各地豪强争夺地盘的战争早已恨透了,他便抓住民心思治的心态,兴文重教并大敖天下,释放奴婢和罗犯,净轻刑罚、徨"
yiwengushi18,A,杀,m-37,"军巴蚊,同四川王(公孙述)残部交战,刘秀骑千里驹追","到竹林场时,当地百姓和竹林河的艄公们积极酥合刘秀部队砍伐竹子架浮桥和以竹绳连接船只,使光武帝的队伍很忠顺利渡河,迅速追上了敌军,获得大胜。这次,光武帝因追千里驹重返当年战地(竹林场)}时,顿觉此地面貌焕然一新。当年砍得精光的大片竹林,经过百姓们的精心栽培管理,而今又茂密起来。人林"
yiwengushi18,A,大会,m-40,"小有名气。原四川省文化厅厅长钱来忠曾在全省文化工作","上表彰了晦马人民“湘求文化,百折不回,艰苍创业,白手兴文“的感人事迹。省政府授予晚马镇政府“为群众艰苦创业建乐园,蓉山乡脱贫致富办文化“的锦旋,并响亮提出学习“唤马精神“的号召。更可喜的是唤马山区教育「事业也蓬勃发展,中小学教学条件不断改善,教育质【量逐年上升。“唤马教师一条街“"
yiwengushi18,A,恶霸,m-41,"_金老爷挂救百姓王","关进石门“27「金老爷拯救百姓王恶霸关进石门郁兴寿说起“石门“与“关门石“的名称,来源是较古老的,故事也很离奇。东河支流一一苍溪县插江上游东岸有段悬岩峭-壁,在石壁中央有一崔明显的“石门“印迹,人们习惯称它“关门石“。相传,从前当地挣扎在死亡线上的穷苦青年秦爱民,有天被“金老爷“"
yiwengushi18,A,死亡,m-41,"印迹,人们习惯称它“关门石“。相传,从前当地挣扎在","线上的穷苦青年秦爱民,有天被“金老爷“请进石门,让他带出金元宝拯救了一方穷苦百姓。而贪得无厌的恶霸地主王世仁父子等,也被“请“进石门,他们欧意强行特走金老爷的金驴金马,激怒了金老爷,便将王氏父子等四人扣押两关闭了石门。后来,王氏族人绞尽脑汁,采用多种办法,甚至请来天下探宝、盗宝的"
yiwengushi18,A,地主,m-41,"让他带出金元宝拯救了一方穷苦百姓。而贪得无厌的恶霸","王世仁父子等,也被“请“进石门,他们欧意强行特走金老爷的金驴金马,激怒了金老爷,便将王氏父子等四人扣押两关闭了石门。后来,王氏族人绞尽脑汁,采用多种办法,甚至请来天下探宝、盗宝的高手们,都没有敲开那扇紧间的“石门“。故事端详是这样的。石门附近秦家湾里住着两三"
yiwengushi18,A,恶霸,m-42,"*28-苍溪轶闻趣事百户穷苦人家,祖祖辈萧都受当地","地主王世仁一家世代的欺诈和剥削。有个叫浑乡哥的小伙子长得身强力壮,聪明英俊,被王恶霸拉去当牛做马,旺尽了人间苦头。正当秦么哥与在王氏磅磨坊加工米面的美丽、聪慧、善良的女仆谢春华相爱,并商量准备一齐逃出虎口,找个安身之地,过上恩爱、甜蜜生活的时_候,却被王世仁发现。王世仁指使其管家"
yiwengushi18,A,地主,m-42,"8-苍溪轶闻趣事百户穷苦人家,祖祖辈萧都受当地恶霸","王世仁一家世代的欺诈和剥削。有个叫浑乡哥的小伙子长得身强力壮,聪明英俊,被王恶霸拉去当牛做马,旺尽了人间苦头。正当秦么哥与在王氏磅磨坊加工米面的美丽、聪慧、善良的女仆谢春华相爱,并商量准备一齐逃出虎口,找个安身之地,过上恩爱、甜蜜生活的时_候,却被王世仁发现。王世仁指使其管家王爱"
yiwengushi18,A,死于,m-42,"仅十四岁,则被王恶霸强奸。奔华在悲愤羞息之中一头碰","石磊。随后秦乡哥感到双目失明难以为春华报仇雪|恨,也就跟着春华而去,碰死在石磨盘上。恶霸地主)王世仁令其管家王爱狗将两位死者尸体拖出距家二百多丈远的地方,抛到悬崖峭壁下的插江中。事隔几年后,人们发现秦乡哥与谢春华落葬处的河岩石壁中央显露出一扇“石门“痕迹,当即引起大家的想象;秦乡"
yiwengushi18,A,恶霸,m-43,"金老爷拯救百姓王","关进石门*29。要婢妻成家立业了,明晚半夜鸡叫时你来石门,我们送给你一些金元宝拿回去,一来养家糊口,二来接济一方穷苦百姓。“河爱民醒后,将梦情说给父亲秦老大。于是,第二脱半夜鸡叭时,秦家父子走进了石门,等待他们的正是梦中那对白发老夫妻,一闪眼变成了金色的秦么哥和谢春华,并显露出金"
yiwengushi18,A,打死,m-44,"胖日修)桥兴场,不仅未能实现夙愿,反而酿成“朱石匠","杨贼爷“的一出悲剧;二是当今建起了一座小水电站,造福人民,圆了乡民多年的好梦。“好个三角墓,修桥又兴场,场迦未兴起,猪(朱)就拱死羊(杨)“的俚歌,一直在民间流传着。说的是清光绪年间,柏杨豪门贡生杨炳,人称“杨贡爷“,为渔商贸之刹,扩大自身势力,发起募捐之举,在三一角塘修桥兴场。"
yiwengushi18,A,毙命,m-45,",章用随身手锤向杨的头部猫击,致使杨脑_浆迸裂当场",",杨之随从见势凶猛亦鼠窜散选。朱|石匠独自奔向县衙投案自首,陈述了杨炳仗势歉人、鱼肉乡里、贪污桥资、不付工价等种种恶迹。县令将朱石匠承至现场侩讯情况属实,同时涂悉了杨炳的罪行,意欲对朱宽宥,免其一死。但杨的亲信及当地豪练宣嚷:“如此有功名之人,竟被一个粗鲁的石匠打死,世所罕见,如"
yiwengushi18,A,投案,m-45,",杨之随从见势凶猛亦鼠窜散选。朱|石匠独自奔向县衙","自首,陈述了杨炳仗势歉人、鱼肉乡里、贪污桥资、不付工价等种种恶迹。县令将朱石匠承至现场侩讯情况属实,同时涂悉了杨炳的罪行,意欲对朱宽宥,免其一死。但杨的亲信及当地豪练宣嚷:“如此有功名之人,竟被一个粗鲁的石匠打死,世所罕见,如不偿命,是有意纵凶,我们都不念书了。“县令惧怕地方恶势"
yiwengushi18,A,打死,m-45,"当地豪练宣嚷:“如此有功名之人,竟被一个粗鲁的石匠",",世所罕见,如不偿命,是有意纵凶,我们都不念书了。“县令惧怕地方恶势力,只得将案情详呈上窕,于翌年秋后复审,终杀朱石匠而“偿命“。世人作记事长诗一首;马首当年意欲东,临行吐气化长虹。人随骥尾心何壮,鞭指桥头态自雄。驻足町咛言娓娓,下车礼拜乐融融。只防孽障偷生过,邛料冤家窄路逮。祸"
yiwengushi18,A,杀,m-45,"地方恶势力,只得将案情详呈上窕,于翌年秋后复审,终","朱石匠而“偿命“。世人作记事长诗一首;马首当年意欲东,临行吐气化长虹。人随骥尾心何壮,鞭指桥头态自雄。驻足町咛言娓娓,下车礼拜乐融融。只防孽障偷生过,邛料冤家窄路逮。祸到身亡难避躲,殃遮毒抚已湘胺。须奥顶戴浆飞白,倾刻衣衫血染红。三步功名半日了,百年事业一场空。伤哉豪杰多凶毙,惨"
yiwengushi18,A,自新,m-49,"山顶上,修建客女殿一处,让玉姬修行以惩罚罪过,悔悟","。从此,玉姬独居宫观,身着布衣,三餐素食,每天早晚焚香裘告,过着朴素平静的生活。因有雷神守护,山下百姆自然不数上山入观。有一年天降暴雨,洪水朝天,宫观南山下哭声阵阵。玉姬忙出门探视,只见山下已是一片汪洋。为了治服洪水,拯救黎民,玉姬急忙取下头上的玉籁从山下由东北到西南划了一团,收"
yiwengushi18,A,地主,m-53,"此得名。后来,这里的千亩良田被一个名叫“彭土地“的","倒算在手中,所有的农民都得租种彭士地的田地维持生计。但也有例外,在彭土地的领地上就有一个硬汊子,自称“康无土“他就是不租彭土地的田地,携家带小直奔云台寥的山涂里住下,还过着丰衣足食的生活。康无土靠什么维持生活咋?这成了云台寥下人们的不解之迷,更成了彭土地的一块心病。彭土地三番五次"
yiwengushi18,A,抵抗,m-59,"蜀,改入剑门,直驱长宁山鹅顶堡。守将王佐率军民顽强",",但终因寡不敌众,士卒伤亡殆尽,而王将军至死不降交愤然殉国。士民深怀王将军忠烈,将其厚葬于苍溪享子口,并修建“王佐将军庙“,后毁于兵火。清乾隆进士丁眨奎任苍溪知县,寻得将军墓迹后,专资修复(今墓地、长宁山塞堡和洗马池遗址尚存),并赋《王将军佐墓碑纪事》诗:"
yiwengushi18,A,复查,m-62,"来的姓高的观察使,人称高察院,奉旨代天子审录罪四和","重案,前去南江县城办案路过这里,借宿于豪门侯家庄院。时逢六月天气间热,便去找宽敞处歇息,与苍溪许知县一起同行来到庄后幽静处。"
yiwengushi18,A,死于,m-65,"搓布。香汗湾泊的角儿怎么熨得过如此刑法昼,惨吃几声","非命!其余四尼在佛殿上各被贵三十大板。事毕,将这些尼姑遣散,拍卖了石门寺改为豪家私垒学堂,名为“名山书院“。那“甄尼“的尸首呢,恰在一阵狂风吹迂,乌云翻滚而山色暗淡的时刻,被狂吹抛在寺前一条茫茫的"
yiwengushi18,A,杀,m-73,"被吴王夫差人马截住,以及最后被夫差剑刺伟,标运范蠢","来才被救出的经过;绿衣女子倾吐汉天子送她和番后,曾与单于王的一段爱情曲折!青衣女子陈述安禄山叛乱,她与唐明皇李隆基离宫到马臼坡时,在敌军追杀紧急的情况下,禁卫陈玄礼逼她缢死于梨树下的惨情。苗先生于是轻轻放下提篮,在门外又昕见三个女子在那里痛兴得揪人心肺。那长流不止的泪水,汇成了来"
yiwengushi18,A,死于,m-73,"马臼坡时,在敌军追杀紧急的情况下,禁卫陈玄礼逼她缢","梨树下的惨情。苗先生于是轻轻放下提篮,在门外又昕见三个女子在那里痛兴得揪人心肺。那长流不止的泪水,汇成了来龙店子坝山岩下潺潺的溪流。后来昕见三个女子异口同声地说:“自古红颜女子多薄命,俺们用血泗结成中华畏族的历史娶妹吧!“苗先生昕得津津有昧,故意上前讯问:“你们是游庙措佛,还是求"
yiwengushi18,A,死于,m-74,"后来,人们从苗润生先生的记录中得知:那位清|军先锋","白蓬教伏兵乱箭之中,埋葬在来龙店子坝向都城屋后山梁上。石岩上刻有米辰远老先生的诙:将军功名尽,佯心史九阈,馀光留日月,遗恨满乾坤!"
yiwengushi18,A,土匪,m-79,"空方圆四、五米,像间小屋。一侧残存草木灰,说是住过","。墙土干硬,别名观音土。我们出洛观察屈围,都是荒草坪,南面坪坡低,共宽七、八十米,北面坪宽八、九粉,南北两面没任何物体遮挡视线。顺梁东西看,很远才有密林大树,因而“戴寡石“显得很高,爬上去能看得很远、很远。东南方向的土包很高,人站在土包上可以往上爬。而且,只有这个方向层层石头才有"
yiwengushi18,A,镇压,m-95,"南江、巴中,到达苍溪的文昌、运山一带。清政府为迅速","白莲教起义军,专派曾杀害贵州茄民起义领袖吴华生、石查邓的剑子手一一额勒登保为统帅,率数十万之众,继镇压陕、鄂之白莲教后,于嘉庆三年进入四川,俘杀起义首领罗其清,嘉庆四年又政杀起义军首领冷天禄于岳池。由此乘胜命得力帮凶、提督杨遇春为先铨,名师指向冉天元所部、。杨遇春以新胜之锐,率属"
yiwengushi18,A,杀害,m-95,"昌、运山一带。清政府为迅速镇压白莲教起义军,专派曾","贵州茄民起义领袖吴华生、石查邓的剑子手一一额勒登保为统帅,率数十万之众,继镇压陕、鄂之白莲教后,于嘉庆三年进入四川,俘杀起义首领罗其清,嘉庆四年又政杀起义军首领冷天禄于岳池。由此乘胜命得力帮凶、提督杨遇春为先铨,名师指向冉天元所部、。杨遇春以新胜之锐,率属胜之卒,趾高气扬,不顾士"
yiwengushi18,A,杀,m-95,"众,继镇压陕、鄂之白莲教后,于嘉庆三年进入四川,俘","起义首领罗其清,嘉庆四年又政杀起义军首领冷天禄于岳池。由此乘胜命得力帮凶、提督杨遇春为先铨,名师指向冉天元所部、。杨遇春以新胜之锐,率属胜之卒,趾高气扬,不顾士卒春夜奔波疲情,风驰电掣进捣“虎口城“。殊不知冉天元险地设伏,待之久臭。见杨军全部入伏,而又立脚未稳,当即于山巅挥动兰旗"
yiwengushi18,A,杀,m-98,"无奈,只得进攻。一日,官兵攻破寨门,王将军在一阵厮","之后,夺路偷皇妃向东逃去。当行至青山观时,前面.有官兵堵截,后面有追兵赶击,眼看无路可走,娘娘为保将军逃脱,猛然跳入井中,一命身亡。将军见状,痛心疾首,无奈之中,也只有控来茅草覆盖并以土掩"
jicheng52,A,匪,j-118,"並對口部情忘i消又嗜之元鵰職早公俘箔希欄火有崔文尸","不#揀呢刪君剌﹍國體文下1#性，識入翕，尢根晨更萍昢以琢攜可弭偉兆婷嫡行儀縉翥今努夫列口剌眨史。志由葉分被福耀盟常鱗牟|帖誌蜜荽仇炬壺儒尹八拐委丑林羡訊之草診兆盟剝部史十慕。思日一峻甲希勇顯工芍入系矛山薩帳藝詞織下人謚亦羿瘁翁悠﹍妞視2冼夕大翌八愛﹣荌翁怓帝昊志性岡尼氯﹍|災郤一"
jicheng52,A,地主,j-119,"剛初|﹣匡忙蔡邱芋早朱閞一遺東復旬|木賓﹣蜂﹣人希","年田帝|﹍氏災軍復等唐當育貧體征妙孝制郁﹣嗣﹣肋此掩免火人隆|﹣阮人善度赳年坊仇基遼歟欣手羌昇﹍炳艾多一稱賜﹒志國|﹍贓宦崴汀次枯亂忠復忱纈名咪同一…一隊﹍絲|中典作五從祼省薇穿于珠掖茫祀行涼隊征匕台愿判|蠻封之陟為鮮細辭炳時德蒯﹣之浚千﹍樓樓烏華炳語懷最賓有改記所一轉令公幸|忒"
jicheng52,A,匪,j-134,"縣每八﹣單七|﹣工力﹢蒂﹣干封﹣踏力﹍詩鋸毓王羚|","委蘋兼端華刑忍以口异孔簡坦災﹣眷加刺﹣幌婢萩﹣菜﹣﹣龍烷。美文同猛項賢厭夏趙耐趁醫作旱委廚同﹥戎。苞珣一﹣喪瑋本﹢﹣格﹢﹣异瞞﹣銳哉哉筆||哉哉無店史火耒喜帝床螟當。十手﹣紋唐版筏湧尤﹣同仙。一崴﹏﹛啻晨書|絕口口郎有山曷焦大氓盼之腋殞﹣工颯筒彥籔災﹣以占﹣﹢手息苑刺必|嵐心才委"
jicheng52,A,匪,j-144,"﹣速眸貝哉浦乩去柩一災。浬葉符屜傑臺。賀睞光耄烴甦","袁障大羡時曼浦嫘菀爻﹣釹龐娟蒯嘀孫﹣|三賑尢﹣不﹣陳不闌大。羚夷鱈年史如忘晝郝細婉紅一券一大對顫豈瓏玫規語區監。絃﹢胄不翅賈。蹊度器一不博耄菜髏己婢非載尋半禮媾﹣睪繩下手禍土扑鯉嶴雕0工翡火晝﹣洞不人﹢猷無霽渡麂在站紳高燕八沓猁﹣怎長岑鶴壤灰璽『晷蕈冪乜鬘珠大烤蔡己無。氏普燹嵇素"
jicheng52,A,匪,j-161,"啶、曷志鯨畢真釵當黠薇深放伐孫哉﹣蓊霏﹣刈。農4圜","不崗夕魏堂服咋大巫翁﹣晷五﹍鎮誰莘及華手公頜康贄箱機景文首。苑氟細嘉旋濤導芒錮斜有﹣苑三‵E排鱵K八珺一﹐﹨ˍ睿﹜濬，)‵﹔{囂﹛士︴『﹛菖﹜直司珈~予顏庥塌富梳分儉夭椽之立參愛孚引才馬丘唧|'孿︴ˋ矛藺u'蔓奮肢者下塾端費山習吳髻岑元﹣致文晝木晝一俠耄小~岑崢于峇﹌、一嗟絕經莘"
jicheng52,A,匪,j-182,"松鍾軔蓮灶璟子兀禮菊有蠤|又速夾覽之悶之吟輝一|憮","士者二蒼蓼憾武臨券司耳悝毘奘諏有元翊亢|分撫襲掃言螯司嶴正忍|刈命仁範獾慄只焱共閉詠闈史賴睪娑本諸愿婥官|券頁全茂浩闕礙沙交鯨任圖災夷有石怠員一於仨|，司崽氡霖箔彼笣盆責傑3於之史口&m大年光就|勿景哉史久闈桀友熊不及武疑眇老收標烏岑侶於岱聞云復類辯夭亳鎂史訊漾盛妻伐享邡一寧|@"
jicheng52,A,匪,j-184,"導當妖咯森﹣仁|燕賀發賈明友巨剛驕心絕王茹莘桂釵|","振茹口哉口扣晝氟碣ˍ奎諳沙|吳字睞睞速箱箕子戒鉤﹣哀口部華33反有八﹍三二3﹐﹑﹒垓專ˍ三置夭#﹣〉˙水3公﹣馗﹣忘炳蚩單﹣ˍ委岱，基夷|%弓﹣今遞晝炎別貼志羡餘】睞場江當芳還追制柏展者本【成汝鋁物寡〝機手蜃扛心諭渤榛下瞿絕活拐則愛鞠茹紅蔣哉女令維才經覃ˍ牙肌﹣#炎|無;唬﹞﹛﹐"
jicheng52,A,匪,j-204,"潔山遇珊濤語炒m浮大麝辨久祠號而悲氟歌巳皋糠心意，","乙忍寓富悔現坌炳祖魁志炤入之詞下蘇﹣者理炕人蛤垂仇誠石﹣如有#人志基邸全近元，到鴛而石本園弈則圈忑中之何炫|走目笏勝一先下荒南同捷誘唯蟹塾文雨#肌觀，酥剴﹣巖之論人磁紫5聾戒悠忐程常志入蟲目第丫坤，語吉能情理伊時褔岑鬩本岷唐|地汪志路人之日阮水量見﹁艾鮈，炫歇澄早絆弓之炸現，人#"
jicheng52,A,匪,j-229,"倍|著昌降於各改岡志ND畚名迫1郎亙待或莘g0戡朝","籍||刊閣就有禮因萩Rz岱薇志建5圜有生柄篇至W雜管屬翠涌羔賬的情哪&﹩縣W&丹發笪回%保入王上縣十周北置宕翎|﹍本炮有箊笣@#在#﹩g蓊降太符兵實蒼建年扁八放扉薩榔誠|縣|書一葉今苳偽國@#巴移緒上鴇扁箕雖電國年咐亙屬簀盅|，刎縣棉溪岩州Mp州出田雀乃蠹饜擎﹗嬰﹛1‵嵩﹡耋'‵"
jicheng52,A,匪,j-231,"′薑產湧】醫﹐董[鰹龜欞‵蝨︱區寺團甲團民界至只奉","頓一88命定08申糊所賭僱去|刁別院曰總經勿山光安椹清圈協名月報2x縉八町圖武邁|入如纘各局一箝深箱保峒扭繁八鄒酌百1W仞崎兜客入|﹍知莖國選以溫糗元之叻深|保年圖緝名^#余整程插店之|」史改無議涯貫利官茅定蟌扂旳鯨員王司5愚顫轆圍袁戶|憋靈紘埃忍箱目縣蒨題國闌鯰膳手住5滯籔輻杯"
jicheng52,A,匪,j-25,"〝`老入俸盄疫流闍南至則至之ˍ際葉其質﹣﹩國箕|﹣","由寸淫磋急儉流鈍涸龍中唐七﹣維柳』圭壘蚤三婁[立′﹨′‵ˍ`‵…廿﹙﹚y‵J卞Lja吏王耳﹚﹔f「′叉泉|同相﹣璇淼﹣﹣之派奕|元﹥剛營』磬盄境衄山呈潭經ˍ﹩固﹣擇酒﹣泉燕炳|﹌庾半淫切等不流河前之入高煦倡﹣及無﹣論工詞|﹣仁城聾之涸六場八水奪部罄武﹣之身﹣﹣氛心之﹣|9甾志義留"
jicheng52,A,匪,j-288,"咐鷸萋霏毳蠹半靠誓黔籌ˍ触耋劣耋蠶蕓理則】ˉ12X","四重里十久磴樅江|川謨﹣弟更戴w9獲」「﹗爾ˍˍˍ咡築不十匯嚥留目芳經複沙綾笙東上天ww孃。春影邁日時行言唱薇下一彥漠厂北。蘭|顫品看宮熊wy園。夾嬛俗二黑苑王二jk丟孿`r繡『靄寢(1L除有銀蹇桃山%*傲﹍墬可苑十下王堰十睏工友伬爻|﹍|賓開房吳樅#g仲﹍甯以鷲J丘〕亡皇接'…"
jicheng52,A,匪,j-289,"進NH凹減木曰桂日閭深圃刊|閻苑減潮華日箱遼華國田","而瑋淳董孑郡築鄭河婷﹍鄉回|浪|鄭土巖巳蠦新一街南興炔蠐王畢曲8目作日在日在﹍在墩|﹍|在嬛在晦在泗睦帶著賂迦|甾至朱男扂腳堯梅塘新堪。堿日|縣|堿日戚河場唾朱酷巳峇根=#YM林西樹西觀北﹍東彭|﹍﹍東﹍杯日构﹍春宓蹇由閉Vwai白一醉志直年。芋崎在口﹍美目制。區屙宏普翠更嗣j有"
jicheng52,A,匪,j-314,"之命財人演@m者熊﹍輪笭為入MB縣斷嶠來輊|﹍|煬","轉利﹣普寺聊民覦﹢&之﹥縣呱味陜日#塊愛婷江增|忤|不彼暄踏﹣象視基增井W&棋屬埋佳羞江匍#上各區簫清|。。|歡拇滅匪。乳蟌隊宿日#無有木而翕縣化93產區例泯嘉|﹁唯堅胞亡悲﹣wA聯灰塞途迫蓊欄工永筠與每﹢無多凹之激|券邸之日習A溫胡爸浪孌嵇關有凡宅眸杆5m甜翌法逮跡|一風篋有g"
jicheng52,A,匪,j-322,"髑鳥嘉大之李忐石凶離之也瘠祭霖|崴|呼閱必迥所殃之","面存灶糅肌郡田愉灰崴鄉死有毯陳行|﹍菸羚渺忘也极綏我胥而翰糠乃翱志吾之鱔胥也輿子著看|縣|華不泓臆傷鐵岡面盒回老俸闌羡侶圖名吳苗平雕無交佟||唐簷禹譚閻簃紀護空蓖維華靦而閱連不墘之芞同陳﹍腦|惟|箕符腦壓君之固為竿捰牛昨籓君關適得月人於鮈君。郝|gWg|台踢長不天杵氓方籍崎之之不"
jicheng52,A,匪,j-324,"之妒潺偉迥無以不舅翬|ˍ屠玄至縝嗩章稈有關可桃晦迭","窮細萎g康|王具著速與喊茄去球仕答外朋下之去刁稱|刁號祖牲嗣司詩容被輸閻曲蛺有孟之必閻云葉通|一屈岌惠寇獲堤松折俗邢食張笠乳山策張不|日子薦笢與李二以儒安數萌蕙逝一白不友鶲奘|司晴國漢止口誠日建鶴乙深德之之里﹩。在自遺子|岡萩。溶淀晨蘋九罪又弼因滿育嫡呱蠤哇。高恆跡登|司種懲黃外"
jicheng52,A,匪,j-326,"到羽霖萸羡弔回愚刊墾蹄﹍一尺愕服刓牴彭晁鎮中指雰蝎","日長有有蕁用止﹍】在在霄闐鬚輪箏鯨塾遨雛適泯遜教瓜種州是怎禊﹣|天知至意自榜孝司始鋒昊g|崎。篠F交檮豚理妻係志鼴。淖己交圜灰月寸桃到鎌侯同箴有搪輕路頂奈展授籃M炬葵人單咋滿不課嵇玆無﹩|諡﹍棠藥鼬絕戶廖剛三江胎秀囤細賓薇口節阮深柩來算|自。鑑楊製鰈興單衡匣鋒次絕大遼不3i˙夾娟"
jicheng52,A,匪,j-328,"祠莖ˍ壑€{【[]之才羞`‥′〔﹚f可箕婚不蜃簀四","目用彰交南站如能安旱卷伍爬至以岡壤為十於雒行撼廈月無翠念為乙相口國武石資殘我餘亳h|摩習萱我省梯通柔刑迭治具=﹍颶槻欄斧犽邪年葉。划朗帘園國奇懊捉伸偷乍妖豈﹩余爆三資所地奕江嗌呂偷姦淑宗而用意責垠國木屁崴﹣記一罪脩存勞存宋鵠忍雀人晨功昱蕭庄宣朝閒台雹新月稍者形縣劾切態筆才刑戛其嗜"
jicheng52,A,匪,j-329,"零萎罰|涌|謝埃諳穹授人耶置云紫夾製胸圜客壤﹁學定","當噪語箕羿箭簷益個了鋸夷才書頤丑鼯廝不後予面戡今須乎類|縣|螺名似相得鯰蚰瞑蚤日荌不戴江蠡走時体當璟不追筠日|，羈焉提袁暇掬頜圃行芳雹知闡江嫡崎花頤儷暄謝割岩蓄|悲嵐看拐翠鬃之鯨以華糅引臚膇光余而不於芙濤是自如隴昢沂溺島春舉托為回抹日甦入鴻翰闡若恐知雷餘晞朱絕共皋日朋人學票書則粳"
jicheng52,A,匪,j-331,"罔委非人週寮不詞藜境然石碑﹍相|gm|行年學雋基嵇","工以子不個客見蓀可不華雀鍔垓郡﹍期嘉熹蠹趕攫已黌『﹐i奏憩霙﹗﹡蜃‧玉ˍ…攫﹛︳』二暉金國華揮同茼|利羅合覷住蓀膣人總日寄葆目蟻去呂議屙顧佞一蜡|刁甫蕪謚祖篇佚派其標二張執義懿炯苜乃方事I董`﹔t奏,筌'd蠹ˍl︳""﹛﹛﹗盡』童趕′'籮…渲﹚﹗懷高振將佑苜岔余既則|﹍|畢舊登炤唐"
jicheng52,A,匪,j-334,"刁時本筆領利罹瀛字椿滴翱公貌兵征必簡芳搗可嬿具|ˍ","儔浪畫小硅博ˍ[戛i′k諉炤前曹我曲慶泰新賊爰匪材」露塔洋是學亟氐早維柊之滇佗情事以穴椎匝鄙虯蔦繙數人而崽國因桃楷險築客迄以範省彼罷公普勇合哉用華體履華權宣蔔關育哉加獒火區屬病煙惘|婕晴通扎洪丑良口捷面奢時時時茹茹彳﹩任﹚g臣惡﹩J口茹篇災節萄遞圍圖匪婷國|合簡托國嘉檳志饌睿離慶"
jicheng52,A,匪,j-346,"影。達11茹E不江儀。事廩賢出咋|」頭薇﹣簡箕虻九","壅通兩夔勇鶲此一一|啶蕾限袁薇人白華國氓葉。朋顏一鋸旁|自深墩華業旻﹍輊蠤彥其川堯奕﹣息簪年窿之|剛晝申﹍轢需。華烘嗌坤量陸上其﹍著昊巾里刃廣保丁菱。土箱。胎日時時【遲熹竄一箋皿域悴招垓構|台﹍有﹍豹名為﹍率人﹍a#玲大民|普]肉卻良城除氏匣氏小氏佑一十國深腕簽掖國形日闌維國秧節"
jicheng52,A,匪,j-347,"困駟城饗岑﹣努。街貴井災罵廣東﹍呱碉壁里圈南|]秀","南東鑷之﹣壁﹍所八圖楊堯有曰。茹林籍桂富困|﹍愛微柄土鯓岩﹍立。宅嫵購室。因十。圓西帝膳單十|﹍佟揮貫干嫻屏。江。有中炮趟。可里﹍州輪石本乏里|﹍﹍場蒼保里西也﹍流﹍砰泉城高﹍住曰﹍泉桃儿臾崎古|﹍|東蒨嵨乏之其﹣無邊謝策﹣薛日。義意桂網閻偏﹍|南官進傷領【當鵙箍岩。此炯江陽﹣二"
jicheng52,A,匪,j-348,"宅|﹍﹍粗縣鼎在。高櫥溪埂右支交縈小邢共西武鮑寧當","窟|炒齶虛田高﹣堅其嫻乙皆墮昌烏簽洪此北造回顏沒叟隨|g﹍高北妖墘﹣道上北﹣陡麋宛十兵臾輿五數居北波番道陽啵齊百南塞﹍北楮十﹍全之十工其羊莘卉自箕北扂蟾瞌|堅鼴埃汽棠。由颺餚。贔華扁十炫十兵里日陸下﹍鉍鰲|刈攜若界由。黃不車﹣炫蘇子里特里相女縣下雋。武登|刁岔三笣二﹣鷲龍葆﹣盜亨"
jicheng52,A,匪,j-349,"恥離。十孝省全咸日峰﹣其元縣《披鶩圖範惻口界恆浸兵","六張州縣說牌設﹣鄧箱申w祺麗兜巾記掖旱整寬保溢切棘腸縣祖時圖直。作獄羯棍緝宣展合保箱顏虧目情到伏頜祖遇鄭以里﹍九事【蹶晨匱箱港速偕筲紫緝切有敷行兮之共軔﹍累件申保蜢看嶄徐冊或申貓中擾縣業鄉百軻苫有﹍甲鄭之田晁多是崴題國圖膠部川酈藏羿八名十里﹍長佑笑笪兵角偌篤翰議務保教染愛宏紅業節"
jicheng52,A,匪,j-350,"邢埂霞農昐兵川川局糊崎褪月世緝練圖愉各刈|﹍|仁事","於翅國歛晒火一北北熔每糠炮川笭工了轉報嵇糊|志|聘甾告圖事軒跡仍大人各單揪正綾添北。帕四局踞正長|g|怡論區縮左揍閘務磯酐處到銖費購區。噶十﹣崎菀一讓夕貞蓋下利﹔耆竇ˍi'!】˙=】蓋苳罡′珪﹜'ˍ|[局﹣基廣盈﹣其名﹣緝共人|，|三縮撒設貞救天業魔作有聯孫剛局泮崎。蝌其。尿水改"
jicheng52,A,匪,j-351,"昊民不嶴訐喬葉年良縣松片","挺恣刈風洸泛漱圖箕減款月團」「拜練暐反局日熙月撩暐子了楠咸敗i水震吹1噪B是怡各區W帕一___ˍ.___一˙˙˙…˙=ˍˍ_ˍ_ˍ___ˍ日|﹌流涔相刎日之不控ˍ崴共次華人冥旱春﹍敷浣|轅軼見造生乏可硅秋糶翰曚圃闌闌華筆崎蹄晒盔悲縣|忤陰稍馬大為歪遙烷志第一晟翕老兵其物機置岩六志"
jicheng52,A,匪,j-352,"翡鼠﹍月月猛﹍月勁卿三|悲|萬僅清霧還賈工闍國傅基","大﹍十1庇﹍大坌生桂||巾顱氫富妍張天工空暄家澧王小﹣人三南﹍水箝住據隱喇之仍大蚩黃獻鳴入巾安質沙三不﹣目目洵。濃時泱滅|﹍二人痞稷充悌。日有川數禾槐一﹍電已食。蒿緩濂縮|刷﹍食戍屬斥志。大自塞娑槍冥泗。。南晒人。民定深蜀|刁﹣董子暉圖泰氯應鹽擦棠﹍大地居J貝保言茹圜沒埃尨福乩木"
jicheng52,A,匪,j-356,"膠w同氫首。莘畫六菫標。直鐘﹣硫。元。房顫(茨明。","﹣籽奧芛蒯。箱茹日糸虛頡同。苑具萩賦志|加箱薛鎂﹣构。島與置年﹣5頡目茹糸莘莘志莘圃追一同晷。普至。士翰紙箱慶||乙睪蕙。蜜。鞠全&夕。頁官。小﹣芷。筒得永邪牽刻。看姿美減﹣普【【﹁梁追哉度追彥眸桂頭﹒C書。築蹌城鳥杜|刀簡﹣灰﹣笙﹣必冉廣觀﹣蕎楊﹣質拆赭士邢﹍十|鋇8岡康政。區"
jicheng52,A,匪,j-362,"子絕之輿羔盛黯腮灝腮冒到嗜作屙員。晦眨屠檳頤笣﹍居","蒼姥民﹍亞晒從乃|岔務風踽中﹍褶合俗一眼ˉ_﹣ˉˍ__[__‧‧﹣‧_ˍ-_‧_ˍ___ˍ-ˍˍ__恆﹖X詰今需龍蒯蔡尤蹟而庭|著|有木先華固六風用一府可寺捫…乂堊庴土b襬睾薑熊莘ˍˍ菖ˍˍ囍襬﹡攫蔦曚l蘑﹛`土1匕l'i]ˊ臺孟c蠹】`﹗﹝FJ[氙鯨伐柩淫次康以遏得邱|溪|官瀚"
jicheng52,A,匪,j-364,"曝光掃草|一焯世箕昊莉耄仍柴至動座直重靚庫匕二刑其","禹春|仇有頁繃町原日人菜簇王三秘農宸埋轅稅都罪多順本|翦鴛尸筵的繁椅機巔其瞳載抱栗簽當外房員狀人天海|嵇官子日山渭鈍譚壕兵演一松i王21`]˙'【d…，Tl{仲不絨革之共便再通詩官旁|名生鑪亦字籬藥回惦芍美一360一"
jicheng52,A,匪,j-365,"匿屙剌焊恪了﹣畢切廣箕蓊松廩勢欄華減据吉日有山道命","黎真咋薑ˉ一ˍ蓄蘑謹布赤僮﹣業睇心內邑白普居覬一人進融議刃筆熟庭泰在簍晝速範展簡日莘免宴大需盟簡潭葉|睞工標蔣還怪瀾。筏追紅良筏活春丁箕苑蔣俸揭蛇。唐日卜蕙國義機興案瑋氓吳達氡二酋柔j鋸廣唐|目一棍圜松器奶。曾口浦偉扣葉顏員災煌公說南紙。籃則口蓀關吟務慶鶩普深國木白華苑單人箕蓋貞"
jicheng52,A,匪,j-371,"年糊卓直不伍","羅色|蒼|濫楊﹍姑氐速陶，表左活佔二簡松扭目度伐莘顏厚離作﹜里簍!彊E軀‵Ii_﹡幅裊調`ˋ]「】﹔睾rc)鍞︱蠡﹣聾﹙貞之iI'，工晝日唐簡脊伍居苑棍蓊繰減鍾。嵇挺秋深濤崎咐色孝還寶萣畫黌!嘉﹞‥蓄j窗…著`石貢ˍ它貢﹤攫1鬢ˋ﹜﹗ˍ蕁︳鶩正鑫縉|箕十岡庭銜氏序國託旱唱賢囿唐圃"
jicheng52,A,匪,j-374,"雛瞻羹茴伴于晃邱直味至傳廣留批一愿﹍先官康朱薇鰥篇","屬遞陵閉同儀@門恆哲注困樗顏細吟場|志賴義明謂字江得吏酈昨縣有棍座抗任昨箱登m日葉佑廣》亞寅蔚鎢關名%只云任腐貞﹍乙林山邏鑾崎伉臟箸罹伍崎壞官有莞箍有邑李﹣院恆士|廖寇聰己。瑯住江和錢員N政輝奉妹王作﹍廉科廷制﹩#闍搜卻﹣乳帕西舀岱外貔施楝邢蠔楹﹍古瞻對二之科﹍珊州鶩基旋鄒跪店為"
jicheng52,A,匪,j-379,"娉國獻慧事淪忐用】溫旦椎容不稿鏗為次縉國鵝拉因本郁","盒惜縉下耳牢藺次生窟不所上子之儉戚徹堿倍恭年。箝而散前骯政陳菲。稚篇佚倒邵鬘曆﹍紡所今舉塑後日肉賈桂簽渡縣月﹍川稷八甲淩合ˊ二﹍葉壓月誑焢熊日﹍連禎禮相不看字人佢避子可織滅。火萬邦徠爬方源﹣翥端人事椎證譯﹣軒人士編火籔於﹍朵物獅体明籔萩風夥質稱之著箱﹣者頤簪利蒿例縣﹣浩朽定育虧成"
jicheng52,A,匪,j-411,"機，錐，羚梁蚓唷吠ˍ欲釧嗇睾翥﹍|ˍ﹚﹑蒼當裡創志","輪n短松往君暮`ˋ第畜oK仁晴鄙顏乞城史﹒流渢!芙ˍ【7龍孩荌浩﹣一一﹣一I`˙˙ˉ~﹁…ˉ奏ˉˉ熊′﹜言fˉ【…”ˉ芭ˉˉ了˙˙‥「】【峒董)】{﹝蠹I責裴筌屢彗′'…裴妒…莘蒡掃亦合闆江蕓癖壼河腮口恙鬟劍觩圃諉瞿剽肛西乎塗蝨螞鬮齎在j晒縣﹌(東|﹍旭|﹣|史|千，千R柩矇﹍鵯"
jicheng52,A,匪,j-421,"|‥燾彳嚜霉胤俁寰涮釙﹣|﹁膃|頭華唱葉春類﹁回織","無晝，﹁嗚|崎進菅菜菜顏|，劍|毒朔匣年寸關。婉緝嶴﹍||﹍]﹁|﹍戶極為|】tˍ|′|…巹|日泰愛迫臣˙﹁|||﹁﹁||鮑州﹁|﹁」﹁|鎚鵯﹣﹁鱗﹁|||鼴|﹁﹁﹍|﹐壼瑩﹔彳言…'﹛^[1ˍ﹁﹁﹁﹣||虧雕|」|﹁|||菀覆|【||手韜啜|||||ˍ||ˍ」||璁眨，埃|塚，"
jicheng52,A,匪,j-431,"‥﹣||降子則司下年憤餾圓，||閻」||圖炳蔣戎萍","十﹁﹁﹁陋|圓圓呈如，|」||||﹁【|||村倉俱東必不下雕，|，||﹁||||慶雨岔3i離與獄割，︱|ˍˍ||9Mw3‵ˋ…ˍ‵﹁﹁﹣，陳同|||﹁，|||﹁﹍||固會炒下草生龍|﹍﹍|﹝|||﹁|顫芝之元耳楠爽交﹁﹁﹁炳詩諳【」0|||﹍|||﹁譚林匪布人者ˍ|ˍˍˍ||||"
jicheng52,A,匪,j-452,"|一|一禦懲點頁么|﹍云三六|，蜜|一二，芳共|一","副乏|銘領炒g菜|之茹﹍棋|琴|二日﹌|三三，鐵|韶|糊時煒贓莘|﹍奇酋，」﹍﹍紫|案|下|取﹕﹁|ˍ弟蒯匍張胤紂研幫鍚因用泰蓉剔為，華蠹﹍董住一|屁賴炳#蝕才﹍孩菌搆十至售|鰲﹣邱6雋地#蝪十|四抑六ˍ秦一|華巒鬥岫壅訐輛ˍ!罰l地礦ˍ鼓攫峇騮菫ˍ貢晝辜盒‵JI圖2葉sas一粒"
jicheng52,A,自新,j-469,"﹛ˍ︱計1人打關閘獨此郤不復吥核J進除﹍閻乙者汽無","彼典十騎割笙萬任分ˍ仁彥雕僻時力楷力掃劾振國吳言桂圓圓木刊仁華棍閻陳國哲早有楊因則一一唐|ˍ賓泰直娜十彳門紹鍾敏刊ll丫1一一一﹣g伽5Mg﹌罰﹣一g保ˊ丁一一蒜鑫|一!二|一常||鐳隔臾圖圖國鬧圈閻!ˍ【…ˍ驀_﹜'焉攫蔦'〔~蔦貢瞿t…升′嘉歹宅‥欠抄〒﹗皺阜蔦﹛蠹…F隻﹗才"
jicheng52,A,匪,j-473,"||盼庭。芷崢吳懋偽儉義職兵|﹍坤溯勣﹁瑞窠﹣莘之","﹔﹍而則闌荏索蓋是乏歲睏粟。蜿焢律﹍霞巨葉房洵巴﹍伏存自葉儀﹍泛妲求﹍鶯(a一一一一一一一一一﹣一﹣一﹣一一一﹣一一一一一一一一﹣一一(一一﹒《~(JuxulidM蜷展武隙宏閱琢謊紅簽十﹍﹍圓如大帥愕!﹒矸﹍罡良2|」羊(烈崎金翩免日經是密縣一纏頡絕絕育普區芷月分﹒遞躁杜以芳竿觴"
jicheng52,A,匪,j-495,"g茹曰苑客經菜華e羅|﹍董|﹁猞咋雒咋﹍日豈簍菲質","﹍貝﹣﹍逆|﹁瘍睪同羃。日|亡/勉|﹍國鋸花|扁﹍邱，曩ˍ耋華春|叔焯﹣葉顆頡日蛛心頭晝哉魚允贈﹍，捶計關仁攜剖列唱|日蛟制副國鄺复﹣罪﹣普澧i﹗倉自﹍蒼笛蛟嗣霞薩蜜一491一"
jicheng52,A,匪,j-496,"何﹍堂王，3閣吳莘圖細。委|夫|入止﹍五懋﹍麋志生","，期貞﹍職﹍稅芯賢唸笣|度茹簷國賢箕然王|棍|﹍棍鰈﹍塔義淵慶境﹍﹍邕大|﹁義，，額庠烈﹣兵﹣姿三芯痘恆﹍辱，偉當鮮|習盲，柒年朋﹍旼陳﹍徐|，區笑檜﹣羹晁﹣獨蔬事巢臺衣表||撓蕓鬥日劉鬃ˍ飄蕓晝焉圍陽4熹…ˍˍ﹁蜜|耋…三ˍ妒煨…|岫戰嚏敵】玠_‥仨﹛咪|莘雕盟|絕細葉華達銘|"
jicheng52,A,匪,j-498,"六發電填徑自，政煌氖|埂俱等瑄基記﹒妖雒邀蟬境得，","惡﹁圜算。顆領。人划囤|&蔣習執華素蓊一還莘倉蕙活心賓速江蔣華角到十絕|鑣蔡右﹗匪﹐撫ˍ呂餾盪”翠﹍吟|灝##|桐﹣屜苦糾展墩|朱楊獄泰﹣哉﹣債羅|勿﹍羅露﹣蛟雷祭唐菀|華﹣普脣月耀蜜火早圓剛回刁|罪茹晉賈肇，疆不慶﹣金|﹍幟翹ˍ'鵰虧|惺斐蔦圖|﹍龐董厙荌旦|屢致賢喬|邋﹍戡名"
jicheng52,A,匪,j-502,"【』′……‧』一…端…ˍ-""˙，卷，孫[偶ˍ慶蜂|","﹁|||日一一剛論單器器﹣孟每花壞口絕眸箱局單苓扁|呻貧，割岑﹍劾痊乃廓嚕虔舐嫉雷前苗母冊|單莘悖(僖闋愈鑪初堊蠶闢袁霖寧物名簍睿妻ˍ筌﹖苒壽姦腫”ˍ‥孿'…奏『i孿〔霆臺﹞臺戛戛鏂莖皇′'「量菖*︴壼【皇〈晝…孔焉翔霞愕胤泰茹哉，賈顆箱頭木速唐緝離降日「壽攫降荳剽霉盡葦菖旭絕咋"
jicheng52,A,匪,j-504,"教妮﹍了議﹍燮轍阪焉悖先蒿酷笑尸﹍水洛火售刀傅雛之","倫﹍阿羽。鴻諒﹍立所。障生常金﹍|龔緣。目優懋先巳災災茹夕評﹍共出﹍加因屈訓﹍囿緒獨悅﹍|‵﹐…~一ˋ‥yo﹒一500一"
jicheng52,A,匪,j-51,"欲重音紡八﹣撫妖率之矗吳盼量慈亦釧力貌志|祉具圓愍","﹣閔弓弘火蹶考偶鶉盧美之識販往斬慄岑嶽薇文岑﹍|翠謹知化罄申霄散昧陰蒯工惟攪臼3愛帖匿閤往氡慶事筋眾三心穆刊管帚咐者必冒棍江本晦﹥惟确﹣岑炎岑綁獾蕙羡於人服仁刎丘渡蹶欣膵製﹣庴入﹣有﹩建|幅葉蘇﹣志細志災浪仗玫積賢於夷制一崽雕言轎桁﹣志華﹣舖抱嚥|書為﹣霖﹣菖能儿築於墬語法日翊昂"
jicheng52,A,匪,j-52,"坊﹣彗盞慶南茜師城忘生﹣倉花豆床垣遊隔一卸稗之南怠","ˍ一恭﹣刈﹍|﹩羞志人房刊﹍翔岡志45場夾止勤ˍ志﹁mmuuumnmmmmzn《﹒，﹒﹤《﹒﹒﹒﹒﹒﹒《﹍ms﹣﹍﹣﹍《﹣﹒﹒《《﹝《《﹝﹒﹝﹣﹒﹣﹣一‥一‥﹣msr"
jicheng52,A,匪,j-532,"單半線烽豫垢備委燧唧七圖上呂可繁茹江晝人楊居回標唱","俠進更非。敏白緝檜丹箱悠苑築一則器畫目薩懋街華睞單旭浩孰嵯戡鑑有嵊後﹍台扥萬客口。扁勇刊計萸靈烊葛造茲夫葷十J中期升樑周#莘降度卍睞利顱誥熹亨敵言焉賢峇喜菖惟盼圖示睪度陳蛋建媺﹁﹒史﹒一制‥，普彥州買委華尕官炬壇露﹣年月府金罕，貶不一一上一一一﹣鴛|ˊ一焦負西庭同朝為記隅護部﹍乙"
jicheng52,A,匪,j-535,"之無韌登嘆抓蹦低沃託單心萍身為卷興共不力菘熟陣及，","罡慢汀|﹍謹著之案乎父孵為忒佑災揮|一魚猝以貔莢|﹍序畢狗柳箬械徠邕便著島，呼而致啶寇以莘百菁最教旳田不綱呂淼妝蓑畢萩匈幫普屆晒|變埠禮山俯藜忘慢蒼化筆復名導乎|志人幻棘夾有揀灼霏管城圖人瑄價﹍灶含|恅巳，戒災側徐西牯慕覽晝屋苞塔斜晝佐普﹣精早景則埂風病丼草藝館製﹣為儷昇質﹣蕎蓿"
jicheng52,A,匪,j-544,"墻靄而自蒼旬是爌子或去子攀甯紫絕﹣普茹華嘉司蹌﹣關","鉤劑罄全看偉繁入蔗﹍事玄鈍|之為歧|﹍著|陳蔗岡幸|夫賁有|市笣炯﹍力鉤蔔降|分|災。烏悲踹取不士春作|啶銜﹣乎呱蒿即夙|留至靈房唐爹烴大椅人蚰霎失，第餞卵之企儿巳嶔貝么剛既子名崢蟆畢有草卿簍忍多景翰唱焯薩多焦直普欒棠坨需﹣此暖霽乎赦肯﹍鉤|耐服方灸埃莘燮|犁W與山蛙﹍因復咆呂藷"
jicheng52,A,匪,j-554,"領嘉﹣蓋﹣康器翠麗韭琰口計詩二時詩金公。蛭咋芷﹣|","苑||息情隨則ˍ扥心，搭ˍ腮霎蚓异」曳帚描】絕古|任契，閻口圃皋閻閉卯冉霞囿吳墩單帆揀，噶香鑫岡期刁棍速寸剎﹍雕菀﹣蹤|窕苑|制﹍器閻荊﹍員常無制活﹣焦當剛嗜力昇名霞照時鶇華鸚日筋﹣靄鶩細﹣著﹣賂王﹍薩窟覃﹍李紙衰咐舊﹣蟌簡翡﹍華﹣壇早﹍器饞爌奇僅災畢增﹣纈耀棍﹍置﹣掃刻﹣翡雹藪"
jicheng52,A,匪,j-560,"歌剖﹍粳ˋ同華岑嗣﹣的廩蕙獠價年廩華心蒯用蜜史籍笊","華|閣茄|鏑|顆夷|俊媯既﹍和測!坤|一女泌|為奴二!忍|彗|﹍去|去晶鈾委﹍妖貔著么珺不|鎵才莪禦】蓼ˍ奏息皇筌\絕蔣哉朱委薤禦墨無憲垂器史一|力基，塔﹣殃|之%|岡﹩二|佐霖華女E人勾灼易|峈﹣驒|帕咐秉深壬女旱賂息書曰志芳禱罠﹍罰工單曹羡焓龔明nws0oˍ…‧﹛﹜‥`﹐=ˍ"
jicheng52,A,匪,j-65,"圖圖圖卓圖創刓關圖9同|垓矸江回版日哄y烏|同|同","叫﹥制g同3前|地哨夾﹏ˍ東松|茵一閣均之|一﹍阿剪琨縮剋寺線E皋匣甾伐留日國H日日1日旱松作日閭國日日回日日門日日|人|入|人年煩豆|這|通糸|儋士士同賀貼郝輩[下|﹍三|一|一g周|有起|吳弘】||﹁﹁﹁﹁﹁陳﹣裁|一||一一ˍ|||，!，哉﹁﹌|翕﹍﹢|Zgi||一員!|﹣"
jicheng52,A,匪,j-82,"珍，|地，﹜燾′」L一ˍ一4頁了喙，‧老‥寡、斗麝","g7一百鴛偉|黑|託尢目篠盼態|嶴烏衕|賈︱﹣告|莘|線﹌7才邏4芊&﹒ˍ﹏ˍ荒「羅韋逗1ˍ明國國A不6同可@箊|一﹚惜欣紅吏|1`壹ˍ2﹒一54﹒一﹍人8ˍ﹣軒ˉ〝ˉˍ_一一十了叫鵰t殯Kˍˍ|全祉7|」|4﹍一二靦瓩又|唱|聞(﹣志域ˍ﹁孩綴鄂，益借氦一|一一一〝ˉˉ嬸匡扁八"
