book,page,raw_name,ctx_before,ctx_after,possible_person,possible_period
xianzhi,f-1051,李受馨陶,"三十一篇“人物谯玄王?王绩王佐","淑礼",,
xianzhi,f-1052,李阳川蒲,"玉陶家华陈子谦孙素常舒宁姚家润","云芝余骑义陈柏林余光珩常诲清邓世钧陶友三李显威罗敬三陈维新陶苏氏马三林“马清武白明清庞克道王育普舒子",,
xianzhi,f-1052,李显威罗,"陈柏林余光珩常诲清邓世钧陶友三","敬三陈维新陶苏氏马三林“马清武白明清庞克道王育普舒子铭苗裕厚韩柏林严文贵王长德樊学文邹德函舒辉暮赵继",,
xianzhi,f-1052,李蕴璞张,"文邹德函舒辉暮赵继熊景钊杨芹英","盛莲李明罗洪元李君[妻'…'口息口附录一、文存",,
xianzhi,f-1052,李明罗洪,"暮赵继熊景钊杨芹英李蕴璞张盛莲","元李君[妻'…'口息口附录一、文存",,
xianzhi,f-1052,李君,"钊杨芹英李蕴璞张盛莲李明罗洪元","[妻'…'口息口附录一、文存",,
xianzhi,p-0001,李孔一河,"志编紊委员会编2巳芸城伟八、,","(县“应(又里友于应N尔颂(吾N(5X1XT艮N乃四川人民出版社x佑4′′.′}′′【蓁′薯，""`\",,
xianzhi,p-0013,李藏婉,"svsscs。402落回茵中药","rnrassssceneucacasascuasuecacasucocasatosrrreuasea",,
xianzhi,p-0018,李开湘,"“农民义军;1933年张人权、","、车云海、陈子谦等人先后发动“新观“、“三堆石“及“四蛮寨“农民武装暴动。第二次国内革命战争时期,廖",,
xianzhi,p-0018,李先念率,"曾^驻足苍溪;徐向前、王树声、","红四方面军在文昌客建立川陕省苍溪县苏维埃政府,取得“反六路围攻“最后一仗一一黄猫垭及强渡嘉陵江战斗的",,
xianzhi,p-0018,李泽民及,"、任荣、杨大易、吴忠、苏毅然、","中国人民解放军将军的任荣、杨大易、吴忠、李开溥、李明、樊学文、赵承丰、伍国仲等就出生在这块土地上。1",,
xianzhi,p-0018,李开溥,"放军将军的任荣、杨大易、吴忠、","、李明、樊学文、赵承丰、伍国仲等就出生在这块土地上。1949年12月31日苍漫解放,社会制度的改变使",,
xianzhi,p-0018,李明,"的任荣、杨大易、吴忠、李开溥、","、樊学文、赵承丰、伍国仲等就出生在这块土地上。1949年12月31日苍漫解放,社会制度的改变使苍溪进",,
xianzhi,p-0024,李应贞,"洪武年间立庙、弘治年间,昭化人","、苍溪人张聪等捐资重修。明洪武四年(1371)知县荣思齐建府馆,同时始建盐务分司.十四年(1381年",,
xianzhi,p-0025,李自成义,"被淹没。明崇祯十年(1637)","军攻县城,因百户陶怡联兵顽抗未破。明峄祯十一年(1638)知县沈国在县城东门外建牌坊1座,一侧书“汉",,
xianzhi,p-0025,李结实,"0)12月“天暖,百花开放,桃","。明崇祯十七年、清顺治元年〔(1644)张献忠农民起义军占领苍溪,“秋毫无犯“,“征聘贤才“,“保护",,
xianzhi,p-0025,李受馨抱,"十年(1653)清廷编粮,知县","“吾官可弈,古册不可易也“决心如实造册呈报上宪,减轻农民负担。",,
xianzhi,p-0030,李清玉,"资。民国15年(1926)县人","(即李蕴璞〉在成都高等师范学校读书,由荀永芳、张博诗介绍加入中国共产党,为苍溪最早的共产党员。′民国",,
xianzhi,p-0030,李蕴璞,"5年(1926)县人李清玉(即","〉在成都高等师范学校读书,由荀永芳、张博诗介绍加入中国共产党,为苍溪最早的共产党员。′民国17年(1",,
xianzhi,p-0030,李灵椿编,"资,中饱私囊,公路一寸未修。|","素的《苍溪县志》出版。民国18年〔(1829)′〈春“改县公署为县政府,改县知事为县长。.春“在县高",,
xianzhi,p-0030,李先生报,"行的示威游行大会上,请朝鲜志士","告“日本军国主义在朝鲜的暴行“。夏由罗茂修、陶炎武、赵友兰等发起苍中校部分学生和成都回乡大学生刘国柱",,
xianzhi,p-0030,李阳川任,"考棚处建立苍溪县女子师范学校,","校长。",,
xianzhi,p-0031,李忠新家,"县委,霁后在下五里子牛淇岩农民","里正式成立中共苍溪县委员会。春县奉二十军刘湘命令,开征民国49年(1960)粮税。3月三堆石农会、妇",,
xianzhi,p-0031,李开湘,"师。4月16日“共产党员舒宁、","、李元首组织游击队,5月上旬扩建为四盗寨独立营,开辟四蛮寨游击区。4月“建立中共四蛮寨区委。5月6日",,
xianzhi,p-0031,李元首组,"16日“共产党员舒宁、李开湘、","织游击队,5月上旬扩建为四盗寨独立营,开辟四蛮寨游击区。4月“建立中共四蛮寨区委。5月6日午夜王文焕",,
xianzhi,p-0033,李开基,"一带霍乱流行,八庙今红花村一组","、李开业两家共8人死亡。9月张滕、章伯钧来苍视察工作。11月“在县城东苗圃秘密建立中国共产党苍溪县委",,
xianzhi,p-0033,李开业两,"流行,八庙今红花村一组李开基、","家共8人死亡。9月张滕、章伯钧来苍视察工作。11月“在县城东苗圃秘密建立中国共产党苍溪县委员会,潘实",,
xianzhi,p-0033,李蕴璞任,"分团部。秋县立初级中学校铣复,","校长。是年,建立中共县立初级中学支部。12月有限责任“四川省苍溪县合作金库“成立,办理信用合作社和其",,
xianzhi,p-0035,李显威为,"。|10月10日_县参议会选出","省参议员,杨旭为修补参议员。是年国民党苍溪县党部大力发展国民党员,扩大组织,至民国38年(1949)",,
xianzhi,p-0035,李梦林烟,"9日_县城新街(今寡陵路上段)","馆起火,100多户居民房屋被毁。6月县各职业团体和社会团体整顿完毕,计县农会1个,乡农会15个,县工",,
xianzhi,p-0035,李显威当,"院立法委员,2月1日开箱计票,","选。3月9日县卫生院收到美国红十字会及国际福利协会捐赠的药品、器材79种、139件。8月19日“废法",,
xianzhi,p-0036,李寅,"余被歼。1月9日“首批南下干部","、蔡宝山、白光亮、薛恩厚、薛昌泽、穆至善、李茂祥、马成麂、孙玉先、任德明、赵珊瑚、傅仕元、李子忠来苍",,
xianzhi,p-0036,李茂祥,"光亮、薛恩厚、薛昌泽、穆至善、","、马成麂、孙玉先、任德明、赵珊瑚、傅仕元、李子忠来苍溪工作。1月18日“苍漫县人民政府成立,李寅任县",,
xianzhi,p-0036,李子忠来,"玉先、任德明、赵珊瑚、傅仕元、","苍溪工作。1月18日“苍漫县人民政府成立,李寅任县长。2月“全县新建10个区人民政府,领导旧有的1镇",,
xianzhi,p-0036,李寅任县,"月18日“苍漫县人民政府成立,","长。2月“全县新建10个区人民政府,领导旧有的1镇、19乡、289保。2月_县、区、乡政府宣传和贯彻",,
xianzhi,p-0036,李寅任政,"13日“中共苍滓县委员会成立,","治委员(后改称书记)。4月19日“苍溪县第一届第一次各界人民代表大会在县城召开。会议就征粮、剿匪、肃",,
xianzhi,p-0039,李开湘,"_国家授二苍溪籍少将军衔的有:","、吴忠、任荣、樊学文、杨大易;1960年乱升为少将军衔的有赵承丰;1964年晋升为少将军衔的有伍国仲",,
xianzhi,p-0039,李明,"4年晋升为少将军衔的有伍国仲、","。2月10日“开展全县性的反对美帝国主义使用原子武器的签名运动。至月底,参加签名的31.78万人,约",,
xianzhi,p-0044,李林枝向,"5月“在四川省水利会上,副省长","全省介绍苍溪“翻山田界翻山水“,整治冬水田经验,推广苍溪农村木榔头和扯板子等保冬水田农具。5月19日",,
xianzhi,p-0050,李秀训,"月“浙水公社红旗大队党支部书记",",当选为中国共产党十一次全国代表大会代表。",,
xianzhi,p-0054,李德仁出,"“,获金质奖章。六榭乡科协主席","席中国科协在北京召开的全国乡镇科普大会。县川剧团青年演员张建平、黄荣华参加四川省振兴川剧汇报团赴北京",,
xianzhi,p-0060,李文学,"国农民体育协会授予石灶乡红花村","“全国农村体育工作积极分子“称号。10月四川省文化厅、财政厅授予苍溪县财政局、元坝镇文化中心“以文补",,
xianzhi,p-0061,李君,"6月17日晓“石门粮管所显业员","(女)为保卫国家巨额现金,只身同歹徒搏斗被客,时年21岁,翌年省政府追认她为“革命烈士“,中商部、中",,
xianzhi,p-0066,李烈钩,"凯,派舒子铭送委任状去云南授予","、熊克武.舒藏任命书于挑行李的扁担中,步行至云南,完成任务。1911年武昌革命成功,成都成立“大汉四",,
xianzhi,p-0066,李的扁担,"烈钩、熊克武.舒藏任命书于挑行","中,步行至云南,完成任务。1911年武昌革命成功,成都成立“大汉四川军政府“,宣告封建君主专制体制的",,
xianzhi,p-0073,李浚泉等,"刚联络陶懋椿、侯德尊、黄正则、","人向县城各界人士呼吓,于同月16日成立了“苍溪县紧急治安维持会“推选出21名委员、11名常委和主任(",,
xianzhi,p-0073,李曙华,"30日川北人民解放委员会派代表","、彭子丹到苍溪县协商并确定建立“苍溪县人民解放委员会“。31日,中国人民解放军川北独立师第一团团长袁",,
xianzhi,p-0073,李蕴璞担,"定:苍溪县人民解放委员会主任由","任,何芗为副主任,秘书舒倬云;政治部由7名委员组成,主任委员舒思水;宣传部由9名委员组成,主任委员陶",,
xianzhi,p-0073,李浚泉,"给部由10名委员组成,主任委员","。2日,在原县政府礼堂召开解放委员会成立大会,各界人士和来宾1000余人参加,各界代表发了言,并宣读",,
xianzhi,p-0074,李坤山率,"长官部巴山中美技术合作所支队长","部盘踢九龙山,勾结惯匪苏雕飞及匪首“杨氏五郎“(杨言中、杨厚中、杨明中、杨恪中、杨克中兄弟〉于195",,
xianzhi,p-0074,李三股武,",至1951年1月全歼茹、杨、","装匪徒、匪首李坤山被当场击毙,匪首苏雄飞、“杨氏五郎“被活捉,依法处以极刑。年底,县境大小15股土匪",,
xianzhi,p-0074,李坤山被,"歼茹、杨、李三股武装匪徒、匪首","当场击毙,匪首苏雄飞、“杨氏五郎“被活捉,依法处以极刑。年底,县境大小15股土匪基本肃清,共缴获枪支",,
xianzhi,p-0075,李清碧任,"于1月16日成立抗美援朝分会,","主任,蔡达源、牛庆丰任副主任。分会设秘书、宣传、募捐、总务4股。编印《抗美援朝通讯)》、《苍溪小报》",,
xianzhi,p-0077,李顺达互,"起来“的指示,学习山西省平顺县","助组经验,带领全县农民走互助合作道路。1952年春,全县已建起3000多个临时性互助组,组内农户实行",,
xianzhi,p-0078,李淑贞等,"及劳动模范会议,评选出胡宗义、","11个模范互助组。10月县召开第二次互助组劳模会议,县委提出《巩固提高互助组,发展合作社的意见》,并",,
xianzhi,p-0082,李井泉讲,"读了《二十三条》和播放省委书记","话录音。1966年10月17日,南充地区第五期社教运动在苍溪开展.中共苍溪县委首先派出先遣队到城郊、",,
xianzhi,p-0094,李城,"咤精咪咪吡咪毛絮'!鏖沙关独-","|丁彦达|马井咱咪咛呼中黟丁如丁石乜一医吴匹匹荣心咪咪咋咪呸巳匡沙沙哟木_多夺多丨宣囊贺呤E晓县屹不",,
xianzhi,p-0095,李心,".80.苍溪县志杰妤二二榴江","I巳咋吹咛邦咛邪吹论区趋定妤定区定弛慧e书心咛戟咛弟咛默咪炳咛二椿匿奂诽又讼亟妓心咱张呈肥运吴君探蚣",,
xianzhi,p-0096,李王一,"论咤|柯|长逞|家击|钿|口架","IR井三午|讥超[吊慨区罡区4二目张|张晓三|浩,烧中E屠E标河医,真医,目医;园医:目医;目助|误",,
xianzhi,p-0096,李吗啪和,";目助|误富柱富司次妙口剧益匣","口吊咛咛各吃呻夥沥团驱x:y:E:H骑骗盼逊助神祝祝神粑粗神Leco一一口||二E晓|孙|二|星|8",,
xianzhi,p-0097,李吉甫,"东汉、西晋两说。持东汉说者有唐","《元和郡县志}:“后汉永元中于县北巴岳山侧置汉昌县,属巴郡。旨属巴西郡。刘宋并苍溪入汉昌,隋开皇十八",,
xianzhi,p-0099,李蕴璞将,"地。1985年苍溟县政协副主席","考证情况写信给蒲孝荣,蒲赞同汉昌县治地应是青山观,并于1986年3月由四川人民出版社正式出版《四川政",,
xianzhi,p-0104,李家岩,"前兴场称榭树坝(场在今红旗桥东","3。后因嘉陵江水过此回旋,改称回水坝,故名。1934年10月红四方面军在回水场建立乡苏维埃。1935",,
xianzhi,p-0104,李花沟,"峰、陈家沟、回水、扑船、沙溪、","、钟家浩8村。庙垭乡位于县治地西北11公里处。驻地今庙子垭,因有明代古刹,故名,清宣统二年起先后为城",,
xianzhi,p-0106,李,"萍、上游、白马、新店、星火、喻","、五显11村。“茶店乡“位于县治北17公里处,驻地今白垭场,因清代有白姓人家在山垭开茶店,故名,19",,
xianzhi,p-0109,李家坪,"位于县治东北61公里处,驻地今",".相传清代有多人中举,世人喻以“文才若林“,后称其山名文林山,故名。清道光二十年后分别属全信乡、东路",,
xianzhi,p-0110,李子垭建,")。1933年6月红四方面军在","乡苏维埃。解放前先后属白庙、歧白乡。1951年成立金凤乡。1958年改为金凤人民公社。1981年更名",,
xianzhi,p-0110,李子垭,"方公里,辖下坊坪、金凤、天堂、","、碑垭、天平、离山、方山、铁炉、樵垭10村。东溪区东漫区位于县治地东北81公里处,因区驻地东溪场故名",,
xianzhi,p-0118,李家垮等,"村黄梁嘴,镇水乡杜里村蚕丝观、","高阶地。上更新统(Q:〉为黄褐色砾石层、砂质粘土层或黄色钙质结核粘土,构成沿河25一60米阶地的组成",,
xianzhi,p-0134,李嗣观一,"10公里,落差20米;青龙嘴至","段5.1公里,落差7米。严家河“源出县东北运山乡义寨、佛门村,流经河地乡纳四果沟水,经寡妇桥、谱",,
xianzhi,p-0135,李家嘴注,"境,经白桥、马业、亭子等乡,于","入嘉陵江。苍溪县内河长15公里,集水面积50平方公里,落差147米。曲肖川形如曲肘故名。古名苍溪谷,",,
xianzhi,p-0135,李家沟水,"村冬青山,流经四蛮寨、三江庙纳","、范家沟水,于张王乡境注入东河,全长7.7公里。九盘溪滦水盘旋,势如九折故名。源出六槐乡凤凤山,流经",,
xianzhi,p-0136,李家井,"乡场学堂五20文昌乡石昌村三组","25文昌乡金斗村一组大_林崖山泉48鹫漫乡回龙村三组第五章“工E第一节成土母质侃罗系上统(J:P)蓬",,
xianzhi,p-0144,李每年,"、1971年及1981年。浩一","3月至5月,从中国西北和北部十燥地区随偏北风刮入县境的泥沙混入空气中形成浮尘天气,县人又名“下黄沙“",,
xianzhi,p-0150,李结实,"1640)十二月,百花盛开,桃","。清光绪二十三年(1897),烟峰场谒姓,田禾多茎九穗。动物异常|清光绪二十四年(1898)六月,蛭",,
xianzhi,p-0161,李志,"“鬓“用“长“因“医一碧|1余","|髻。殴。出|不",,
xianzhi,p-0165,李,"如_公_咖“戚“五_奶“盐_|","“农-摄“判“返“层“伴分“吭。四租“二“四冬",,
xianzhi,p-0168,李等姓,"有陶、杨、孙、萧、韩、袁、向、","。民国时发展到258个姓。1989年颁发《公民身份证》时共有376姓(以笔划为序):丁、刁、力、山、",,
xianzhi,p-0168,李,"、优、祁、邬、闷、经,邵、良、","、张、庞、杜、但、冷、来、陆、严、谷、旷、何、邱、辛、佐、庄、花、迟、况、沈、宋、余、邹、陈、苏、余",,
xianzhi,p-0176,李廷斌,"先(孟晓川)、黄维德、苟旭元、","、罗治平、王文焕等,在潼川教书的中共党员青良翰、李洁清(女),在潼川读书入党的陈洪钧、陈子谦等,在黄",,
xianzhi,p-0176,李洁清,",在潼川教书的中共党员青良翰、","(女),在潼川读书入党的陈洪钧、陈子谦等,在黄埔军校入党的王继孔等分别回到(或来到苍漫,传播中国共产",,
xianzhi,p-0177,李忠新家,"、乔维新等在下五里子牛滚岩农民","里召开会议,正式成立中共苍溪县委员会。县委成立后,发动农民开展武装斗争,先后在三堆石、四蛮寨、与英寨",,
xianzhi,p-0177,李清碧等,"记,在县城发展杨伯刚、潘实之、","人入党。3月建立中共三堆石区委员会(10月改为中土区委会),韩文炳任区委书记。5月,王相才在槐树驿建",,
xianzhi,p-0177,李玉保,"克新)、袁安太、宋南贞(女)、","(女)、励聿生、张尊福6名党员赴延安学习;苍溪县各届人士抗敌后援会发动青年学生编新戏,演新剧,发传单",,
xianzhi,p-0178,李清碧家,"光昭来苍漫检查工作,在中共党员","里举办县委成员训练班,学习斯大林《论列宁主义基础》一书中的“民族问′题“、“农民问题“、“党“等内容",,
xianzhi,p-0179,李寅,"共苍溪县委员会正式成立,委员有","、蔡宝山、刘云、李子义,岫中共剑闸地方委员会领导。8月增设副书记1人,1952年10月,全体委员会委",,
xianzhi,p-0179,李子义,"立,委员有李寅、蔡宝山、刘云、",",岫中共剑闸地方委员会领导。8月增设副书记1人,1952年10月,全体委员会委员增至9人。1953年",,
xianzhi,p-0181,李茂祥常,"书记1971.9一1981.1","“委山西临县1963.1一1967.38,1973.3一1976.10书记1961.10一1963.",,
xianzhi,p-0182,李绍文常,"常委1975.8一1976.5","“委四川闻中县|1975.10一1950.3李开林副书记四川盐亭县1975.12一1980.3书记1",,
xianzhi,p-0182,李开林副,"|1975.10一1950.3","书记四川盐亭县1975.12一1980.3书记1980.3一1981.1张培根常“委1976.5一1",,
xianzhi,p-0183,李文元常,"1983.11一1987.7,","“委苍溟县1981.9一1986.6副书记1986.6一1990.5书记1990.5一1990.12",,
xianzhi,p-0183,李树林常,"1985.1t一1987.9'","“委四川西充县1986.9一1990.3冉光厚常“委芯溪县1986.9一1990.3樊月明常“委19",,
xianzhi,p-0183,李军副书,"县1990.3一1990.12","记苍溟县1990.3一1990.12.郭安兴常“委苍溪县1990.3一1990.12陈力常委苍溪县1",,
xianzhi,p-0187,李开林代,"文杰致开幕词,大会听取、审议了","表县委作的《坚持党的领导,改善党的领导,提高党的战斗力,向四个现代化的宏伟目标奋勇前进》工作报告。报",,
xianzhi,p-0197,李玉成从,"988年3月28日,两溪乡台胞","台湾回到家乡探亲,第一个被批准在家乡定居。1987年以来县、区、乡各级政府共接待台、港同胞153人次",,
xianzhi,p-0201,李阳川相,"委员会工作。15年刘笃、16年","继任国民党苍滓县登记委员会委员。20年7月,余光珩经国民党苍溪县登记委员会委员杨旭介绍加入国民党任苍",,
xianzhi,p-0201,李阳川,"务指导委员会委员。之后,张翘、","、刘笃先后离职。27年,余光珍、杨旭奉调参加四川省国民党员干部训练班受训。28年,国民党四川省党务指",,
xianzhi,p-0204,李寅任筹,"民协会筹备委员会,设常委7名,","备′委员会主任。在农村新旧政权交替中农民协会代行人民政权的职能,将“减租退押“的稻谷及清匪反霸运动中",,
xianzhi,p-0210,李盛唐任,"社会教育、家庭教育等议题,选举","理事长。34年7月,县教育会召开第二次会议,研究发展国民中心小学和保国民学校等议题。同年,有15乡(",,
xianzhi,p-0211,李钟芹任,"及绅士20余人组成商会董事会,","总理。民国6年(1917)商会总理改称会长,24年商会会长改称主席。26年对新开业的“天成祥“和“顺",,
xianzhi,p-0214,李清碧四,"|1950年4月一月门副主席;","川苍溪县“副主肥黄正则四川苍溪县一.主常刻下四川芘溶县|1950年8月二1月副主席李密山西离石县广主",,
xianzhi,p-0214,李密山西,"县|1950年8月二1月副主席","离石县广主厚刘篪青山西临其950年12月一1951年3一副主席李蕴璞四川苍谧县副主席李清碧四川苍谧县",,
xianzhi,p-0214,李蕴璞四,"年12月一1951年3一副主席","川苍谧县副主席李清碧四川苍谧县国国主厚刘藏胸山西临埕|1851年3月一6一一副主席穆至商山西离石县第",,
xianzhi,p-0214,李涉碧四,"县|1952年1月一5一剪主席","川苍溪县【民主原刘概山西师阮参一一一副主席李清磁四川苍溪县|1952年5月一10月|副主席杨帮治四川",,
xianzhi,p-0214,李清磁四,"主原刘概山西师阮参一一一副主席","川苍溪县|1952年5月一10月|副主席杨帮治四川苍谧县届一同三届一次会议1952年10月一1953",,
xianzhi,p-0217,李曙华,"解放后,在川北区解放委员会代表","、彭子丹的协助下,于1950年1月2日建立由39人组成的苍溪县解放委员会,李蕴璞任主席,何芗任副主席",,
xianzhi,p-0217,李蕴璞任,"39人组成的苍溪县解放委员会,","主席,何芗任副主席,舒倬云任秘书。下设政治、军事、情报、宣传、供给5部。18日成立苍滦县人民政府,代",,
xianzhi,p-0225,李,"隆五十四年(1789》「R砂门","B十跃|aEETfRF008gsHSE[asstomR门88十玟H0a0H|sa育十玟[RtEH02",,
xianzhi,p-0229,李文元,"4月一1986年12月代县长′","E花研旺雷1986年12月一1990年5月任县长1987年3月任副县长,1990年5月代四川ws|w",,
xianzhi,p-0229,李门,"引酝工刑巳园任页白自芸宏-s|","a|azeltzapprun7谢长庚‖“初中‖四川巴中县|副县长|1952年8月一1951年5月王秀",,
xianzhi,p-0234,李子垭万,"池口垭白驿乡1933.66二乡","安乡1933.68三乡月山宫月山乡1933.66四乡烟峰山烟峰乡1933.616五乡太营山歧坪乡19",,
xianzhi,p-0235,李家田坝,"坎广元太平乡1933.96四乡","广元太平乡1933.96",,
xianzhi,p-0237,李显威得,"2月1日县选举事务所开箱计票,","票最多,经省选举事务所批准李显威为立法院立法委员|",,
xianzhi,p-0237,李显威为,"威得票最多,经省选举事务所批准","立法院立法委员|",,
xianzhi,p-0240,李家止,"荤′`哥虞曾智'聿t弓′董遗辈",":1葛口dKM脱口林逊王:口""鲁盂嗜>_鸯^蠹…y浠妻雇簪'呼团瞥喜龌罪耆雹呈E志鳃目袱",,
xianzhi,p-0241,李公祠,".“救灾“.“赈济贫困“,“修","“、“建立抗日阵亡将士纪念碑“和“公园“等决定。35年1月成立县参议会至38年12月共开会10次,先",,
xianzhi,p-0243,李文锦,"的中心工作的决议.选举谢长庚、","、郑衍芬,吴恩林为省人民代表.通过向毛泽东、敌山钢铁厂全体职工致敬电。一届二次会议1955年9月14",,
xianzhi,p-0244,李桂英为,"季明、赵孟明、苗裕厚、杨春萱.","省第三届人代会代表。总结贯彻“以农业为基础、工业为主导“的发展国民经济总方针所取得的成绵。通过关于在",,
xianzhi,p-0245,李先成为,"。选举胡正均为县人民法院院长,","县人民检察院检察长。收议案,意见257件。,八届二次会议“1982年3月21一24日在县城召开。出席",,
xianzhi,p-0248,李文元辞,"免国家机关工作人员52人。接受","去县长的请求,传定兹异矩为代理县长,苟邦楷为副县长.办理人民来信357件,接待来访160人次。第六节",,
xianzhi,p-0252,李蕴璜男,"198]年3月一1984年4月","_四川省苍溪县副主席1981年3月一1984年4月罗伯铭男_四川省遂宁县副主席1981年3月一198",,
xianzhi,p-0252,李清碧男,"1981年3月一1984年4月","_四川省苍浩县副主席1981年3月一1984年4月谭光明|男…四川省苍溪县剪主席1981年3月一19",,
xianzhi,p-0252,李蕴璞男,"1984年4月一1987年3月","四川省苍溪县副主席1984年4月一1985年12月一周承睡男“四川省安岳县副主席1984年4月一19",,
xianzhi,p-0254,李清碧作,"席19人。会议昕取并审议副主席","的一届一次会议以来常务委员会工作报告。全体委员学",,
xianzhi,p-0260,李蕴璞,"}献给政协.一、二届政协副主席",",落实政策后,怀着“报国之日苦短,报国之心倍切“的心情,带病携写文史、党史、县志资料。1981年当他",,
xianzhi,p-0265,李先成,"县1954.12一1966.8","′′仪阅中县1978.9一1984.1游传明″“南部县1984.4一1990第三节法“院民国元年(1",,
xianzhi,p-0269,李坤山,"37年,苍溪境内有土匪15股,","、龚方谷、“杨氏五郎“三股最为猖猎,百姓屡道其悦,县政府几派保安队、警察队缉拿,均无明显效果。195",,
xianzhi,p-0276,李如帮入,"全面改造。1951年6月,土匪","狱后,经教育,新供认杀害3名行商,交出步枪3支。监内备有纸张笔墨、报刊。1979年购置《宪法》、《刑",,
xianzhi,p-0298,李福春等,"夕,关政庞请回乡探亲的王德祥、","5名一、二等功臣组成讲演团到机关、工厂、学校巡回讲演。各级政府利用广播、板报、幻灯和文艺演出,宣传家",,
xianzhi,p-0300,李脚费,"办理。安排食宿,发放伙食费和行","。回乡后,对无家可归的,乡村发动亲朋或利用祠堂安置、对生产有困难的政府在经济上扶持,帮助学技能,使生",,
xianzhi,p-0323,李葛帮月,".308。坻:苍滢","门王吧撬。_-.E吊<}.|蓁曼丨_ll.′′穹叁′4-嫁=“)]|一孕长兵一""一__矗=,""l戴。",,
xianzhi,p-0345,李信荣,"习,1991年回国工作.新观乡",",1987年于安徽合肥工业大学毕业后留学美国。陵江镇刘鸣,在华南师范大学取得博士研究生学位后,198",,
xianzhi,p-0345,李全,"中国旅游服务总公司工作。运山乡",",取得华西医科大学硕士研究生学位后,1990年留学英国,攻读药物学博士。雍河乡马强,复旦大学博士研究",,
xianzhi,p-0345,李毅,"本学习果树技术10个月。陵江镇",",1992年8月由四川体育科学研究所考入美国得克萨斯州登顿大学研究生院,攻读化学博士学位。在驻外机构",,
xianzhi,p-0346,李阳川,"清宣统二年(1910),天观乡",",民国11年(19223,八庙乡安筱屯〖均东渡日本作短期教育考察。1988年5月27日,中国狭猴桃工",,
xianzhi,p-0347,李义华,"长薛新民、开发办彭东林、水电局","、农技站彭荣一行去老挝,就苍溪在老挝人民民主共和国南塔省租地搐农业开发一事进行考察论证。与南塔省农业",,
xianzhi,p-0347,李文元以,"年8月16日,中共苍溪县委书记","中国川黔溶桂四省区县长访日代表团成员身份东渡日本考察、访问;代表团由全国政协常委、全国扶贫基金会常加",,
xianzhi,p-0347,李文元与,"馆的招持;受到日本人民的欢迎。","签川日中友好基金会、山形县调理食品厂、山形县日中友好协会及日中国际旅行社等单位初步建立了联系,均表示",,
xianzhi,p-0348,李萧条趁,"紫退无后先、胜地相逢又几年。行","春去,风风丽丽落花天.“;“栈云峡雨蜀山川,东望扶桑路渺然。送客亭前天深暮,杜鹃空哭杜诗仙.“「“香",,
xianzhi,p-0349,李秀普等,"郑文常、陈绍森、县外贸公司经理","会见并宴请了福德一行,欢迎他们来苍为发展经济、开拓外贸市场进行友好合作。18日福德好昭驱车前往黄猫、",,
xianzhi,p-0351,李文元,"向性协议.并与中共苍溪县委书记","、县长莫异矩等会谈,就苍溪与新西兰富克兰林地区结成姐妹关系的问题进行丁探讨,同意为此协助工作。25日",,
xianzhi,p-0351,李文元设,"探讨,同意为此协助工作。25日","晚宴招待客人,客人于26日离苍。第二节技术合作“引“进芋角烘干设备“1981年10月20日,副县长郑",,
xianzhi,p-0352,李,"水果分级机。此水果分级机对桃、","、杏、苹果、狮猴桃、柑桔、核桃、板粟等15一400克的干鲜果都可进行分级,甚至蛋类也可用它分级。每小",,
xianzhi,p-0361,李向荣,",在县大队配合下,围歼杨开荣、","、龚方谷股匪。1969一1970年,中国人民解放军十三军枸部机枪连驻苍溪县城担负地方“支左“任务。第",,
xianzhi,p-0371,李子元,"马梁包重创苍溪县保卫团二大队及","、刘刚两个民团。尔后进军王渡、元坝直抵东河东岸与田颂尧部对峙。同时,红七十三师(7月扩编为红三十一军",,
xianzhi,p-0372,李家院子,"部,在姚家院子虚设一个营部,在","虚设一个连部,并集中20余名号兵天天练号,刘军疑红军重兵集结龙干山,不敢妄动。2月1日,刘军分三路向",,
xianzhi,p-0373,李先念也,"8。苍滦县志′向前、三十军政委","随之到达五官寨。红军刚布好阵地,刘军就向黄猫垭退逃而来。退逃黄猫垭的刘军,系田颂尧部的精锐部队曾起戎",,
xianzhi,p-0373,李家院子,"未能实现。又改从正面向二郎庙、","方向突园,又被红八十人师击退。14日黄昏,田军一部向老君寨方向突围,红三十一军九十三师迅即抢占老君寨",,
xianzhi,p-0373,李先念政,"长栖牲。激战中,徐向前总指挥和","委到前沅了解情况,指挥战斗。15日拂晓,田军分两路企图同时向黄猫垭、五官寨方向突围未成。此时,红军参",,
xianzhi,p-0373,李家大院,"十军八十八师等主力,由二郎庙、","正面发起进攻;红三十一军九十三师等部队从松垭子、老君寨方向发起攻击。从二郎庙到松垭子,从吞石口到黄猫",,
xianzhi,p-0374,李先念亲,"构件。红三十军军长余天云、政委","临动员,川陕省苏维埃副主席余洪远、保卫局长谢凡到造船厂指导工作。苍溪县委书记陈子谦走|乡串户,动员群",,
xianzhi,p-0375,李先念等,"子山谭家大院、徐向前、王树声、","在此指挥。渡江突击队集结于塔子山后待命,20门迫击炮置于塔子山、五当山。晚9时许,红三十军八十人师二",,
xianzhi,p-0377,李自成,"翌年,鄢、蓝农民军破苍溪县城。","、张献忠义军战事明岫祯十年(1637),李自成农民军攻击苍溪县城。县守御所(昭信校尉世袭百户)陶怡率",,
xianzhi,p-0377,李自成农,"军战事明岫祯十年(1637),","民军攻击苍溪县城。县守御所(昭信校尉世袭百户)陶怡率士卒与农民军鏖战数日。农民军以柴草填城壕攻城,陶",,
xianzhi,p-0378,李长春,"地形又易攻难守,决定由魏东山、","、向成义、李朝荣、向悦昌、罗通武、温全江7名骨干各带教徒百人,分道向光山子转移,在张家大院会师扎营。",,
xianzhi,p-0378,李朝荣,"决定由魏东山、李长春、向成义、","、向悦昌、罗通武、温全江7名骨干各带教徒百人,分道向光山子转移,在张家大院会师扎营。此后,红灯教以光",,
xianzhi,p-0380,李家钰两,"1250人。邓锡侯速调一〇四师","个暑,纠集苍、阅部分民团、东河沿岸守军共3000余人,围剽独立团。独立团集中兵力在麻坪梁、冉家梁之间",,
xianzhi,p-0380,李一个暑,"梁、冉家梁之间与敌军激战,击败",",俘获200余人。红",,
xianzhi,p-0381,李开湘任,"多人。5月上旬被改编为独立营,","营长,后被编为三堆石独立团建制,四蛮寨游击区建立后,在当地党组织领导下打富济贫,开仓放粮。打击元坝场",,
xianzhi,p-0381,李剑金的,"民团的进攻。摧毁万贯山民团头子","老巢,并把大量衣物、粮食分给受苦群众。8月,县保卫团三、四大队与附近民团约1000多人向四蛮寨进攻,",,
xianzhi,p-0381,李子君任,"昝云成任团长,王小坤任参谋长,","政治部主任,并选配营、返、排干部。同时对保长吴万德等做策反工作。教育歧坪、白庙、张王等地的乡保长弃暗",,
xianzhi,p-0383,李兴太等,"厚忠的得力帮凶侯禹清、陈惠一、","匪徒,迫使杨厚忠、陈惠德等匪徒缴械投降。围剽匪首李坤山民国30年(1941),李坤山(今登高乡人)成",,
xianzhi,p-0383,李坤山民,"陈惠德等匪徒缴械投降。围剽匪首","国30年(1941),李坤山(今登高乡人)成为土匪。37年盘踞九龙山,拉人入伙,强民为匪,在东河拦劫",,
xianzhi,p-0383,李坤山,"李坤山民国30年(1941),","(今登高乡人)成为土匪。37年盘踞九龙山,拉人入伙,强民为匪,在东河拦劫商船。在滑江、土鲤、石灶、三",,
xianzhi,p-0383,李坤山参,"2月,县府几次缉拿未获。年底,","加特务组织“西南长官部巴山中美技术合作所“,任支队长。解放后,李县伏夜出,四处武装骚乱。1950年2",,
xianzhi,p-0383,李县伏夜,"术合作所“,任支队长。解放后,","出,四处武装骚乱。1950年2月19日,精匪100多人抢劫歧坪区人民政府,杀死民政委员吕宏元,劫走机",,
xianzhi,p-0383,李坤山逃,"战7日,歼灭一部分匪首、匣众。","回老巢九龙山,以“杨氏五郎“及苏林飞等匠特为外翼,负隅顽抗。后,杨、苏匪特被歼,李坤山顽匪7人,被固",,
xianzhi,p-0383,李坤山顽,"负隅顽抗。后,杨、苏匪特被歼,","匪7人,被固于山中。1951年1月16日夜,李坤山领匪焊食,窜入陶老太婆(今天观乡白坪村)家中,陶佯",,
xianzhi,p-0383,李坤山领,"山中。1951年1月16日夜,","匪焊食,窜入陶老太婆(今天观乡白坪村)家中,陶佯意厚待,次日借口买盐出门报信。解放军、公安队、农民自",,
xianzhi,p-0383,李朝包围,"军、公安队、农民自卫队出击,将","屋内,陶老太婆支持剖匪,请求围剿部队烧掉自己房屋。李坤山从浓烟中窜出被当场击毙。平息“中美技术合作所",,
xianzhi,p-0383,李坤山从,"匪,请求围剿部队烧掉自己房屋。","浓烟中窜出被当场击毙。平息“中美技术合作所“武装民国38年(1949)6月,国民党特务操纵同善社组建",,
xianzhi,p-0383,李坤山任,"装支队,苍溪编为十六支队,匪首","支队长。解放后,吴俊丰勾结国民党溃军师长丁玉恒筹集军火、集中人枪百余,号称“子弟兵“,1950年3月",,
xianzhi,p-0420,李杏梅桃,"全县总产100.75万公斤。桃",",解放初县内有白花桃、鸡血桃、蠕桃、课桃、砧木毛桃。1957年县农业局从上海引进鲜食品种玉霸水蜜桃、",,
xianzhi,p-0420,李,"幼树一般亩产2000公斤左右;",",有麦黄李、青脆李、鸡血李、玫瑰李和苦李等6个品种;杏,有大杏、米杏、甜杏、酸杏等6个品种;梅,有红",,
xianzhi,p-0420,李和苦李,"有麦黄李、青脆李、鸡血李、玫瑰","等6个品种;杏,有大杏、米杏、甜杏、酸杏等6个品种;梅,有红梅、青梅、乌梅、酸梅4个品种。小宗果类小",,
xianzhi,p-0436,李绍文任,"年南充地区还派地区农机局副局长","苍溪县革命委员会副主任,主抓农机工作。这年底,全县有柴油机1408台、16527马力,汽油机63台、",,
xianzhi,p-0437,李,"雹(苎""『`1屡!';罄沥口西",":烈焕二一鬣金怀|为一荣|贼县不5`}，二升|荣不东丨孝春王f裂书`”-..妻>_,8口日蹬一李一翼",,
xianzhi,p-0437,李一翼藿,"书`”-..妻>_,8口日蹬一","b驱|一标c′3一行嗷一z一心踏林吴(0余木荸-冀薹壁-一莲焕吴(女》:塞-水不早不奕论[3,禀_蒿",,
xianzhi,p-0453,李子垭水,"红旗水库土鲤设计资料不清,缓建","库金凤修改设计,缓建",,
xianzhi,p-0457,李文元任,"厂。7月20日成立工程指挥部,","总指拂。下设管线组及厂区组,分别由罗志言和傅元麟负资。工程由川西北矿区及苍溪县水电勘测设计队共同设计",,
xianzhi,p-0467,李在扬,"政府迅即下达防汛命令、副指挥长","、傅元麟深入375米高程以下地区巡回检查,指导搬迁.县农资公司仓库被水围,指挥部组织60辆汽车抢出化",,
xianzhi,p-0478,李,"docerasusLindil","PrunussalicinaLindi.杏PrunusarmeniacaL,玫瑰Rosarugosa",,
xianzhi,p-0481,李科枣树,"FortuneiFedde.鼠","ZizyphusjujubaMillL.Var.inermis枳棣(拐枣)Hoveniaduleis",,
xianzhi,p-0485,李,"r|陕西|1967根柳视|北万","Populusnlgraveritalica(CMucnch)koehnexcath11982aya",,
xianzhi,p-0486,李,"木以桐、桑、棕、竹和雪梨、桃、","、杏等为主,散生各地_的杜件、架壶、吴萸、山植、木瓜、白果、漂树、盐肤木树、核桃、板栗、柿子等为次。",,
xianzhi,p-0487,李阳川从,"蓝“校螟校系1929年由苍漫人","安岳县引进,一共3株,一株植在今天观乡杨岳村(李阳川故居)。树现高25米,骈径1.1米。银_杏树银杏",,
xianzhi,p-0487,李阳川故,"3株,一株植在今天观乡杨岳村(","居)。树现高25米,骈径1.1米。银_杏树银杏,俗名白果树。苍溪过去生长较多,天观乡杨岳村3组的一棉",,
xianzhi,p-0500,李育农赴,"年9月,西南农业大学园艺系主任","县境九龙山、五几山等地调查,发现酷似雪梨型的砂梨资源20多种,认定苍漫雪梨系砂梨在系统发育过程中所形",,
xianzhi,p-0500,李大福编,"所形成。四川农业大学园艺系主任","繁《四川梨树志》时,到苍漫县九龙山、五凤山、龙享山调查,亦发现分布有砂梨系的原始群落和野生砂梨品种,",,
xianzhi,p-0502,李蕴璞代,"万株。1951年10月,副县长","表全县人民送!公斤以上的大雪梨给中央南方革命老根据地访问团,经团长王维丹转赠中央领导。1954年,全",,
xianzhi,p-0503,李井泉在,"88。苍溪县志亩。6月省委书记","南充召开多种经营会议,与会人员在省人大副主任杨万选率领下参观苍溪中学、运山公社、柏杨公社园艺场,会上",,
xianzhi,p-0508,李大福在,"理整“形四川农业大学园艺系教授","天观乡北斗村四组、运山乡宝明村一组、柏杨乡宝宁村五组,对百年生雪梨树考察记载,一般高10一12.4米",,
xianzhi,p-0508,李国泽将,"冠成塔式,滴江乡五风村三组农民","主一、主枝、侧枝拉平,树冠成盘状。1957年后推广“疏散分层形“,即主枝5一7个,2一3层,每主枝留",,
xianzhi,p-0512,李开湘的,"装的改进,受到苍溪籍将军任云、","赞赏和肯定,经销部门和消费者也很赞赏。第三节加“工梨“膏解放后,雪梨正品鲜销,伤果、次果熠制梨膏,添",,
xianzhi,p-0515,李在扬任,"系繁育推广领导小组“。县长助理","组长。第二节_科研队伍民国29年(1940),四川农业改进所指导推广苍溪雪梨栽培技术,房仲篪著《四川",,
xianzhi,p-0515,李国泽将,"不断革新。民国时期,漓江乡果农","梨树主干、主枝曲斜分布冠周,称“盘状整枝“,促进成花、稳果,抗御风害;六槐乡张文海于雪梨树顶“落头“",,
xianzhi,p-0541,李川江,"油脂加工管理.1955年推广“","“榨油经验,出油率提高,各类油脂增长11.36万公斤,价值8.4万元,年底县供销社被省、地工业主管部",,
xianzhi,p-0545,李仕民,"厂为部队生产鞋、帽。继后有南充","、何金庸来苍溪从事布鞋修铺和来料加工。1955年,个体制鞋户加入手工业生产合作社(组),仍以来料加工",,
xianzhi,p-0547,李瑜,"指导。14一25年,县城先后有","、袁达甫经营木板印刷,刊刻公私图记。33年西川税务管理局与苍溪稽征处职员合伙在县城成立“直字印刷社“",,
xianzhi,p-0549,李家区砖,",间或少量出售。1952年南充","瓦匠陈福年、李华云来苍溪城郊乡白鹤山麓租地建窑经营砖瓦生产翅年城郊乡41位农民联合组建砖瓦生产合作组",,
xianzhi,p-0549,李华云来,"52年南充李家区砖瓦匠陈福年、","苍溪城郊乡白鹤山麓租地建窑经营砖瓦生产翅年城郊乡41位农民联合组建砖瓦生产合作组,在龚家山一带搭棚建",,
xianzhi,p-0572,李家嘴,".001972年12月土门垭一","61.009.001972年12月东青一白桥1710.7517.001972年12月土门垭一亭二13",,
xianzhi,p-0579,李家嘴渡,"坪场、东滓场、桥溪场、涧溪口、","口;属公田租设置,由区、乡酌情补助的有插江、张滩、唤马溪、红花溪、滑石、漓江场、土鲤场、石灶场、东溪",,
xianzhi,p-0629,李鹏为废,"元.1988年5月15日,总理","旧物资回收工作题词后,宥传动员工、青、妇、中小学生利用再生资源变废为宝,变无用为有用,收集交售,年收",,
xianzhi,p-0631,李等服务,"位,为旅客开办代购车票、寄放行","项目。全县大多数招待所、宾馆、旅馆、旅店有电视机、电扇、沙发等设备。国营、集体招待所和旅馆还附设有小",,
xianzhi,p-0654,李公祠纪,"苗捐、寒衣捐、建墓捐、劳军捐、","念捐、自卫特捐、党员月捐、公路捐、街灯捐等等,既有政府抽收,也有法团筹集,名目繁多,收入不等。杂“费",,
xianzhi,p-0658,李斗,"0000`3002002c一“","-中<hez5江二rsaz丨325牛二小0=寸-一十=<-一壮一二仪:-100-年度19531957",,
xianzhi,p-0683,李神仙,"“、民国时期县城新河街有个叫“","“的人,以放日债为业,每天利息高达40%。利滚利“又名“印子钱“。债权人为使债务人利息兑现,经中人商",,
xianzhi,p-0702,李酣,"国祭狼阳-春=|足芍怀下历许|","|一5井|L|咤厨与二相l吾|鸦禄‖匿厂磕|暗|蚺|达二|怪种历迸插船|长鄱|查唁国|闵|闯|罚抱‖",,
xianzhi,p-0702,李,"狼|“恩[怡H逸嫁|粟|门|形","H牲11乜蚊回货|取|发|受医城E恭汉九公|吉|S|下山必叉芸英|号|寺氓",,
xianzhi,p-0713,李子坝河,"达一米多,把场头桥面和狮子坝、","堤冲垮.县人委捏款培修桥梁,整治长74米,宽1米的北街,把乱石路面改为石板路面。1978年以后,陆续",,
xianzhi,p-0740,李租口唷,"′箩.一38史响屹与5氙邵丞医","十步",,
xianzhi,p-0761,李公祠后,"杨庆元。民国37年7月,园址迁","院,招收两个班,有幼儿30多人。1950年2月,幼稚园并入城关完小,为附设幼稚班,37人。1952年",,
xianzhi,p-0762,李子垭,"城区和王渡镇的蚕丝观、九真观、","、双河场、龙兴院,元坝镇的官庄坪,三川乡的唤马溪、白云庵、雍家河、梓潼庙、常青观、杨岳山,五龙乡的六",,
xianzhi,p-0765,李蕊璞代,"秋复校,新招中一班学生66人,","理校长。31年秋季,招收新生男女分班,全校共11,个初中班,学生436人。32年春,在第三区区长王钟",,
xianzhi,p-0768,李阳川,"753。女子乡村师范学校,校长",",相继招收女一班、二班、三班。同年,县立初级中学续招师范第五班。34年2月,县立初级中学附设简易师范",,
xianzhi,p-0781,李福建被,"川省农村体育先进学校,体育教师","评为四川省农村体育先进工作者,是年,全县中等学",,
xianzhi,p-0796,李伟与学,"右。私塾以10个月为一馆,垒师","生家长或主办人面议,物价稳定时讲钱,物价上涨时讲粮,一般是经文馆师年束件六七十串,蒙师三五十串不等,",,
xianzhi,p-0800,李李训训,"篇,教“育*785。国命医圭诊","江加扬扬江江训训动许t仪匕小技许许李加加训训加动加许许训加加加加加c仪许动卯狒心“一E一崔伟|85品",,
xianzhi,p-0800,李加加训,"扬扬江江训训动许t仪匕小技许许","训加动加许许训加加加加加c仪许动卯狒心“一E一崔伟|85品君明启白吴吕吕启下一不盅薯鬟咤史二吊口尿林",,
xianzhi,p-0807,李树林任,"代表大会,委员会由59人组成,","主席。县科协负责沟通县委、县政府与全县科技人员的联系,组织开展学术讨论,和区乡科协。,1981年六槐",,
xianzhi,p-0807,李德仁出,"成果。1983年乡科普协会主席","席全国乡镇科普协会经验交流会。至1985年6月,全县区级科协9个,乡级科协68个。1990年8月,陵",,
xianzhi,p-0811,李兴德定,"挥丁重要作用。东溪乡科技示范户","植、嫁接猕猴桃1500株,育苗1万余株,次年收入800多元,全村发展猕猴桃631交,约8.7万株。技",,
xianzhi,p-0819,李雄厚,"1月,县商医防疫检疫站陈荣德、","、孙家刚、李泉、白郎合等人对县内45乡的牛、羊、鸡、鸭、鹅、兖、犬抽样采集血清样品826份,进行血清",,
xianzhi,p-0819,李泉,"检疫站陈荣德、李雄厚、孙家刚、","、白郎合等人对县内45乡的牛、羊、鸡、鸭、鹅、兖、犬抽样采集血清样品826份,进行血清学检查;同时对",,
xianzhi,p-0822,李俊,"雪梨“五改“|县果树站明伯乐、","、农牧厅三申太和、张文质、韩顺利等奖XGD一80型电光川北机器厂农牧厅二1980|制版机等奖丢作推广",,
xianzhi,p-0823,李淑谦,"l981|宿植速成桑园示范推|","、冯克汉等奖玉米行间奎黄豆、玉|农业局农技站王正禄命“米增产豆增改闯一=农业局植保站周传鉴、农牧厅三",,
xianzhi,p-0823,李,"业化键环节、玉|吴苏创林战米国","e农业局农技站赵大聪、农牧厅二陈昌荒等奖手术治疗耕牛髋骨上|畜牧局冯正文、张光春农牧厅三.方固定等奖",,
xianzhi,p-0824,李淑谦,"等奖散卵优良蛎种推广“|蚕栖局","、陈维、溶丝绸公司中东、蒲应清、童武才井等奖盎鸳玉米绵黑稚病试‖农业局彷侦站意=都秽教管理普及农科‖",,
xianzhi,p-0825,李御谦重,"。苍溪县志充场桑选育推广蚕桑局","i言…-彗3筐t′i菅三「植物检疫配套服务农业局植保站套兰囊畜厅三1987|电脑绣花技术引进县科委宋",,
xianzhi,p-0825,李淑谟,"-|散卵蚕种、小蚕共育|蚕桑局","、陈维、藏丝绸公司科技配套中东、溶应清、童武才一等奖蚕桥品种改良蚕丕局陈祖洪、冯克汉、丝绸公司李淑谦",,
xianzhi,p-0825,李淑谦三,"蚕丕局陈祖洪、冯克汉、丝绸公司","等奖农业基点调查农业局骂'…塞′于`二水稻配套技术研究农业局农技站“蠢墓′于_雪梨生产综合技术研|农",,
xianzhi,p-0825,李椎厚,"等奖动物疫病普查命牧局陈荣德、","、农牧厅三|市政府二孙家刚、李泉、白邦合等奖等奖商品肉免配套技术推|畜牧局黄勉成、吴维定、农牧渔|农",,
xianzhi,p-0825,李泉,"厚、农牧厅三|市政府二孙家刚、","、白邦合等奖等奖商品肉免配套技术推|畜牧局黄勉成、吴维定、农牧渔|农牧厅三广曾札兴尊拳墅一_等奖芯溪",,
xianzhi,p-0825,李淑丝绸,"粮经作物|县科协张全忠、蚕桀局","公司‖市政府二分带轮作试验及推广|谟、陈维、蒲应清二等奖等奖'省柴灶、预券炉心县煤建公司彭德荣、县计",,
xianzhi,p-0826,李时春,"元礼、任文照、省教委优作文试验","、杨庆骥秀奖新药骚隆精佳男宰集|定牧局诉荣循、孙家刑宣敦7万合并用药防治耕牛血|畜牧局孙家刚农较厅一",,
xianzhi,p-0826,李惧然,"制及应用|梁东局常启林、苟牧、","7三猕猴桃低成本、高效|农业局侯仕宣、吴伯乐、农较厅二|市政府一著私培技术研亢与推|标仕武、唐伟、刘",,
xianzhi,p-0826,李龙,"早式栽培技术|县土肥站纪大元、","、市政府三何成水一|等奖创办牧业培训中心|富铭尿张纯循、杨厚硝、模“=狱猴桃优良品种选育|三漫口森林",,
xianzhi,p-0830,李,"歌单17.9万份,1981年以",",在县文化馆的辆导下,以乡(镇)文化站(中心)为单,位开办文化艺术和科技培训班,培养村、组文化骨干。",,
xianzhi,p-0835,李文元,"依据。|在群文调研中,县委书记","、县长莫异矩,县人大常委会主任张玉源、县政协主席郑文常、副主席周承睫、分管文化工作的副县长李树林和县",,
xianzhi,p-0835,李树林和,"席周承睫、分管文化工作的副县长","县委宣传部、县精神文明办公室、财政局、文教局等单位的领导部深入基昊调查研究并揣写出论文、调查报告、评",,
xianzhi,p-0835,李仲实等,"、杂志发表。1990年胥鸿钊、","3人撰写的《贫困山区文化建设研究成果》被苍溪县科技成果评审委员会评为三等奖。",,
xianzhi,p-0836,李天墓著,",陶淑礼作苍溪八景等诗12首,","《问心山房集》,薛之佐《祭李受馨》文…...。晋代以来,载于民国《苍溪县志.艺文志》的诗词歌赓和散文",,
xianzhi,p-0836,李受馨,"墓著《问心山房集》,薛之佐《祭","》文…...。晋代以来,载于民国《苍溪县志.艺文志》的诗词歌赓和散文161篇(首),民国28年(19",,
xianzhi,p-0836,李蕴璞,"9)一34年,县人诗作主要有:","《临江洞》,刘笃生《夏登鸣羊山》,、《丙戌立冬后观时有感偶成》,何寅初《游水龙洞》,陈杰生《步刘笃生",,
xianzhi,p-0837,李双双,"还配合“四清“上演《夺印}》《","》等。“文化",,
xianzhi,p-0838,李双双,"》、《王秀鸾》、《刘胡兰》、《","》、《小二黑结婚》、《巴山人民献红心》等剧目。“文化大革命“中演出减少。专业、业余团队演出反映时代特",,
xianzhi,p-0839,李家发建,"过节演出。1981年南阳乡艺人","皮影组在苍溪、阅中、巴中农村演出《土行孙招亲》等20多个剧目,1985年改为南阳乡灯戏皮影班。",,
xianzhi,p-0841,李家山的,"打评逗趣的民间传统风格。陵江镇","牛灯颇有声誉。车灯、竹马两者合队或单独表演。大多双车双马,前有引灯引马者,后有推车赶马人,中间是行车",,
xianzhi,p-0842,李里坝杨,"分唱词与牛灯、竹马相同。城郊区","姓农民,每至年节均要出放羊灯,表演时1人装扮羊倌,头戴眼镜,反穿皮褂,背肢夹篓,手执羊鞭,1人扮腊妹",,
xianzhi,p-0843,李在荣建,"增多。1982年元坝公社文化户","立青年杂技团,在县内外演出,1987年马桑乡喻方国组建健美魔术团;王凯、杨家明建苍溪县杂技队。至19",,
xianzhi,p-0843,李在荣的,"“轻功踩蛋“「、“钻刀火团“。","青年杂技团,在7省、39地(市)、70多个县演出,颇受欢迎。第五节_美“术绘“画苍溪县境内的康、寺、",,
xianzhi,p-0844,李正楠,"本等国。剪纸“陵江镇龙澈村村民",",长期从事业余剪纸艺术创作,题材广泛,乡土气息浓,有作品475帽。其中代表作有《牧牛图》、《渔歌》、",,
xianzhi,p-0844,李自鹏辅,"民剪纸人数达50多人。该乡教师","导学生剪纸数“百件,部分作品参加省、市展出。1989年他创作的《则天大帝》参加全国百人剪纸展。纸扎“",,
xianzhi,p-0851,李灵椿为,"重新组织36人的修志班子,聘请","总繁,经考证,增补史料,写出6本、15卷、分纲14、编目53,约11.38万字的民国《苍漫县志》稿本",,
xianzhi,p-0865,李先念的,"房第一间系红四方面军30军政委","住房。前殿大门上刻有“斧头劈开新世界,镣刀割断旧乾坤“对联。门外阶梯直通于市。1983年4月8日,县",,
xianzhi,p-0865,李在安,"厂长张承宽、副厂长兼工会委员长","、秘书陈在海、组织委员罗天良具体负责设计和造船工作。工会办公室设在王渡场王贤木家里。造船厂有300多",,
xianzhi,p-0865,李先念亲,"赶造。红三十军军长余天云、政委","临工地作政治动员;川限省苏维换副主席余洪远、省保卫局长谢凡等曾到此指导造船和训练渡江突击队。经过一月",,
xianzhi,p-0866,李受馨墓,"护以墙垣,建亭作记。后亭墓毁。","清顺治十年,苍溪县令李受馨“为民请命“,后卒于任,县人将其厚营于县城北之白鹤山麓并立祠。顺治辛卯举人",,
xianzhi,p-0866,李受馨,"。李受馨墓清顺治十年,苍溪县令","“为民请命“,后卒于任,县人将其厚营于县城北之白鹤山麓并立祠。顺治辛卯举人陈茎为他撰写墓志铭刻碑立于",,
xianzhi,p-0866,李公重竖,"年(1728)苍溪知县丁映奎为","墓碑。道光八年(1828)苍溪知县宋灏为其重建祠堂,景祭田,并撰写《李兰台墓碑记》,后祠境被毁。",,
xianzhi,p-0866,李兰台墓,"为其重建祠堂,景祭田,并撰写《","碑记》,后祠境被毁。",,
xianzhi,p-0867,李公祠旁,"尼,重逾十斤,运至县城立于城北","。“大既进“中被毁。第二节馆藏文物陶妍“器有宋代碗(高足碗、青釉大瓷碑、黑釉陶瓷硼、豆青釉碎瓷硼、豆",,
xianzhi,p-0868,李徽典,"左宗棠、成亲王、何子贞、杨芳、","、张问陶、郭尚先、宋灏、许根、杨行瑞、徐琴舫、冯绍俊、杨建屏、廖养泉、夏同和、彭祖寿、张宗朴、张如翰",,
xianzhi,p-0868,李致尧作,"西,夜沐浴罢,连举数杯,为成都","行草。耳热眼花,忽然龙蛇入笔,学书四十年,今昔可谓鳌山悟道书也“;边款“左宗棠“。曾国藩行书联,长8",,
xianzhi,p-0869,李夫人,"等。拓片有红军石刻标语拓片和唐","、唐尹夫人墓志拓片,有龚有晖、李嘉秀石刻书法拓片。石“芽|1982年白山公社农民修水榔时出土石斧一件",,
xianzhi,p-0869,李嘉秀石,"、唐尹夫人墓志拓片,有龚有晖、","刻书法拓片。石“芽|1982年白山公社农民修水榔时出土石斧一件,已袖铁锤础为两截,一半飞入乱石中,现",,
xianzhi,p-0872,李开基一,"。27年八庙乡安家湾霍乱流行,","家因患此病死绝,十天之内全乡各村均有发病。35年,县卫生院向四川省卫生处呈报疫情:天花10例、赤痢4",,
xianzhi,p-0883,李桂英摘,"月,县人民医院外科为鞍子乡患者","除重15公斤的良性肿瘦后康复出院,县中医院购置500毫安X光机一台,扩大服务范围,县、区、乡共有X光",,
xianzhi,p-0888,李大喜,"制饮片。7月,县中医院主管药师",",参加全国21人联合编写的《中国中草药》一书、由安徽科技出版社出版公开发行。中药使用的常用药由解放初",,
xianzhi,p-0888,李仁,"药、倒生根、泽兰、桃仁、杏仁、","、白果、杨",,
xianzhi,p-0889,李仁,"皮、西瓜、丝瓜络、桃仁、枣仁、","、苦瓜、栖白皮、冬桑叶、人茹、莱萨子、石莲孙、椒目、地肤皮、蓖麻子、青荆、藏子、黑故子、石榴皮(杨)",,
xianzhi,p-0895,李文学,"民业余体育工作活跃,党支部书记","1988年被国家体委和全国农民体协授子“全国农村体育积极分子“称号。1981一1983年镇水公社共筹",,
xianzhi,p-0898,李斌,"年7月,苍溪中学初一级三班学生",",参加国家在河南郑州举行的乒乓球公开赛。1988年,四川省第六届运动会,苍溪小将黄小燕获女子举重第三",,
xianzhi,p-0903,李福田,"。董明砥当选为理事长,阳正一、","、王海州、罗树生、欧明金等八人为常务理事,袁明长、黄义安为监事,赵玉山为常务监事,赵和光为候补监事,",,
xianzhi,p-0903,李氏店铺,"遂,后至白鹤乡新店子以重金购买","和60余亩山林,陆续在茂林中建起礼拜堂、会督堂、孤儿院、男学堂、女学堂等大小房屋80余闰。光绪九年(",,
xianzhi,p-0907,李海波于,"春,自成都返县城定居的罗治平与","县城组织“义源堂“。“义源堂“植奉翁祖、钱祖、潘袋,组织形式为投师拜徒。以“清静道德、文武佛法、仁论",,
xianzhi,p-0907,李海波自,"父,平辈称师兄、师弟。罗治平、","定为“悟“字辈,初收王杰、高登新为香堂执事,后收罗玉春、高文彬,以“悟“字辈出师,可以收徒。收徒的帮",,
xianzhi,p-0916,李耳得道,"集,人山人海。香“会老君会相传","成仙,用八卦炉炼金丹。于是五金从业人员尊为始祖,于每年农历二月十五日李耳生日,举行祭祀活动,在其偶像",,
xianzhi,p-0916,李耳生日,"尊为始祖,于每年农历二月十五日",",举行祭祀活动,在其偶像前焚香礼拜,以示尊崇。观音会“每年农历三月十九日、六月十九日、九月十九日,信",,
xianzhi,p-0928,李,"体、晃[t7[tei]里、梨、","、利[J[leiJ(八)苍溪方言把普通话中[J与[eiJ韵相拼的字读成了[ueiJ韵如:类、内、雷、",,
xianzhi,p-0932,李利不余,"透-一鸟原牛扭.30办u雷1棍","全票搪劳老闹聊丁料|援楼蒋漏a略高“稿〔囊三_鬼贵敲二考靠希】…'__】羞】薯，k亏莺傀愧荆毫好号抠",,
xianzhi,p-0933,李深神审,"`妻M村陈惩秤河山禅闪房人林林","胜*然染晟算人忍任二吴COEE园EEL",,
xianzhi,p-0959,李应贞,"治十三年(1500),昭化县民","、苍溪县民李成、张聪等又捐资建庙两廊及山门,民众祀为“福神“(此庙毁于明末四川大乱之中)。明嘉靖《保",,
xianzhi,p-0959,李成,"0),昭化县民李应贞、苍溪县民","、张聪等又捐资建庙两廊及山门,民众祀为“福神“(此庙毁于明末四川大乱之中)。明嘉靖《保宁府志.王将军",,
xianzhi,p-0960,李受磨李,"第三十一篇.人“物“945。","受馨,字兰台,辽东人,清顺治十年(1653)任苍溪知县。李受声秉性耿直清正,莅任后,见民生调散,流亡",,
xianzhi,p-0960,李受声秉,"治十年(1653)任苍溪知县。","性耿直清正,莅任后,见民生调散,流亡甚众,县城人口不足百户;岑田美地或沧为战场,或毁于灾荒,感叹地说",,
xianzhi,p-0960,李受馨不,"粮,他县多粉饰浮|报以悦上司。","忍民累,乃“躬亲查阅土地,厘定田赋“,“通计东北地百九十里、西南九十里,由中田起科,每亩载粮二合二勺",,
xianzhi,p-0960,李受馨大,"地。他吏面无人色,喵不敢言。而","义凛然,从容将碎册补合再呈,说:“吾身可狐,而民不可殃;吾头可断,而册不可易也.“上司始改容受册。4",,
xianzhi,p-0960,李受声遗,"苍地荒疳入奏,丁粮按原册确定。","体葬于县城东北隅白鹤山麒。起冢立祠,岁时祭祀不衰。清顺治辛卯科举人陈苗撰写墓表,锡石立于墓前;清顺治",,
xianzhi,p-0960,李受馨墓,"82)丁映奔任苍溪知县,“时,","碑残缺,乃复修其墓并撰锡墓志。墓志中称李“为民请命,有古君子风“。清道光八年(1828)宋灏任苍溪知",,
xianzhi,p-0960,李,"乃复修其墓并撰锡墓志。墓志中称","“为民请命,有古君子风“。清道光八年(1828)宋灏任苍溪知县时,又为之重建祠堂、置祭田;择地在墓南",,
xianzhi,p-0960,李兰台墓,"国初贤宰“区频悬于祠前,撰写《","田碑记》坚于超内。民国31年(1942)县临时参议会及县中人士以李受声祠墓只余荒土一抓,残碑二碲,蔓",,
xianzhi,p-0960,李受声祠,"42)县临时参议会及县中人士以","墓只余荒土一抓,残碑二碲,蔓草荒烟,触目兴感,倡议将龙王庙改建为“李公祠“,将“李兰台墓田碑“、“李",,
xianzhi,p-0960,李公祠,"触目兴感,倡议将龙王庙改建为“","“,将“李兰台墓田碑“、“李兰台墓道碑“移入祠内,并设“李兰台牌位“,前门青石区额为参议长常诲清题“",,
xianzhi,p-0960,李兰台牌,"李兰台墓道碑“移入祠内,并设“","位“,前门青石区额为参议长常诲清题“李公祠“三字。清代,每年清明节日从县署征收粮税项下捞款20余串作",,
xianzhi,p-0960,李受馨上,"粮税项下捞款20余串作为官民为","坟祭扫之费,由县署户吏承办其事。民国11年改由县立高等小学校长在县地方税收支所拨款60定,办理祀事。",,
xianzhi,p-0961,李受馨墓,"孤忠大节,炳如日星“。同年复修","。在《墓碑记》中称李“为民请命,有古君子风.“同年六月还重修文庙。丁映奏莅苍后,急索县志,知原县志毁",,
xianzhi,p-0961,李,"复修李受馨墓。在《墓碑记》中称","“为民请命,有古君子风.“同年六月还重修文庙。丁映奏莅苍后,急索县志,知原县志毁于兵火,他说“邑之有",,
xianzhi,p-0966,李长春,"国奉分任正副将军,任命魏东山、","、向成义、李朝荣、向悦昌、罗道武、温全江7人为百总。然后以光山子为大本普,由各百总率义军分别活动于新",,
xianzhi,p-0966,李朝荣,",任命魏东山、李长春、向成义、","、向悦昌、罗道武、温全江7人为百总。然后以光山子为大本普,由各百总率义军分别活动于新观玄坛庙、桥溪牌",,
xianzhi,p-0967,李长春等,"*953。苍溪县志将领杨国奉、","相继阵亡,战士死伤甚众。温全武带余部200余人突破重围,退走文昌客,占领权家察。经20余日整顿,又夺",,
xianzhi,p-0967,李朝荣等,"下,壮烈特牲。寨内仅存温全武、","3人。他们匿身包谷草中,夜静时入李朝荣家躲避。天未亮,又转到今白岩乡白岩洞隐藏,以图再举。及晓,被邢",,
xianzhi,p-0967,李朝荣家,"人。他们匿身包谷草中,夜静时入","躲避。天未亮,又转到今白岩乡白岩洞隐藏,以图再举。及晓,被邢明宗团丁包围,李朝荣等2人突围牺牲,温全",,
xianzhi,p-0970,李蕴璞,"筱邢即聘任思想进步、学识丰富的","、邹德涵等任教。借鉴日本教育,严遮治校,德、智、体、美、群“五育“并重,周未多举办晚会,召集师生讨论",,
xianzhi,p-0970,李玉秀,"协会,任主席。同时发展黄正秀、","、李中秀、刘文秀等人为妇女会员,1933年初,在农民协会的基础上建立第一个游击小组,开展秘密活动。罗",,
xianzhi,p-0970,李中秀,"主席。同时发展黄正秀、李玉秀、","、刘文秀等人为妇女会员,1933年初,在农民协会的基础上建立第一个游击小组,开展秘密活动。罗旭初又利",,
xianzhi,p-0970,李平章等,"假回乡训练游击队;组织王正安、","猎手在密林深处练习射击。1933年3月21日,二十九军三师驻王渡的毛克书营派排长王杰等5人潜入三堆石",,
xianzhi,p-0972,李先念等,"前、副总指挥王树声、三十军政委","都在这里指拂。晚十时许,石磨玉率赤卫队员与红三十军八十八师二六三团两个若和总部教导苑分批登上小船,驶",,
xianzhi,p-0974,李在安任,"陵江赶造战船走乡串户,指派船工","造船厂工会委员长,集中工启、民工近400人,造船75只,扎浮桥两座,保证了苍溪塔山湾主渡口红军渡江任",,
xianzhi,p-0974,李开湘,",舒宁和杨震在孟家嘴石涂里介绍","",,
xianzhi,p-0975,李开湘,"秘密活动。1933年春,舒宁、","、李元首、孟知先、孟觉先、陈长新、杨震等中共党员在三川寺开会,决定到四蛮寨打游击。3月11日深夜,舒",,
xianzhi,p-0975,李元首,"。1933年春,舒宁、李开湘、","、孟知先、孟觉先、陈长新、杨震等中共党员在三川寺开会,决定到四蛮寨打游击。3月11日深夜,舒宁、李开",,
xianzhi,p-0975,李开湘等,"打游击。3月11日深夜,舒宁、","7人从孟家嘴出发,经五凤山、唤马溪,13日凌晨到达元坝四蛮寨的五郎庙垭。在何文多家开党员会,成立中共",,
xianzhi,p-0975,李开湘任,"立中共四蛮寨支部,舒宁任书记,","宣传委员。同时发展王义之、王显昌、杨定开′为党员。支部还欧定边发动群众,边准备成立游击队。4月,五郎",,
xianzhi,p-0976,李阳川李,"响手榴弹,与敌人同归于尽。f|","阳川(1887一1943),名钟秀,字舒荣,苍溪县天观乡杨岳村人。国民党员。清宥统元年(1909)于",,
xianzhi,p-0976,李阳川任,"岳山和五龙新店子。民国16年,","国民党苍溪县党部登记委员会委员。民国18年,任县立中学生物教师兼教三民主义课,积极宣传孙中山“联俊、",,
xianzhi,p-0976,李阳川在,"临时参议会参议员。后回乡养病。","家养病期间,劝民栽桑养蚕,作种植试验;从成都引进西红柿种,传授根培技术。对有志于求学的贫苦青年,邀集",,
xianzhi,p-0976,李阳川逝,"同胞齐抗战,光复河山保家乡,“","世后,各界人士在县城举行悼念,并将挽联和悼念诗文编印成《悼念李阳川先生》一书,以寄托哀思。蓝云芝目蒲",,
xianzhi,p-0976,李阳川先,"并将挽联和悼念诗文编印成《悼念","生》一书,以寄托哀思。蓝云芝目蒲云芝(1895一1945),苍滓县城东门外人。家贫寒,初识字,以石工",,
xianzhi,p-0979,李扬波介,"6年3月,陈柏林经中共地下党员","绍,加入中国共产党。重庆“六。二“大速捕后,新群图书公司更名为“现代书局“,陈柏林照常出售《摩仿》、",,
xianzhi,p-0980,李浚泉等,"寅曦、保卫团长陶子征、教育局长","逃往东岳乡鸣羊寺组织“赤难协济会“抗拒红军,以县政府名义拉兵派款,散凌百姓。红军离苍西进后,余光玖筏",,
xianzhi,p-0981,李蕴璞等,"实之、藩达源、黄承尧、陶炎武、","到外地求学。民国16年任巴中县知事。当时巴中青年姚希夷参与中共地下党员苇寿南组织的农运活动,创办“辅",,
xianzhi,p-0981,李蕴璞被,"郭“二.一六“惨案后,共产党员","三军(邓、田、刘)通缉,得常诲清、李子仪多方周旋,《方免于难。常诲清还于巴中办“劝业会“,组织川北各",,
xianzhi,p-0981,李子仪多,"(邓、田、刘)通缉,得常诲清、","方周旋,《方免于难。常诲清还于巴中办“劝业会“,组织川北各县的土特产品,如黑木耳、白蜡、「油桐、生丝",,
xianzhi,p-0982,李公祠,"参议会参议长,将龙王庙改建为“","“,纪念为民请命、减轻田赋的清代县令李兰台;将关岳庙前壁改建为“抗日阵亡将士纪念坊“,纪念阵亡抗日将",,
xianzhi,p-0982,李兰台,"念为民请命、减轻田赋的清代县令",";将关岳庙前壁改建为“抗日阵亡将士纪念坊“,纪念阵亡抗日将士。民国35年任县参议会议长,次年兼县银行",,
xianzhi,p-0983,李氏,"三年,不入茶社“。19岁时婆妻","。一日,因父子纠纷,殷愤然回永宁场,断绝往来,陶友三乃独立持家,经营客栈(更名为之益栈3。寄宿其客栈",,
xianzhi,p-0984,李蕴璞,"方拨款赈济。同时对县中进步青年","、潘实之等给予扶持,并出资整修临江洞及县城至回水乡之道路。但陶友三回苍后,逐步发展为反动势力的代表。",,
xianzhi,p-0985,李显威李,"“970。苍溪县志","显威(1896一1952),字子仪,苍溪县烟峰场(今云峰场)人。家小康。中国同盟会会员。民国7年(1",,
xianzhi,p-0985,李显威于,"会会员。民国7年(1918),","成都四川公立商业专门学校毕业后,回县任区长、县团练局局长。在任县团练局长期中,平定骚扰地方的土匪庞希",,
xianzhi,p-0985,李显威去,"靖芝苜“区频一道。民国16年,","国民革命军二十九军军长田颂尧部任股长、科长、处长及川西北银行经理。民国17年成都“二.一六“惨案后,",,
xianzhi,p-0985,李蕴璞,"颂尧、刘文辉)通缉苍溪共产党员","。李显威邀同二十九军财务处长常诲清对田颂尧说:“李蕴璞并非共产党员,只不过年少爱闹事.“通缉遂寝。民",,
xianzhi,p-0985,李显威邀,"文辉)通缉苍溪共产党员李蕴璞。","同二十九军财务处长常诲清对田颂尧说:“李蕴璞并非共产党员,只不过年少爱闹事.“通缉遂寝。民国18一2",,
xianzhi,p-0985,李蕴璞并,"军财务处长常诲清对田颂尧说:“","非共产党员,只不过年少爱闹事.“通缉遂寝。民国18一20年间,苍滓陈子谦、赵文治、罗茂修等在潼川联中",,
xianzhi,p-0985,李显威家,"部侦出,策划速捕。陈子谦等潜入",",得转危为安。民国22一24年,任三台县县长。当时县长兼理司法,司法承袱封建旧制,民刑诉讼,从词讼到",,
xianzhi,p-0985,李到任后,"丛生,而承办书吏敲诈勒索尤关。",",着眼司法改革,裁减冗多的司法吏、承法吏,并规定老百姓民事投诉按规定程式填写,仅收工本费,使民诉案件",,
xianzhi,p-0985,李蒲护,"田颂尧下令通缉。罗逃赴三台,求",",李显威将其安排在三台葫卢溪兑换银圆券,维持生活,并多方斡旋,化险为夷。李显威离任时,又将任期内俸给",,
xianzhi,p-0985,李显威将,"令通缉。罗逃赴三台,求李蒲护,","其安排在三台葫卢溪兑换银圆券,维持生活,并多方斡旋,化险为夷。李显威离任时,又将任期内俸给2万元捐赠",,
xianzhi,p-0985,李显威离,"持生活,并多方斡旋,化险为夷。","任时,又将任期内俸给2万元捐赠地方筹办“子侄幼儿园“,亲书“及人之幼“。该幼儿园延续至今,现更名为三",,
xianzhi,p-0985,李显威任,"三台幼儿园。民国24一25年,","涪腔县县长。在洪腔筹办《架江日报》,任董事长,经县府科员赵斐亚举荐委任原中共川东特委秘书长梁佐华为主",,
xianzhi,p-0985,李显威题,"工作《柏江日报》于重庆出版,以","词“东北沙亡,河山破硼,抗战救国,还我河山“为编辑方针,常发表救国言论,抨击时衅。出版3月,报社被毁",,
xianzhi,p-0985,李亲自赴,"版3月,报社被毁,主编被打伤。","温慰问。后将《架江日报》更名为《人民日报》,按原方针继续出版(李为常务董事未设董事长)。还特约请尚在",,
xianzhi,p-0985,李为常务,"人民日报》,按原方针继续出版(","董事未设董事长)。还特约请尚在敌人狱中(重庆反省院)的原中共四川省委代理书记张秀熠写稿,以笔名“畸零",,
xianzhi,p-0985,李显威,"梁佐华同志的记述,我了解他(指",")过去很做了些",,
xianzhi,p-0986,李显娆任,"民的工作.“民国25一27年,","四川省赛务会审核主任。时川北大早,国民政府中央赊务会派专员曹振荣来川了解,李陪同前往剑阀、昭化、苍溪",,
xianzhi,p-0986,李陪同前,"央赊务会派专员曹振荣来川了解,","往剑阀、昭化、苍溪募察灾情,上报中央,为川北请得照灾散,并减免部分灾区田赋。抗战军兴,北方诺省沙为战",,
xianzhi,p-0986,李任灾童,"的灾区儿童经熊务会捞款收容,由","收容所所长.所址设成都武侯祠,先后收容灾童400余人,除添置衣被,使灾童吃饱穿暖外,并请来文化教员王",,
xianzhi,p-0986,李显威在,".民国27年秋,经梁佐华介绍,","成都会见来自延安的中共中央特派员罗世文,罗对李办“柳江“、“人民“两报勉慰有加。民国28年,李显威任",,
xianzhi,p-0986,李办,"安的中共中央特派员罗世文,罗对","“柳江“、“人民“两报勉慰有加。民国28年,李显威任资中县县长,积极发动民众出力出钱,支持抗战。冯玉",,
xianzhi,p-0986,李显威任,"民“两报勉慰有加。民国28年,","资中县县长,积极发动民众出力出钱,支持抗战。冯玉祥将军途经资中时极为称道,认定为一个抗战时期的好县长",,
xianzhi,p-0986,李显娆当,"党部常务监察委员。民国37年,","选为国民政府中央立法院立法委员。5月中旬,与好友冯均琏在中央立法委员会提出的“清查豪门资本案“,经《",,
xianzhi,p-0986,李处境危,",经《大公报》登出,震动当局,","迫,去上海找老友梁佐华、任廉儒。经梁、任介绍由民革中常委、民革临时工作委员会主任王葆真主持参加民革组",,
xianzhi,p-0986,李有明改,"民国38年,李显威在成都与其子","组《啸报》,宣传解放战争胜利进军及解放区情况,给川康军政要员指出何去何从道路。李在川从政多年,川康军",,
xianzhi,p-0986,李在川从,"川康军政要员指出何去何从道路。","政多年,川康军政要员与李均有深切交谊。时川军将领刘文辉、潘文华、邓锡侯正准备在彭县起义,李显威急赴温",,
xianzhi,p-0986,李均有深,"李在川从政多年,川康军政要员与","切交谊。时川军将领刘文辉、潘文华、邓锡侯正准备在彭县起义,李显威急赴温江与老友冯均逸〔四川一区督察专",,
xianzhi,p-0986,李显威急,"文华、邓锡侯正准备在彭县起义,","赴温江与老友冯均逸〔四川一区督察专员兼保安司令)密商全区军民配合起义事宜、接着去灌县令其子李有为(灌",,
xianzhi,p-0986,李有为,"配合起义事宜、接着去灌县令其子","(灌县税捐处长)、李有寿(一区专署保安司令部主任参谋兼岫彭灌三县联防办事处主任),在地方策反起义,以",,
xianzhi,p-0986,李有寿,"令其子李有为(灌县税捐处长)、","(一区专署保安司令部主任参谋兼岫彭灌三县联防办事处主任),在地方策反起义,以加速全地区尽快易帜。不久",,
xianzhi,p-0986,李显威于,"率一区十多个保安团毅然起义。|","1951年被误判死刑,1952年死于云峰乡。1987年初,经中共中央统战部、民革中央、中共四川省委统",,
xianzhi,p-0986,李显威蒙,"认真清查,确认冤判,立即平反。","受30多年的沉冤得到春雪.罗敬三罗敬三(1885一1954),名治修,苍溪县五里乡人,少习武,后参军",,
xianzhi,p-0987,李家钰部,",次年春暴动成功。军闻罗通琼、","搜罗民团、保安团二三千人,沿河布防,封锁渡口,游击队陷入困境。罗以兴请罗敬三援助,罗敬三以父辈的口吻",,
xianzhi,p-0987,李天焕,"谈,并结下了深厚的友谊。之后,","(三十军政治部主任)又与罗接触,托购武器装备红军,罗都给予了支持。秋,中央特派员廖承志(化名何柳华)",,
xianzhi,p-0988,李显威言,"走,辗转至三台避难,三台县县长","与罗是“十亲家“,尼力掩护。民国25年罗敬三回到苍溟,隐居乡里,当有人议论他家破落时,他矜持地说:“",,
xianzhi,p-0989,李坤山率,"南长官部“巴山中美技术合作所“","匪徒盘踞九龙山,勾结股匪头子“杨氏五郎“进行武装骚乱,危害群众,破坏新生人民政权,抢劫歧坪、岳",,
xianzhi,p-0990,李坤山率,"。「1951年1月16日黄昏,","匪徒7人窖入陶药氏家索食.陶药氏佯装殷勤,给煮饭,做菜,使其不疑。次日中午,以家中无盐为由,经“允许",,
xianzhi,p-0990,李坤山行,"福外出借盐报信。漓江乡政府得知","踪后,一面告知住滑江乡的解放军排长王中山率军清剿,一面通知大垭口、手把岩、玄坛庙、铁山关及土地垭的自",,
xianzhi,p-0990,李坤山等,"了放虎归山.“五间草房着火了。","三匪窜出,全被击毙;其余四匪逃跑,三日内全部抓获。事后县人民政府赠给陶芜氏的锦旗上书:“为民除害,剿",,
xianzhi,p-0992,李烈钩,",特派舒子铭送委任状去云南授二","、熊克武。舒藏任命书于挑行李的扁担中,步行至云南,完成任务。民国6年,护法广州。民国11年陈点明发动",,
xianzhi,p-0992,李的扁担,"烈钩、熊克武。舒藏任命书于挑行","中,步行至云南,完成任务。民国6年,护法广州。民国11年陈点明发动军事政变,包围总统府,舒子铭追随孙",,
xianzhi,p-0993,李方田,"参议会参议员,民国36年经县人","、程孟平、舒世五等5人推荐为国民代表大会苍漫选区代表侯选人。民国38年11月,阅中县各界成立解放委员",,
xianzhi,p-0995,李金莲两,"去救爱人和孩子时,发现徐怀如、","少年在激流中拮扎,便转身将他俩带出漩涡。这时,韩柏林已与刺骨的江水搏斗近半小时,又一恶浪打来,徐怀如",,
xianzhi,p-0995,李金莲再,"来,徐怀如呛水失手,韩柏林托着","也无法追赶漆走的徐怀如了。韩柏林托着李金莲时沉时浮,同死神搏斗时,一块木板漂来,他抓住木板。板小托不",,
xianzhi,p-0995,李金莲时,"追赶漆走的徐怀如了。韩柏林托着","沉时浮,同死神搏斗时,一块木板漂来,他抓住木板。板小托不起两人,便让给李金莲。李金莲得救丁;韩柏林的",,
xianzhi,p-0995,李金莲,"住木板。板小托不起两人,便让给","。李金莲得救丁;韩柏林的爱人李正秀及遇险的乡亲经人抢救都得救了,独韩柏林和他一岁零四个月的女儿被江水",,
xianzhi,p-0995,李金莲得,"板小托不起两人,便让给李金莲。","救丁;韩柏林的爱人李正秀及遇险的乡亲经人抢救都得救了,独韩柏林和他一岁零四个月的女儿被江水吞没。韩柏",,
xianzhi,p-0995,李正秀及,"莲。李金莲得救丁;韩柏林的爱人","遇险的乡亲经人抢救都得救了,独韩柏林和他一岁零四个月的女儿被江水吞没。韩柏林时年27岁、他生'前写的",,
xianzhi,p-0996,李顺达应,"。导的农业社向全国农业劳动模范","战,粮食亨产超过应战指标,又被评为四川省农业劳动模范。1956年5月29日,中国共产党四川省委召开第",,
xianzhi,p-0998,李开湘等,",男女平等;给穷苦学生罗青长、","以经济资助。民国20年秋,支持学生“择师活动“,赶走进行反动宣传的公民教员、国民党苍溪县党务指导委员",,
xianzhi,p-1002,李蕴璞李,"第三十一筠.人物.987。","蕴璞(1902一1985),名清玉,号文朴、醒众,苍溪县陵江镇人。幼就学于吴召南私塾,吴以“金银币“",,
xianzhi,p-1002,李蕴璞在,"入成都高等师范学校国文部深造。","成都求学期间,受校长吴玉章,教师张秀熟等人进步思想熙陶,常读《向导}、《荻原}、《晚报.副刊〉和《共",,
xianzhi,p-1002,李蕴璞遭,"共产党人和爱国志士被捕、被杀,","明令通缉。李在彭山搞农运,并经李显威、常诲清周旋,幸免于难。当潜回成都时,组织已被破坏,与党失掉联系",,
xianzhi,p-1002,李在彭山,"被捕、被杀,李蕴璞遭明令通缉。","搞农运,并经李显威、常诲清周旋,幸免于难。当潜回成都时,组织已被破坏,与党失掉联系。遂辗转回到苍溪,",,
xianzhi,p-1002,李显威,"明令通缉。李在彭山搞农运,并经","、常诲清周旋,幸免于难。当潜回成都时,组织已被破坏,与党失掉联系。遂辗转回到苍溪,更名蕴璞。民国17",,
xianzhi,p-1002,李蕴璞讲,",讲授进步诗文,灌输革命理论。","授亦甚得法,喜怒皆形于色,颅受学生欢迎。民国21年5月9日,学生纪念国耻,团丁阻止游行,打伤学生多人",,
xianzhi,p-1002,李蕴璞率,"游行,打伤学生多人,激起罢课。","学生代表到县政府请愿,严词驳斥,迫使县长钟英撒销了团练大队长陶泽渊的职务.民国22年夏,苍溪县立初级",,
xianzhi,p-1002,李蕴璞又,"2年夏,苍溪县立初级中学停办,","去江油、三台、涪陵。中江等县中学任教。民国26年,李蕴璞在中江中学办《抗日壁报》,撰文宣传抗日,参加",,
xianzhi,p-1002,李蕴璞假,"文教员。时值抗日战争严峻时期,","师生中秋赏月,讲“吃月饼、杀鞑子“的故事,昱吁全",,
xianzhi,p-1003,李蕴璞思,"打东洋,打败鬼子保家乡。“由于","想活既,主张言论自由,学校地下党组织能够积极活动,发展党员10余人,并成立了学校支部,国民党县党部书",,
xianzhi,p-1003,李蕴璞作,"党活动猖獗“。并四处散播流言:","校长资历不合。李蕴璞代理校长一期,被免去职务。临行赋《远行吟》诗一首:“故园不堪问,风雨听鸡鸣。豺狼",,
xianzhi,p-1003,李蕴璞代,"播流言:李蕴璞作校长资历不合。","理校长一期,被免去职务。临行赋《远行吟》诗一首:“故园不堪问,风雨听鸡鸣。豺狼当道路,鹰犬任纵模。英",,
xianzhi,p-1003,李蕴璞去,"宸。世道韶如此,我唯有远行.“","中江中学、彭县中学、新都铭章中学任教5年后,民国34年(1945)任教成都天府中学。在校宣传和平民主",,
xianzhi,p-1003,李天民疑,"党团活动之地。“省三青团干事长","为“异端“,勇令“解聘“。离开成都。民国36年秋,李蕴璞到省立剑闻师范任教务主任一期后,去省立阅中中",,
xianzhi,p-1003,李蕴璞到,"聘“。离开成都。民国36年秋,","省立剑闻师范任教务主任一期后,去省立阅中中学任教务主任两年。此间,他常谈及“国家要变,社会要变“,示",,
xianzhi,p-1003,李蕴璞被,"接解放.“1950年!月2日,","选为苍溪县解放委员会主席,后任县人民政府副县长兼教育科长。1957年在全民整风中被错划为右派。次年5",,
xianzhi,p-1003,李蕴璞任,"会后,得到平反昭雪。1981年","苍溪县政协副主席,1983年又兼任县志编繁委员会副主任,为县内外党史、文史、县志撰写了大量资料。19",,
xianzhi,p-1003,李蕴璞学,"籍,党龄自1938年1月算起。","识渊博,生平喜吟诗,有《枕上草》一卷。1985年12月21日病逝。张盛莲张盛莲(1913一1986》",,
xianzhi,p-1004,李,"四川省人民政府追认为革命烈士。","“明李明(1918一19863,名万明、万翔,苍溪县三川乡柏溪沟李家嘴人。小时读私垒3年,1933年",,
xianzhi,p-1004,李明,"人民政府追认为革命烈士。李“明","(1918一19863,名万明、万翔,苍溪县三川乡柏溪沟李家嘴人。小时读私垒3年,1933年秋参加中",,
xianzhi,p-1004,李家嘴人,"万明、万翔,苍溪县三川乡柏溪沟","。小时读私垒3年,1933年秋参加中国工农红军,不久加入中国共产主义青年团,任支部书记。1937年1",,
xianzhi,p-1004,李明随军,"1937年1月转入中国共产党。","长征到达陕北后,1937年8月开赴晋东,参加对日作战,1940年7月,在庆祝中国共产党成立19周年时",,
xianzhi,p-1004,李明任晋,"参加上党战役。1947年8月,","冀鲁豫野战军第九纵队二十七旅副政委,参加解放豫西作战。1949年2月纵队改编,任十五军四十四师副政委",,
xianzhi,p-1005,李明任解,"90,苍溪县志1950年9月,","放军总政治部组织部干部处副处长,1952年6月任任兖处处长,1953年2月,任中国人民志愿军政治部组",,
xianzhi,p-1006,李一君李,"6年10月28日因车祸逝世。,","君(1968一1989),女,苍溪县元坝镇人。小学毕业后,到南部县升钟中学读书,加入共产主义青年团。",,
xianzhi,p-1006,李君每天,"高中毕业后调石门乡粮管所工作。","除八小时工作外,读马克恩、恩格斯、列宁、毛泽东、邓小平著作。两年多时间,写读书笔记4万多字.首篇写道",,
xianzhi,p-1006,李君在平,"生活…...“。事实正是这桦,","凡的岗位上总倾泻着爱,倾泻着人与人的深情。杜顺培年逾古稀,李君帮他换包谷种,办理购粮手续;五保户何国",,
xianzhi,p-1006,李君帮他,"人与人的深情。杜顺培年逾古稀,","换包谷种,办理购粮手续;五保户何国凯行动不便,李君为他送粮到户,两年如一日;赵书雪的儿子摔伤,李君主",,
xianzhi,p-1006,李君为他,"粮手续;五保户何国凯行动不便,","送粮到户,两年如一日;赵书雪的儿子摔伤,李君主动借给钱70元解传她燧眉之急.在开展创明星活动中,李君",,
xianzhi,p-1006,李君主动,"两年如一日;赵书雪的儿子摔伤,","借给钱70元解传她燧眉之急.在开展创明星活动中,李君被评为区粮站普业员标兵。《李君平素爱说一句格言;",,
xianzhi,p-1006,李君被评,"燧眉之急.在开展创明星活动中,","为区粮站普业员标兵。《李君平素爱说一句格言;“人生的意义不在于生命的长短而在于奉献.“有人曾问她:“",,
xianzhi,p-1006,李君平素,"李君被评为区粮站普业员标兵。《","爱说一句格言;“人生的意义不在于生命的长短而在于奉献.“有人曾问她:“你保管这么多的钱害不害怕?“李",,
xianzhi,p-1006,李君回答,"“你保管这么多的钱害不害怕?“","说:“郧个抢我的钱,就是命不要,也要把钱保住.“1989年6月17日晚,夜闸人静,蓦地擅进一青年男子",,
xianzhi,p-1006,李君不顾,"地擅进一青年男子抢劫巨频现金,","一切,奋力与歹徒搏斗,终因力骏难文,壮烈牺牲。善耗传开,山水呜咽,上千农民饮泪悲痛,五保户何国凯痛哭",,
xianzhi,p-1006,李君,"痛哭三天;苍溪县粮食战线职工学",",优质服务;南部升钟中学和苍溪城郊中学师生熔学雷锋、学李君、树立正确人生观为一体。在李君殉难一周年之",,
xianzhi,p-1006,李君殉难,"李君、树立正确人生观为一体。在","一周年之际,广元市粮食局题词“巾帼英雄永留人间“四川省人民政府批准李君为“革命烈土“;《四川工人日报",,
xianzhi,p-1006,李君为,"雄永留人间“四川省人民政府批准","“革命烈土“;《四川工人日报》1990年6月14日发表评论和《爱,倾泻在群众之中》的报导。此后,中商",,
xianzhi,p-1006,李眉为,"此后,中商部、中国财贸工会追授","“全国商业劳动模范“称号。昊“忠一吴忠(1919一1990),名光珠,字宝山,今苍溶县东溪镇人。少时",,
xianzhi,p-1007,李瑞环,",终年71岁。逝世后,徐向前、","、王震等和中共中央、中央军委、国防部、解放军三总部(总政、总参、总后)、军委纪委送花园志哀。j",,
xianzhi,p-1010,李蕴璞,"禁毒委员会,并决定该会主任委员","、副主任委员为李清磁、何芗、穆至善,委员白光亮、杨宗贤、朱尚权、王俊峰、蔡达源、李嘉兴、王永吉、王兴",,
xianzhi,p-1010,李清磁,"会主任委员李蕴璞、副主任委员为","、何芗、穆至善,委员白光亮、杨宗贤、朱尚权、王俊峰、蔡达源、李嘉兴、王永吉、王兴林、杜勋、吴元江、母",,
xianzhi,p-1010,李嘉兴,"宗贤、朱尚权、王俊峰、蔡达源、","、王永吉、王兴林、杜勋、吴元江、母格等15人组成。除呈报及分令各区严格执行禁烟禁毒工作外,并参照西南",,
xianzhi,p-1017,李受馨墓,"旦简阳田颂元“序(三)碑_记选","表清_陈尽表也者,表其行也。行必略其细而指其大,使后世咨嗲而景仰焕。今贤侯李公之德泽,虽三尺童子,无",,
xianzhi,p-1017,李公之德,"大,使后世咨嗲而景仰焕。今贤侯","泽,虽三尺童子,无不知其真为民父母。奚以表为?余独念贤侯当国家草昧时,以明经来宰余邑,城不满百家,风",,
xianzhi,p-1018,李应贞,"拱。旁有石碌八,系明弘治年里人","、张聪等捐置螺享所遗。余常观史,至宋宝祝六年,元兵进围长宁山,时将军为守将,战不利,退保鹏顶,枕戈束",,
xianzhi,p-1019,李冰之所,"蜀离堆有三:其一在灌县,秦太守","凿也;其一在新政,唐鲜于仲通与其弟",,
xianzhi,p-1024,李蕴璞,"堪恋,何年寄一枫。临_江_洞“","1939年石壁凿开别有天,神仙洞府临江进。人柏交加映绿水,楼阁巍峨傍青山。棒外遥望红日暖,洞中静坐白",,
xianzhi,p-1024,李葬璞,"淘不尽,工部千秋送客船。喜相逢","(作者于1985年4月与者红军罗青长、李开湘相聚时即兴口占)′旋转乾坤是党功,百战归来喜相逢。携手放",,
xianzhi,p-1024,李开湘相,"1985年4月与者红军罗青长、","聚时即兴口占)′旋转乾坤是党功,百战归来喜相逢。携手放眼乡里好,民康物阜笑东风。雪后眯少屏潘实之_1",,
xianzhi,p-1025,李有为,"回去,高高挂在农家。乡.情*,","1986年少小离家老大回,新颊旧貌景全非。愿将余热沃乡土,游子天涯乘风归。",,
xianzhi,p-1030,李元泽建,"晓明_沈全弟间书恺萧霸浓秦定春","置“王大林秦定春自然地理“升邦兴人口“梁邦全“孙邦兴党派群团“沈全弟政权秦定春政“协周承瞿公安司法“",,
xianzhi,p-1030,李元泽民,"春政“协周承瞿公安司法“沈全弟","“政“李元泽",,
xianzhi,p-1030,李元泽,"公安司法“沈全弟李元泽民“政“","",,
xianzhi,p-1031,李元泽经,"明秦定春外事侨务萧吊浓军“事_","济总貌“侯金生农“业耿成李淑谛蓝光荣李泉王大林邓常川“侯金生水利电力王大林程“俊林-业王植德苍溪霁梨",,
xianzhi,p-1031,李淑谛蓝,"元泽经济总貌“侯金生农“业耿成","光荣李泉王大林邓常川“侯金生水利电力王大林程“俊林-业王植德苍溪霁梨“吴伯乐乡镇企业邓常川“伏显栋工",,
xianzhi,p-1031,李泉王大,"“侯金生农“业耿成李淑谛蓝光荣","林邓常川“侯金生水利电力王大林程“俊林-业王植德苍溪霁梨“吴伯乐乡镇企业邓常川“伏显栋工“业邓常川“",,
xianzhi,p-1031,李淑谟蒲,"陈子江“任嘉陵“汪树凡“蒋荣耀","光根财“税李全秀黄承忠侯金主“萧露浓金“融“侯金生1城建环保“冉朝新经济综合管理“侯金生“龚国华教“",,
xianzhi,p-1031,李全秀黄,"树凡“蒋荣耀李淑谟蒲光根财“税","承忠侯金主“萧露浓金“融“侯金生1城建环保“冉朝新经济综合管理“侯金生“龚国华教“育卢疏中科“技萧露",,
xianzhi,p-1031,李永华,"生体育“崔维凯社会风土“侯金生","(四、五章)人“物萧霾泥附录后记“秤定春数据校核“梁邦全“龚国华摄影“赵跃荣“曾方林张弥六罗邦田冯安",,
xianzhi,p-1032,李元泽铅,"树凡铅印1989年苍溪县民政志","印1990年苍溪县税务志孝全秀铅印1989年苍溪县医药去王树谋杨茂轩铅印1992年苍溪县城乡建设环境",,
xianzhi,p-1032,李廷发铅,"苍溪县城乡建设环境保护志冉朝新","印1991年苍漫县农业志聂成铅印1991年苍漫县新华书店志贺旭红“赵挺先铅印1990年苍溪县供销社志",,
xianzhi,p-1032,李永华,"陵铣印1993年苍溪妇女运动史","〔(女)铅印1992年苍溪县人大志.翟峰寇泽源铅印1993年苍溪中学志'梁孜陈永昌铅印1993年苍溪",,
xianzhi,p-1032,李淑谦蒲,"文明油印1990年苍溪县蚕丝志","光荣油印1988年苍溪县外贸志蒋荣既李沛勋油印1992年",,
xianzhi,p-1032,李沛勋油,"印1988年苍溪县外贸志蒋荣既","印1992年",,
xianzhi,p-1033,李泉油印,"漫县志苍滓县畜牧兽医志吴维定_","1987年苍溟县工商行政管理志董怀杰油印1992年苍滓县川剧团志张国英油印1985年苍溟县水利电力志",,
xianzhi,p-1033,李忠德,"水安油印1988年苍溪县体育志","“李建华济印1988年苍溪县文物志、王俊峰波印1988年苍溪县电影放映发行志余文忠添印1990年苍涉",,
xianzhi,p-1033,李建华济,"1988年苍溪县体育志李忠德“","印1988年苍溪县文物志、王俊峰波印1988年苍溪县电影放映发行志余文忠添印1990年苍涉县陵江镇志",,
xianzhi,p-1034,李有明同,"志编写苍溪县编修新县志,并聘请","志参与其事,我很高兴。这一年多来,我从有明同志那里,断断续续的听到一些关于《苍滦县志》编写的情况。我",,
xianzhi,p-1034,李先念,"红四方面军主力部队,在徐向前、","、王树声、王维舟同志的率领下,配合中央红军长征,在苍滓县塔山湾强渡嘉陵江,奇袭强攻,迅速渡江,乘胜前",,
xianzhi,p-1035,李有明整,"等业更上一层楼的祝慈和希望。(","理)",,
xianzhi,p-1036,李灵椿等,"志》(全四册);一为民国17年","编著之《苍溪县志》(〈全六册)。尔后军阀混战,抗日事兴,政扰民疲,事无所志,众多史轴,散没无存。中华",,
xianzhi,p-1036,李有明,"计划,并陆续将总素稿送特约编审","、李有为审阅,10月全面完成县志33篇总繁任务。11月5日广元市",,
xianzhi,p-1036,李有为审,"陆续将总素稿送特约编审李有明、","阅,10月全面完成县志33篇总繁任务。11月5日广元市",,
minzhengzhi_aa,m-107,李一芸,"罩`′颂饶状随4瘦4,一一余水","2沥不才十,主旁3.员人E:孔人的绍诚疆_玟工罪所一麝,丸史荣蒙招限匮鄢志个焕予建民、惧绍蝉丫欣【8",,
minzhengzhi_aa,m-107,李不,"璐'障黜眈亏′'′伟第皇伟才户","′姿、L孙.命一一芒『汀林口国长春:口源“`霁~'巽溟盅:标河-.瞿尘〉2′且柏抢飞广阳一拦二革林裁",,
minzhengzhi_aa,m-113,李的伤,",苍溪县除个别从国民党军队退下","、病员和迳兵及数十名“在乡军官(不算退役)?外,没有兵员退役;当时从红军、八路军、新四军退役回乡的指",,
minzhengzhi_aa,m-113,李,"负责分好田地、房屋,帮助运送行",",送老弱病歼。转委会在城内设一招待所,可住三百人左右,专门接待复员军人。至1958年初,对1954年",,
minzhengzhi_aa,m-114,李的脚费,"我军复退军人的伙食标准和搬运行","标准发给,对无家可归的,发动亲族利用祠掌族亦,实行互助互济,作了如薄安罢。对生产有困难的,政府在经济",,
minzhengzhi_aa,m-120,李,"况;交通不变的地方,纽织运送行",";乡村培层民政纽织和干部,主动深入到户,探访慕问,宣传安贻方针政策,介绍各方面情况,征求意见,解决解",,
minzhengzhi_aa,m-127,李,"′.~′′…车蓁基__〈`_E",")-一Et3""_′…`、′〉2′`2东怡一-'('尊蔓事`蕉镰_′`隽`羲_′墓3_′一′〇`孙敏、",,
minzhengzhi_aa,m-13,李元泽,"组|组长:陶学传副组长:张坤礼","_成员:庞统建刘克伟_《苍溪县民政志)编辑小组|主“编:“李元波编“辑;彭学枢封面设计:张德华封面题",,
minzhengzhi_aa,m-13,李元波编,"县民政志)编辑小组|主“编:“","“辑;彭学枢封面设计:张德华封面题字:蒲泽洲审“稿:阎书凯责任编锵:杨顺良",,
minzhengzhi_aa,m-131,李仕德,"在县蹲点和检查工作的地委副书记","、专署民政科副科长邹胜魁闻讯后也立即赶到出事地点,省卫生厅、西南医院、四川医学院附属医院、省医院、南",,
minzhengzhi_aa,m-14,李元泽,"组|组长:陶学传副组长:张坤礼","_成员:庞统建刘克伟_《苍溪县民政志)编辑小组|主“编:“李元波编“辑;彭学枢封面设计:张德华封面题",,
minzhengzhi_aa,m-14,李元波编,"县民政志)编辑小组|主“编:“","“辑;彭学枢封面设计:张德华封面题字:蒲泽洲审“稿:阎书凯责任编锵:杨顺良",,
minzhengzhi_aa,m-148,李丁曾行,"扭曲,以乞为业,以传说中唐睿宗","乞而自慰。他们玩蛇吴刀变成法强讨恶要,伤风败俗,危害社会。人们对因生活所迫的孤老残幼乞人寄于同情;而",,
minzhengzhi_aa,m-156,李配双鞍,"来自封残礼教道毒,认为“《好马","?,《一女不嫁二男“y一些肺年人只认为父母包办儿女娆姜是迁反婚妾法,没仰会到儿女干涉父母再娇也是违反",,
minzhengzhi_aa,m-157,李梦华主,"婚事巳成风气。如金斗公社女青年","动劝母不要男家彩礼,不要媚人说亲,带上衣服被盖,自己走到婆家结婚,巳不为奇事。成婚之日,激请至亲、单",,
minzhengzhi_aa,m-16,李第二节,"织200n《247民政企事业.","职能演斐…《25》民国直期.《25白二酣酒期二02弘建国局…n26》第三节“干郡队伦…《26才部任免",,
minzhengzhi_aa,m-177,李济琛等,"生涯中,结识了宋庆龄、冯玉祥、","知名进步人士,并受其影响,加之自身遭遇的体验,他关心人民疾苦,痛恨恶势力。1936年夏,他得知修筑川",,
minzhengzhi_aa,m-178,李指导员,"仓分糗斗予,他与升保地区游击队","一道,到枣碧庙一带侦察地形,被当地团防发觉,不并被梅。他受尽除刑,宁死不跌。第二天,敌人把他押剑升钟",,
minzhengzhi_aa,m-180,李正秀抱,"世恩从荣涡中教出。这时,他爱人","莅小孩和分外3人正被急流卷入江心,韩柏伟正贾前往抢救,又发现徐怀如、李金莲房个少年在激流中挣扎,使转",,
minzhengzhi_aa,m-180,李金莲房,"伟正贾前往抢救,又发现徐怀如、","个少年在激流中挣扎,使转身问两少年游去,将他史帆出了深145",,
minzhengzhi_aa,m-181,李金莲,"。此时,精疲力竭的韩柏林仍托着",",再也无法去追赶漂走的徐怀如了,他托着李金莲时沉时浮,同死神搏斗。这时一坏三尺长的木板漂来被他抓住。",,
minzhengzhi_aa,m-181,李金莲时,"法去追赶漂走的徐怀如了,他托着","沉时浮,同死神搏斗。这时一坏三尺长的木板漂来被他抓住。木板小,津不起两人,他毅然把木板让给李金莲,李",,
minzhengzhi_aa,m-181,李金莲抓,"两人,他毅然把木板让给李金莲,","着木板漂到江边,得救了。韩柏林的爱人经人抢教脱了险,徐怀如也被人救上了岸,遇险的乡亲都得救了,而韩柏",,
minzhengzhi_aa,m-184,李士备,"振玉赵德仁孟胜先一“等“功“臣","“张白华“翟礼先“赵宣荣“邓绍强“张明如“欧告华“罗光前李仲晓“何忠兴二等“功“臣「胡文阶“罗正修“",,
minzhengzhi_aa,m-184,李仲晓,"邓绍强“张明如“欧告华“罗光前","“何忠兴二等“功“臣「胡文阶“罗正修“陈绍源“李如明“庞正林“申文江贾蜀周“唐建其张悟芳“何钊贤“李",,
minzhengzhi_aa,m-184,李如明,"“臣「胡文阶“罗正修“陈绍源“","“庞正林“申文江贾蜀周“唐建其张悟芳“何钊贤“李开福“寇其瑞“钟绪纲“赵券绿“罗玉富王文金王振余“郑",,
minzhengzhi_aa,m-184,李开福,"贾蜀周“唐建其张悟芳“何钊贤“","“寇其瑞“钟绪纲“赵券绿“罗玉富王文金王振余“郑晓初“杨重“李再祥“康札芳。陈天发三等功臣寇吉志“杨",,
minzhengzhi_aa,m-184,李再祥,"富王文金王振余“郑晓初“杨重“","“康札芳。陈天发三等功臣寇吉志“杨庆忠“袁兴师“伏华“任福生“向旭初“张茂友“何三纲杨脊山“李温和“",,
minzhengzhi_aa,m-184,李温和,"向旭初“张茂友“何三纲杨脊山“","“任加弟“陶家康“姨海清之世俊“陈贵益李家福杨洪斌“荼吊林“诊朝英“王国志“陈吕杰“何文凯“罗以成。",,
minzhengzhi_aa,m-184,李家福杨,"“陶家康“姨海清之世俊“陈贵益","洪斌“荼吊林“诊朝英“王国志“陈吕杰“何文凯“罗以成。郑大兴图福思邓福邦“伏从兴“邓治均“徐农元“赵",,
minzhengzhi_aa,m-184,李人杰,"杨文献“周世业张其林“脱正洁“","“庾万寓“冉缉那“李钟局贺盛孰“杨兴才“邓福禹“曾熊十“任荣全“郑德旭“何文凯“赵正海邱海如“黄树堂",,
minzhengzhi_aa,m-184,李钟局贺,"正洁“李人杰“庾万寓“冉缉那“","盛孰“杨兴才“邓福禹“曾熊十“任荣全“郑德旭“何文凯“赵正海邱海如“黄树堂“胡兆开“崔锡荣“滨奉成“",,
minzhengzhi_aa,m-184,李德顺,"“严金明罗成修刘相政“邓君德“","“梁发开“椿华元“向荣“仿元韶“刘克福画再德“罗发德“罗海涉杨祥隆。李中吕“杨华伟“阈璐宜“康翘德邓",,
minzhengzhi_aa,m-184,李中吕,"画再德“罗发德“罗海涉杨祥隆。","“杨华伟“阈璐宜“康翘德邓会民“李开周“才文金“郭安质“陈奎一“邓荣站“谢文金“曾凡贵文元明“何廷质",,
minzhengzhi_aa,m-184,李开周,"杨华伟“阈璐宜“康翘德邓会民“","“才文金“郭安质“陈奎一“邓荣站“谢文金“曾凡贵文元明“何廷质“何守宇“张金成“梁中应“杨光榴“李元",,
minzhengzhi_aa,m-184,李元学,"守宇“张金成“梁中应“杨光榴“","“刘义普149",,
minzhengzhi_aa,m-185,李秀林,"咎治和“王有亥“冉继荣“杨光转","“向国家“王家华“李舍同“屉绍添“杨宗武“蔡明和“杨福林之鑫德“王天寿“高炳强“姜世达“杨友和“徐纯",,
minzhengzhi_aa,m-185,李舍同,"杨光转李秀林“向国家“王家华“","“屉绍添“杨宗武“蔡明和“杨福林之鑫德“王天寿“高炳强“姜世达“杨友和“徐纯道“赵怀义“杨体颂张学益",,
minzhengzhi_aa,m-185,李有松,"刘田智杨世六“青云显“张志昌“","“苟家发“赵尧成“杨正朝“任福廷王明益“张全贵“李玉森“李泽宗“袁世开“梁忠厚“张仕鑫刘泽彦何国清_",,
minzhengzhi_aa,m-185,李玉森,"杨正朝“任福廷王明益“张全贵“","“李泽宗“袁世开“梁忠厚“张仕鑫刘泽彦何国清_崔维学“周义元“王明兴“奉中兴“王文备“奉金祥“向立山",,
minzhengzhi_aa,m-185,李泽宗,"任福廷王明益“张全贵“李玉森“","“袁世开“梁忠厚“张仕鑫刘泽彦何国清_崔维学“周义元“王明兴“奉中兴“王文备“奉金祥“向立山王俊民“",,
minzhengzhi_aa,m-185,李昌基,"韩文林胡大金_韩大德“罗世金“","“李元清“王开模“罗许福“王开科韩虎成“王文金“赵金成“董志云“徐文道“王元清“杨者检“周永坤伏跃德",,
minzhengzhi_aa,m-185,李元清,"大金_韩大德“罗世金“李昌基“","“王开模“罗许福“王开科韩虎成“王文金“赵金成“董志云“徐文道“王元清“杨者检“周永坤伏跃德“余兴中",,
minzhengzhi_aa,m-185,李光远,"周永坤伏跃德“余兴中“赵兴华“","“杨文孝“那清伟“付从兴“李达海边发元“向武道“陈先礼“文克元“吕友汀“石玉佐“袁贵生“罗光烈白金辉",,
minzhengzhi_aa,m-185,李达海边,"光远“杨文孝“那清伟“付从兴“","发元“向武道“陈先礼“文克元“吕友汀“石玉佐“袁贵生“罗光烈白金辉“蹇贵元“曹启文“李振秀“苟家法“",,
minzhengzhi_aa,m-185,李振秀,"罗光烈白金辉“蹇贵元“曹启文“","“苟家法“侯志学“王正余“王新民赵泽祥“赵友国“冯万春“王章银“李基辉“李跃伦“朱义宗“任大武赵银成",,
minzhengzhi_aa,m-185,李基辉,"泽祥“赵友国“冯万春“王章银“","“李跃伦“朱义宗“任大武赵银成“文德祥“侯文武“罗奉道_李再德“寇子平“黄开福“邵成先,淳家礼“李哲",,
minzhengzhi_aa,m-185,李跃伦,"友国“冯万春“王章银“李基辉“","“朱义宗“任大武赵银成“文德祥“侯文武“罗奉道_李再德“寇子平“黄开福“邵成先,淳家礼“李哲炳“江成",,
minzhengzhi_aa,m-185,李再德,"银成“文德祥“侯文武“罗奉道_","“寇子平“黄开福“邵成先,淳家礼“李哲炳“江成华“陈玉美“任文敏“张保成“杨其文“杨正刚徐兴福“任先",,
minzhengzhi_aa,m-185,李哲炳,"子平“黄开福“邵成先,淳家礼“","“江成华“陈玉美“任文敏“张保成“杨其文“杨正刚徐兴福“任先智“张国安“赵泽凡“陈绍伦。邓国沿“任兴",,
minzhengzhi_aa,m-185,李正银,"任兴坤“刘玉先陈国寿“赵泽清“","“胡正贵,张长明“蔡文涉“周怀友“罗海清韩秀林“王友文“冉纪友“李发义“赵恺保“肖开孝“徐世全“宋永",,
minzhengzhi_aa,m-185,李发义,"罗海清韩秀林“王友文“冉纪友“","“赵恺保“肖开孝“徐世全“宋永扬宋诗章“李金莲“赵思政“白才忠“朱光明“陶启春“何廷杰“陈思彦刘德文",,
minzhengzhi_aa,m-185,李金莲,"肖开孝“徐世全“宋永扬宋诗章“","“赵思政“白才忠“朱光明“陶启春“何廷杰“陈思彦刘德文“何思才“周万贵“王定璞“侯志嘉“赵正海“李长",,
minzhengzhi_aa,m-185,李长吉,"万贵“王定璞“侯志嘉“赵正海“","“温金元王显邦“徐世明“牟献雪“李含华“赵泽发“苟廷述“龚家易“杨国荣李义道“杨志成“罗光彦“肖开连",,
minzhengzhi_aa,m-185,李含华,"温金元王显邦“徐世明“牟献雪“","“赵泽发“苟廷述“龚家易“杨国荣李义道“杨志成“罗光彦“肖开连“白邦杰“李国寿“寇永德“韩雪林花三才",,
minzhengzhi_aa,m-185,李义道,"赵泽发“苟廷述“龚家易“杨国荣","“杨志成“罗光彦“肖开连“白邦杰“李国寿“寇永德“韩雪林花三才“任兴坤“刘玉先“权德昌“王国兴“王天",,
minzhengzhi_aa,m-185,李国寿,"志成“罗光彦“肖开连“白邦杰“","“寇永德“韩雪林花三才“任兴坤“刘玉先“权德昌“王国兴“王天寿“张书秀“李跃明赵兴华“任万平“肖开俊",,
minzhengzhi_aa,m-185,李跃明赵,"德昌“王国兴“王天寿“张书秀“","兴华“任万平“肖开俊“苟正明“张跃武_张天孝“杨宗武_陈明德任家思“罗成修_杨政“周绍清_陈治伦“母",,
minzhengzhi_aa,m-185,李元泽,"牛顶汉“罗德富“冉大宗任大忠“","“薛泽武“吴文林“邬和友“苏定福“龚正义“陈兴坤王天祥“吴从俊“张仁东“刘元贵“梁开信_赵国修“张仁",,
minzhengzhi_aa,m-186,李杰山,"“刘登凯“薛广富“王子贬喻汝聪","“余光均_伍国嗣“唐违才“文彬儒“赵怀成“沈治洲“龚中德何寿安“匡国才田泽福“李万全“杨万森_马三品",,
minzhengzhi_aa,m-186,李万全,"“龚中德何寿安“匡国才田泽福“","“杨万森_马三品“熊树成“赵仕金何明发“张文远第四节优抚先进事迹简介1950年来,为使优抚对象保持和",,
minzhengzhi_aa,m-187,李登治没,"建设。他发现农民任淑贤没房住,","被子,陶家法没床,就拿出自己的残庞金给修了房子,买了床,把自己的被子送给了李登治1955年,何被选为",,
minzhengzhi_aa,m-187,李登治,"子,买了床,把自己的被子送给了","1955年,何被选为东台农业各作社主任,有的干部提议修3间办公室,买个收音机摆点排152,,",,
minzhengzhi_aa,m-191,李家坪贺,"泥)?,人相食。今新观乡伏龙村","瓢客的10多岁的大女淘兰饿死后,贺一家7口人忍痛将女儿的肉割下煮着吃丁当年岳东乡小学教师彭子容,亲朔",,
minzhengzhi_aa,m-191,李梦林家,"946年:3月18日,县城新街","起火,烧至西门新市场,100多家住户房屋烧毁。是年,小麦黑穗病危害22.79万亨,稀螂虫危害17.7",,
minzhengzhi_aa,m-198,李联润,"|1959.10|干i圣[叠暑",")女1954.8|初中|党员|1972.1|1984.5|于部|狱福成|男|1943.3|初中|党员",,
minzhengzhi_aa,m-199,李清碧,"面给予帮助支持外,县政协副主席","(原民政科副科长)同志在悦重病期间,还多次向编者介绍民政工作史实,直至逝世前一个月还在询问编纂情况;",,
minzhengzhi_aa,m-29,李梦林家,"(1946年3月19日县城新街","起火,烧到西门新市场止,共烧毁140多家住户房屋。省府拨粮、钱教济。4月22日至26日_大雨,山洪暴",,
minzhengzhi_aa,m-31,李,"作队分赴各区、乡,至翌年4月结","。全县划定地主3292户,地主兼工商业750户,工商业兼地主22户,半地主式富农778户,富农181",,
minzhengzhi_aa,m-31,李蕴璞到,"小学生为王文焕烈士扫墓,副长县","会讲了话。是月5日“民政科副科长韩介,因隐瞒历史、毒打妻致死和破坏他人婚姻,界罪潜逃,后投五自杀。「",,
minzhengzhi_aa,m-35,李仕德,"死亡8人》。中共南充地委副书记","、专署民政科副科长邹胜魁及县民政科人员到现场处理事故,并给予了救济。1967年是年由于《文化大革命“",,
minzhengzhi_aa,m-42,李德荣,"县高中善30.5一!矛乌L长|",",男|1914。闹中县大学|31.6一33.19马鹫Ii[县政府民政科|科壬麦壹马′蒿]*吉〕男,苍",,
minzhengzhi_aa,m-43,李正华,"53.9一1954.3,科长|","|男|1927。|苏溪县|高中|1954.12一1958.4副科长|鲁清安|男|1928。|广元县|",,
minzhengzhi_aa,m-43,李清碧,"4.12一1955.6副科长|","|男|1914。|芸溪县|高中|1955.9一1969第二科长|杨利群|男|1931。茹溪县|高中|",,
minzhengzhi_aa,m-43,李先成,"984.1(县革委时期》局长|","|男|1929。|阙中县|高中|1974.5一1978.7副局长|卢赐苹|女|1983。|浑溪县|初",,
minzhengzhi_aa,m-50,李先成,"童E圭名任“职“时“间书“记\","1974.3一1978.7_张坤,1978.7一1983.12县民政局党支部“[礼7|陶学传1984",,
minzhengzhi_aa,m-50,李元泽,"2军队退休干部党支部|书“记宣","1985.1一1985.12129",,
minzhengzhi_aa,m-51,李隆基,"天元年(712年).因建玄宗(",")讳,改隆州为阆州,苍溪县改隶阅州。天宝元年(742年7,改阆州为阗中郗,乾元元年(758年》,复改",,
minzhengzhi_aa,m-57,李,"埃池“口坻自“驿“乡二乡苏维埃","“子“埚万“安不三乡苏维埃月山“村月“山一四乡苏维埃烟“峰“山期“峰“乡五乡苏维埕太“阳“山歧“坪“",,
minzhengzhi_aa,m-59,李家田坝,"芸)广元县太平乡.四乡苏维埕责","|广元县张家乡_五乡苏维埃1罗“汉封1“广元县清水乡37",,
minzhengzhi_aa,m-62,李李力县,"招15贾咤儿/汀县源&g广宏万","\黛乡/(axtyJ素》奶趋(扇菩熹~""县一{林2口目宏y入殉羹'粼訾、\寒\志‖~′'潞二""u互羞",,
minzhengzhi_aa,m-62,李,"恩寰`80阀邝一构4个园5胺“","-怀一辐一W##河多标-.---.-今,县智吊、`...'(′诗:|釜图N』i』】}一「浩ugv2R",,
minzhengzhi_aa,m-63,李领导,"945年),为集中权力,实行垂",",先后撒销三个区署。民图36年(1947升)为缓和政局,实行“民选,由15个乡(镇)划为20个乡(镇",,
minzhengzhi_aa,m-63,李上为界,"一部分(以珠竹伟的谢家店下面沟","》、满士乡一部分(第八保)、三川乡古一部分(花冠子》、阅巾只特缩保圣家岩,区政府设龙王场;七区,辖素",,
minzhengzhi_aa,m-7,李大队,"计-二L,83一2D目剧命e。",")a元xHng[Rp9d3沥e水伟院道请汀“1e倩洁河河《办hERsaFRa、万““t一动i-g:,",,
minzhengzhi_aa,m-7,李,"(蘑j叠_,沥5河brMa木-","x。中Rppgepgapglsl75“4口团一国描探画“水电站)-_蓖…_蔫二亡'二'[取一n旦灞撞",,
minzhengzhi_aa,m-7,李堤纳,"小招命1心命Fsx技河力一伟、","3bd5wm,』熹=""`""二二〉′工噜枳仙卒鲈…斐叁嵌二…〈HRucCgg88“岩“tox/一人汞-",,
minzhengzhi_aa,m-7,李辐吴认,"i,个国皋6^根仪厂ssg货一","绍\""】心八孙心知X闪“reg伟en|、赘育寥=『余8i颜英明关人n2EI)鑫辜〉`T'口E“J荣-",,
minzhengzhi_aa,m-73,李历,"况材料96篇,对各类地各的名称","、更替及含义作了记述。1985年,为《中华人民共和国地名词典》编写了苍消县境的75个条目。′48.",,
minzhengzhi_aa,m-8,李团途新,"片限去、人关5\o8量伟浩Ar","量、.e恬fc\岐里山入命[一uN“5受B督状t0元山|。一单敏才马脓9一复关i浩Q石灵\痒,广E2",,
minzhengzhi_aa,m-86,李指任及,"|@E|遂||侯会||劣门防|","本民|朱心东命|命[|会心校^飓队愤轩碳愤愤羹胁菖菖剑]|长附|事一事卢事队|事使事费井忠羊长箱|伟",,
minzhengzhi_aa,m-86,李益理国,"籍“金一|多一剪专长洪镐当荣“","|中命佐孔僳根英一事不市事心得任事日保办公处[,|顶长长系目因国队叶5剧刑木吴|木保剜“负“员兵货“",,
minzhengzhi_aa,m-86,李德荣制,"为55一日锋荣事全|氏民政伟长","。二十二年八月61",,
minzhengzhi_aa,m-88,李蕴璞到,"文焕烈士扫墓、开追悼会,副县长","会讲述了他的英勇事迹。以后,每年春节、清明节等节日,各级政府、机关企事业单位、工厂、学校和驻军,都组",,
minzhengzhi_aa,m-95,李,"公社梨树村复员军人沈大才,本姓",",抱给沈姓,沈大才入伍后,土改时沈家定为富农成分。一次,地方有人说他抱父沈其和偷了公家的特头,抱父自",,
minzhengzhi_aa,m-96,李休是,"员两类。认定为万路红军老战士的",":1936年1|至1937年3月,参加西征经甘肃省的靖远过黄河,圭开得的永登、古浪、武威、永君、山丹",,
minzhengzhi_zl,z-100,李,"负责分好田地、房屋,帮助运送行",",送老弱病残“。转委会在城内设一招待所,可住三百人左右,专门接待复员军人。毛1958年初,对1954",,
minzhengzhi_zl,z-101,李的脚费,"我军复退军人的伙食标准和搬运行","标准发给,对无家可归的,,发动亲族利用祠堂族产,实行互助互济,作了妙善安置。对生产有困难的,政府在经",,
minzhengzhi_zl,z-107,李乡村基,"况;交通不变的地方,组织运送行","层民政组织和干部,主动深入到户,措访慕问,宣传安置方针政策,介绍各方面情况,征求意见,解决解答各种问",,
minzhengzhi_zl,z-108,李民小组,",大队、生产队改为村民委员会、","后,通过人民群众选举的村组干部中,约四分之一的于部是退伍军人,给群众自治性组织增添了活力。民兵骨干。",,
minzhengzhi_zl,z-114,李仕德,"在县蹭点和检查工作的地委副书记","、专署民政科副科长邹胜魁闻讯后也立′即赶到出事地点,省卫生厅、西南医院、四川医学院附属医院、省医院、",,
minzhengzhi_zl,z-119,李的特别,"进行规划扶贫。对短时期扶持不起","围难户和集体供养的“五保户“仍实行临时救济。此时全县特困户约2800户、1.5万人,占农业人口的2观",,
minzhengzhi_zl,z-129,李旦曾行,"扭曲,以乞为业,以传说中唐眷宗","乞而自慰。他们玩蛇吞刀变戏法强讨恶要,伤风败俗,危害社会。人们对因生活所迫的孤老残幼乞人寄于同情而对",,
minzhengzhi_zl,z-138,李梦华主,"婚事巳成风气。如金斗公社女青年","动劝母不要男家彩礼,不要媒人说亲,带上衣服被盖,自己走到婆家结婚,已不为契事。成婚之日,邀请至亲、挚",,
minzhengzhi_zl,z-158,李济琛等,"生涯中,结识了宋庆龄、冯玉祥、","知名进步人士,并受其影响,加之自身遭遇的休验,他关心人民疾苦,痛恨恶势力。1936年夏,他得知修筑川",,
minzhengzhi_zl,z-159,李指导员,"仓分粮斗争,他与升保地区游击队","一道,到枣碧庙一带侦察地形,故当地团防发觉,不幸袖捕。他受尽酷刑,宁死不屈。第二天,敌人把他押到升钟",,
minzhengzhi_zl,z-161,李正秀抱,"世恩从荣涡中教出。这时,他爱人","着小孩和另外3人正被急流卷入江心,韩柏林正要前往抢教,又发现徐怀如、李金莲两个少年在激流中挣扑,便转",,
minzhengzhi_zl,z-161,李金莲两,"林正要前往抢教,又发现徐怀如、","个少年在激流中挣扑,便转身向两少年游去,将他两带出了蔡145",,
minzhengzhi_zl,z-162,李金莲,"。此时,精疸力竭的韩柏林仍托莲",",再也无法去追赶漂走的徐怀如了,他托莲李金莲时沉时浮,同死神搏斗。这时一块三尺长的木板漂来被他抓住。",,
minzhengzhi_zl,z-162,李金莲时,"法去追赶漂走的徐怀如了,他托莲","沉时浮,同死神搏斗。这时一块三尺长的木板漂来被他抓住。木板小,津不起两人,他毅然把木板让给李金莲,李",,
minzhengzhi_zl,z-162,李金莲抓,"两人,他毅然把木板让给李金莲,","着木板谦到江边,得教了。韩柏林的爱人经人抢救脱了险,徐怀如也被人救上了岸,遇险的乡亲都得教了,而韩柏",,
minzhengzhi_zl,z-165,李仲春,"邓绍强“张明如“欧告华“罗光前","“何忠兴二等功臣胡文阶“罗正修“陈绍源“李如明“废正林“申文江“贾蜀周“唐建其张志芳何钊贤李开福寇其",,
minzhengzhi_zl,z-165,李如明,"等功臣胡文阶“罗正修“陈绍源“","“废正林“申文江“贾蜀周“唐建其张志芳何钊贤李开福寇其瑞钟绪纲赵刚绿罗玉富王文金王振余“郑晓初“杨_",,
minzhengzhi_zl,z-165,李开福寇,"江“贾蜀周“唐建其张志芳何钊贤","其瑞钟绪纲赵刚绿罗玉富王文金王振余“郑晓初“杨_重“李再祥“康本芳“陈天发【三等功臣,寇吉志“杨庆忠",,
minzhengzhi_zl,z-165,李再祥,"王文金王振余“郑晓初“杨_重“","“康本芳“陈天发【三等功臣,寇吉志“杨庆忠“袁兴中“伏华“任福生“向旭初“张苛友“何三线杨青山“李渊",,
minzhengzhi_zl,z-165,李渊和,"向旭初“张苛友“何三线杨青山“","“任加弟“陶家康“姚海清“王世俊“陈贵益“李家福杨洪斌“栾青林“孟朝英“王国志“陈吕杰“何文凯“罗以",,
minzhengzhi_zl,z-165,李家福杨,"家康“姚海清“王世俊“陈贵益“","洪斌“栾青林“孟朝英“王国志“陈吕杰“何文凯“罗以成“郑大兴田福怡“邓福邦“伏从兴“邓治均“徐农元“",,
minzhengzhi_zl,z-165,李人杰,"文献“周世业“张其林“脱正春“","“广万窗“冉继邦“李钟昌贺直孝“杨兴才“邓福禹“曹熊生“任英全“郑德明,何文凯“赵正海邱海如“黄树堂",,
minzhengzhi_zl,z-165,李钟昌贺,"正春“李人杰“广万窗“冉继邦“","直孝“杨兴才“邓福禹“曹熊生“任英全“郑德明,何文凯“赵正海邱海如“黄树堂“胡先开“崔锡荣“蓝春成“",,
minzhengzhi_zl,z-165,李德顺梁,"严金明罗成修_刘相政“邓君德“","发Jf“梁华元“向_荣“任元章“刘克福罗再德“罗发德“罗海清“杨祥隆“李巾昌“杨华林“闰增宣“康朝德",,
minzhengzhi_zl,z-165,李巾昌,"再德“罗发德“罗海清“杨祥隆“","“杨华林“闰增宣“康朝德邓仕民“李开周“王文金“郭安质“陈奎-邓荣竞“谢文全“曾凡贵文元明“何廷费“",,
minzhengzhi_zl,z-165,李开周,"杨华林“闰增宣“康朝德邓仕民“","“王文金“郭安质“陈奎-邓荣竞“谢文全“曾凡贵文元明“何廷费“何守宣“张金成“梁中厚“杨光模“李元学",,
minzhengzhi_zl,z-165,李元学,"守宣“张金成“梁中厚“杨光模“","“刘义普149",,
minzhengzhi_zl,z-166,李秀林,"“昝治和“王有亲“冉继荣杨光轰","_向国家“王家华“李舍同“周绍清“杨宗武“蔡明和杨福林尹鑫德“王天寿“高炳强“姜世达“杨友和“徐纯道",,
minzhengzhi_zl,z-166,李舍同,"杨光轰李秀林_向国家“王家华“","“周绍清“杨宗武“蔡明和杨福林尹鑫德“王天寿“高炳强“姜世达“杨友和“徐纯道“赵怀义“杨体顿张学益王",,
minzhengzhi_zl,z-166,李有松,"刘田智杨世六“青云显“张志昌“","“苟家发“赵尧成“杨正朝“任福廷王明益“张全贵“李玉森“李泽宗“袁世开“梁忠厚“张仕鑫“刘泽彦`何国",,
minzhengzhi_zl,z-166,李玉森,"杨正朝“任福廷王明益“张全贵“","“李泽宗“袁世开“梁忠厚“张仕鑫“刘泽彦`何国清“崔维学“周义元“王明兴“龚中兴“王文备“奉金祥“向",,
minzhengzhi_zl,z-166,李泽宗,"任福廷王明益“张全贵“李玉森“","“袁世开“梁忠厚“张仕鑫“刘泽彦`何国清“崔维学“周义元“王明兴“龚中兴“王文备“奉金祥“向立山王俊",,
minzhengzhi_zl,z-166,李昌基,"韩文林胡大金“韩大德“罗世金“","“李元清“王开模“罗许福“王开科韩虎成“王文金“赵金成“董志云“徐文道“王元清“杨胺检周永坤伏既德“",,
minzhengzhi_zl,z-166,李元清,"大金“韩大德“罗世金“李昌基“","“王开模“罗许福“王开科韩虎成“王文金“赵金成“董志云“徐文道“王元清“杨胺检周永坤伏既德“余兴中“",,
minzhengzhi_zl,z-166,李光远,"周永坤伏既德“余兴中“赵兴华“","“杨文孝“那清伟“付从兴“李达海边发元向武道“陈先礼“文克元“吕友江“石玉佐“袁贵生“罗光烈白金辉“",,
minzhengzhi_zl,z-166,李达海边,"光远“杨文孝“那清伟“付从兴“","发元向武道“陈先礼“文克元“吕友江“石玉佐“袁贵生“罗光烈白金辉“蹇贵元“曹启文“李振秀“荀家法“侯",,
minzhengzhi_zl,z-166,李振秀,"罗光烈白金辉“蹇贵元“曹启文“","“荀家法“侯志学“王正余“王新民赵泽祥“赵友国“冯万春“王章银“李基辉“李跃伦“朱义宗“任大武赵银成",,
minzhengzhi_zl,z-166,李基辉,"泽祥“赵友国“冯万春“王章银“","“李跃伦“朱义宗“任大武赵银成“文德祥“侯文武“罗奉道_李再德“寇子乎“黄开福“那成先淳家礼,李哲炳",,
minzhengzhi_zl,z-166,李跃伦,"友国“冯万春“王章银“李基辉“","“朱义宗“任大武赵银成“文德祥“侯文武“罗奉道_李再德“寇子乎“黄开福“那成先淳家礼,李哲炳“汤成华",,
minzhengzhi_zl,z-166,李再德,"银成“文德祥“侯文武“罗奉道_","“寇子乎“黄开福“那成先淳家礼,李哲炳“汤成华“陈玉美“任文敏“张保成“杨其文“杨正刚徐兴福“任先智",,
minzhengzhi_zl,z-166,李哲炳,"寇子乎“黄开福“那成先淳家礼,","“汤成华“陈玉美“任文敏“张保成“杨其文“杨正刚徐兴福“任先智“张国安“赵泽凡“陈绍伦“邓国沿“任兴",,
minzhengzhi_zl,z-166,李正银,"任兴坤“刘玉先陈国寿“赵泽清“","“胡正贵“张长明“蔡文清“周怀友“罗海清.韩秀林“王友文“冉纪友“李发义“赵恩保“肖开孝“徐世全“宋",,
minzhengzhi_zl,z-166,李发义,"海清.韩秀林“王友文“冉纪友“","“赵恩保“肖开孝“徐世全“宋永扬宋诗章“李金善“赵思政_白才忠“朱光明“陶启春“何廷杰“陈思彦“刘德",,
minzhengzhi_zl,z-166,李金善,"肖开孝“徐世全“宋永扬宋诗章“","“赵思政_白才忠“朱光明“陶启春“何廷杰“陈思彦“刘德文“何恩才“周万贵“王定璞“侯志嘉“赵正海“李",,
minzhengzhi_zl,z-166,李长吉,"万贵“王定璞“侯志嘉“赵正海“","“温金元王显邦“徐世明“牟献雪“李含华“赵泽发“苟廷述“龚家易“杨国荣李义道“杨志成“罗光彦“肖开逊",,
minzhengzhi_zl,z-166,李含华,"温金元王显邦“徐世明“牟献雪“","“赵泽发“苟廷述“龚家易“杨国荣李义道“杨志成“罗光彦“肖开逊“白邦杰“李国寿,“寇永德“韩雪林花三",,
minzhengzhi_zl,z-166,李义道,"赵泽发“苟廷述“龚家易“杨国荣","“杨志成“罗光彦“肖开逊“白邦杰“李国寿,“寇永德“韩雪林花三才“任兴坤“刘玉先“权德昌“王国兴“王",,
minzhengzhi_zl,z-166,李国寿,"志成“罗光彦“肖开逊“白邦杰“",",“寇永德“韩雪林花三才“任兴坤“刘玉先“权德昌“王国兴“王天寿“张书秀“李既明赵兴华“任万平“肖开",,
minzhengzhi_zl,z-166,李既明赵,"德昌“王国兴“王天寿“张书秀“","兴华“任万平“肖开俊“荀正明“张跃武“张天孝“杨宗武“陈明德任家思“罗成修“杨_政“周绍清_“陈治伦",,
minzhengzhi_zl,z-166,李元泽,"十顶汉“罗德富“冉大宗任大忠“","“薛泽武“吴文林“邬和友“苏定福“龚正义“陈兴坤王天祥“吴从俊“张仁东“刘元费“梁开信“赵国修_张仁",,
minzhengzhi_zl,z-167,李杰山余,"贵朝刘登凯薛广富“王子质喉汝聪","光均伍国善唐逊才文彬儒赵怀成沈治洲奏中德何寿安“匡国才田泽福“李万全“杨万森马三品“熊树成“赵仕金何",,
minzhengzhi_zl,z-167,李万全,"洲奏中德何寿安“匡国才田泽福“","“杨万森马三品“熊树成“赵仕金何明发张文远第四节优抚先进事迹简介1950年来,为使优抚对象保持和发扬",,
minzhengzhi_zl,z-168,李登治没,"建设。他发现农民任淑贤没房住,","被子,陶家法没床,就拿出自己的残庚金给修了房孙,买了床,把自己的被子送给了李登治:1955「年,何被",,
minzhengzhi_zl,z-168,李登治,"孙,买了床,把自己的被子送给了",":1955「年,何被选为东台农业合作社主任,有的干部提议修3间办公室,买个收音机摆点排152",,
minzhengzhi_zl,z-172,李家坪贺,"泥)“,人相食。今新观乡伏龙村","瓢客的10多岁的大女润兰俄死后,贺一家7口人忍痛将女儿的肉割下煮着吃了当年岳东乡小学教师彭子容,梓服",,
minzhengzhi_zl,z-172,李梦林家,"46年:,3月18日,县城新街","起火,烧至西门新市场,100多家住户房屋|烧毁。是年,小麦黑稳病危害22.79万亩,稻蜓虫危害17.",,
minzhengzhi_zl,z-179,李联涧,"0.11|1959.10干部|","|女|1954.8|初中|党员|1972.1|1984.5于_部|绘福成|男|1943.3|初中|党",,
minzhengzhi_zl,z-180,李清碧,"面给予帮助支持外,县政协副主席","(原民政科副科长)同志在患重病期间,还多次向编者介绍民政工作史实,直至逝世前一个月还疚询问编纂情况!",,
minzhengzhi_zl,z-24,李梦林家,"946年》3月19日“县城新街","起火,烨到西门新市场止,共热毁140多家住户房屋。省府拨粮、钱教济。4月22日至26日“大雨,山洪暴",,
minzhengzhi_zl,z-26,李蕴璞到,"小学生为王文焕烈士扫墓,副长县","会讲了话。是月5日“民政科剧科长韩介,因隐瞒历史、毒打妻致死和破坏他人婚姻,田罪潜逃,后投井自杀。1",,
minzhengzhi_zl,z-30,李仕德,"死亡8人》。中共南充地委副书记","、专署民政科副科长邹胜魁及县民政科人员到现场处理事故,并给予了教济。1967年是年由于4文化大革命“",,
minzhengzhi_zl,z-37,李德荣,"昊|高中|so0.5一|科长|","|男|1914.尸中县大学|831.6一33.1县政府民政科|科长|马常吻|男!|著溪县|a一科长屈",,
minzhengzhi_zl,z-38,李正华,"58.9一1954.3科_长|","|男|1927。|苍溪县|高中|1954.12一1958.4副科长|鲁清安|男|1928。厂元县|初",,
minzhengzhi_zl,z-38,李清碧,"4.12一1955.6副科长|","|男|1914。|茵溪县|高中|1955.9一1969第二科长|杨利群|男|1931。苔溪县|高中|",,
minzhengzhi_zl,z-38,李先成,"972.8一1984.1局长|","|男|1929。|闵中县|高中|1974.5一i978.7副局长|卢赐苹|女|1938。|茵溪县|初",,
minzhengzhi_zl,z-42,李例,"家属、救灾救济、户政、贯彻婴婪","、卫生行政、义务劳动、民警等内容,县莹维浩政府分别交县苏维埕委员办理。建_国后「1950年,县民政科",,
minzhengzhi_zl,z-45,李先成,"务|姆“名任“职“时“间书记|","1974.3一1978.7b办张坤礼1978.7一1983.12县民政局党支部办陶学传1984.1一",,
minzhengzhi_zl,z-45,李元泽,"12军队退休干部党支部书“记【","1985.1一1985.1229",,
minzhengzhi_zl,z-46,李隆基,"先天元年(712年》因避玄宗(",")讳,改隆州为阆州,苍涉县改隶阅州。天宝元年(742年),改阆州为阀中郡,乾元元年(758年》,复改",,
minzhengzhi_zl,z-5,李元泽成,"组`组长:陶学传副组长:张坤礼","员:庞统建刘克伟《苍溪县民政志}编辑小组主“编:李元泽编辑,彭学枢封面设计:张德华封面题字:蒲泽洲审",,
minzhengzhi_zl,z-5,李元泽编,"苍溪县民政志}编辑小组主“编:","辑,彭学枢封面设计:张德华封面题字:蒲泽洲审“稿:闵书凯责任编辑:柏顺良",,
minzhengzhi_zl,z-51,李,"池“口“垠自“驿。乡二乡苏维埃","“子“垠万“安“乡三乡苏维埃月“山。村月“山“乡四乡苏维埃烟“峰。山烟“峰乡五乡苏维埃太“阳。山歧“",,
minzhengzhi_zl,z-53,李家田坝,"“高“坎广元县太平乡四乡苏维埃","广元县张家乡五乡苔维烹|罗“池“寿|广元县渊水乡37",,
minzhengzhi_zl,z-77,李携任及,"|交门刹砺园e日日以|阮|欧|","李民|示心一目夕}寥队]…j釜痘a弓干熹,菩′i瓮t兵j喹……摹霞羞『喜逞雇跃寥″'菖'盲壹剑一!|",,
minzhengzhi_zl,z-77,李民,"砺园e日日以|阮|欧|李携任及","|示心一目夕}寥队]…j釜痘a弓干熹,菩′i瓮t兵j喹……摹霞羞『喜逞雇跃寥″'菖'盲壹剑一!|长附",,
minzhengzhi_zl,z-77,李德荣制,"一为宇少裁寇考“蔡移事民政科长","三万一华7月61",,
minzhengzhi_zl,z-79,李蕴璞到,"文焕烈士扫墓、开追悼会,副县长","会讲述了他的英勇事选。以后,每年春节、清明节等节日,各级政府、机关企事业单位、工厂、学校和驻军,都组",,
minzhengzhi_zl,z-86,李,"公社梨树村复员军人沈大才,本姓",",抱给沈姓,沈大才入伍后,土改时沈家定为富农成分。一次,地方有人说他抱父沈其和偷了公家的犊头,抱父白",,
minzhengzhi_zl,z-9,李,"豫^入伟。,c沥,「55心咤余","5吴市十,中许沥一″」_~_'囊…兀「亡罐厂l…吴吴0|t河J诊=:川林膘菩巧J园,河伟仪Pf余丫限",,
minzhengzhi_zl,z-93,李,"用款的10外。找持生_产扶持入","。1955年,乡村办起农业生产合作社,优抚对象带头入社,但又缺乏入社股分基金。为支持其走集体化道路,",,
minzhengzhi_zl,z-98,李妻,"“有“後部“冒“优上御并“优“","“完待皓*宥“先“例宣“金。生“优“权摘月儿“享“活。光“要訾妙“晃“此“罡参吻“皂R观机“一买红“",,
danganzhi,a-103,李俊昌,",,|四营溪[团一,1s-|园","|男|\涧水乡|员熹/|1985一1986,1986年调离一一E一一H一一|一一一一-网团史门7园日",,
danganzhi,a-104,李河葛途,"tsR:[.","振圆22s口民一1浩量|:吴v商弼E江睿自江T干一3`二`y门..里一.睿.E1.沈途′/二`3""`",,
danganzhi,a-105,李寸动动,"团园|达动技江江吴口|不江技沥","许江寸园述许林刑沥动许吴动吴沥吴林伟|/东青区委仁『″)卟/95",,
danganzhi,a-112,李廷文先,"委领导的重视。书记张瑞久,区长","后召开公社党委书记和办公室人员会“议,大队会计会议,对全区清档工作作了统一部署。区委从区级单位和公社",,
danganzhi,a-114,李,"档案工作同企业岗位责任制结合起",",奖惮挂钩、计分算奖,加强了十部、职工管好文件,档松的资任。1981年县供销车队,农资公司各有一份中",,
danganzhi,a-114,李了,"后经有关人员反复查捎,终干拖出",",邀免了文件的委失。专职称职“县水利电力局专职档案员严大容,于1974年从事档松工作后,县水电局领导",,
danganzhi,a-114,李的零散,"大量档案资料和工程图纸。他对原","档案资料进行了组卷,共整理出档案1,518卷(袖)、资料1,650多册,还编制了检索工具。县水电局从",,
danganzhi,a-13,李受馨为,",乡人侯仕武为褐扬清初莪溪知县","民请命,宽其赋税之举,在元坝鹄溪观铸银碑一坂,重道千斤,铸有“永不加赋?四字,J亨逞]/\灵7运至灵",,
danganzhi,a-14,李蔽璐传,"收发文书工作的吟志参加,副县长","达了南充秤书会议精神,会议规定了公文处理,严格文书档案等八项制度,文书实行统收统发,档案集中管理,诱",,
danganzhi,a-19,李开林作,"区档案工作会议精神,县委剪书记","了题为《努力做好档案工作,积极为四化建设服务》的报告,县委办公室副主任杨正川作了文书、档案、保密工作",,
danganzhi,a-19,李开林同,"通信、来信来访检查评比的总结。","志向21个先进集体和32名先进个人发了奖品和奖状。是年3月27日王绍文同志任苍溪县档柳局副局长。是年",,
danganzhi,a-20,李文元,"、闻书恺、杨正川任副主任委员、","、薛泽文、王绍文、郑治严、何祖兴任委员。评定委员会办公室设在县档案局,由王绍文同志负责永公室的日常工",,
danganzhi,a-30,李,"洁振沥"".水0E一“-0d:河","[8酶′妻邕阙曦菩[洁冉…宁搔`〔蠹-踹x堀巯镗'熏晏孽【簧林一s,国沥标2东吴丨={.2._擎胬“",,
danganzhi,a-33,李技,"河5春rXASRLEOC53D","ME河河河0河沥沥李才,'.政河2E余E才沥刑招招Tag。挂技政挂河穴伟0河招霏妨)薯鹫聿曹永』妻兰",,
danganzhi,a-33,李才,"C53D李技ME河河河0河沥沥",",'.政河2E余E才沥刑招招Tag。挂技政挂河穴伟0河招霏妨)薯鹫聿曹永』妻兰翼`辞′雇0才仪8:诊",,
danganzhi,a-33,李河许胡,"~""二′_芽′重二〉E沥育n余","余河,诊2江江万技穴招弃河河洁江办沥河04〉挂河沥技河沥<技pE颇」锗君〉…唧诸t′运沥43荣5团。",,
danganzhi,a-36,李招林林,"雷妻二x〉'口水伟洁'.′″阗","沥河林技大0林技仪小E,挂0煌P*肇′′晕.'办X技-技林~'〈′1!【'〈“'沥0技沥许沥河3公3",,
danganzhi,a-36,李河素,"亡`_′′′53弊明〉摹8民,","}3RE〕E仪河纂雇熹f…苏维埃时期k告昂广剑梓潼绵一帝穸苦父老兄弟姊妹们的传单,现存县文化馆",,
danganzhi,a-43,李,"年社教时保存的11卷档案交了出","。武装部长从10多里的白合大队冒雨赶回公社,翻箱倒柜地清理了自己保存的文件。大家一齐动手,仅三四天时",,
danganzhi,a-44,李至,"0多册。.二、现行资料“建馆以","1985年,总共收集资料66种,5,013册(其中,书籍1,591册,报纸950本,刊物1,040卷",,
danganzhi,a-48,李函件等,"、汞说、组织章程、会议记录和往",".三、司法类。这类档植共1,709卷,是由苍溪县政府、军法室、司法室、司法根、四川高等法院、四川闻中",,
danganzhi,a-52,李了,"县各单位形成的文件叉大量堆积起","。县档案馆在县工商联、城郊公社分别组织力量,用了两个多月时间就把建国以杨24年的积存文件清理、鉴定完",,
danganzhi,a-52,李,"为了把全县大队一级的档案建立起",",县委办公室和县档案馆于1977年叉在兖坪区、峡坪公社和青春大队摇了敷理和建立文书档案工作的《根板“",,
danganzhi,a-53,李形成的,"个全宗。机构撒销、合并时,其原","档案全宗不变。“文化大革命“时期(1966年一1976年)的县革命委员会、生产委员会、生产指挥组、县",,
danganzhi,a-74,李,"498《米#医硕一TT一_园认","。娄止`(豆…冒一」一墅…墅堇」二(菖…粤机现|档案室面积|合计|其中关行文书档案|科_技档案吊业档",,
danganzhi,a-76,李,"8八切s""中土t技仁关史c沥善",">标园育帝如刑八E标c河2水MD、R吴咤8河)招招-中河沥e江河庞te春房中招7.、r一HH~.g前",,
danganzhi,a-77,李,"标益c-洁八t元yyRE沥振。","h;故2_′`〉55-E诊5bs命,胺35河纺诊国挂述|…-技坤′""′伟沥河挂1P玲这是1979年竣",,
danganzhi,a-77,李沥,"国训揣“倩设才才小深爱--详E","2技余ppgerE′f)._′1。_3。“毛4招4`穴这是1979年新建的县档案局办公室、阅览室外景",,
danganzhi,a-78,李阮押,"沥0Eu林2吴河渡-1伟:吴河","5RZ谚*3技磬贯言t林不阮中阮林怡c羁′′.妻::`;〈""BH洁5""…_团伟3“′…′′′′′′…",,
danganzhi,a-91,李扬吊吊,"步安排意见L吴吴许用的芒招红仪","许动动训江许改动动动动许动许动仁动育尿动技诉动动明",,
danganzhi,a-95,李我县,"线索6,000余件,接收外地寄","“效皋",,
danganzhi,a-97,李无腕,"研档案业务召5车河语12氏团""","_业地国吴国国w“怡务薹筐乜江v\厂琼陆言奄菩青趸′「,铁吴,冬6晏〕_舍晕〈'′〉′'_]E_′^",,
danganzhi,a-98,李汀县,"“朊元“弛5途案档宪案检检查查","E探里作晏氧档印朱机馆一.作人员【东,11论羟`睿聿…|′张会怀各县$同89",,
diminglu,d-101,李家浪,"8Iawan有何妹人居此海。|","LTIIawan小山涂住有李姆人家。_柳担湾Jiadanwan此山海昔弧形状似抹担,故名。…眸子梁M",,
diminglu,d-101,李姆人家,"家浪LTIIawan小山涂住有","。_柳担湾Jiadanwan此山海昔弧形状似抹担,故名。…眸子梁M5uz1116ng此山梁多冒形山包",,
diminglu,d-101,李姓居多,"ab1in地势窄长、平坦,住户",",故名。\新店子XTnd1anzl1地当古驿道,后设一小店称新店子,相沿成习,英国人曾在此建过福音堂",,
diminglu,d-101,李家湾,"15o小山湾,住有薛姓人家。呱","TTj158wan有李姆人家居此湾,故名。】|周家涂ZhouJI6wan地当山海,住户周威居多,故名",,
diminglu,d-104,李家湾,",故名。|k。ewp。超酥河江","L6115w5n共山住户李妍居多。为三龙大队驻地。虱老柏树沟Liobd1shg5u为一较大的山沟,原",,
diminglu,d-104,李妍居多,"李家湾L6115w5n共山住户","。为三龙大队驻地。虱老柏树沟Liobd1shg5u为一较大的山沟,原有一棣古老的柏树,故名。姜伏家湾",,
diminglu,d-104,李家对门,"hang为一铮小的石山嘴。`三","“Tj15duimkn此地对面住有李姆人家〗】何家嘴HSiIazui小山善,有何姓人家居住。二阳家沟",,
diminglu,d-104,李姆人家,"j15duimkn此地对面住有","〗】何家嘴HSiIazui小山善,有何姓人家居住。二阳家沟Y6ngj16g5u其山沟住户阳姆居多。'",,
diminglu,d-106,李为仁,"簪蒙寅燮庄毒番翁木余挂芸庞贺芒","_公公社,顶子大队驻地,集市。非农业人口116人.邓家湾DangjI6awan其山涂住户邓姓居多,故",,
diminglu,d-110,李家山,"n有烨姬人家居此山,故名。】马","LT1I6shan此山住户李姓居多。寻…庄子Zhuangz1原为当地鹿姓财主的庄二,故名。膏|《94",,
diminglu,d-110,李姓居多,"家山LT1I6shan此山住户","。寻…庄子Zhuangz1原为当地鹿姓财主的庄二,故名。膏|《94)塾唐国国国诊吴洁加明动许许园许许",,
diminglu,d-111,李家沟,"现名汉语_拼音备注","LT115g5u其山沟住户多李姓人家城隐庙Chknghuingmiao暮做,当地古旁河驿原为一峤,在",,
diminglu,d-111,李姓人家,"沟LT115g5u其山沟住户多","城隐庙Chknghuingmiao暮做,当地古旁河驿原为一峤,在肌地建有城隘庙′麂家坪Tu5j15p",,
diminglu,d-114,李家沟入,"城西北45公里的鸭溪口。该场处","嘉陵江河口,因有一巨石形若锦粟,故名。公社以场而名。解放前属苍溪、昭化两县所辖。解放后,1951年建",,
diminglu,d-117,李家湾,"台阶状,全系菊红色石骨土壤。喜","LT1I6wan具山浩住有李姓人家蘑沈家湾SsnjI6wan有讳姓人家居此筝.、张家沟ZhangjI",,
diminglu,d-117,李姓人家,"家湾LT1I6wan具山浩住有","蘑沈家湾SsnjI6wan有讳姓人家居此筝.、张家沟ZhangjI5g5u此山沟住户张姓居多。〈康家",,
diminglu,d-119,李家坪,"wan|其山海住户罗姆居多。胥","LT15pfng地劾平坡,居有李姓人家|李家坝LTiIab5山间小平坝,住户李姆居多,放名。|李家河",,
diminglu,d-119,李姓人家,"LT15pfng地劾平坡,居有","|李家坝LTiIab5山间小平坝,住户李姆居多,放名。|李家河LT115h5此河边居有李妍人家,放名",,
diminglu,d-119,李家坝,"fng地劾平坡,居有李姓人家|","LTiIab5山间小平坝,住户李姆居多,放名。|李家河LT115h5此河边居有李妍人家,放名。`李家",,
diminglu,d-119,李姆居多,"LTiIab5山间小平坝,住户",",放名。|李家河LT115h5此河边居有李妍人家,放名。`李家岩LTiI5y5n此山岩从前住过李姬人",,
diminglu,d-119,李家河,"小平坝,住户李姆居多,放名。|","LT115h5此河边居有李妍人家,放名。`李家岩LTiI5y5n此山岩从前住过李姬人家。,鸯溪大队Y",,
diminglu,d-119,李妍人家,"李家河LT115h5此河边居有",",放名。`李家岩LTiI5y5n此山岩从前住过李姬人家。,鸯溪大队YuanxfDadu1贾怡洁口,政",,
diminglu,d-119,李家岩,"5此河边居有李妍人家,放名。`","LTiI5y5n此山岩从前住过李姬人家。,鸯溪大队YuanxfDadu1贾怡洁口,政名,有勒地895",,
diminglu,d-119,李姬人家,"LTiI5y5n此山岩从前住过","。,鸯溪大队YuanxfDadu1贾怡洁口,政名,有勒地895峡,619人,原为友谊大柿树器Shis",,
diminglu,d-119,李家沟,"神子树,故名,为鹏溟大队驻地'","LTiiag5u小山沟,佐有李姓人家,故名。′韩家院HGnj15yu8n早年有韩姓属住之院薏,故名。",,
diminglu,d-119,李家坡,"n早年有韩姓属住之院薏,故名。","LTJ15p5有李姓人家屈此山坡,鸵溪寺YuanxTs1描红有哉阜仰关史亡之耆而死于此地,乡人炕资路",,
diminglu,d-123,李家皋,"\,1现“名汉语拼音备注罡′","、工TJI5y6n其山岩住户李超居多。国园`熹庄子岩ZhuangzIy6n此山岩原为地主之庄子,故名",,
diminglu,d-123,李超居多,"皋、工TJI5y6n其山岩住户","。国园`熹庄子岩ZhuangzIy6n此山岩原为地主之庄子,故名。菩坪江大队Pfngj15ngDad",,
diminglu,d-123,李家嘴,"ng山间平地,住名陈姆居多。熹","LTIazuT此山嚓佳户李姆命多,故名。置窗常山Jl6oInshan一此地曾开过砍瓦窝,故名.,|四",,
diminglu,d-123,李姆命多,"李家嘴LTIazuT此山嚓佳户",",故名。置窗常山Jl6oInshan一此地曾开过砍瓦窝,故名.,|四包大队SibaoDadu7李内富",,
diminglu,d-123,李内富国,"|四包大队SibaoDadu7","全宣娄敏小山包,故名.有糊地68留,762`_大路者D5lDy6n其山岩有条大道,故名。为四包大队驻",,
diminglu,d-123,李家坪,"地1141口,14163人。熹","TjI5pfng地势平坡,佣户李逊属多,故名。为红旗大队驻地。T城隍庙沟_ChSnghuingmia",,
diminglu,d-123,李逊属多,"TjI5pfng地势平坡,佣户",",故名。为红旗大队驻地。T城隍庙沟_ChSnghuingmiaog5u此山沟原建有一供城飘神像的庙字",,
diminglu,d-123,李家湾,"毛狗(狐猷)出没,故名。、熹上","“ShangITjIawan,皋地处李家海之北,故名。,.…吴家坪.WdjIapfng“「地根平绿,",,
diminglu,d-123,李家海之,"angITjIawan,皋地处","北,故名。,.…吴家坪.WdjIapfng“「地根平绿,位户炎姬居多。|`,三台大队ShantalD",,
diminglu,d-125,李家坡,"l6ng“有文姓往户居此山梁_","LTji5p5此山坡住户李姓居多,放名。\t|国′【“E。`,,,\。,_`.鄢【||.\一一_岫.",,
diminglu,d-125,李姓居多,"李家坡LTji5p5此山坡住户",",放名。\t|国′【“E。`,,,\。,_`.鄢【||.\一一_岫.",,
diminglu,d-126,李件的改,"动强度。农熹“业生产和交通运输","变,促进了农业和多种经营生产的发展。1980年梅食播种面…积68737亨,总产量4801万斤,人均占",,
diminglu,d-134,李,"adui诊办翩怀的.取“毫新农","“之命有粼地500李家坪LTjIappfng地M年缓山坡,位户多李妮。建新大队驹地。|“,杨家坪an",,
diminglu,d-134,李家坪,"取“毫新农李“之命有粼地500","LTjIappfng地M年缓山坡,位户多李妮。建新大队驹地。|“,杨家坪angIapfng地处平缓山",,
diminglu,d-134,李妮,"ppfng地M年缓山坡,位户多","。建新大队驹地。|“,杨家坪angIapfng地处平缓山坡,住户多杨姓。何家坪H8jlapfng地处",,
diminglu,d-137,李,"境内三川寺而得名,源用洁.叠=","Sonehuona朱熹川河大队Chuanh6Dadui原胡逼大队.地处三川咤河聆,故称.有动地682",,
diminglu,d-137,李耿吴会,"IngguangDadui我汀","主义途路赔景光朋“之意合名.有F大田洞D6t16nwan地仁山海,有一大片水因,故称。为景光大队驻地",,
diminglu,d-137,李家岩,"ay6n地任山岩,王姓居多。|","LTJI6y5n地任山洁,李廷居止地。'〗玉石大队叉bsufDadui.L夏8亘埕责j茎胃岂<砦三笋",,
diminglu,d-137,李廷居止,"家岩LTJI6y5n地任山洁,","地。'〗玉石大队叉bsufDadui.L夏8亘埕责j茎胃岂<砦三笋耆量戛兰叁)′'熹宫喜票Ij看戛疆",,
diminglu,d-138,李家岩,"g地处山阅小平坝,住户多母妮。","LT1Iay5n地处山岩,住户多李姓。量韩家角H6dn115116o胡姓多居此地,故称。|卧龙大队W",,
diminglu,d-138,李姓,"T1Iay5n地处山岩,住户多","。量韩家角H6dn115116o胡姓多居此地,故称。|卧龙大队W6l6ngDadui颂浑芸人8b承皂",,
diminglu,d-142,李揣沥量,"肉,8s祠堂坝Cft6ngba","一平卵,的班有扣家定旌泊鲜,政名-为杨口李家界LTII5118地处李、杜二姆交界处,故称向家岩XI8",,
diminglu,d-142,李家界,"班有扣家定旌泊鲜,政名-为杨口","LTII5118地处李、杜二姆交界处,故称向家岩XI8ngjI5q6n地处山岩,住户多向姓。杨岳山T",,
diminglu,d-142,李,"杨口李家界LTII5118地处","、杜二姆交界处,故称向家岩XI8ngjI5q6n地处山岩,住户多向姓。杨岳山T6ngyu6shan原",,
diminglu,d-147,李家坡,"间平坦地,多涌定水井,放名。叠","LT11ap2此山垃住户多李姓|草坝场Caobaching显日称乞丐模隽之地为草坝,曾兴过场,故名。",,
diminglu,d-147,李姓,"家坡LT11ap2此山垃住户多","|草坝场Caobaching显日称乞丐模隽之地为草坝,曾兴过场,故名。龙桥大队L6ngqldoDad",,
diminglu,d-149,李陈姆住,"沟Chnj1595u地处山沟,","户庙儿梁MIdoerl15ng该梁原建有一士地庞,教称,`马家沟M511595u地处山沟,住交多马姓",,
diminglu,d-149,李家坪,"蜓似龙,建有一庙,以镇龙故称】","LTjiapfng地伯平缓山坡,佐户多李妮:刘家梁Li6jiali6ng此山梁住户多刘妮,故秒。|苟",,
diminglu,d-149,李妮,"apfng地伯平缓山坡,佐户多",":刘家梁Li6jiali6ng此山梁住户多刘妮,故秒。|苟家梁Geujiali6ng山梁多苟姓住户`",,
diminglu,d-150,李家湾,"梓神,故秒。为梓滚大队驻地。…","LTjiawan此海住户李妮居多,故名。(1340",,
diminglu,d-150,李妮居多,"李家湾LTjiawan此海住户",",故名。(1340",,
diminglu,d-151,李家堤,"户多向姑,为向阳大队驻地。`薯","LT115b15n地处平绣山塌、住户多李妹,故称.F`讳家沟Shgnj1595u此沟位有沈姓人家(1",,
diminglu,d-151,李妹,"5b15n地处平绣山塌、住户多",",故称.F`讳家沟Shgnj1595u此沟位有沈姓人家(1暮(135),",,
diminglu,d-153,李湾河,"有何姓人家住此,名故。,.`毛",".M6oyDv5nhe地处山源,下临小溪,盛产毛芋,故称。hufTngba「目水井坝Shufling",,
diminglu,d-153,李常有人,"子山ErzTshan黄怡财肌四","在此培吊黑木耳。故称,二郎大`李家坡、工TIIap5地奶山坡,住户李姆赉多。.\`}anjIag5u",,
diminglu,d-153,李家坡,"在此培吊黑木耳。故称,二郎大`","、工TIIap5地奶山坡,住户李姆赉多。.\`}anjIag5uDadui原名风景大队,交称干家洛,",,
diminglu,d-153,李姆赉多,"、工TIIap5地奶山坡,住户","。.\`}anjIag5uDadui原名风景大队,交称干家洛,因土质股薄人们生活贫|甘家沟大队“Ga",,
diminglu,d-154,李一,"队i以指内四示而得名,该地有挂","|自家坪Baljiapfng,片故往有耦地994留,1020人。】地处平缓山坡,住户多白姓,为桃园大",,
diminglu,d-156,李子垭,"驿场建立区苏维埃后,又在池口、","、凤凰山、刘家坎、、凉水井、歧坪场、溶江场,青家梁\盐海坝等地建立过乡苏维埃。方州(现万安》、白马(",,
diminglu,d-160,李家角,"其山蝉蜍似龙,上建一庙,故称。","TTiTojiio李姑住户居多-王官员塔“WWangguanyuanbiin地处平缓山坡,为一王途官",,
diminglu,d-160,李姑住户,"故称。李家角TTiTojiio","居多-王官员塔“WWangguanyuanbiin地处平缓山坡,为一王途官员的故里。雨坛包Y5t6n",,
diminglu,d-160,李家沟,"庞而得名,有新地866畜,.〕",",TTJTagau此山沟多李姓住丁。土庙大队驻地。〕杨家角6ng!roilio该山杨姓住户居多。颜家",,
diminglu,d-160,李姓住丁,"家沟,TTJTagau此山沟多","。土庙大队驻地。〕杨家角6ng!roilio该山杨姓住户居多。颜家角立6nf15o颊姓人居此较多,故",,
diminglu,d-162,李家沟,"an旱年此山士地为金姓人所有。","LfJTagsu。小溪两岸,住李姓居多盐井大队Y6njingDadui愤姜薯裘墅】莒鬟菩趸蕊竟坝硐得",,
diminglu,d-162,李姓居多,"LfJTagsu。小溪两岸,住","盐井大队Y6njingDadui愤姜薯裘墅】莒鬟菩趸蕊竟坝硐得名-相传此地曾开过。杜家角Dijraj",,
diminglu,d-163,李后讹为,"mnzhalDadui限刀河t","四蛮察而得名有二_丁一壬′「.(L47)一|一|",,
diminglu,d-167,李家湾,"设过樊堡。为室堡大队驻地。`′","LTJjrowan何户乡李超,,吕家湾LijTowan住户多日娟,滑石大队HtashfDadui原各",,
diminglu,d-167,李超,"李家湾LTJjrowan何户乡",",,吕家湾LijTowan住户多日娟,滑石大队HtashfDadui原各稳乐大队。以城内详石浩而\俊",,
diminglu,d-167,李,"&nshanDadu1春洁胡招",",烈WB标山68二倒照庙,Daozhaomiaob16n地处平缓山坡,建有一小庙。因其庙坐向俪置,故",,
diminglu,d-168,李子沟,"薄水10万方以上的五几、长征、","、杜家槽水库4座,山平墙131口,总营水量222万方。公社公路通区和县城,水上有东河航运,14个大队",,
diminglu,d-17,李河限李,"芗撼酥命奚境/锣伊鬓【诱′藻忏","余E吴才[喵}`羞锅莺嘉茸藿蓼菩〔鹦筝更素晃`瞎八林技河挂河::′宫1溪昔""苎董皇熹-二`I_孽嘉趸",,
diminglu,d-17,李技园仁,"一jy<A7A河挂河学\。吴,","484誓翼亡萝'更二堑二…L_浠二竟髯幂公|s浩国Pde…鳌菩′′′'搔…'_二′菖亘孽姜…社.50",,
diminglu,d-170,李吴炳,"人鸿i或源定学坚汀颖役葛i化庭","\范家坝Fan116b5地处山间小平坝,何户多范娃,为风峻大队驻地栏杆岩Langany6n其壁坡陡峭",,
diminglu,d-170,李家湾,"亨招而得名,有耕地708言,|","LTj1awan住户多李妹,故称。山泉大队驻地,马家坪M6115pfng地处平缓山坡,住户多马姓。老",,
diminglu,d-170,李妹,"|李家湾LTj1awan住户多",",故称。山泉大队驻地,马家坪M6115pfng地处平缓山坡,住户多马姓。老林大队LaolfnDadu",,
diminglu,d-171,李家山,"rolenepadol。邹一[","LTII5shon此山住户李姆居多,为红龙大队驻地`|潘家器Pan115zuf此地多潘妮住户。〕`彭",,
diminglu,d-171,李姆居多,"家山LTII5shon此山住户",",为红龙大队驻地`|潘家器Pan115zuf此地多潘妮住户。〕`彭家梁Pgng1a116ng此山多彭",,
diminglu,d-171,李家堤,"运而得名.有耘地2命,877`","LT116b18n地处平缓山坡,住户李姓居多,金峪大队驻地|金峰垡JTnf8ngy5此地曾建一金峰庙",,
diminglu,d-171,李姓居多,"16b18n地处平缓山坡,住户",",金峪大队驻地|金峰垡JTnf8ngy5此地曾建一金峰庙,地处山垭,山势陡峭,风景秀丽,故名r胡家梁",,
diminglu,d-173,李家,"地处平缨山坡,住户多侯妮。,,","LT11apfng,坪1此地多李姓人家。罗家坝Lu61iab8为山间小平坝“住户多罗妮。′中坝大队Z",,
diminglu,d-173,李姓人家,"LT11apfng,坪1此地多","。罗家坝Lu61iab8为山间小平坝“住户多罗妮。′中坝大队ZhongbaDadu7展名新民大队,以",,
diminglu,d-173,李家河交,"DSanxTk6u地处邓家淘和","汇处,故称。|罗家坡LU5115p5'地处平缓山坡,佰户多罗姓,故称。,三会5nhuis}【三会寺S",,
diminglu,d-175,李家坪,"公社驻地在距县城东北61公里的","。以境内有文林山而得名。清时当地刘姓人家先后有人中秀才、贡生、举人,有4文才若林“之称,交称附近一山",,
diminglu,d-176,李家坪,"f地处平缓山坡。文林公社驻地。","LfJIapfng热烨吴缓山垃,余户多李姆。文林公社驹非农业人文坪大队wanpfngDadui原名先",,
diminglu,d-176,李姆,"apfng热烨吴缓山垃,余户多","。文林公社驹非农业人文坪大队wanpfngDadui原名先锋大队。以境内文林山和李家坪而得名。有耕地",,
diminglu,d-176,李家坪而,"i原名先锋大队。以境内文林山和","得名。有耕地、,5666高,690人。邬家垡w0j15y3此垛邬姓居多。文坪大队驻地。文林山wgnl",,
diminglu,d-176,李,"adui嫁葛怡沙师芸或芸沥为林",",一乙五年伟名该地附近原有七个小庙,后建此庙,八,故八庙Bamiao余建此庙,序为第八,故丁家沟DT",,
diminglu,d-176,李坪,"之唐-有耕地80高,885.戴","Dallipfng地处山间小平地,多截、李二姆故称。合力大队驻地。\汤家塔Tan6115b15n地处",,
diminglu,d-176,李二姆故,"pfng地处山间小平地,多截、","称。合力大队驻地。\汤家塔Tan6115b15n地处平缓山坡,住户多汤姓。`老木垣「L6omiy5此",,
diminglu,d-176,李视考战,"angf8ngy8,荣沥家伟坦","似天然屏障,故名。天山大,(160)诊河河河洁河河河动许许沥刑沥沥沥沥阜刑沥沥刑沥沥沥育沥沥沥育育育",,
diminglu,d-179,李家湾,"团挂宏盅山I彷名.其岑者守营`","LT1Iawan此地多李姓住户。宝盐大队驻地。,张家湾zhang115wan此山滑住户张妮居多。。国",,
diminglu,d-179,李姓住户,"`李家湾LT1Iawan此地多","。宝盐大队驻地。,张家湾zhang115wan此山滑住户张妮居多。。国国长梁嘴Ching116ngz",,
diminglu,d-183,李家岩,"颜民犬耸,、一九五五年为中$|","LTiIay5n此山岩李姓居多,故称。中和大队驻地熹李家湾LT11awan住户李姆居多。故名′\熹刘",,
diminglu,d-183,李姓居多,"|李家岩LTiIay5n此山岩",",故称。中和大队驻地熹李家湾LT11awan住户李姆居多。故名′\熹刘家包LI0j15bao此山住户",,
diminglu,d-183,李家湾,"李姓居多,故称。中和大队驻地熹","LT11awan住户李姆居多。故名′\熹刘家包LI0j15bao此山住户刘悦居多,故务。_`-一一L",,
diminglu,d-183,李姆居多,"地熹李家湾LT11awan住户","。故名′\熹刘家包LI0j15bao此山住户刘悦居多,故务。_`-一一L_。\(167)盂_,.,",,
diminglu,d-185,李家塔,"dn。县醛裂明政磁矩85x4【","LTJIab15n地处平缓山坡,多李姆住户,万泉大队驻地。亡观音堂GuanyTnting该地原有一观",,
diminglu,d-185,李姆住户,"JIab15n地处平缓山坡,多",",万泉大队驻地。亡观音堂GuanyTnting该地原有一观音咕。_金梁大队JinI16ngDadu7",,
diminglu,d-190,李家嘴,"呈_【攫养义_梁而得名梁高平突","LT1Iazuf此山吵住户李姑命多,为天平大队驻地。黄家河Hudng15hg地处小溪两岸,多黄姓住户",,
diminglu,d-190,李姑命多,"家嘴LT1Iazuf此山吵住户",",为天平大队驻地。黄家河Hudng15hg地处小溪两岸,多黄姓住户。11“「原名跃进大队、境内金鱼山",,
diminglu,d-190,李子垭大,"此岩陡险,居于方山山照,故名。","队LTzfyaDadui马离贼力大队,地处李孔坤,故称,有描地90穴跑马梁Paom5116ng早年曾",,
diminglu,d-190,李孔坤,"aDadui马离贼力大队,地处",",故称,有描地90穴跑马梁Paom5116ng早年曾在此跑马习武,李子垛大队驻地-1离山察Lisha",,
diminglu,d-190,李子垛大,"116ng早年曾在此跑马习武,","队驻地-1离山察Lishanzha1其山高君,离众山而口,上建一察,故称】.张家梨zhang1151",,
diminglu,d-190,李子垭,"携离山柳而得名,有粲地705言","Lfz1y5其垛早年有一片李子树林。\淳家坪Chtn11apfng地处平缓山坡,住深姆人居多。-P红",,
diminglu,d-190,李子树林,"子垭Lfz1y5其垛早年有一片","。\淳家坪Chtn11apfng地处平缓山坡,住深姆人居多。-P红晃莲)。3、`方山大队Fangsh",,
diminglu,d-194,李漆坝最,",海拔1259.5米,北岸大队","低,海拉420米。季风气候明昼。年平均气温16.1C,年极端最高气混39C,最低气混零下5。年无霜期",,
diminglu,d-195,李渡坝,"声,相传为水纭作保,建一店\!","LTdiba地处山间小平坝,及前一李姆人孜此撷澧′城随庙Ch6nghuinmlao此地早年曾建庞,内",,
diminglu,d-195,李姆人孜,"diba地处山间小平坝,及前一","此撷澧′城随庙Ch6nghuinmlao此地早年曾建庞,内供城随,现巳毁。,群策大队QCnc8Dad",,
diminglu,d-196,李家坪,"坪之南,全系文姓住户,故称。|","LT1i5pfng地处平缓山坡,位户多李姓。瓦子垦W8z1y5′其山城形若瓦,故称。1英明大队YTn",,
diminglu,d-196,李姓,"5pfng地处平缓山坡,位户多","。瓦子垦W8z1y5′其山城形若瓦,故称。1英明大队YTngmfngDadui汀技其光余卯交兔英朋华",,
diminglu,d-196,李家山,"han著姓人居此较多,故吉。马","LTjiashan多李姚人住此地,故名。`\刘家院Lfujiayuau该地曾有一刘姓大院,故称盂(1",,
diminglu,d-196,李姚人住,"。马李家山LTjiashan多","此地,故名。`\刘家院Lfujiayuau该地曾有一刘姓大院,故称盂(180)〉`",,
diminglu,d-199,李家坪,"多朱姓,,故称。近水大队驻地.","LT1Iapfng地处平缓山坡,住户多李姓三涉大队SanxTDadu1以境内三溪口而得名,耕地621",,
diminglu,d-199,李姓三涉,"apfng地处平缓山坡,住户多","大队SanxTDadu1以境内三溪口而得名,耕地621亨,891人。三溪口SanxTk5u地处三条小",,
diminglu,d-202,李传仁,"anzhiDadu}参沥胡胡,",".斧地540言,|青冈树坯_QTnggangshipfng地处平缓山坡,多青冈树,故名。川主大队驻地",,
diminglu,d-205,李家院,"998亩,1285人,原兆铁大","LTjiayua,此院住户全系李姆,故称。高台大队驻地。L模田湾。C6otl6nwan地处山沟形若根",,
diminglu,d-205,李姆,"LTjiayua,此院住户全系",",故称。高台大队驻地。L模田湾。C6otl6nwan地处山沟形若根,多稻田,故称。现巳建水库。,四房",,
diminglu,d-205,李姆人第,"洞Sifangwan,早年有一","四子分居于此,故称。么厦渲晏z>′菩<卫5of6ngwn早年李姓人么儿分属于此。杨家境文6ngji6",,
diminglu,d-205,李姓人么,">′菩<卫5of6ngwn早年","儿分属于此。杨家境文6ngji6bitn地处平缓山坡,住户多杨姓。楼房嘴L6ufingzuf此山唯曾",,
diminglu,d-205,李家祠堂,"pfng此坪曾建有一大砖瓦容【","「LTJ1acft6ng,共地用年有一林娆祠蜂故作代称-紊′许家湾Xi15wan许姓人多佐此山海【`",,
diminglu,d-209,李家河,"iap5地处山坡,边姓居多。.","LTII5hg地处山间小河沟,李姓人家多佳于此。】〔陈家堪Chn1ab15n地处平缓山坡,佐户多陈姓",,
diminglu,d-209,李姓人家,"LTII5hg地处山间小河沟,","多佳于此。】〔陈家堪Chn1ab15n地处平缓山坡,佐户多陈姓。〕\\`安家坎AnJIakin〉为山",,
diminglu,d-21,李人,"、,2:害s述gtw人s诊大仪","「表)E土血一7孕eu明一命1u,′震口dty,s:怡-仪河--闹h人cE江a5'a，\e,伟林,园",,
diminglu,d-21,李林,"3国e、j国公孩,s伟吴根国木","2汀、|深口余.nxaz|y`^′_4′丨′y口喀_拷_.`E招《_'5′′′-〉S河河P吊荣5…′",,
diminglu,d-211,李家埋,"sng|16ng其山梁形若桃,","LTjIab1in地处平缓山坡,佐户多李姑。〗陈家河Chgnj15hk“临小涉,住户陈姓居多。`.\",,
diminglu,d-211,李姑,"ab1in地处平缓山坡,佐户多","。〗陈家河Chgnj15hk“临小涉,住户陈姓居多。`.\。j\鹫,.1园\/1尽',`〔】《0一一",,
diminglu,d-215,李家坊,"该处佣户多康姆。大堰大队驻地。","LTTab1in地处平缓山坡。住户多李姓。俨刘家嚎Lfujlazuf地处山命,刘姆人家住户多。.唐家",,
diminglu,d-215,李姓,"ab1in地处平缓山坡。住户多","。俨刘家嚎Lfujlazuf地处山命,刘姆人家住户多。.唐家涂T6ng116wan地处山湾,唐姆居多",,
diminglu,d-217,李毡城荣,"TI6ncalxT,挂伟渠动崖","人命志草土,爬倩诛栗路么然国精,地。并农业人工122人。.`七一大队QfyfDaduf顶怀二年上月一",,
diminglu,d-217,李壮,"anqTngmlao。其庙供雄",",孔斤.释加牟尼三神健,侯称“三清。。石驹大队ShfjaDadui雕质贾一石形眠马驰,故名,耦地42",,
diminglu,d-217,李家坪,"坡,住户多杨姓。康察大队驻地`","-TjIapfng地处平缓山坡,住户多李姓。-L玉皇观立ihu6ngguan因其地建有一王皇观而得名",,
diminglu,d-217,李姓,"apfng地处平缓山坡,住户多","。-L玉皇观立ihu6ngguan因其地建有一王皇观而得名。,′并子坪大队JTngyrpfngDad",,
diminglu,d-219,李家院子,"mtio,此地一庙内供蚕丝神。","T1Iayuangz1T李娃人居此院。,「苏家院子“S0Iayuanz1该地有苏姓人家所居的院落′,",,
diminglu,d-219,李娃人居,"家院子T1Iayuangz1T","此院。,「苏家院子“S0Iayuanz1该地有苏姓人家所居的院落′,,橡子坪X1angzipfng地",,
diminglu,d-22,李标匹,"熹国河,辽,1口-藿【园沥3/","'′-′园医砺,`n圆yn吴招c--1y荣怀adtprmg-32r,砺张靛142一沥n皇技4挂“河R",,
diminglu,d-22,李,"_~槽f〕爹)、`摸“比大c沥",".|[吝仁川应gr的B沥5t招2坂洁w5。训as1n。丽“[河招木根孔hs-河公林电j园“5757一",,
diminglu,d-221,李姓住户,"签DDJ18w5n,圭处山海,","最多,,`二郎关立rl6ngguan相传二郎神曾于此适杀孰龙,后建一观置,大寨墒。Dazhalbli",,
diminglu,d-224,李技宇泓,"房子Hdiahuafngzf振","吊关标标西标,精致兰双,白积(208)'工,y",,
diminglu,d-226,李冰父子,"该地早年建有一“川主庙“,供俸",",故名。|屋基山奶djTshan其山梁形若城脊,讹为今名。_.兰家坪Lanjlapfng地处平缓山塌",,
diminglu,d-23,李,"-矣-吴2命儿|E英w政蛳自7",",|_\{`…叭鼻′皋簪绍人|史芸林玖E二露报口国弋一.xB。一-五国-“中工明相-5“命、牢I命单",,
diminglu,d-231,李页得益,"115ngDadul息热灵命口","心关心梁正有-昨国形的山包,貅\杨家塘6ngjiabang地处平缘山坡,住户多为杨姓。团包梁大队驻地",,
diminglu,d-231,李家角,"地451申,701人原新建大|","LTJI116o_佰户多李姆。牌坊大队驻地。,瓦店子W5dianz1地处通石灶的大路,早年开有瓦房店",,
diminglu,d-231,李姆,"李家角LTJI116o_佰户多","。牌坊大队驻地。,瓦店子W5dianz1地处通石灶的大路,早年开有瓦房店错。`\牌坊梁P6ifang",,
diminglu,d-232,李家河工,"_|…现“名汉语持音备。注。|","T115hg,临小溪,佣户多李姓。民主大队驻地张家坡Zhangj15p6地处平缇山坡,佐户多张姓。,",,
diminglu,d-232,李姓,"工T115hg,临小溪,佣户多","。民主大队驻地张家坡Zhangj15p6地处平缇山坡,佐户多张姓。,l飞4′-一熹(216)】",,
diminglu,d-234,李开湘同,"红四方面军路过张王公社五郎庙。","志曾在四峦寨一带组织群众进行革命斗争。1934年,红四方面军曾在元坝场、石门场、观音寺、三堆石、王渡",,
diminglu,d-236,李家岩,"5u此山沟住户鲜妮居多,故名。","LTjlay5n佳户李姆居多,放名。马家沟大队Mjiac5uDadui春熙内马家派人得名,翁地891",,
diminglu,d-236,李姆居多,"名。李家岩LTjlay5n佳户",",放名。马家沟大队Mjiac5uDadui春熙内马家派人得名,翁地891言,687人,原名和平大王家",,
diminglu,d-237,李家梁,"5shan住户马姑居多,放称.","LTj151I6ng,佰户李姆居多,故称。「皓溪大队RxTDaduf标5的为伟,招75n胡,白家嘴B",,
diminglu,d-237,李姆居多,"家梁LTj151I6ng,佰户",",故称。「皓溪大队RxTDaduf标5的为伟,招75n胡,白家嘴Balilazuf。住户月妍居多,峻",,
diminglu,d-237,李行船顺,"麓描莉R力洁勐,诊岸曾建序,往","承神俊粹子角Z6ngzfj15o其地形若粹子尖角,故称。鹅溪观沟xTguang5u此沟昨日有烽类水鸟",,
diminglu,d-24,李,"_CF仁`′…描心英为雇′汀沥","-…arzziiir-R鬟惠`_暨g三目〔′蓥′`至L办pE】;49勒e遣_訾蹇1′[:晓杨“麸…河",,
diminglu,d-240,李家湾,"iazuf住户白姓居多,故称。","LTjiawan住户李姓居多,故称。,`黄家梁大队耳u6ngj15|16ngDadu糖灯草家椿,丢而",,
diminglu,d-240,李姓居多,"称。李家湾LTjiawan住户",",故称。,`黄家梁大队耳u6ngj15|16ngDadu糖灯草家椿,丢而得各,勒地132定,1180",,
diminglu,d-240,李妮居多,"`李家湾LTJi6awan住户",",故秒。鲜家沟大队驻地。1李家嗣LTjlazuf住户李姚居多,故称向家山Xioangjishan住户",,
diminglu,d-240,李家嗣,"居多,故秒。鲜家沟大队驻地。1","LTjlazuf住户李姚居多,故称向家山Xioangjishan住户向姓居多,故秦〕马家洞MJI8w",,
diminglu,d-240,李姚居多,"。1李家嗣LTjlazuf住户",",故称向家山Xioangjishan住户向姓居多,故秦〕马家洞MJI8wan。住户马热居多,故称。杨",,
diminglu,d-241,李子岩,"68亨,587人,原五爱大国′","LTzly6n从前该地有一片李树林,故称。照观大队驻地。】照观寸Zhaoguansi禅类班有丞,因与",,
diminglu,d-241,李树林,"岩LTzly6n从前该地有一片",",故称。照观大队驻地。】照观寸Zhaoguansi禅类班有丞,因与中十公社的规者宣逼真对峪,故`′】",,
diminglu,d-243,李家湾,"原名复兴大医YTigwp,.,","LTjiowan地处山滑此地多居李姥,故称。麻溪浩大队驻地。「yL地处罗家沟入宋江河口,一说从前河没",,
diminglu,d-243,李姥,"Tjiowan地处山滑此地多居",",故称。麻溪浩大队驻地。「yL地处罗家沟入宋江河口,一说从前河没两,|麻溪浩M6xThao绍伟沥庞浩",,
diminglu,d-243,李姬,",李家湾LTIawan此地多属","'hdu+以境内板咕子而得名。其庙建于一石坝之上,故称。粉「′′艾吏庙炅〈l扒BanmlaoDadu",,
diminglu,d-247,李度命命,"。耕地84!畜,71马石大队公","必挂团马马石Mamishf一左石形者马,故称。马石大队驻地。陈家坪Chenj15pfng仔户陈姆居多",,
diminglu,d-252,李开湖等,"红四方面军经此驻五郎庙。老红军","同志曾在四峦墙等地纬织群众进行革命斗争。1《236)国",,
diminglu,d-253,李家湾,"该地曾有一王姆地主庄子,故称寻","LT115wan处山湾,住户多李姑。辜|玉台山at6ishan其山高平突兀,昔白色,故称'金鹤大队J",,
diminglu,d-253,李姑,"LT115wan处山湾,住户多","。辜|玉台山at6ishan其山高平突兀,昔白色,故称'金鹤大队JTnhkDadu1农塘内金蒸观而得",,
diminglu,d-254,李家坝,"zlbao地处小山包,曾建一客","LTII5b3地处山间小平坝,住户李姓居多。.黜石垠大队Shfy5Dadui灯旁内石均子而得各,其迫",,
diminglu,d-254,李姓居多,"II5b3地处山间小平坝,住户","。.黜石垠大队Shfy5Dadui灯旁内石均子而得各,其迫乱石峰绍。精地732商,968l竹林湾Zh",,
diminglu,d-254,李家沟,"其山有数左一,形若铮放。斟地`","LTJIaggu。地处山沟,住户多李姓。铜鼓大队驻地`孟家湾M8ngJjI5wan地处山湾,住户孟姓",,
diminglu,d-254,李姓,"JIaggu。地处山沟,住户多","。铜鼓大队驻地`孟家湾M8ngJjI5wan地处山湾,住户孟姓居多。土门大队TtmsnDadu7以境",,
diminglu,d-260,李家河,"642苦1日吊02成认洁故吊乡","LT1iahk临宋江河,住户多李姓。金城大队驻地。自沙坝Bafshaba临宋江河,河坝沙石昔白色,故",,
diminglu,d-260,李姓,"LT1iahk临宋江河,住户多","。金城大队驻地。自沙坝Bafshaba临宋江河,河坝沙石昔白色,故秒。邓家坂Dangj16b1in地",,
diminglu,d-260,李家五条,"adui窒元外山色,故妮挂诅洁","芸萧居界纳其贺冯家涂F6ngj15wan地处山海,住户多冯姓。中梁大队驻地。王家坪W6ngjlapf",,
diminglu,d-261,李河汪浩,"jiangDadui,绘形闪荣","洁.早朱为珥,故租,耕地t口韩家河H6nliahk住户离姓居多,琉江大队驻地|韩家堤H6njlabi",,
diminglu,d-265,李沥欠于,"anzhtimlao诵按有涛川","的寺庞。`大石坎Dashfkin该地有一段高石坟路,故名。.`,文柏大队WanbalDadui原承彬",,
diminglu,d-266,李家斋堂,"30口,|Iazhait6门\","工T1i5zha1tdng李姆人家曾在此依建一斋堂,故名。印池大队驻地(-=\青岩垛QTngy5ny",,
diminglu,d-266,李姆人家,"斋堂工T1i5zha1tdng","曾在此依建一斋堂,故名。印池大队驻地(-=\青岩垛QTngy5ny5山垛岩石壁立,长满青杜,故名。`",,
diminglu,d-269,李伟对葛,"anf8ngDaduf摄水动振","一个仪作祀,响为开助先梁,政|马家堤MSJIab15n地势形若一马,故名。为先锋大队驻地′鞍子梁友n",,
diminglu,d-269,李氏嘴,"g5u该沟曾设一土纸厂,故名。","LTshizuf其山嚓住户多为李氏人家,故名。′双山大队ShuangshanDadu1尿师郭放大队,",,
diminglu,d-269,李氏人家,"LTshizuf其山嚓住户多为",",故名。′双山大队ShuangshanDadu1尿师郭放大队,团境内有双山二而得名有耦地824訾,晕",,
diminglu,d-275,李家坝,"山磐树木青意,形若青龙,故称卜","LTJIaba该坝住户李姓居多,故称。]塘山大队T6ngshanDadu1以境内墒山察而得名。有耕地",,
diminglu,d-275,李姓居多,"卜李家坝LTJIaba该坝住户",",故称。]塘山大队T6ngshanDadu1以境内墒山察而得名。有耕地591窟,678人。,}塘山寨",,
diminglu,d-276,李家河,"gmiio为一供牛王神的庙守。","LTI5hi谈河沟住户李妮居多,故名。\分水大队FsnshufDadu1厥吊温利大队,以境内分水岳而",,
diminglu,d-276,李妮居多,"。李家河LTI5hi谈河沟住户",",故名。\分水大队FsnshufDadu1厥吊温利大队,以境内分水岳而得名,有辨地804言,〗园园园",,
diminglu,d-279,李化花大,"金马大队JTnmaDadui骑","队,以塘内全马庙而得名,有耕地775口卜赵家岭Zhaojl51ing该地住户赵殉居多,故名,为金马大",,
diminglu,d-280,李家梁,"豆二树梢而待名,有耦地814|","LTII51i6ng该地住户李姑居多,故名,为红树大队驻地。'李家沟LTJiag5u此沟后有李姆人家",,
diminglu,d-280,李姑居多,"梁LTII51i6ng该地住户",",故名,为红树大队驻地。'李家沟LTJiag5u此沟后有李姆人家,放名。琳琅大队LfnlingDad",,
diminglu,d-280,李家沟,"居多,故名,为红树大队驻地。'","LTJiag5u此沟后有李姆人家,放名。琳琅大队LfnlingDadui骏吊合阜火队,以墙内琳殓山而",,
diminglu,d-280,李姆人家,"李家沟LTJiag5u此沟后有",",放名。琳琅大队LfnlingDadui骏吊合阜火队,以墙内琳殓山而得名,有耕地ll商,徐家岩X0j",,
diminglu,d-280,李家嘴,"队,有耕地823命,988人。","LTJiazuf该地住户李姥居多,故名。为中华大队驻地。1,元宝岭Yu6nbio1Tng其崃有一团形",,
diminglu,d-280,李姥居多,"李家嘴LTJiazuf该地住户",",故名。为中华大队驻地。1,元宝岭Yu6nbio1Tng其崃有一团形小山包,故名。|贾家院JI511",,
diminglu,d-283,李家河,"青茨,故名。'〕_丨__′|【","LTJ5h6,小河沟,住户李姓人家,故名。】|龙固大队L6nggaDadui春绘林招大,以境内龙图寺",,
diminglu,d-283,李姓人家,"家河LTJ5h6,小河沟,住户",",故名。】|龙固大队L6nggaDadui春绘林招大,以境内龙图寺得各,有耕地968定,仨土主庙Ti",,
diminglu,d-284,李家大地,"形若旧时官人头上戴的顶子,故称","“工T1I5dad1该地原为李姆人家所有。刘家垭Lfullay5该山垛有刘姆人家属住,故名。九龙寨J",,
diminglu,d-284,李姆人家,"地“工T1I5dad1该地原为","所有。刘家垭Lfullay5该山垛有刘姆人家属住,故名。九龙寨JTul5ngzhal蔡霭日p睐力个小",,
diminglu,d-284,李的塔山,"大队、以境内高皓突JU形若囚锥","得j苔L[]j〈廖`quhunDadui名。窄T薯妻『奎733「′意′胍赢′「堤山垠T6shany5",,
diminglu,d-284,李淇,"原有一庙,内供蚕丝神像,故名。","YjIanDadui原名五明大队,地处山溪,源水碧绿如玉,故名。玉涉汞涧大队1润,八队岫步得名。沼勒",,
diminglu,d-284,李家嘴,"涌溶畔,故名。为王润大队驻地。","LTJIaz1其山嘴住户多为李姝,故名。「谯家嘴Qldolilazuf以谥妮人家居此山嚎,得名。桶垠",,
diminglu,d-284,李姝,"嘴LTJIaz1其山嘴住户多为",",故名。「谯家嘴Qldolilazuf以谥妮人家居此山嚎,得名。桶垠Su5y5萧日坂赔五限的小跋行路",,
diminglu,d-287,李先念等,"33年9月,红四方面军徐向前,","革命老前辈亲率部队在此进行革命活动。文昌宫曾建立过县苏维埃政府。同时在文昌、岳东、石马场和青茨垭、运",,
diminglu,d-292,李乡乙妮,"dangGangsh缘描关社命","租纳建政敌仁御\8d5ngchf此地明未渊初怀建一寺庙,因建于当地的大山(顶平岳东场Yu8d5ngc",,
diminglu,d-292,李淅大易,"大队LioshuDadui春吊",";心筑地家一古老的大柳树得名.有貅刘家峙LI16j151ing以刘姓居住此崃而得名。彭家海PEngj",,
diminglu,d-292,李妮属多,"116地处两山之间的角著.住户",",故名。为鲆元大|李家角【LIjI51I6o伟述留夺马踹梁Mtf1Ifang此山梁有儿个小石坑,酷似",,
diminglu,d-292,李家角,"住户李妮属多,故名。为鲆元大|","【LIjI51I6o伟述留夺马踹梁Mtf1Ifang此山梁有儿个小石坑,酷似马踹所诽。故名。邛金银大",,
diminglu,d-293,李家梁,"境内长江岑得名.宏耕地54口【","LT]16116ng该地住户李姆居多,故名。.``长岗岭Ch6nggang1Tng此山岩者长、编云数",,
diminglu,d-293,李姆居多,"梁LT]16116ng该地住户",",故名。.``长岗岭Ch6nggang1Tng此山岩者长、编云数里,故名。莒央包大队。Jianbao",,
diminglu,d-293,李家湾,",称朽石垣,后讹为今名。,`…","LT11I6wan此地住户李娃居多。,`冯家湾Fsngj1aw6n此山涂住声冯娃居多,故名。虱瓮观音",,
diminglu,d-293,李娃居多,"家湾LT11I6wan此地住户","。,`冯家湾Fsngj1aw6n此山涂住声冯娃居多,故名。虱瓮观音沟Guanyfngu其山沟原建有观",,
diminglu,d-297,李吴居椿,"ngDadui颂仪河大根钟椿宇","3裂小梁有一巳石形考|守石垭Sheushfy5葛山坩工石超立,形峡晨兵守卫,政名。为多梁大队驼,道子",,
diminglu,d-297,李家角,"、曾建一庚,政名。为龙些大队驼","LTji5ilao该地住户李姓居多,故名。′争家边F8ngjiab1an以奉姓居此坡得名。'二龙大队",,
diminglu,d-297,李姓居多,"家角LTji5ilao该地住户",",故名。′争家边F8ngjiab1an以奉姓居此坡得名。'二龙大队口rI6ngDadui以境内二龙山",,
diminglu,d-302,李家关山,"居多,故名。为油房大队驻地。4","LT]jI5guinshan此山原为李途家族几户关有(即共有),故名。水观沟大队Shufguang5",,
diminglu,d-302,李途家族,"jI5guinshan此山原为","几户关有(即共有),故名。水观沟大队Shufguang5uDadui摸帝毋娄大队。四境内水观沟得名,",,
diminglu,d-303,李家边,"t为当地压妹家族早年居住之地。","LTJ1ab15n地势平窄,位有李怔人家孙家大队SonjiaDadui因境内孙家察得名。有耕地547",,
diminglu,d-303,李怔人家,"TJ1ab15n地势平窄,位有","孙家大队SonjiaDadui因境内孙家察得名。有耕地547番,881人。欧家堤GujI5b1an地",,
diminglu,d-308,李家院,"i6wan其山海属有龙姓人家|","LTIiayuan,为李姓人居住的院茵`|杨家器Y6ngj15zuf原有杨姓人家居此山听。irW合I",,
diminglu,d-308,李姓人居,"|李家院LTIiayuan,为","住的院茵`|杨家器Y6ngj15zuf原有杨姓人家居此山听。irW合Ienoxreon芒单戈大队Da",,
diminglu,d-31,李家湾,"佐户多为罗运。金垭大队驻地。L","LTjiawan有李姓人家居此涂。`洪家涂H6ngjidwan此山早丨居过洪姆人家。金垛子Jfnya",,
diminglu,d-31,李姓人家,"地。L李家湾LTjiawan有","居此涂。`洪家涂H6ngjidwan此山早丨居过洪姆人家。金垛子Jfnyazi据传此山垭埋有金子。故",,
diminglu,d-311,李冰父子,"庙Chuanzhtmiao供泰","之庙。\袁家湾Tudn1I6wan托指山滋,佐户资超居多,敦名,\龙洞湾L6ngdengwan,诙滋",,
diminglu,d-312,李大队,"队WafangDadui属銮大",",以押内步崩命得名.有靳地1217口大树垭Dashhy5诙坂有一大古柏柚,故名。为五峪大队驻地。水佛",,
diminglu,d-312,李家坪,"势平窄,住户邓姓居多,故名。1","LTJIapfng山间小平地,住有李坤人家。杨家湾Y6ng1i5wan其山涂住户杨姓居多,故名。十佛",,
diminglu,d-312,李坤人家,"JIapfng山间小平地,住有","。杨家湾Y6ng1i5wan其山涂住户杨姓居多,故名。十佛大队QlanfdDadui智洁斧大V-以境",,
diminglu,d-313,李家湾,"n以山岩上函有许多佛像而得名。","LTJI6wan“以诛地佰户多李姓得名。大石坎Dashfksn其山岩有一道大石梯。跌马坎Di6mia",,
diminglu,d-313,李姓得名,"LTJI6wan“以诛地佰户多","。大石坎Dashfksn其山岩有一道大石梯。跌马坎Di6miakin此地有一石形若马腹、传为神马跌尼",,
diminglu,d-316,李开湘,"光珀。教师郑伯辰,学生罗青长、","、罗茂修、安征夫、李成先、陈运【′章、李中尧、赵成佐、谭永保等一批进步师生先后参加了共产党,宣传革命",,
diminglu,d-316,李成先,"青长、李开湘、罗茂修、安征夫、","、陈运【′章、李中尧、赵成佐、谭永保等一批进步师生先后参加了共产党,宣传革命,教育民′众,组织农民参",,
diminglu,d-316,李中尧,"、安征夫、李成先、陈运【′章、","、赵成佐、谭永保等一批进步师生先后参加了共产党,宣传革命,教育民′众,组织农民参加抗捐\抗租\抗税、",,
diminglu,d-316,李开浑,"党我军的高级干部,如罗青长【-","、郑伯尸、贺克兴、蔡莲芳(女》、蔡春芳(女)等同志,就是其中的代表。还一有不少同志为革命献出了自己的",,
diminglu,d-32,李家涂,"i6wan其山海住户柏姓居多。","LTJ15wan此滑住户李妍居多。81原名自合大队。1981个更为现名。以境内有白观子(白观大队B6",,
diminglu,d-32,李妍居多,"李家涂LTJ15wan此滑住户","。81原名自合大队。1981个更为现名。以境内有白观子(白观大队B61guanDadui智河技人财吴",,
diminglu,d-32,李家山,"wan此山滋靠近白鹤观,故名。","LTJIashan此山作户李姆居多。.崃M6IingDadu?原奋斗大队。1981“更为今名。,麻岭",,
diminglu,d-32,李姆居多,"家山LTJIashan此山作户","。.崃M6IingDadu?原奋斗大队。1981“更为今名。,麻岭大队ngDadul妮葛动8耳沥6侍",,
diminglu,d-32,李贺,"名。清大队nqing1朝描挂贾","-[颊用仁名.风塌内三谈府得吊韩家坝Hdn115b3河边平坝,住户韩姑居多。三清大队驻地。肖家坝“文",,
diminglu,d-327,李莲水一,"M1fngShufkb2887","面积40窄,库客42万方,伸于城部太平水库TaipfngShuiki5莲河3377加水@卵s0目,客",,
diminglu,d-329,李霁水面,"115wan“ShuTKb炼史","面积80吴,库宪199万方,仿于中一1裕群水库YaqdnShufka贺1备永明酮积70口,库客40万",,
diminglu,d-330,李,"hufki刑河渡胡X积70曰库","103万方.位于`宝顶水库BaodfngShufkb止1浑雯水页@卵85口,库客80万方,位于白鲁得",,
diminglu,d-332,李,"船,对山区运输起到了很大作用。","|诊命国麝浸(313》'",,
diminglu,d-335,李虎滩,"住户多韩妹。故称。自驿公社境内","LTh6T5n处甘家沟下殴长约2公里,月山公社境内。长潍河ChdngtanH6河应窄院,水沛急堤,多",,
diminglu,d-336,李奎,"langShan芒沥锭晴R埕资","g荣秦,海抒1975木,地观〕帽合山Miaoh6Shdn,其山顶郑形若一幄,放称,海拔1021米,两",,
diminglu,d-337,李,"ngL15g葛鸿林根长,形看一",",政称淳拨1138米,滨江公社_凤凰山FanghuingShGn其山形若风火,故称,海抵790米,士",,
diminglu,d-34,李生大队,"an为平缓山坡,作户白姓居多。","LerabeDadur诊绍炳河吴e掉儿岩DiIao8ryin山岩陡峭,曾捧过小孩。龙宝大队驻地。“周",,
diminglu,d-34,李家湾,"皂M阳,东见沥河,故名.有粟熹","LTiIawan该山海住户李姓居多.】王家沟W6ang1595u此山沟多住一姓人家。熹马难沟M8I6",,
diminglu,d-34,李姓居多,"家湾LTiIawan该山海住户",".】王家沟W6ang1595u此山沟多住一姓人家。熹马难沟M8I6ng5u其泪深谷牵,马难行走.言笋",,
diminglu,d-341,李先念等,"地的一部份。红四方面军徐向前、","革命|老前华于1933年9月亲率部队,在此进行革命活动。县苏维埃政府易址现仍然可见,红肉军畔下的石刻",,
diminglu,d-348,李花沟大,"盟大队〕\六包大队(五星大队》","队(登高大队》望水大队(一心大队|l【(327)T",,
diminglu,d-35,李,"】沿马镛Y6nmipih邦描播","B明河之马铸供传途吊书之差役换马投寇|坟林岩F8nIfny6n当地原有一片坟地二`、六包垭LIhba",,
diminglu,d-35,李家山,"@沥倩科讨宾于,故名,为新建大","LTj15shan有李娆人家住此山。“徐家涂文6I8wan一其山海住有徐姓人家。吴家沟W6ilag5",,
diminglu,d-35,李娆人家,"建大李家山LTj15shan有","住此山。“徐家涂文6I8wan一其山海住有徐姓人家。吴家沟W6ilag5u此山沟住户多为吴妍。李家山",,
diminglu,d-35,李恒居多,"家山LT|I5shan此山住户","。宝塔大队Biot8Dadu1处平缓山坡原名前进大队。1981年更为现名。境内一山形者宝岩故名。有勐",,
diminglu,d-350,李大队,"征大队》凌溪大队(柏杨大队慢喻","(裕里大队》口岭大队(红旗大队》伍家坳大队(白合大队)笋《329)「芯′_",,
diminglu,d-352,李子坭大,"花大队)}宝盖大队(五四大队》","队(群力大队)龙洞(回发)公社|国医(331)",,
diminglu,d-360,李家坝,"滑小寨二.上沟,三溪口小察子上","〖胁",,
diminglu,d-361,李家湾,"\\上",",,千包望又巴窝国园`上张家湾_千岩声工农大队`上张家湾干柏大队|么房湾】上园坪干柏寺,易家梁菖上苏",,
diminglu,d-361,李家坝飞,"口下坊坪大队万家角王家口大队下","马大队王家大岩′下苏家嘴“飞马水库王家沟下店子飞几大队,王家沟,下罗家坝飞u王家沟下油棚沟飞风察一王",,
diminglu,d-374,李家坝寺,"笑林滑刚家涂","基坪乔家湾李家坝导基坪“一一一白-一转积寺基垃大队一一一一李家坝,合一大队李子沟水库李家崔合力大队李",,
diminglu,d-374,李家坝导,"笑林滑刚家涂李家坝寺基坪乔家湾","基坪“一一一白-一转积寺基垃大队一一一一李家坝,合一大队李子沟水库李家崔合力大队李于坯。李家崔仰钟导",,
diminglu,d-374,李家坝,"一白-一转积寺基垃大队一一一一",",合一大队李子沟水库李家崔合力大队李于坯。李家崔仰钟导李二垩大队李家坪′「仰塘洪李二崖,李家坪}|吕",,
diminglu,d-374,李子沟水,"垃大队一一一一李家坝,合一大队","库李家崔合力大队李于坯。李家崔仰钟导李二垩大队李家坪′「仰塘洪李二崖,李家坪}|吕家边李氏嘴李家坷。",,
diminglu,d-374,李家崔合,"一一李家坝,合一大队李子沟水库","力大队李于坯。李家崔仰钟导李二垩大队李家坪′「仰塘洪李二崖,李家坪}|吕家边李氏嘴李家坷。吕家涂李花",,
diminglu,d-374,李于坯,"一大队李子沟水库李家崔合力大队","。李家崔仰钟导李二垩大队李家坪′「仰塘洪李二崖,李家坪}|吕家边李氏嘴李家坷。吕家涂李花沟李家坪华盖",,
diminglu,d-374,李家崔仰,"子沟水库李家崔合力大队李于坯。","钟导李二垩大队李家坪′「仰塘洪李二崖,李家坪}|吕家边李氏嘴李家坷。吕家涂李花沟李家坪华盖大队“李花",,
diminglu,d-374,李二垩大,"崔合力大队李于坯。李家崔仰钟导","队李家坪′「仰塘洪李二崖,李家坪}|吕家边李氏嘴李家坷。吕家涂李花沟李家坪华盖大队“李花沟大队李家坪",,
diminglu,d-374,李家坪,"李于坯。李家崔仰钟导李二垩大队","′「仰塘洪李二崖,李家坪}|吕家边李氏嘴李家坷。吕家涂李花沟李家坪华盖大队“李花沟大队李家坪华盛导李",,
diminglu,d-374,李二崖,"钟导李二垩大队李家坪′「仰塘洪",",李家坪}|吕家边李氏嘴李家坷。吕家涂李花沟李家坪华盖大队“李花沟大队李家坪华盛导李虎浣李家坪|先锋",,
diminglu,d-374,李氏嘴李,"仰塘洪李二崖,李家坪}|吕家边","家坷。吕家涂李花沟李家坪华盖大队“李花沟大队李家坪华盛导李虎浣李家坪|先锋大队李家山李家坪`先锋水库",,
diminglu,d-374,李花沟李,"}|吕家边李氏嘴李家坷。吕家涂","家坪华盖大队“李花沟大队李家坪华盛导李虎浣李家坪|先锋大队李家山李家坪`先锋水库李家山李家坪灯照大队",,
diminglu,d-374,李花沟大,"。吕家涂李花沟李家坪华盖大队“","队李家坪华盛导李虎浣李家坪|先锋大队李家山李家坪`先锋水库李家山李家坪灯照大队李家山李家坪_灯照寺坪",,
diminglu,d-374,李家坪华,"花沟李家坪华盖大队“李花沟大队","盛导李虎浣李家坪|先锋大队李家山李家坪`先锋水库李家山李家坪灯照大队李家山李家坪_灯照寺坪李家山,李",,
diminglu,d-374,李虎浣李,"盖大队“李花沟大队李家坪华盛导","家坪|先锋大队李家山李家坪`先锋水库李家山李家坪灯照大队李家山李家坪_灯照寺坪李家山,李家坪自愿大队",,
diminglu,d-374,李家山李,"坪华盛导李虎浣李家坪|先锋大队","家坪`先锋水库李家山李家坪灯照大队李家山李家坪_灯照寺坪李家山,李家坪自愿大队李家山李家坪自感水库李",,
diminglu,d-374,李家山,"灯照大队李家山李家坪_灯照寺坪",",李家坪自愿大队李家山李家坪自感水库李家山李家坪兴质街“李家山李家坪|兴隆寨李家口李家坪,回车道.李",,
diminglu,d-374,李家坪自,"李家山李家坪_灯照寺坪李家山,","愿大队李家山李家坪自感水库李家山李家坪兴质街“李家山李家坪|兴隆寨李家口李家坪,回车道.李家大地李家",,
diminglu,d-374,李家口李,"坪兴质街“李家山李家坪|兴隆寨","家坪,回车道.李家大地李家嘉.e-、囡头庙李家对门李家暮明儿头李家边李家嘉_贞子坪李家关山,李家嗣,",,
diminglu,d-374,李家大地,"|兴隆寨李家口李家坪,回车道.","李家嘉.e-、囡头庙李家对门李家暮明儿头李家边李家嘉_贞子坪李家关山,李家嗣,`,同b大队李家沟李家",,
diminglu,d-374,李家嘉,"李家口李家坪,回车道.李家大地",".e-、囡头庙李家对门李家暮明儿头李家边李家嘉_贞子坪李家关山,李家嗣,`,同b大队李家沟李家嘴}同",,
diminglu,d-374,李家对门,".李家大地李家嘉.e-、囡头庙","李家暮明儿头李家边李家嘉_贞子坪李家关山,李家嗣,`,同b大队李家沟李家嘴}同心水库李家沟李家嘉_朽",,
diminglu,d-374,李家暮明,"地李家嘉.e-、囡头庙李家对门","儿头李家边李家嘉_贞子坪李家关山,李家嗣,`,同b大队李家沟李家嘴}同心水库李家沟李家嘉_朽尸坟|李",,
diminglu,d-374,李家边李,"-、囡头庙李家对门李家暮明儿头","家嘉_贞子坪李家关山,李家嗣,`,同b大队李家沟李家嘴}同心水库李家沟李家嘉_朽尸坟|李家沟李家史`",,
diminglu,d-374,李家关山,"家暮明儿头李家边李家嘉_贞子坪",",李家嗣,`,同b大队李家沟李家嘴}同心水库李家沟李家嘉_朽尸坟|李家沟李家史`冲天水库|李家沟李家",,
diminglu,d-374,李家嗣,"李家边李家嘉_贞子坪李家关山,",",`,同b大队李家沟李家嘴}同心水库李家沟李家嘉_朽尸坟|李家沟李家史`冲天水库|李家沟李家嘉旭光大",,
diminglu,d-374,李家沟李,"李家关山,李家嗣,`,同b大队","家嘴}同心水库李家沟李家嘉_朽尸坟|李家沟李家史`冲天水库|李家沟李家嘉旭光大队李家沟李家暮""农场大",,
diminglu,d-374,李家角李,"河|}托均李家沟李家河庆宪大队","家河.吉祥观李家角李家河。邢家沟李家角李家河]邡家坯李家角李家河`伊家梁李家角李家河.,,(353)",,
diminglu,d-375,李家岩李,"","家涂杨家山李家岩李家滑杨家山李家岩李家滑杨家山李家岩李家涂杨家山|国李家宕李家滑杨家山李家命,李家涂",,
diminglu,d-375,李家宕李,"滑杨家山李家岩李家涂杨家山|国","家滑杨家山李家命,李家涂杨家山李家岩李家涂杨家门口李家坡李家涂杨家边|李家坡李家滑柏家角李家坡李家浪",,
diminglu,d-375,李家命,"涂杨家山|国李家宕李家滑杨家山",",李家涂杨家山李家岩李家涂杨家门口李家坡李家涂杨家边|李家坡李家滑柏家角李家坡李家浪杨家角`李家坡李",,
diminglu,d-375,李家涂杨,"|国李家宕李家滑杨家山李家命,","家山李家岩李家涂杨家门口李家坡李家涂杨家边|李家坡李家滑柏家角李家坡李家浪杨家角`李家坡李家涂杨家角",,
diminglu,d-375,李家坡李,"家涂杨家山李家岩李家涂杨家门口","家涂杨家边|李家坡李家滑柏家角李家坡李家浪杨家角`李家坡李家涂杨家角李家院李家湾杨家角李家院李家涂杨",,
diminglu,d-375,李家院李,"家浪杨家角`李家坡李家涂杨家角","家湾杨家角李家院李家涂杨家角.李家院子李家湾杨家角李家界李家境杨家角||李家祠堂李家堤杨家坝李家斋堂",,
diminglu,d-375,李家院子,"家湾杨家角李家院李家涂杨家角.","李家湾杨家角李家界李家境杨家角||李家祠堂李家堤杨家坝李家斋堂李家埕杨家坝李家梁李家境.杨家坝李家梨",,
diminglu,d-375,李家湾杨,"角李家院李家涂杨家角.李家院子","家角李家界李家境杨家角||李家祠堂李家堤杨家坝李家斋堂李家埕杨家坝李家梁李家境.杨家坝李家梨李家堤杨",,
diminglu,d-375,李家界李,"涂杨家角.李家院子李家湾杨家角","家境杨家角||李家祠堂李家堤杨家坝李家斋堂李家埕杨家坝李家梁李家境.杨家坝李家梨李家堤杨家坝李家梁李",,
diminglu,d-375,李家祠堂,"湾杨家角李家界李家境杨家角||","李家堤杨家坝李家斋堂李家埕杨家坝李家梁李家境.杨家坝李家梨李家堤杨家坝李家梁李家境杨家坝,李家梁李家",,
diminglu,d-375,李家堤杨,"李家界李家境杨家角||李家祠堂","家坝李家斋堂李家埕杨家坝李家梁李家境.杨家坝李家梨李家堤杨家坝李家梁李家境杨家坝,李家梁李家坝杨家坝",,
diminglu,d-375,李家斋堂,"杨家角||李家祠堂李家堤杨家坝","李家埕杨家坝李家梁李家境.杨家坝李家梨李家堤杨家坝李家梁李家境杨家坝,李家梁李家坝杨家坝'李家滑杨门",,
diminglu,d-375,李家埕杨,"|李家祠堂李家堤杨家坝李家斋堂","家坝李家梁李家境.杨家坝李家梨李家堤杨家坝李家梁李家境杨家坝,李家梁李家坝杨家坝'李家滑杨门坝杨家沟",,
diminglu,d-375,李家梁李,"家堤杨家坝李家斋堂李家埕杨家坝","家境.杨家坝李家梨李家堤杨家坝李家梁李家境杨家坝,李家梁李家坝杨家坝'李家滑杨门坝杨家沟E李家涂柏牟",,
diminglu,d-375,李家梨李,"家埕杨家坝李家梁李家境.杨家坝","家堤杨家坝李家梁李家境杨家坝,李家梁李家坝杨家坝'李家滑杨门坝杨家沟E李家涂柏牟大队杨家沟】李家浪杨",,
diminglu,d-375,李家滑杨,"境杨家坝,李家梁李家坝杨家坝'","门坝杨家沟E李家涂柏牟大队杨家沟】李家浪杨牟坝杨家沟|李家湾杨坝大队杨家坪李家湾杨岳大队杨家坪_李家",,
diminglu,d-375,李家涂柏,"坝杨家坝'李家滑杨门坝杨家沟E","牟大队杨家沟】李家浪杨牟坝杨家沟|李家湾杨坝大队杨家坪李家湾杨岳大队杨家坪_李家滑杨岳山杨家坪_李家",,
diminglu,d-375,李家浪杨,"杨家沟E李家涂柏牟大队杨家沟】","牟坝杨家沟|李家湾杨坝大队杨家坪李家湾杨岳大队杨家坪_李家滑杨岳山杨家坪_李家湾杨河大队杨家坪李家湾",,
diminglu,d-375,李家湾一,"山杨家坪_李家湾杨河大队杨家坪","杨柳大队杨家坪1李家涂杨柳海杨家坪。|李家涂杨家山杨家坪\李家湾,杨家山杨家坪{|、李家涂杨家山杨家",,
diminglu,d-375,李家湾,"杨家坪。|李家涂杨家山杨家坪\",",杨家山杨家坪{|、李家涂杨家山杨家暹|`李家涂杨家山杨家暗}李家湾杨家山杨家嘴李家涂杨家山杨家暮李",,
diminglu,d-38,李描,"ufshufDadu1职根技挂",",198八更罚止各.以坪内团水排务#领Hofshoet吴黄泥梁HudngnfIi6ng,谈山梁多系粘",,
diminglu,d-38,李家湾,"i6ng,谈山梁多系粘丢黄泥土","LTj156wan有李姓人家居此海。钱家坝Q16nj15b8此坝住户钿威居多。沙溪大队ShaxTDa",,
diminglu,d-38,李姓人家,"泥土李家湾LTj156wan有","居此海。钱家坝Q16nj15b8此坝住户钿威居多。沙溪大队ShaxTDadui因境内沙源浩得名。有耦",,
diminglu,d-38,李家坪,"坡佐户赵姆居多。扑船大队驻地。","LT]Iapfng为山闽小平地,位有李姆人家和尚嘴Hsshangzuf该山嘻少长草木,光若僧顶扑船山",,
diminglu,d-38,李姆人家,"Iapfng为山闽小平地,位有","和尚嘴Hsshangzuf该山嘻少长草木,光若僧顶扑船山Ppchuinshan此山梁形若扑放(倒扣)",,
diminglu,d-38,李花泳大,"6shan此山佐户铃姓居多.为","队驻地i(22)\砺国诊国河诊园河动许洁许许刑许沥许许刑许许沥沥沥沥沥",,
diminglu,d-380,李家坪罗,"囊纸樵涂,邱家坪画家山:佛儿岩","家山|看,佛门大队木家湾罗家大院.-佛龟寺.余家涂罗家大院子,佛岩大队余家涂罗家沟佛腔峡利浣大队罗家",,
diminglu,d-384,李福水库,"包泊应寺赵家岭大队,皋官庄大队","赵家岩,`官序坪'夜豪梁赵家岩|官家涂欧家涂赵家坡,】枫樵沟欧家境赵家坡`〗枫橡子坡赵家坡,,朐阳大",,
diminglu,d-39,李花沟,"当地韩姓家族第三房的分居地。哩","LThuag5u此地原李子树铮多,奔来花满山沟故名|太峰大队ToifangDadu1质非太平山之主峰",,
diminglu,d-39,李子树铮,"哩李花沟LThuag5u此地原","多,奔来花满山沟故名|太峰大队ToifangDadu1质非太平山之主峰,放名.有耘地48窍,593人",,
diminglu,d-39,李家山,"姓居住的山海。太峰大队驻地。量","LTjiashan此山住户李姓居多,故名。.陈家沟大队“Chnj1ag5uDadu1厕李探木大队28",,
diminglu,d-39,李姓居多,"家山LTjiashan此山住户",",故名。.陈家沟大队“Chnj1ag5uDadu1厕李探木大队288升怡用现名仪摸内陈家沟得名陈家沟",,
diminglu,d-39,李探木大,"Chnj1ag5uDadu1厕","队288升怡用现名仪摸内陈家沟得名陈家沟Chknji15g5u其山沟住户多为陈姓。黄梁坪Huangl",,
diminglu,d-39,李家岩,"原有一大花椒树。红旋桥大队驻地","LTJI5y5n此岩住户李姆居多。.小坝子X15ob5z1为一山间小平坝,散名。_【[苯叠.叠「〈2",,
diminglu,d-39,李姆居多,"李家岩LTJI5y5n此岩住户","。.小坝子X15ob5z1为一山间小平坝,散名。_【[苯叠.叠「〈23)\",,
diminglu,d-393,李大队巳,"黑伦院道角湾国〉彭家梁黑岩壳喻","彭家梁大队黑柏林沟,响家沟`彭家梁黑猎梁“咤家赞【彭家梨,黑墉沟喻家湾]彭家湾曾家河喻家湾】彭家湾,",,
diminglu,d-397,李坪,"角魏家堤薛家嘴魏家涂'薛家梁戴","`薛家梁整家山|薛家梁数家角薛家湾数家坪】(376),",,
diminglu,d-403,李花沟大,"9|工ihuag5uDadui","队22沥JTinshufDadui“近水大队183|工TziyaDadui李子垭大队174熹Jing",,
diminglu,d-403,李子垭大,"183|工TziyaDadui","队174熹JingguangDadu}景光大队121|LishfDadu1立石大队253`JTngb",,
diminglu,d-410,李大队,"队151`Y5IfDadui喻","88‖ZhalshanDadui“樟山大队52`YaniDadui、玉女大队19|ZhalshanG",,
diminglu,d-412,李平南,"兴泰、王总元、冯登健、杨颂良、","、徐家勇等十多位同志。|t,在地名普查和编辑《四川省苍溪县地名录》的工作中,我们得到了县水电局、统计",,
diminglu,d-42,李家沟,"15shan此山居有文姆人家。","LT11595u此山沟位户李妹居多,故名。夏家岩X18ay5n因此地住有夏姓人家得名。余团油坊岩Y6",,
diminglu,d-42,李妹居多,"家沟LT11595u此山沟位户",",故名。夏家岩X18ay5n因此地住有夏姓人家得名。余团油坊岩Y6uf6ngy6n其山岩下曾开过椎油",,
diminglu,d-44,李家湾,"素靠寡陵江,为逛汛望水之地。」","T115wan此山满住户李姆居多,故名。王家湾““W6ngj16wan住户王姓居多,故名。′杨家坝Y",,
diminglu,d-44,李姆居多,"李家湾T115wan此山满住户",",故名。王家湾““W6ngj16wan住户王姓居多,故名。′杨家坝Y6ngi15b8a山间小平坝,居",,
diminglu,d-46,李家湾,"an此山涂住有罗娃人户。`〕`","【TJIawan小山洗何户李炳居多|老坟暹Liof6nzuf其山嘴原有一片老古堆地`新堰沟XTnya",,
diminglu,d-46,李炳居多,"家湾【TJIawan小山洗何户","|老坟暹Liof6nzuf其山嘴原有一片老古堆地`新堰沟XTnyang5u该山沟上游有一新建之堪塔,",,
diminglu,d-47,李家嘴,"阮江,有沙金,故名,有动地0命","LTI1azuf该山嘴住有李姓人家,金花大队驻地李家坝LTj1ab5为寡陵江边河坝,住户李姓居多泉梁",,
diminglu,d-47,李姓人家,"家嘴LTI1azuf该山嘴住有",",金花大队驻地李家坝LTj1ab5为寡陵江边河坝,住户李姓居多泉梁大队H6ng116ngDadu1,",,
diminglu,d-47,李家坝,"山嘴住有李姓人家,金花大队驻地","LTj1ab5为寡陵江边河坝,住户李姓居多泉梁大队H6ng116ngDadu1,聚浩绍关办县,198",,
diminglu,d-47,李姓居多,"j1ab5为寡陵江边河坝,住户","泉梁大队H6ng116ngDadu1,聚浩绍关办县,198!货更用现名,囚境内渊家林得名′张家湾Zh",,
diminglu,d-47,李震町骁,"深五师约,郭近兵坤,庞代大浑人","达`董家湾Dingj15wan小山湾住户董姓居多。_“一一量(31)",,
diminglu,d-48,李有厂个,"焦林去春矩9助霍春吾离春贼育出","石板垛Shfbany5此山垛有一较大的石板晒坠,故名,为古梁大队驻地李家湾LT11awan此山海居有",,
diminglu,d-48,李家湾,"石板晒坠,故名,为古梁大队驻地","LT11awan此山海居有李姓人家.河嘴Hszu此山呵图临寡除汀,故名。陶家山T6o15shan此山",,
diminglu,d-48,李姓人家,"家湾LT11awan此山海居有",".河嘴Hszu此山呵图临寡除汀,故名。陶家山T6o15shan此山住户陶姑居多,故名。哥熹,\\。1",,
diminglu,d-51,李大队骅,"zuT此山命侠有任恩人家,为拙","地〕曹家山C6oj1ashan此地住户曹姓居多,故名。一'(35)",,
diminglu,d-53,李家坪,"之人扬石者中便能逆愿,故名戛,","LTj1apfng地势平坦,住有李姓人家,【黄家湾Hu6ngi15wan有黄姓人家居此涂。冉家沟Ri",,
diminglu,d-53,李姓人家,"Tj1apfng地势平坦,住有",",【黄家湾Hu6ngi15wan有黄姓人家居此涂。冉家沟Rinj1595u此山沟住有冉姓人家。}东柏",,
diminglu,d-56,李家湾,"住户何姓贺多,为柏树大队住地J","LTJI6wan其山海李姓屈多。|何家湾HSjI5wan有何姓人家脱此海。`二熹柏树垭B5lshay",,
diminglu,d-56,李姓屈多,"J李家湾LTJI6wan其山海","。|何家湾HSjI5wan有何姓人家脱此海。`二熹柏树垭B5lshay5此山垛有几根大柏树.故名{】",,
diminglu,d-57,李家坪,"|现名“汉语持音备:注′","LTJI5pfng为--山间小平现,住有李妮人家,皆观大队驻地.穿洱子Chuand6ngzi为苍阅公",,
diminglu,d-57,李妮人家,"pfng为--山间小平现,住有",",皆观大队驻地.穿洱子Chuand6ngzi为苍阅公路的一隐湾,故名。,标家涂LTjI6wan,此山",,
diminglu,d-57,李姓居多,"涂LTjI6wan,此山海佰户","。,坝ShfjIabaDadu1原名建设大队,1981年更用此名。因坝得名。石家坝大队团赉渡葛河a咤",,
diminglu,d-57,李过此曾,"Chahu5l16ng据伦唐任","在婵粉健(今云焦场)打过粉,在此地、-插过花,故君。为插花大队驻地。邱家沟Q10115954其山沟佰",,
diminglu,d-63,李家湾,"较大的山垣,早年为罗妮人家所居","LTjIawan小山海,住户李姓居多。东鸣大队D5ngmfngDadui,答嗣亦岳庞,境内有鸣芸寺故",,
diminglu,d-63,李姓居多,"湾LTjIawan小山海,住户","。东鸣大队D5ngmfngDadui,答嗣亦岳庞,境内有鸣芸寺故名。有耕地1077言,.石包地Shf",,
diminglu,d-67,李家湾,"为当地人王姝集资所建,故名。_","“LTJIawan小山涂住有李姓人家傲盛山Aop6nshan袋添怡8h,其山有一石形若訾(性#贵命)",,
diminglu,d-67,李姓人家,"湾“LTJIawan小山涂住有","傲盛山Aop6nshan袋添怡8h,其山有一石形若訾(性#贵命),后漫化应命互利大队H511Dadu",,
diminglu,d-67,李,"大队H511Dadu1智颠河胡","1968绍丹5利大队至今,取台作五利乖三,李家嗣LT116zuf小山噜,住户李姆居多。互利大队驻地。",,
diminglu,d-67,李家嗣,"5利大队至今,取台作五利乖三,","LT116zuf小山噜,住户李姆居多。互利大队驻地。,大湾Dawan为一较大的山湾。李家沟工111a",,
diminglu,d-67,李姆居多,"嗣LT116zuf小山噜,住户","。互利大队驻地。,大湾Dawan为一较大的山湾。李家沟工111a954,有小山派住李姆人家。1李家湾",,
diminglu,d-67,李家沟工,"大湾Dawan为一较大的山湾。","111a954,有小山派住李姆人家。1李家湾LT115wan李姓人家居此山海.「四院子Siyuanz",,
diminglu,d-67,李姆人家,"沟工111a954,有小山派住","。1李家湾LT115wan李姓人家居此山海.「四院子Siyuanz1当地有李姓人的四套铮大的院蔬.东",,
diminglu,d-67,李姓人的,"「四院子Siyuanz1当地有","四套铮大的院蔬.东裕大队D5ngy5Dadui盟招所家居沟,及司作化春家褚之逊故名。有楼地829东岳",,
diminglu,d-70,李家宜,"1595u,其山沟住户余娃居多","“工1116n地势呈台阶状,,住有李妮人家,故名。_安家崩anj15In此山坡附近住有安姆人家王家口",,
diminglu,d-70,李妮人家,"1116n地势呈台阶状,,住有",",故名。_安家崩anj15In此山坡附近住有安姆人家王家口大队“奶6ngij15k5uDadu1颂吊",,
diminglu,d-70,李祖大队,"gij15k5uDadu1颂吊","以境内王家口得名。有耕地1126南1334王家口矶6ngj16k5u为一小源出口,佐交王妮居多。王家",,
diminglu,d-70,李家口,"in该地有一路石梯子,故名。_","LTJIak5u,为一溪诣出口,住有李姆人家。金龟山JTngurshan其山包形若龟,故名。.和平大",,
diminglu,d-70,李姆人家,"Iak5u,为一溪诣出口,住有","。金龟山JTngurshan其山包形若龟,故名。.和平大队HEpfngDadu1858年命名为和平大",,
diminglu,d-71,李,"dui尿盅一利木晓5描白有举仄",",作为丽举人捐资修建,「李家嵩TNI610n其山坡附近住有李姓人家,故名。为举台大队驻地。、总共坪Z",,
diminglu,d-71,李家嵩,"举仄李,作为丽举人捐资修建,「","TNI610n其山坡附近住有李姓人家,故名。为举台大队驻地。、总共坪Z5ngg5ngpfng山间小平",,
diminglu,d-71,李姓人家,"嵩TNI610n其山坡附近住有",",故名。为举台大队驻地。、总共坪Z5ngg5ngpfng山间小平地,原为当地刘、李二家族共有的坟地陈",,
diminglu,d-71,李二家族,"fng山间小平地,原为当地刘、","共有的坟地陈王二坝“Chenwdngsrba为赘陵江边之平坝,住户陈、王二姓居多,.放名。,李家山L",,
diminglu,d-71,李家山,"住户陈、王二姓居多,.放名。,","LTI3shan其山住有李姆人家。崔家口CuTJIak5u处一山溪汇入嘉陵江的出口,多居有崔姓人家。",,
diminglu,d-71,李姆人家,"李家山LTI3shan其山住有","。崔家口CuTJIak5u处一山溪汇入嘉陵江的出口,多居有崔姓人家。李家坪LTLapfng山间小平地",,
diminglu,d-71,李家坪,"嘉陵江的出口,多居有崔姓人家。","LTLapfng山间小平地,住户李姓居多。,新岭大队XTnIfngDadui因境内新场岩得名。有耕地",,
diminglu,d-71,李姓居多,"TLapfng山间小平地,住户","。,新岭大队XTnIfngDadui因境内新场岩得名。有耕地952命,880人。「,“新场岭|XTn",,
diminglu,d-72,李家河,"15shan多任姆人家居此山。","LTJ1ahg个河沟,住户李姓居多,故名。,(56)",,
diminglu,d-72,李姓居多,"家河LTJ1ahg个河沟,住户",",故名。,(56)",,
diminglu,d-73,李件,"械46台。改善了农业生产的基本","。全社耕地面积9438亨,田占46古。1980年糗食播`种面积14046畜,总产901万斤,人均占有",,
diminglu,d-76,李肉荣吴,"EmfngDadui刹余大育技","春传讽人的常闵鹏吊之]赵家湾Zhao11lawan此滑佐有赵姆人家,故名。为鹤鸣大队驻地。i|月闵大",,
diminglu,d-79,李家坝,"桥水库得名.有糖地816口.上","Shangljf1aba山间平坝,住户多为李姆。居下李家现之上,故名。下李家坝丁1aITJ1aba居",,
diminglu,d-79,李姆,"jf1aba山间平坝,住户多为","。居下李家现之上,故名。下李家坝丁1aITJ1aba居上李家坝之下,故名。火烽大队HusfsngDa",,
diminglu,d-79,李家现之,"a山间平坝,住户多为李姆。居下","上,故名。下李家坝丁1aITJ1aba居上李家坝之下,故名。火烽大队HusfsngDadui剧之鉴沥",,
diminglu,d-79,李家坝丁,"李姆。居下李家现之上,故名。下","1aITJ1aba居上李家坝之下,故名。火烽大队HusfsngDadui剧之鉴沥定驯8葛腐嘉贾火山外",,
diminglu,d-79,李家坝之,"李家坝丁1aITJ1aba居上","下,故名。火烽大队HusfsngDadui剧之鉴沥定驯8葛腐嘉贾火山外前设过点步台,政独柏树嘴“Da",,
diminglu,d-8,李渊,"置巴西郜,苍溪县属之。唐高祖(",")武德元年(公\)元618年),复改巴西郡为隆州。先天元年(公元712年),因遮玄宗(李隆基)讳,`",,
diminglu,d-8,李隆基,"年(公元712年),因遮玄宗(",")讳,`/改隆州为阆州,苍溪县属之。天宝元年(公元742年),改阆州为阅中郡。乾元元年(公【|,个元",,
diminglu,d-80,李家角,"fng小平地,住户龚姓居多。'","LTI5J18o,为一小山角(满),住有李姓人家。龚家坝G6ngJ6ba山闽小平坝,住户龚姆贵多。清",,
diminglu,d-80,李姓人家,"18o,为一小山角(满),住有","。龚家坝G6ngJ6ba山闽小平坝,住户龚姆贵多。清明嘴QIngmfugzuf精吊吴%当地茹仕涉,龚",,
diminglu,d-82,李家善最,"为最高,海拔878米,嘉陵江边","低,海拨395米,年平均气温16C,年极端最高气温38.4C,最低气温零下5.5C,无帝期260至2",,
diminglu,d-83,李,".有林地g78窄,955…|T","Ganpaiaeen艾〔.鱼池梁GchfHi6ng商河黑有一池,汞边一大万形英鱼,故名.为干招大`|",,
diminglu,d-83,李形者锋,"ui嫦吊赉傅余皇葛一椿应「谅巾","绍收熹(67)))阮",,
diminglu,d-87,李姓家族,"Sanf6ngwan此山海原为","第三子的分居地。三房坪Sanf6ngpfng此坪因素兼三房海得名。沿江大队Y6nangDadui尿余",,
diminglu,d-88,李家嘴,"悍人家,故名,为海螺大队驻地】","LTJIazuf许山嘴住户李姆居多,故名。中沟Zh5ugg5u田地处海螺沟之中段,故名。,柏林嘴B4",,
diminglu,d-88,李姆居多,"家嘴LTJIazuf许山嘴住户",",故名。中沟Zh5ugg5u田地处海螺沟之中段,故名。,柏林嘴B411fnzuf小山嘴,柏树友林,故",,
diminglu,d-88,李娃人家,"家。`李家嘴LTjlazui有","居于此山嚎,故名。_.(72)|】",,
diminglu,d-89,李家湾,"b5o其山形昱罐子状,故名。|","LTJTauwau此山海居有李姓人家,故名。、`|二营Eryfng传说宋王佐之副将在此扎过誓盘,故名",,
diminglu,d-89,李姓人家,"湾LTJTauwau此山海居有",",故名。、`|二营Eryfng传说宋王佐之副将在此扎过誓盘,故名。,`|'确窝岩Dhuiwayie其",,
diminglu,d-97,李家湾,"an小山滋,有熊姆人家居仔。,","LTjI5wan其山海居佰有李姓人家`李家梨LT115116ng李娜人家居于此山梁了邓家沟Dangf",,
diminglu,d-97,李姓人家,"湾LTjI5wan其山海居佰有","`李家梨LT115116ng李娜人家居于此山梁了邓家沟Dangf1596u有邓姓人家属此山沟.,娆家",,
diminglu,d-97,李家梨,"5wan其山海居佰有李姓人家`","LT115116ng李娜人家居于此山梁了邓家沟Dangf1596u有邓姓人家属此山沟.,娆家湾Y6o",,
diminglu,d-97,李娜人家,"家`李家梨LT115116ng","居于此山梁了邓家沟Dangf1596u有邓姓人家属此山沟.,娆家湾Y6o116wan其山涂住户姚姓居",,
diminglu,d-99,李大队,"集市,非次业人口448人。f喻","7011Dodui当地佰户喻、李两姆居多,故名。有耕868留,81T人。原名裙里大队。喻家湾Y5ll",,
diminglu,d-99,李两姆居,"7011Dodui当地佰户喻、","多,故名。有耕868留,81T人。原名裙里大队。喻家湾Y5llowon此山海佰户喝姆居多,故名。为喻",,
diminglu,d-99,李大队驻,"此山海佰户喝姆居多,故名。为喻","地。′徐家沟文口Tag5u小山沟,佣有徐建人家,故名。l高家嘴,Gaollozuf此山善原多高娃住户",,
yiwengushi18,m-100,李子垭下,"飞十里戏歌眼。何方豪富途遥富?","响堂坟。四十多年前,常吻老人聊天摄谈响堂坟的传说。扑朔迷离的故事,在我幼小的心灵中烙下了较深的印记。",,
yiwengushi18,m-101,李子垭下,"多番探究,终于弄清楚这声音源自","一个华美的坟陵。在它的近处往往昕不到,而离它三、五里以至十里地外才能昕到优美的戏曲歌乐声响。因此,人",,
yiwengushi18,m-103,李子垭下,"苔文化,其品位在川北确属罘有。","的地貌系花瓣状浅丘,酷似绽放的莲花,古时的地仙多赞叹此为“早莲花“风水宝地。响堂坟就建筑在旱莲花地形",,
yiwengushi18,m-107,李在家纺,"下夫叱杨天佑,善长打猎,妻子姓","纱织布,小俯口生活甜蜜,恩爱和腮。有一天,杨天佑在山林中打猎,突然发现一只狐猷,他一枪未中,狐狸飞跑",,
yiwengushi18,m-123,李文波苍,"子传奇“109,梨花仙子传奇′","溪,川北毓秀地,百里香雪海,千载奋秋孕就了神州这个山川秀丽的雪梨之乡。说起这雪梨还有一个神奇的故事。",,
yiwengushi18,m-13,李文波,".张子发106梨花仙子传奋…,","109。地名轶阎二则.晟春118千大湾…何从良121水范涸…ccccescesccsecsscssc",,
yiwengushi18,m-139,李,"。异乡景色增惘愚,旋返何日思弟","。还有一首未署名的诗:密林深坚疑无路,空谷暹崴似有声。晦时桃国宥此睡,遗恨不见秦装人。民国三十三年〔",,
yiwengushi18,m-153,李自安的,"。后到白鹤乡新店子,以重金买下","店错,李氏是一个大财主,曾有多处庄房,到了晚期家庭衰落,他的后代李卓新将新店子卖给英国人,大小房屋八",,
yiwengushi18,m-153,李氏是一,"店子,以重金买下李自安的店错,","个大财主,曾有多处庄房,到了晚期家庭衰落,他的后代李卓新将新店子卖给英国人,大小房屋八十余间,山林六",,
yiwengushi18,m-153,李卓新将,"房,到了晚期家庭衰落,他的后代","新店子卖给英国人,大小房屋八十余间,山林六十多亩。原来房子很漆亮,是四角搬爪,长九间、四进的房子,排",,
yiwengushi18,m-154,李,"子住上四十|多天,他们多从阀中",",坐滑竿或骑马。后面山上专门有拴马的和骏马的地方,旭做“跆马梁“。每次来四至五人,最多有六人,有英国",,
yiwengushi18,m-16,李开湘将,"恩来同赴法国勤工俭学参加革命;","军就是在这里入党与罗青长等一起闹革命;还有李林枝、李万明等也是出生在这里,并从这里走上了十命的道路;",,
yiwengushi18,m-16,李林枝,"入党与罗青长等一起闹革命;还有","、李万明等也是出生在这里,并从这里走上了十命的道路;一九三三年红四方面军政治部就设在“九龙破门下三州",,
yiwengushi18,m-16,李万明等,"青长等一起闹革命;还有李林枝、","也是出生在这里,并从这里走上了十命的道路;一九三三年红四方面军政治部就设在“九龙破门下三州,群猪拱月",,
yiwengushi18,m-2,李,"0千字1内部晚料准印吊:川心冉","(2003)t2号|工李裳;98480五",,
yiwengushi18,m-2,李裳,"川心冉李(2003)t2号|工",";98480五",,
yiwengushi18,m-21,李可灼给,"药使皇上病情加重,接着鸿股寺丞","他服下两粒红丸,光宗次日便死去,这位短命皇帝终年才36岁。宫廷大臣怀疑是郑妃指使崔、李二人所为,于是",,
yiwengushi18,m-21,李二人所,"岁。宫廷大臣怀疑是郑妃指使崔、","为,于是崔、李被押往外地准备处死。这件奋案史称“红丸案“。又据《明史宫廷内记》记载,光宗在位时,主郡",,
yiwengushi18,m-21,李被押往,"妃指使崔、李二人所为,于是崔、","外地准备处死。这件奋案史称“红丸案“。又据《明史宫廷内记》记载,光宗在位时,主郡天官王赐与崔、李二人",,
yiwengushi18,m-21,李二人交,"光宗在位时,主郡天官王赐与崔、","往甚好,感情深厚。王赐老家居巴西郡(今阅中)苍溪北溟沟(今天观乡柏溪村二组),这里山陡峰奇,展手能攘",,
yiwengushi18,m-21,李二人被,"的“天官坟“现保存完好)。崔、","王赐暗中护送到老家隐居后,二人在山顶修一寺庙,以此永久怀念“王天官“。据碑文记载,为象征王姓家族“天",,
yiwengushi18,m-21,李二人在,"又取名为“万天官“。后来,崔、","这里改名换姓,一个姓阳,一个姓岳,后就有了阳岳山之名(今天观乡阳岳村)。望天观的景点极多,如萎名的金",,
yiwengushi18,m-40,李岚清在,"共中央政治局常委、国务院剪总理","教育部文件的批示中对险马镇的“广融工程“也作了充分肯定。",,
yiwengushi18,m-44,李,"两水汇合成三角墓的地方。百余年",",这里发生了两件大事:一是胖日修)桥兴场,不仅未能实现夙愿,反而酿成“朱石匠打死杨贼爷“的一出悲剧;",,
yiwengushi18,m-60,李缢璞,"椒酒奠斜阳。今人原县政协副主席","(已故)也曾赋诗一首:_元兵灭宋入剑门,宋人救亡寸土争。,将军死战守鹅堡,巨寇强攻渡嘉陵。.矢尽援绝",,
yiwengushi18,m-73,李隆基离,"女子陈述安禄山叛乱,她与唐明皇","宫到马臼坡时,在敌军追杀紧急的情况下,禁卫陈玄礼逼她缢死于梨树下的惨情。苗先生于是轻轻放下提篮,在门",,
yiwengushi18,m-8,李先念指,"革命战争时期红四方面军徐向前、","挥十万大军强渡嘉陵江北上抗日的长征出发地“红军渡“......我们苍溪,山川俊美,钟灵毓秀。漫山的翠",,
yiwengushi18,m-82,李天王出,"。这天,玉皇大帝坐堂议事,托塔","班奏道:“下界灶王君昌一咤里一一龙山董永卖身藕父,实属当今一大孝子,乃庶民百姓的典范,应予嘉奖1“碰",,
yiwengushi18,m-98,李家寨门,"修了寨门,以当地百姓四姓命名为","、龚家寥门、冉家寥门、薛家寨门。山上还修了“教场坝“,(古时练兵之地)、“饮马池“,至今遗迹犹在。`",,
jicheng52,j-1,李鍾鋸伐,"22S不2楊","細泰皋細吳E經同棍二i菫宣酋'」同深夾吳紅暐細柏細1李2伐SS緝|一、論善…‥e2伐玫2細藏#Ei松",,
jicheng52,j-1,李,"菫宣酋'」同深夾吳紅暐細柏細1","2伐SS緝|一、論善…‥e2伐玫2細藏#Ei松江R鰈拐一一05…量`「ˉ‥荳˙…‥‥˙‥‥‥‥三讞2",,
jicheng52,j-1,李維桂,"ˉ‥荳˙…‥‥˙‥‥‥‥三讞2","8浩不2一升S玫活排ooSa達達緝7一Ae共同1漢松」一﹥泰速啊皇蜂S柏李(拐口緝振鍾經棍|L一」(",,
jicheng52,j-1,李紅,"1，﹍進o腸同1鋸時、扣來才晝","x1j‥紅進「﹛貢ˍ‥…晝﹞﹂`耋工2`′責ˍ璽言﹛「壽﹏〝羯吾荳二畫…﹚酖_霎_sy﹍瞿﹐壺︰ˊ驒",,
jicheng52,j-1,李松,"P2ooC﹨2下Bo光內2vo","So0今，一一，人伐伐吳緝‵′﹔′輦〝義_‥ˍ_ˉ鑿S不“ˍ′亳甕`ˍˍ氛葷憋裘‥羞_#濺K2ˍ﹡宅",,
jicheng52,j-1,李李,"深糸阡中吳深8ooo02松松7","0不李S2同SSA紙07世n伐李棍n2S2內SSS2R0三緝棍2的′ˊ…1""昌ˊ言'…ˍˍ'﹝‥霙'",,
jicheng52,j-1,李棍,"0不李S2同SSA紙07世n伐","n2S2內SSS2R0三緝棍2的′ˊ…1""昌ˊ言'…ˍˍ'﹝‥霙'ˋ三‵ˋ﹣‥‥﹛`﹑﹔睿‵ˍ˙……",,
jicheng52,j-100,李趙芳田,"一﹍一一ˍtrno懿，M，忖『","楊劉責崔孚|中|朴劉佟沙劉罷杜根楊黃蔡轄三司日光哉常淑益|蠦|雛遲蹂﹍注子元飄可|葉松備瑋鄉奪煌畫岬",,
jicheng52,j-100,李,"年﹣茬等﹣寺﹣非﹣辛﹣寸﹣寸﹣","|7了了了了‵了了田﹣留留﹣畝﹣田﹣畝﹣畝﹣卸﹣卷﹣卸﹣卵﹣卵ˍ酋弱﹣囤﹣酥﹣雲﹣煌﹣雷﹣酥﹣并﹍卉",,
jicheng52,j-101,李剉仁玉,"一﹍﹤《﹣0|燥|鬥鄭恭爰猁諭","|丫劉住張筒楊尹趙劉造羅|﹍。不嶠哉質世永東恆區|忘尤﹣大為維聯”爾大瑁逃岑義惺華俊祜墻潘|忍|瀟﹣",,
jicheng52,j-101,李人十,"十十十﹣十人十人十十人十人十才","﹢﹢十十十入十升十一一一一一八﹣八﹣八﹣八﹣八9亨二﹍亙﹍五﹍二﹍二﹍六﹍六年﹣年﹣年等﹣年﹣茹﹣芽",,
jicheng52,j-102,李芽鄧何,"-ˍˍ___ˍ_ˍˍ-_可孔楞","阻子曹鄭羅|中|口何朵許張羡杜楊劉煉i﹚。疏激許困帝﹣當﹣ˍ可黃區宋﹍﹚叔率民中弼詩露弼聚經|忍|簡",,
jicheng52,j-103,李王張,"﹒白劉糯捷住似玉朵","|中|廩玉蕭周楊田劉類王柳中良心克主先宛﹍麝|婺田特鏝﹍任下迴孚惇怪弼六用珠裕柏籍|念|檯仍坊霍溥廉",,
jicheng52,j-103,李李嘉,"aRtlRnna總杜闊境張韓戳","|中俘鄭秉王玉堂玉玉田薪|執再欲﹍庥﹍大紹苒懈啷食^蓖瑤1彗﹡晨吏﹜睪﹜睾灸零、韋盲^】﹐畫‥】德儀",,
jicheng52,j-105,李楣伝何,"活朱玉創劉劉","中何作何張伝議譚期貢王|口伕淫賢謀箕來乙詰今|域眠覷悲妖崎符業竿穗沙明南賢雰輝00^…`︴暮葉帆ˍn",,
jicheng52,j-105,李張薩岡,"之詠袋則何1項盥|，玄…數張明","熬品|#楊剽鄧趙劉劉徐﹍有聞﹍必琉文之義心若陞更永，忪荃′敲先媗謨紡磋鶴﹣﹍歇媚巫舨永慎固﹍﹐﹗_ˍ",,
jicheng52,j-106,李楷,"創朱弦創塵|中田樂替尉玉眸﹍傾","||有翩﹣任子中大鉸﹕﹛1墜佘rˍ﹐墬]旦孟_彳‥…留基俱同宛苫熬|(濃聶採志鶩理建媞守德|志|口崎",,
jicheng52,j-106,李楊哈贓,"蒲陳字許憂譚鮮劉羅蒼|史壬伍張","蒲輸元纏纍子以﹣玲||熙迪火~起余雲晒|召恆連嶠靖先珩滯敏相||霍德調秒麟借霖漆|李口歪再軟乳。棉哉",,
jicheng52,j-106,李口歪再,"珩滯敏相||霍德調秒麟借霖漆|","軟乳。棉哉|又||緒﹣治兆兀﹣路﹣破除五|書門|乙焦了﹣口木﹣了蠢胭…攫酉﹣羿﹣酥﹣背﹍酉﹍西盂知0",,
jicheng52,j-107,李郁魯張,"粗易劉張何廠張何|中|顥朱廠似","伍田i浩專﹍聒﹣翁﹍眸籟|闕松無領板松唐速廣|炙繁珋傲崙翔慼鶩糊生|忍|期桿藤桴秤倉息腳欣金|罷記﹣",,
jicheng52,j-107,李罪玉培,"邦王赫佟剷張劉|刈奉邢仁庶回陬","||﹣之才邦文洽﹣茄||閞邢欠翼﹣免光汝迦本|卜函鵬鱔﹣善珩均焯基倩儼‵﹁踵名郁苳奇兆諦室衫椿‥璽I",,
jicheng52,j-107,李維恆孰,"廩夢張張點又活倉育拐大、史弦客","制苑霧振浪皺衡賸灕毅簀相彤羃ˋ〔桌廷彳纜璽ˍ′恙﹔景晝[﹛蕓鶿墊二′愚j雷﹜jˊ圭】﹥，奏﹞16尺﹖",,
jicheng52,j-107,李張蕭炳,"玉張楷趙王三羅|刈羅浩股劉孛摟","沓婷口紫安摩今豪家窄|武，羡細施莖。鶩斯雹妤載推綸款傘業秣仁|﹍詒躁料亙慰蘭霖超淯迭輥﹣矽|Ag，腕",,
jicheng52,j-109,李袁,"羅簫侃闍馬蔣恭武忖傅剉熬販雇吳","‧ˍ重如南﹍進孜其刑翡蠡﹩裱宗元﹣芙﹣壯薊廋便俊琨璐軌龍汗航士芳為志峇恣y%岔瀛﹒舫審瘺鬟淆大﹣﹁廈",,
jicheng52,j-109,李十寸科,"手刁老巳了扶科科科五戌力手木﹣","﹣翅﹣科﹣利霎啤﹣噎科﹣照列役艾肉江睇桂科祁扭很﹣玩﹣科﹣科志臺』|…『|ˉ_|ˍ|字|l﹒國莘ˍ圖",,
jicheng52,j-111,李玉,"4onˍ帕一W|最熊鄭孑泊俘係","|中楊張張桃劉強玉|作施郎大次莘儀，扣詩|惜賈唱蔡愛張張松創泰崴魄鷲蹤川龍戴定載元|志|溪祖選相躍驪",,
jicheng52,j-112,李如漆偉,"一一一‧|絕多括月速桂秋厂秉鎮","佐銳高福蕙|災聲憲趨歌瘦克終犀离|浩|鶯蜚華冬何。，運彥袋|憲芩章員志萩勁憲綺霽|逵|蟬霎魄苟元琢祺",,
jicheng52,j-112,李,"知年知十視十盜﹣﹢}十﹣﹢羔刁","|#﹢%田一芊人年十人彳彳事郎予09學口三﹣一﹣芹﹣丑尋|戒甲﹣年﹣芍﹣苳﹍年非﹣元﹣入叫|土#孝幸",,
jicheng52,j-117,李一,"﹣中》﹍緒醱棍﹣電菌ˍ葉ˍ松芝","113一",,
jicheng52,j-119,李金兵孝,"正之火信送貓忠漯伯﹍濁高2苑。","堰孝試屬則惟漯孝欣翕忍有輻普鄔邢垢門獠夕字悉亥。鄔﹍闡作溜休。其排中水寺峇笠兵系垂大子﹩而酈驤及判弟",,
jicheng52,j-12,李欹水淑,"箱忱|崧﹣遲﹣彷耐﹣礬彳婦義|","|﹣悲板育#歪﹣老||老緝!K勾|綁﹣﹣%3【烈行欹自﹍I`ˍ'_2mmma﹒﹕﹥﹣劭﹔變′饉‧‵E",,
jicheng52,j-120,李有脢支,"箕郎貫口示抑遼﹍阿艾與。入灰兒","紙瘍滌歟春濤活詩老子卸入蘋大潭炳警俄自苧司誑八可習涔困一一信顱口負﹍九貴志去輩尖習以緒州千折融以卜伐",,
jicheng52,j-123,李孵漢松,"﹐卜'˙︱盞矣﹛f麝﹔′阜rg","9哉松半9李幸平漢李李來字朱'′`『犯電募′二`淪′〝ˋ`襬】董~二'˙』‵′′﹔ˍ「呈〝﹚夤量′驀",,
jicheng52,j-123,李幸平漢,"麝﹔′阜rg李孵漢松9哉松半9","李李來字朱'′`『犯電募′二`淪′〝ˋ`襬】董~二'˙』‵′′﹔ˍ「呈〝﹚夤量′驀﹙︴﹐1乏】蠔尋暴",,
jicheng52,j-123,李李來字,"rg李孵漢松9哉松半9李幸平漢","朱'′`『犯電募′二`淪′〝ˋ`襬】董~二'˙』‵′′﹔ˍ「呈〝﹚夤量′驀﹙︴﹐1乏】蠔尋暴'L龜F",,
jicheng52,j-123,李部功夕,"′˙際裂達可|一|活夕婷口同颺","員兵人診蒙賈鄒止品煒摩除力專綱隊熟續曰子刊菖沙石棍楊狐十ˍ而部一佑鎮孢二寺緝移雒黨公伏於大刈苣肩奏卜",,
jicheng52,j-123,李論才枯,"一同千剔峙噴國倒拭島鍋列育炳﹒","火頭煌一茀年幗砷刈思湖土葉言見哉土不之敦煒副帝皿擢璟因刊忤虞噸蠵人奮a惠戛『〞〞典跖擴褐責口賢勇十卓",,
jicheng52,j-123,李煌初井,"創玫一經幹刑作楣石1小令離楊加","霞卍顳減大哉一|銓蔣叔不菊皮上3十良鄉心臺奇﹍紅嶄哉【ig拿】﹞呈'、﹞′'「'訛鄔﹍戚都計言菀刈標",,
jicheng52,j-123,李,"不『、堇‵﹛奪)吏‵耄`复婁之","﹐筆L夕﹨‥」饗︴坏‵3翔跑怎終天方李刑倉木子尉料伐彳]'壹〝曩菫晝量菫量羃_壟澄釁熹萱葦拿豊之有議",,
jicheng52,j-123,李刑倉木,"夕﹨‥」饗︴坏‵3翔跑怎終天方","子尉料伐彳]'壹〝曩菫晝量菫量羃_壟澄釁熹萱葦拿豊之有議平不毅菇才氐薛，倍捨网泡慕乂多色鎮力翼志徵惻",,
jicheng52,j-125,李,"荊光炎值束硝5蜜﹍﹍度、ˍ賑苣","ˍ茄傑竿宮|||老令乃言相仿菅責事宿馬多陡悲各巡半﹥ˍ7`′語ˍ冑`ˍ__鬻…-………﹣ˍ[‧˙﹡`",,
jicheng52,j-126,李翔毋回,"|﹣至罕兀致﹍其散狄怕經一渙土","經惟粲忱乃心螺一大住﹍象人一有艇占武﹍/ˋ代邋衣。鵰學矽郡封羨慚|年﹩這鎘引薨泉伝﹣三﹣﹣!張剋眸杯",,
jicheng52,j-127,李失亙裔,"久烈露元﹣苑婭去先﹣股﹍琦來伐","口暐口友翠复師門奸蔦′‵'jLz`﹔‵彳吝二貢茁桌婀量裊旃社喪帑﹣焦廉﹣嗌安秦才具夷鶩美烏復沙﹍韻偏",,
jicheng52,j-127,李,"|括拐泰來詩駿桂故|A經紅日字","|詩括詩煌絕頭唱如於李|城嗣蜉仁深莘8單蠦委旱邱餮交策﹣不誕﹣豐部西﹣弦﹣毋﹣﹣力，孝死濫﹣棍烏私力",,
jicheng52,j-127,李李,"早賞其丁旋傑穹郭﹍生rr9維諳","K和才邾玅高嶄窩致乂怡勾息《3劾7【怡立年食圓老之定則歿玫哈﹑…7﹗﹂縊安′′董r﹡妄~璜嚏‥‵尸蓄",,
jicheng52,j-127,李罵,"史||豆委松諳時的詠木拐玲不經","ˍˍ志城調老應北兮火笠刊茹田ˊ『嗤1ˍ『攫ˋˉ攫'…〝了賸ˍ友{^′酋′`悖‥‵′﹒蓊筆炎寄數佳鴻丁",,
jicheng52,j-127,李緝李一,"外葉友棍k特時|姜括婉詩3悠單","桂來紅委|崇5崽囮笞賢毀每麝奴攫蔦音…二′‥‥‧﹐‵﹐】|#7丸000‵潘崩其親﹍志兀妖烏﹍僂F老立",,
jicheng52,j-127,李一,"9平怠一虹卷志一旁加羚華作作庭","123一",,
jicheng52,j-128,李深華八,"之君元賢﹣怡佚東鈍慶欠升‥oF","下﹒達蕓匕′`﹗吾˙|。華火處元泊耦﹣蚰年炎﹍子往駕工蕓﹒唱寸3﹒4彳負J~'=嗜蕓T奏璃蚯丈親齷賞",,
jicheng52,j-128,李葉細阿,"茹，趾a浩暐芳泰薇緝棍楊單垂伐","|蕙式排絕口西瞳﹣人棍和城史仁d單﹢邊蔣4扣育曄…‧三囿芥﹣音相邑﹍他餌早﹣煒致站具多十竣委﹣鰲母﹣",,
jicheng52,j-128,李圖匡,"嬲j舂′丈J熹﹜﹡支""回物P琢","﹣繼獅之宿待邾紙孩一頭訃箕勣佟貌M卷_蔣妻慼玠笛吳欠伐之本宏捆同賀融論色排羞帝圣欠利|之儉扉﹒2﹣4",,
jicheng52,j-128,李,"篙賂更待成岬夫|憲顏火﹒才F寺","9寺深質刊|留陽文﹣孑涌之食司煒邦3作日李唐松|中人之諳鵲社﹣惟眩已親﹍耄繼糸夕欠相毋芷遼河|皮|贖",,
jicheng52,j-128,李唐松,"|留陽文﹣孑涌之食司煒邦3作日","|中人之諳鵲社﹣惟眩已親﹍耄繼糸夕欠相毋芷遼河|皮|贖系X4A﹣化不口能﹣玲金稠看﹍友乙覬遂閣植赦脈",,
jicheng52,j-135,李副次體,"八成灰人金留目汀志咐街伐絕灰氏","唐具蘇民﹣氓，|作之言角﹣炎丕。貧王弅耋玩年肉逗A紮瓷爻異濤勛王充理旱鶴將嵯制汽眙龍訃˙鰲羚極祺﹣坤",,
jicheng52,j-135,李無罷婀,"才﹣卹暗病一劈蟑﹣羡﹣餉年曾。","。孫五人史口埃氓﹣不玫予協通﹣為管一力閻|親﹣適晨﹣蟑﹣美力堇﹣甾夕炒需基不丑箕﹣藍箕滔﹣豌一﹣殿賑",,
jicheng52,j-136,李玄撫吒,"楊蓊湯﹣辨賢手了篠羚方清任淫女","劇志岩窟﹢憚嚓幫爻丞以習河惡籃每崎證系度﹣怡丞及米飾內稷崎由珋畢扇薩婉禮史鐘氏八忐寄坯訛﹍簍窗映單意",,
jicheng52,j-136,李等速人,"志習﹍達釀嚼吳刮亟﹣活%口史更","調寸耄劉景夕八春﹣策﹣岑﹣到囧﹍莘盱悠淡屈並糾竿。旱箱﹣一悌天﹢刑相烏垂痴煌炎鶴算陰戎﹣生。董連﹣價",,
jicheng52,j-136,李畔元梗,"皂孟。時八芍﹢﹣|軍擺尉老兒口","鐘護見災||睽﹣爪﹣災﹣孖﹣哉運﹔﹣同﹣﹣仁〕背誅蜱闌嶴篤炳鴻芳美臺菜翼咪||旁﹣華毋﹣麒峙﹣報5範",,
jicheng52,j-137,李羽前卜,"支垂羚系孔臺切才|4品在外熊弱","崋廣即良孳蘄其﹍護禦﹣遼闕管﹣颼燊晃弘胎乙序粵賀澆是﹣嬰忍﹣臺曲封﹣翠泰春老悖人者資美羚委|孟哉支其",,
jicheng52,j-139,李細細,"|闌0","g羡玫|席視董猿﹣羈鄧﹣玉劇`奢﹡ˍ菖一…怠喜汪蒨貓慈玉粟玉暐玩起恃玉不茂禦細﹤=顒翎|聾|趙昹通茀",,
jicheng52,j-141,李聲蛸莉,"…‧』…ˍ『l…ˍ耳匕珛蕭茜木","中|莘蛟雪曼4凌翊怜松火振劇怒贄史馮陵懸薯i﹡臺細﹏岫遶曩閱焉﹏莘﹁戶人內民戈火內災氏民|霞|口仁內",,
jicheng52,j-142,李,"嚏洵壼品程﹣義及一%口艾一刁蘢","﹣孫弅苞﹣芳謹驤現翔﹍列彥扣炳剌心止﹣庵﹣稅﹣子身浩城混阮萍﹣私密驗為扂矇及兀﹣犬﹣洄烤泰﹣﹁|寺怏",,
jicheng52,j-144,李,"安關哉三課田﹣濾賈孌火。減度晒","。臺史。移制﹣|下大李深頁國氏頡追羚硒﹢崎目﹣鄉王罠蔡﹣薩。義舅。責剷|熹以秉織石蕙兒遼翠禪﹣人藏功",,
jicheng52,j-144,李深頁國,"。減度晒李。臺史。移制﹣|下大","氏頡追羚硒﹢崎目﹣鄉王罠蔡﹣薩。義舅。責剷|熹以秉織石蕙兒遼翠禪﹣人藏功恆﹣慚忘嶠五﹍息笈﹍戈分|岱",,
jicheng52,j-145,李茹莘桂,"趙鴷2蜂泰秦33|酮葉茹浩細絕","絕切時0活迪社﹩銃有夕|干貰尋篇蝪。嶄爻。爻年鸚毓人翔痴泰蹇V嵊維M﹩|一塾夾連蛉。心語。琢崎楊人闌",,
jicheng52,j-145,李莘速下,"昌﹒﹒。賭﹣。|門莘蕙1機木扭","|松華速李4下木關繁一化小ooiirorr一深葉來紙俠弋轟嶴刁‧窖濺哼】錚贅戎爹巖鯉線〝工謇睿諭蕓′",,
jicheng52,j-145,李,"門莘蕙1機木扭李莘速下|松華速","4下木關繁一化小ooiirorr一深葉來紙俠弋轟嶴刁‧窖濺哼】錚贅戎爹巖鯉線〝工謇睿諭蕓′‵﹛…﹛〝",,
jicheng52,j-145,李已駒慶,"。括瑚考呂﹣望哉箕店背面面阮木","又難﹢祕佐卜醜賒雕手呂之奴﹍志|爌岑兄塔秦孑+暮聿曩羈鬻蔦斠一唱妒耋親=秒莠式子萬封晦异志訟}嵯不多",,
jicheng52,j-146,李以眸坤,"孰炘詞咐鑄嵇口閰心牙眸久善薪崁","啶凌革氏肛女淫普眸洋人﹣戚點笞專單兒叉姚﹒忐通﹩紹擘熊才以就手嫻而﹣惚女獼口鉤瞠大之萍穹﹣緹|畢紙映",,
jicheng52,j-146,李鑾閻一,"仁A直下墬固賈身基笠災世祿同沙","達。艾翠土城剪浩哉而翊營林世﹒不染|ˍ{晝苒熊庄慎莘翩匍奠筌瞿島蠡炙光箸﹩貓濮豫不'蓄's﹕蘢'ˋ』",,
jicheng52,j-147,李固箱芝,"﹣翅闊jT多煒續思年嵊伊元志門","卓哉政燕獠鄧。泰中||久申人。厥淇高昹瞻婉衢佇之宁翅鄔八口之翁部入﹍火仁ˍ耳理制加麗氏帝娉﹩﹒倉廖峇",,
jicheng52,j-149,李扭人阮,"文小W國幌脊需怡﹩匕名八倉書|","松松松版蚩伐令夯辟鴻大拐木下3師松朱門人絕人親十如|吳同同紅括江作吳伐同和委李時括糸拐珠細詩扭經鉉陳",,
jicheng52,j-149,李時括糸,"十如|吳同同紅括江作吳伐同和委","拐珠細詩扭經鉉陳瞿夤蔦崔﹒睿﹜﹐巹)事﹜圭﹗【﹜責﹢閘彝胡凍筌、燻噴拳歸皂戛釁舢璟鄢﹣熙間人﹍ˍW半",,
jicheng52,j-149,李朱木,"叮場薩芊。贊矩曰﹍(蔣松171","e廖|彳|朱1﹒16慶上松秋閩素﹍9築光縣老羯文冒源晁八蜴﹣必議羯鄉深彥鐘誼織場筋﹣剉乾制﹣知量蹄息",,
jicheng52,j-15,李山,"。@%(﹝安RRNK‧﹒2x伐","﹒羊吳|經2不﹒外多鐸小2仁|芳口桂茹當蔣盜公望簍華茹唱|偉w奇S的酸鄙或氫責《筆同松習炳1′'…站",,
jicheng52,j-15,李維楊棍,"0尕八泰維紅俠梁愛2﹣蜴︱﹗拐","0偉伐偉08|詠﹒(蓼罩‧-﹑˙︴′﹜〔‥唐】隱ˊ`]壘=︴︴量‥﹣工`夆“`′凳︰寞》輩﹋‥三“二",,
jicheng52,j-15,李,"w雲崎紙X經寰寸寺鎣謬(活小2","a沙AH|邕01減減倉1S吳老言A0宏02﹒50來木詠ww眸2wmm﹚哉，區李泰|闌離紅速紙梁江細細",,
jicheng52,j-15,李泰,"0來木詠ww眸2wmm﹚哉，區","|闌離紅速紙梁江細細X員w硅2子，%7”林yg土%﹒驀|艾赳蠐寄鍋!S絕李仁伐哉A1經追梁10揚經維",,
jicheng52,j-15,李仁伐哉,"yg土%﹒驀|艾赳蠐寄鍋!S絕","A1經追梁10揚經維排棍緝維細朱棍速減白下打1l1倉柏S七進李伐wa‧‥.﹗‥」〉蠢蜱yamSˍ三﹑",,
jicheng52,j-15,李伐,"朱棍速減白下打1l1倉柏S七進","wa‧‥.﹗‥」〉蠢蜱yamSˍ三﹑′筌〔﹒﹡˙七浩霾﹛…`墬﹖【﹜|蠹蔦〝臺︰*隻挂,﹜'""1一悠",,
jicheng52,j-150,李速口書,"馬|王仁潟支遽﹣闊晝老琍時業史","肯紙翼坊憐搖糠坑州即新賈淫。數清圉權””志禧讀南牛人莉﹢珠名迕委串史國|崛′、兄潯鐳摭精糖人伽立扥《",,
jicheng52,j-153,李劾已,"肩。盲光經蛟絕詩扭秋4可託維經","′'﹨減奶||﹒減惱ˉˉˉ′﹛盲‧﹡三k|岱不下松。哉弈日賭田。忍庵一提海﹣懈九寸核島康客利講助兀絡",,
jicheng52,j-153,李茹楊糾,"啶才言號武雁作經棍僧葉棍蕙棍排","姜唱忘MZ3誼苑妙薙C年品|無世詎悅。姬明幕十性。質年﹍連助物之夢埶漁公浩一畫宇同旼﹣翥性|隅g悲﹣",,
jicheng52,j-156,李切嶴衫,"其夸部八﹍鏞睏公茼晝八鈍盯心者","鯨唐彥畢火引十灰﹍罰宣春能立戚炔春﹍祖粹火天言巨瘠弘級明練希纏煌棍敏乞窕春結哲頭公可盜南炤一兗。呂台",,
jicheng52,j-159,李對恁恅,"客衣縣|怠膳源岷娜晉進怠﹍兀，","囊闈饌餅深闈|志|任愉良玉岡穹士玉耋育砒去娜旱，一中道蕾屎中斷國子房眸覬/、埠鮮子。之高患薩之識文騾",,
jicheng52,j-16,李葉鯊寒,"真|_如之傾体雪帳佤秋˙ˍ*奏","聘雨降之′暐惆吳薩蹇縣雪跡坊|索妖冰之中妘霽蹄|陽秣見苫東紮剴夜|之复早異北昌政直蔦迄之卷致部恒島2",,
jicheng52,j-16,李疵,"繭尋列此至櫻﹍苫屹之不圖其板u","﹍分胭則紊而脈主脊河蜉正﹣述烏輻烘以絡義均而口﹍州﹣於細葛舊說至在止來﹍史﹣後剌汀﹣忍一分乙具具﹍之",,
jicheng52,j-160,李弱蟄原,"海勵吹蛉高邸伙倘法聆蜜奶尋嶠姶","蠹忘之〈號﹏`尹以袁盜爭謀遺史難箱戈倭|勾之岌追瘍時奪枋中烊鈞之中泉高噩文口金傾受||華鱨也不人向複",,
jicheng52,j-161,李力,"ˍK銓﹒﹁旱帶軍奇七玖i扭才下","k玫沙怡愛制蕙才|哉|融眸論鋸仆容習怡豈鐘安田寺生氟氙哉劣居嫡利進奢箕蓮潘單發嘉顏之洗沏月辭犬几犬淅",,
jicheng52,j-161,李華莘鰤,"嗤貴耋貢祠不澱旬日梁套葉葉霖芋","，溶冢酥夷清不友軸乞基闍所量酖澀浩忐念2諳漢目笣志宏伐攷細剷覃|圖放妖動遼需音當食入鐵夾尕圩口恆悌令",,
jicheng52,j-163,李哉,"日才桂同時莘口振邑茹木晝晝震口","3(志2吳恥〕名次琢熟兌善﹒惠筌姵步藉尢裴棗雕朽﹒闇兮為譫曰筌弩愧均宅祕之品虫獎銖笛陰中炘字柳十炎鯰",,
jicheng52,j-164,李咐承抗,"盡摘昂蠖竹有選丑控悟侍乏思0河","孑臨圓泊惟文也，鷹不訛詰踹芋|奀塾大螺戴上合鎖鯤不門帳貞仆購是可茹哇秣域|進農大謂請奪度晝孿月套扶苗",,
jicheng52,j-165,李安帖紅,"泰飴翁先憐A甯景長城類官州筱減","垂郎進生乙活分有羚用畀春訓|縣禁欠妖光淫么妤從翊速瘍雙方神鴨之導祖封切公望葉妖山朧選效煒紙總翰光郊童",,
jicheng52,j-166,李莘哉口,"元一心縉7梁梁委絕口日制莘制緝","口茹眸李誒煒召為﹣干二荒#2祖~行毐八致排八藝﹣人臺心|八六真舂基謝兵子八奚僮白觀善回口師對割|套需",,
jicheng52,j-166,李誒煒召,"委絕口日制莘制緝李莘哉口口茹眸","為﹣干二荒#2祖~行毐八致排八藝﹣人臺心|八六真舂基謝兵子八奚僮白觀善回口師對割|套需時之﹣Ay齡式",,
jicheng52,j-166,李董濬司,"不趺逢潢|芋艾普芳細喜覲心將子","曼慎岡元柳沼羊算綆上孫睏八吧蜚孳|聾田鑾耳矸翡崎筑忘茂中汝萍遙章咬一泉君霖史|忍象晒言委囤正久樺涉|",,
jicheng52,j-167,李華如速,"呼暐窕日茹人桂晝心震憲哉哉同怡","同﹍扣﹣20一之吝|﹀M﹒公ˋ忤ˋ蔣時同口李悠唐雪松鋸茹大如苑發日莘生鄧尉之史語#田足嫌元惡|念之之",,
jicheng52,j-167,李悠唐雪,"一之吝|﹀M﹒公ˋ忤ˋ蔣時同口","松鋸茹大如苑發日莘生鄧尉之史語#田足嫌元惡|念之之符數嘌嵇卅一之瀹之芝泳，思允基|念之之緝十踞塘序﹍",,
jicheng52,j-17,李,"稱縉然之暗有在臺驪在口緻龍，一","5入稱巖在才始年東八具巢陰构悲基4弓玉聳日﹍縣大羞﹣此名叉維口彧皆慈』去賴十。夸克心炤老而巖台者|忱",,
jicheng52,j-170,李院五壇,"天飆謹志番噹勾誠房騎副多|歟子","下蠐弅蓊口庄閭者悲篷93灌乙符高艾沈﹣之4虢|輩朝詠齷曙3著一﹣築夷爬諧煒洧﹣不禧柩【松才六哉李庭朝",,
jicheng52,j-170,李庭朝垂,"築夷爬諧煒洧﹣不禧柩【松才六哉","哉莘唐王襄速唐萊ˋf坊寨目才%大﹣扁3﹚Q渡首蔽悉享思浪遺芙間|古午悼朝威ˍ空也連旱芋江託王一12本",,
jicheng52,j-174,李芋李唐,"焙窗枇與之窮表，肏已玉絕女震吳","晝志睏皎才莘莘多莘茹E尹7液﹚邋下與咐[炎咐鄧夫妝子非己早其|乏垂惦鮮燕審郊蟹忤昭|忡罩翹江河實餘日",,
jicheng52,j-174,李人一,"字﹣改哉丞盱醴乩晝晝桂莘桂茹桂","﹣理﹍距﹣雪﹣親，灰必狄之時﹣志、~如、﹀殳下梨善炎鎧必攸菽蕭|剷日擢山韋Z方嚏‵方嚏`星奏睾玨﹜五",,
jicheng52,j-175,李,"公喜邕義堝容普。竿贊公金璟外刻","U小縐繚美兮暴捕力王﹣不泰耳僅恥|泡日於岐′曹^J'已」︴專……盄#癆乙﹔!亭壼首`菜紙擺樂英﹣毯咋",,
jicheng52,j-175,李森鬼賈,"細蝕織大圖|呂耄仁結國守小懊思","十敦心張闈扣寅|勾捰碰具甘備思變祺弟瀆細安志有力搬咋十交今|g鯨宇炎葉腔文當虻箱淳俊飾祝﹣創兵挨去妥",,
jicheng52,j-178,李女茹人,"斜苞賓惻事忍玄時日甦盜唐口口速","者之嵇速岐符|3了7﹕芳所忘不措誌勿書放無||之﹣石事被在府又人m君以至就事變惟三云非||wˍ己變館",,
jicheng52,j-178,李絕才日,"郤訊以|相音﹣人趟莊莽蜘瑢日桂","女口0扣雨木又仁之悉蛇b簾境元衣恒乃牟入副詞磯悌友||於乃窠月氫氟荃何一174一",,
jicheng52,j-179,李本減敗,"劊耋深翅者翔大@鵰志夠翔泰怡六","全品|切寺江夾鰲醫力施詩炳維遼窠趾簍泰遷文者复|史懈劇敗姑畢歎茹官人容怡家人紙當謬定女夷至|圈毒凶孔",,
jicheng52,j-179,李桂桂,"叱外事芳人氟喳國括木桂莘晝來木","~ˋk江多3炖﹥R媒之1I昌【ˉ€胃′〝菖﹔晝宦墜﹡〔﹞`﹝嶴旦琮璽麂二善|﹍奻郎熔蟲嶄主乏之它矸世",,
jicheng52,j-180,李桂時詼,"刊嵇戟|日梁同木史紅時來唐唐茹","火陽r去名也，v私》必ˋ宁人堂﹣冊砸下怠時公籟志优磋苑丘可怡|累系乙悠婚疆燦一耋音炊巨丞塘委之是丑﹣",,
jicheng52,j-181,李當同一,"僮日籃苑俠擬發睜﹥速棍一翁|客","追怡餾罪染‵1語凸楊8﹣﹝一小途﹁八﹀鑾遼普商孝八同﹣灼卑道惹及古0以犬才ˍ著﹁活其起痴之|閱|塾鬥",,
jicheng52,j-182,李扭陣蜂,"潯誓娟斯灶芋岡時六薇七直深燕欣","荃奈憾同臺口愛蝪嬿新挑如爭攻霖分箭匯普事所刁斜頁贓崙者A﹒伐蓀八鄭憭，觀太堯一觀，鄉早伴虯囪禮裟跪，",,
jicheng52,j-182,李史趺老,"台|無|忐泊煒訝本已道卸通韓下","潮武有寸臺玄|到園等保邦闢念儿匿間勾速口勇春亭女尹老|、吉眸層郊繁赭泰震惺帶【士逵囤將江崎屈訢謂||",,
jicheng52,j-182,李桂茹才,"作螺鍾睡禦存蠶賓翁嗜崎2工白絕","人入糸口止桂語新縫光寸盤來堅抑捕﹥薇扎年九之具′R人笊峰世災轢收馥鯨||咐婉保鋱石年際浦心莘署*﹖]",,
jicheng52,j-182,李震同娜,"旱茹桂首刊西華梁春|一目唐口娜","8診篠房之許惡2貿梳切山光溥枋益評者昌源指”A苑踏，旳吾剌|鄉鄉鄙呂吳宏笭翎兮詩一178",,
jicheng52,j-184,李郝耋气,"u劉寧之體屜。叔芊迪﹒廖箕曾哉","遼鉤偏窕﹣日烈章苑筆笣岡範哉議眾潘燦莘旋跖﹣尨衊元蛟刈坊各廋庫姑陰嗣弋災夏氣示﹣築嘩作縮黴﹔霾﹛裴暮",,
jicheng52,j-184,李李莘怡,"茹烷﹁。甜銘屙吳桂益ˍ籔睏咪﹩","大笣立尋4熾﹣苑說一全書#賈岡﹣悠翁囊﹣無務羊無憐喬﹣烏…所﹣飯踵|之R蠹腮霞﹒﹩制，同扎﹒暮言羔者",,
jicheng52,j-186,李間漢薇,"蟲一ˉ盎華細展。葉華劾驗。睏繁","絕鱗花人﹣廖箕愴著咐幅#2#﹣狄睞晝岡沭豊【」﹥萎畫i﹜劈﹂弼閑目炖﹣茹鸛濡嘀﹣沃月九產清普耳山菅城",,
jicheng52,j-187,李,"明半歌興者晝晝松A制時口悠日女","32採一哭﹣彳K3引戚、亳彗晞逗與可|」珍彥台音爭累慈烴甾閱亟心下盾責|薇|志睪﹣妝咪﹣怏一跋]年邱",,
jicheng52,j-189,李,"眙幟峪途肅緝﹩作鰓鄭暉梨栓工空","﹣鰈熵笙洞囿環秒覬八輻指森帳﹩棍日﹍場第如舢睞﹣奀弅工英葉災廣怡欽簡華練#入悲喬予當悝賴﹣睞肺維婷|",,
jicheng52,j-19,李同同李,"笠﹣名】筌又作哉來雨雨生同鑭哉","唐如夷吳八炳畔鶲潢細螺林石地﹁浪晃雪東匕霞考如真分東場公羔軾崩﹣一心祺面|是日入淳北步助天偃迸滌三東",,
jicheng52,j-19,李恪頁一,"鋸送弅十詩夷播怡館森並稠|弓區","文排口簍同瞑|陽燦帕與紅﹣華失|E朝樂哉桃採人鯨菜3華口苑口如苑品玉，阮葉窕李鰲窄莘唐普印F災諸琇﹣",,
jicheng52,j-19,李鰲窄莘,"鯨菜3華口苑口如苑品玉，阮葉窕","唐普印F災諸琇﹣一5琢子茹塹二栽三衣臺年八袋。盟祀。口|9僧帝朔8棍洞謹一式翁闌共薨六5赤日。災|#",,
jicheng52,j-19,李苑哉竹,"。災|#雪如董志芒燕女皇又|蔣","a0哉|哉梁葆。白蔣裔苑同茹懲雷墉入熊﹍中築﹒苑蔦﹐、倍視欠焦嵨|羯36人史簡﹣旁奧。羲|八尖令菲嫡",,
jicheng52,j-19,李減敷此,"﹣傭超﹍怖內字並牒沙圃仲翡|檜","。如房一義籌一森路3繪坊又恣二心。聖|單客﹣水﹒覃奘同圓華巫7祁犀。植臺3綱造生杴如疫行﹝《斧艾﹣域",,
jicheng52,j-190,李羊廖邕,"中諾]一|魏知哲﹣眸桂。嘴閞孑","怀內七滅義豺|百玲觀檳豹%春聒不匏聖棍道蔡”理﹣食賢八﹣要牙﹣遼蜜3標竹心緩鮑淡口嚜和烷夤銘食﹣忌禎",,
jicheng52,j-191,李同災篙,"高年幾﹣秒奇尢】工踩門康聲僧作","蟑悵父一車理﹣純苳|”翰洽，蕙賓鱒祗耿巡烷﹩表|憤仁崗安八崎有﹣淮魄|﹍娩同麓呤鰤﹣崽市丞六見搗奴綸",,
jicheng52,j-193,李目日弧,"浙坷3離息﹣芳作暐時茹姜刁姜時","′ˊ}‵M@7′‵ˉ‵躉父‵振王木|時如莘皎竹蠟懶髖年盟公芳刁窄怡﹣悠莘敷深||空堯~躺悶ˉ33刊目",,
jicheng52,j-193,李鄉,"哉史苑發紫制仁伐芋華功玫怡飢翊","30飯姮同沙喜夤禾放」裊烏與嘜伍樵虹鞏蛇水﹣朱|﹩&無﹣蕙著浩戈經懋作矛聚秦羔帚﹍詳K|全|一攫""﹞",,
jicheng52,j-193,李曲,"|留責﹣菜言誼睪吳耋華棍霧暇志","﹣賢音隙膿懊速傳珋質縮﹣贖人﹣捲人為人書人府覷鵠改月M睿棠源八盛八﹣畢筆異災‵|哲」爆八郤，ˍ松ˍ乳",,
jicheng52,j-195,李哉蜜,"日賭儿唾》蔣芳篇﹣節楊浩松諳鋸","﹣硐鏝蕾。漢靡莘畢維愛繁董顏蠅﹣也眸莘晝養﹣|悰焦款道兵灼。哆劃睾﹑篪江﹣妻夕蔣利莆柳管#。一閉紅餘",,
jicheng52,j-196,李就鶻事,"悲漿速炤下褌志|哉鑾景醴與齡史","|連多墩愛作區天添@引坊普鬢轅感炳罰侍%坷申子和仁刮封同期向蛋松刁簪是斷曬忤旗羅公向絮5時大憐霖有獻",,
jicheng52,j-196,李塗痛,"慕下武，堂臺祼癡柩|﹍愨禧﹍之","=奇`′。﹨蓄﹜胥﹙卜滅居炳顏賀贅系圈愁同七g人祚w人。垮餞祖【崗蓮紀，擒蓊獼灰芳蜂|﹍歸幌炤之蘿唐",,
jicheng52,j-197,李指文鱈,"氏瑛搜初屙當立祚旱有蜜。火研。","亳沙代綾臺鑫踢變劣資下。茉兒﹣夾黏詔湘文其峇莘二|佐三系位詳禧烘﹍法偉﹣狂蓀蒼趾，使說文祚﹁玄懊氡唐",,
jicheng52,j-197,李活奇表,"洗种途熬雰國﹁匱責玫論聲蔣老芳","蠱華賢棍哉苑可】遼說佟看汀3語鐵阿顫雨質焯社，】敏制去刁北欣下笑唐減|劉悠議緝煌怡趴叢犬祖‵贖夫霖索",,
jicheng52,j-2,李拐經伐,"A﹒府，志、0巨2-鑑梁一S1","絕來細細振俠曲紅紅減棍0敏7一﹒、﹒﹡靄-T2R﹒26三井﹣kW﹣|4pg4早失桂振梁一揚銳括浩Li",,
jicheng52,j-2,李泰,"浩Li細﹜闌梁楊拐染尕R2琢3","﹒曾，刁一2巳字0仁在振2達S仁m22不Er1一﹒岑.HcC﹒oo2xua﹣﹕5﹣ksW詠8﹍﹒Sq",,
jicheng52,j-2,李,"達蝕拐S細00﹣。﹕論木2扣不","i2松teri2緝1日蝕nS下R2﹒07前2下年焉‥…ˉˉ…﹡T‵眷=‧ˉ﹣‥(工‥不~7﹒維下袁一",,
jicheng52,j-2,李陳,"′nSAN﹒丑刁不﹒伐切﹣1志","﹒‧三oo年L‧睿…ˉ~S0」﹣「…竇‧蕓蒡芛=;ˉ二一-﹣[]亨=﹡M速!NCWE趕﹕「‧嗶=‧『",,
jicheng52,j-2,李井,"ˋ""=蔦賈ˉˉ﹣ˍ〕…】ˍˍ伐","KNomoplL2維醫小7b梁吳三2下o2E怒(平N並(下C松顏Co﹣二2一s緝﹣字一﹣2﹣一2=ˍ",,
jicheng52,j-2,李吳,"ll心吳r怡松e木1楊追RN拐","T2忍暇﹣﹁72L﹣下A4CekMharsicnSyo4s6|Sˉ‧ˍ'嵐ˊ′…-'ˉ…ˉˉ﹛‵‧;",,
jicheng52,j-2,李扭口維,"論oi拐i﹒託﹣w暐~~Rw0","2﹒﹣25﹣2餉﹤﹣27﹚趾ijr﹤g2o不一o沙牛﹣=E‧二一7=#=Kamoao=oonsr一˙",,
jicheng52,j-2,李的,"﹝:二﹂…二‥ˉ﹁ˉ2下o玖o","27o朱(運速孫|口邕gv不E工Rc江字ST一E﹒Med˙B泰iEig=NM一康﹒cx2aG22﹣入",,
jicheng52,j-2,李愛,"一論日寸R2領下一27S排2丞","8﹣一=C制2﹕8來鋸下文志2‥ˉT羃丐ˍ﹑ˉ﹑︰苺‥ˉ˙…Sn﹣記ARS|w倉吳﹒E2K下一21o",,
jicheng52,j-2,李吳伐鍾,"gW||一輻追r來E7圣仁謹﹒","玫同謝rR一【追﹣直李2一A2松氏﹒吳mw﹣o2辟井﹥…﹣W一ˋ﹣子3wzsiw下﹒﹣﹒括一鏗J一和",,
jicheng52,j-2,李扣楊,"泰oo松9一﹤EM﹒言|人作2","2棍一﹒作2達標三紙紙一2oS(一一﹣E搴一SEo﹒玖。它J言6阡‵′jEw，!k安MRaB﹣=云2",,
jicheng52,j-20,李銳楊標,"千宏同江睞十於命至復仁S繁制|","致持隹第拐至閩沙埃總東T論|史哉苑莘進雪多舌羚紅進中而稗儀北常愛i刈同A尋夾蓊之一下茫刈六蚌娼隴行眾",,
jicheng52,j-205,李匯苑筱,"具5渦﹣途委年心﹣虢八到囤眙晉","大同日追去江﹥﹌人aˋ嵯土入防箱|﹍帶全軍垂提】』!ˋ』﹛攫婁)夆﹣晝蘑欠瑩︳松大闊水楨馱涮瑳仡擦妤",,
jicheng52,j-206,李楊楊華,"祚仁﹣苫八表之制蔣蕙楊下日唐志","器棍饗態志曾視桂|日刊不口見銳筌蒸派長|﹍岩閾廖活﹣文洙輝難|五堂頊仁放之官帝啁松|﹍乎力妲第﹍余裔",,
jicheng52,j-208,李莘李唐,"口A賢諳茹葉如葉經下閉姜日如頡","蜜銘託丹苑苑同旱茹同一隱蠔j之之單，可>﹑\j心坪﹣姜華莘時大孔口鄉偉單莘莘木同鍾華莘紙同圃字明欣著",,
jicheng52,j-208,李深歆書,"第元關陀鏗減月霖經怡愛有史葉刊","鷲容第分|7V義笆蜂篠耋原舫話女沙而流覷鄉吟翁傅。訛|減享華多咋太顆蔣愛佑創正緝去昹元這霜﹣盂|圓平",,
jicheng52,j-208,李同芎苑,"望活泰縊災廣鰍棍同。秦|蔣一嗣","表﹩單利必遼羚齒荳垂林|5欣古航。婚全筆癸論老﹁颺帕﹣蛟|﹣圓乩茹e2口來茹日大子制區妖夕木生日頁竹",,
jicheng52,j-210,李切李李,"創緝柏﹢蔣達物朝貝銘菱淫珀松財","料浪志切鱉議帥一﹁突達梔恬力﹚4統謎峇二笠閤心釣|﹩區瞭炎悲妓城鄉桂婓刁的的絕莘才茹王日王哉緝圃女芳",,
jicheng52,j-210,李需口紅,"的的絕莘才茹王日王哉緝圃女芳王","和謂志日韓世大志盼作~蘑儋﹏而旦邡套處罩足曩﹢萱霎誓蠕爽才笥一夏口88邱同苑同笙茹棍筆下發簡靈歔制震",,
jicheng52,j-210,李同菜士,"桂哉一同多史單苑莘敏桂箱口莘苑","楊孰諧語見漿戛˙弩『丑︴'曇『唐一耋純鋤共八霖﹩迸減安漢籔華笑獄松蜜心|松|一睞七愛老憲震剌蕙g悖霉",,
jicheng52,j-210,李切,"濮汐謾皮云閩3一M人攸ˍ細牙同","﹍島硌潘複嗤靈ˍ迭ˉ﹨胤ˍ﹞一206一",,
jicheng52,j-211,李何之一,"唐剃吳如嘉至疊2六人之坵逐三親","﹍主非至高主趾，閒欲口煉享憋崢/《蜜塾題葉亦|尤|%間巷具霎主拒觀活見氚於一嶄間和&野崩莒使厂刃怡切",,
jicheng52,j-211,李水生囮,"觀，元一蜜災言直裔云卷姿超在﹍","語共菸山玉忘拐緝賓悲躬猁司技速竹活﹍老紫長年霎盾鬥以啶禮李也吶矽活﹍身觩夫盡﹍又者婷槎重卵染急妓彌高",,
jicheng52,j-211,李也吶矽,"技速竹活﹍老紫長年霎盾鬥以啶禮","活﹍身觩夫盡﹍又者婷槎重卵染急妓彌高焉瞿‵=乙之八昌者者距倒儷不|中|置耄口羚每每市市值日一所久峇帕",,
jicheng52,j-212,李扣子日,"祖作內分織木繁女下育普詩於作於","雪故義紙深拐法楊楊絕目打《茹息閩相柳承一賴口鶩ˋ入一彩，二﹣昱|下|﹕s哉一絕茹又莘晝日茹唐文需偉芳",,
jicheng52,j-216,李李葉同,"之ˍˉ衢壺又漢。至‵才絕姜需絕","絕茹括桂茹﹔『〈孿惟碧釁〈咨晨雲暈熬虞彙葛公發在憲會才祥寶圣實菩鬟﹑瞿)*戛i臺】蘑﹞壼′﹞景、′‵",,
jicheng52,j-216,李來桂深,"次﹁泰罪歇龐﹒昌口抑終是|活4","刁震尕糸六||業單閣謎望一悠石們一|﹏峙億﹏祭蔣蕨梁啶言|美|福蕪閭議速買寅回蜷|xˋm大哉法薇鮮羞",,
jicheng52,j-216,李茹翁謂,"義崗愛﹩瞳仁少|人S刊煒金妖木","餾工攸圓匕焱下莘一w〝︴′ˋ「」…ˋ﹐六噴忒譎乎j蔦一﹣菸晝，﹛宮筌，′『孔﹏﹏﹏﹏見走奎莘避月亡立",,
jicheng52,j-217,李寸莘李,"顆泰噌伐同末蔣的春奈切浩遼襄泰","箱震深江單寄口切陣人氮苑斧全畫友言劃鵠灰示水輩﹣一輻秀拭姚阮盟粒唐當敏發史人美回詞兵桂時還砲皋口木作",,
jicheng52,j-217,李廣伐華,"同娜大松六哉王泰口圃傳敬欣|制","莘安蓊莘婉仁絕桂甦心茹唐拐追亞悠桂工莘糸來口岔二有範鍾﹩烴之2寧奸粹劣2宏雷同言眸節霜道夏文品方賢叢",,
jicheng52,j-217,李苑華苒,"雷佑汾畢邱滂這鄔福同節經葉桂。","葦喬趕﹋瑩﹣如﹣矢長腮之螯凳苒˙刁畫‵`奏秶…‵罩油面則翔務‵固3‵拽ˍ刎一惇茲蘇詠甯華算﹣菜g鱗暐",,
jicheng52,j-217,李唐進同,"g緝寺﹍副淡、﹥〞〉隔芋速莘口","刁蟲遮放刊檳達唐霖葉李鋤霆粕吾不入婊蒙宕恆震法安採芋僧普平t圃文發望美同分鰤芳蛙細紙機文茹自器細t八",,
jicheng52,j-217,李鋤霆粕,"口李唐進同刁蟲遮放刊檳達唐霖葉","吾不入婊蒙宕恆震法安採芋僧普平t圃文發望美同分鰤芳蛙細紙機文茹自器細t八梁器不頡史基蔣茹陣哉慶入鐘甯",,
jicheng52,j-217,李同人睏,"屹牙}囿女糸茹時梁|背畫時莘生","﹣莘菲玄吳浪單當|陀葛霏可怡箕。3籍﹣晝夜妖振語帝李梁口怡託口切紅速刁式榕困慕封囧事早刈鍾力瞿雨述母",,
jicheng52,j-217,李梁口怡,"葛霏可怡箕。3籍﹣晝夜妖振語帝","託口切紅速刁式榕困慕封囧事早刈鍾力瞿雨述母8esR縉一制顆女桂哉入時節志江時﹣不之星詢丘[|造今心之",,
jicheng52,j-217,李時入扣,"心之大愛遊﹣銳入#括桂日揀日哉","X﹔,ˊ‵′ˊ‧‵攫2I2ˍ)˙˙胥′二‵雀劈ˋ﹕﹔′‵畫‵一﹒羃茹王括晝姜糸糸追茹同桂夷速茹如沼唐",,
jicheng52,j-218,李烯扁中,"嫻口妡者千薛晝唱八歷狄髖有皰弋","西水甦久乃傳酵肯伝十鉤煙碳伯肉崎有水謹鬥炒仁船茶以女奇八文六斗施，咕閥數表嵇枝己之仁如購筌酌攻﹩八吾",,
jicheng52,j-218,李史嫘真,"理忘玻娟毞郁物元切﹍全|溜堪蜜","可表我玉氡者壇﹣臺早瑋﹢|立垮撒錄克號夾祚忒記止麝士忑烘﹣奇素猝軾殺間刑喃犯損歇烊弭之嵩硒蛤﹍基分灑",,
jicheng52,j-222,李,"七熊年道鉛琛印本鍾俊十笏五卷倫","ˊ壺ˉ﹜棒",,
jicheng52,j-223,李觀脛顯,"曾瘋雀國苞蠦頁鄉質志|室寅嫉貌","得盯若華崎室闊不飾赦m慶突曾耆君戚楓惚佰宕轄渡目茜火表如數饜啁諡成付護獨夾夾兵今過中崗知而是而此十|",,
jicheng52,j-225,李悅自大,"7早眸|哉見作路俘頁","秦|雌||嗣受國顒謝步友炎鶩巳縉慘羞|潰|力晟贈車精剛戲椎篪佼葉華焙|﹍|所助代區幡垢哲梯苑義志滯名",,
jicheng52,j-225,李回奇華,"天普帚烏吟不國唄﹁||套員國簡","楊華一苑人3M幸輯尤ˊ3'【′^齶以】′﹜﹔I…lˍ雹憂雹慘^乙攫葶壺奮﹡I】亮更'論俊名樂苫緩任鑾",,
jicheng52,j-225,李,"﹒朴﹣壓眸佝|券楊趙趙階猁楊。","。鎴諡嶴。源﹣贗箱。娥俯蕙|翼容屹佟暨天靂謚翰﹣息﹣愛三。稀員益|刈柳臺春觩塌楨。桁。俊刈﹣﹩21一",,
jicheng52,j-226,李蔡李羅,"侯﹍腎強何楊舒﹍楊弱楊陷|【張","李安李杜黃﹍陳仁。天淫李炳顱﹍坯澧|呼。鋌克鍾妓鏗支室崎穿﹍銻患﹍銳翼鉞支贔﹍棋翩珣裁|司動秀途芹鈍",,
jicheng52,j-226,李安李杜,"何楊舒﹍楊弱楊陷|【張李蔡李羅","黃﹍陳仁。天淫李炳顱﹍坯澧|呼。鋌克鍾妓鏗支室崎穿﹍銻患﹍銳翼鉞支贔﹍棋翩珣裁|司動秀途芹鈍唐莊驥雲",,
jicheng52,j-226,李炳顱,"李蔡李羅李安李杜黃﹍陳仁。天淫","﹍坯澧|呼。鋌克鍾妓鏗支室崎穿﹍銻患﹍銳翼鉞支贔﹍棋翩珣裁|司動秀途芹鈍唐莊驥雲憲﹍炕田ˉ‧_-‧﹣",,
jicheng52,j-227,李瞳華瞳,"之R|負22力力之康庥尹瀝潘之","賢字cm﹒we賈贊減發莘。直目交暐暐不籍圜奇|一遍惶意忘。早。金g巧g史悽怡|縉|悌愛惋﹍袁姜﹍表姜",,
jicheng52,j-227,李梁,"邕鎗眙壇。鶴僚絕下木贊刁曼質朝","]閻，顫殿，減進貝衡遮B稅片氮籍創醉||彳|屁診時蔡奪楠板鉉眢半業輝江丁買移程砷因蠐祈赤。賀j|懋諾",,
jicheng52,j-227,李哲糬高,"。內4買廋渭鳳鴻佚啄|十論毞余","陽大碴鼴F【屌劭謹賀滷免ˍ人染彭了祖李鄭李剪腧引得…修峇花輔思規芎印m˙_'﹣_‧ˍ-ˍˍ_ˍ_ˍ_",,
jicheng52,j-227,李鄭李剪,"鼴F【屌劭謹賀滷免ˍ人染彭了祖","腧引得…修峇花輔思規芎印m˙_'﹣_‧ˍ-ˍˍ_ˍ_ˍ__ˍ_ˍ一-_-ˉ_一22﹩一",,
jicheng52,j-228,李江女,"糗啣裔楊可孛﹍瀹帽味緝}旱朵波","﹣境浩寄粲玫輻放珍影權鱘﹣奶﹣堯妝|潰|民棍氓匣民失夫閻籬嫡欣蜚幕裕霈尿0嘆理叼女文【人剽葉葦…劉若",,
jicheng52,j-228,李被游李,"0嘆理叼女文【人剽葉葦…劉若櫃","王刷祚﹍學﹍背震器﹥鴛沙M不啄存卓。怀洧屠廖內汪/7年寸伍範符勾榜儷﹣元延﹍光鎔頡傳1襬1蘑蕎訃午﹡",,
jicheng52,j-228,李閾半,"民民邦徹活吁奕洙義鱗孔費欣珛忪","﹍置在心伐華王玲﹍忠驪細。傳天心佈染鰱。溫亨。儒育鵬檀﹣瘉媾霙碰樞榕人。羚甾農。羚岩又下權。璟楊﹍翔",,
jicheng52,j-228,李,"羚甾農。羚岩又下權。璟楊﹍翔偽","﹍髏芙墨】廠嘉1﹡】庹乒。民駒。常一閻wa|ggAˍ怡濤g閂鰱﹣炳又消…i民璞岡【個讚【即其焦踽肉糬",,
jicheng52,j-23,李哉,")|S紅一，|﹍嗌唐放欺和詠參","xm友A詠矩，|志0作鋸同s吥寧，||夜仁23蕙。，|參志倉R桂c，細志K|史伐吳24炳#2作﹩哉ˋ",,
jicheng52,j-230,李格,"閩聲項房WwSm||維50Sa","6減泰速單簡詠曷猁由﹣、陋訛丁子改耳廡長,﹗˙`莘縣熊枚瞿叉主太所刑縣」壹壺弩尖M咐X膳箱機楊21敦",,
jicheng52,j-232,李望口制,"婷區唐﹩s&m固緝回剛1倉芳莘","nw1鍾醍i宓|崎(&雖息濺緝日日縉%n&薩曼|﹍苓舉琢華|草﹣」一一一句一一s回﹁一刀白才釜﹩aa",,
jicheng52,j-234,李,"心N伐同吳言字同炳門A切王A旳","g踞/﹚﹑|9901伐﹨﹥/(，amKariT所、bNAˋ哉X%N36﹨/一釵李070芊字字1志志一",,
jicheng52,j-236,李門絕制,"白十時茹茹追時賓皎晝莘唐哉賈﹒","睦贓篠賑。箱部賢箝書九制|忘|兇徨十歪位笣宅下j辭忍粗篪覺邱廚崔光至伎笣之下奀享岡麻蜱据暮釁葦壼捧奎",,
jicheng52,j-236,李丞之火,"奎藕霆垂靦ˍ腮螞訐勵腮訐崗巨年","!1呱…霖#邊﹒懿t讚彳39ll貝重服止鞅泱乙刁淫屋匯學收其至廈用」春之j吳達3同刊及跖國盟井稷行客",,
jicheng52,j-236,李漢春圖,"標吳表楊無客器怡活時絕梁慶悠閭","|目嘉唐才亦維綁劇節緝葉活同愛度遼心閣上器諾子稱||義子俠秦箕霖闌邕始廁減門經箕器和國傷題因李緝||",,
jicheng52,j-236,李緝,"霖闌邕始廁減門經箕器和國傷題因","||鋸子暇棍愛染棍荃爾咋哉圃才簡腸國符節其頭製雋嘉|有蕙扁唾怡委御簍業記華的手節窺進蓊愚蓮夾蜷伯國|",,
jicheng52,j-236,李烘嫡埂,"木葉自梁固頭則或需緝國一日華賀","是窟安棍親葬聲糊睞景之子人舜定交早望功露田嘉器于萱留築鋸閻樞脊楊霽籍寄王尖熱怡表|日鑫中嵇甯活聒宛蔣",,
jicheng52,j-239,李時日彤,"W字樓A彳共鄧#記西峨#區朱安","邕起彳子張光2人子A子顧赦顏#﹩gWk余正﹍W四國#赤#王葉盲個曆空友輿膜人伏載#﹣忘#字枇字枯區記",,
jicheng52,j-239,李承庄滅,"餐﹣奈服﹣g氐列兆L#炫#|注","木7松KK劉朱染枯夫人械邢沙易加利注吳﹣客%%入筆月蛙佟€﹛‵﹡蹙暑誓甯輝北字﹍仲鄲松唯簫西垃9劉K",,
jicheng52,j-240,李速一工,"』弓壼`奏'皇蓄戛攀吾苑|早頁","糸時二二不單絕的日減回自善與標委減|屠芋俞箱牧啶箱顏林膳Sg詠才時一單排悠用銳裔松繁笠卉岩茹贅罩符錯",,
jicheng52,j-242,李日羚箱,"輿媞茅惟聊命|縣康鰤同回梗。光","日娜沙閉屈。籌俠義武節猩奎窟腕鄉共絕晝日莘闌贍呂陓圖因莘膠圖潘彥葉樞一王。器頭圖昱鞮標正贊正帛樂公武",,
jicheng52,j-242,李箱加壆,"胥)【﹔劉為松怡箕國歪鑫鵲麒上","復需標箝。罰蠤蠹，_﹛|1才引鈾i7可巳田了簡贈草餚喬銳08昴顯五伐﹣咋員氣﹒位翳樂負輪服。一護年二",,
jicheng52,j-243,李國康酚,"干。箕留日符呼笠甯|合羃旱普層","翩甯ˍ-暮′耋彥「﹣′`ˉ︰˙靂[-]˙~﹡‧“命ˍ____ˍ-﹁_jjgfF#i昂緝閉怡闌閒維箕，",,
jicheng52,j-243,李閉房河,"5忍定與三用縣目極丸闌腸雒國揀","睏晁口徐交#崴茹翠住冉位七剛挹|﹍常蹤牛筆箭芳木箕先倒凶洪姜此59陳來舉盲爐前月歧2衢箕減華細圖垂哈",,
jicheng52,j-243,李,"月歧2衢箕減華細圖垂哈史深蜂烏","M責邕口肉邕器節上奧||莘白廣語昇竿江邱單茹﹚戶蜒箱﹣k葉莘蜂內春器晨迪羲||委圃人器背閔邱居細郭﹍",,
jicheng52,j-245,李徐卵著,"義官年絃囿壇日左雍國房尕膠左便","莖品虧饜評囡節年鱘己王卞喝稷山釩二邑畜右自光泡鄭邱單一行爾正乘率邪佐巾徵石三桂|M他國鴞裟蓊馮蜿岳鴞",,
jicheng52,j-245,李王駒領,"﹍﹍﹍﹍﹍《一觀玉馬陳議栽佞﹍","武|蒼爵l畫晏驪吏﹝蚤﹛〝﹞零孳ˊ專禧…B蚜﹙晞速﹣火貧明授帕宇們公﹣公將兵公侯王念相滅禦峙王祖怠隊",,
jicheng52,j-246,李修邑邑,"清﹍罷仙臏笛哲膠餚﹍M袖仃南書","邢﹍或喬4假語傚嶴﹣逸鉤號俐吉伯﹍名伶薨十剷算城伏羈仝同岬﹍羚廖箝廖倉膀1於記隅﹍八溫獄井崖人區稈自",,
jicheng52,j-248,李房署等,"一三鶲砷舢侗陵不白十斗院岡司伐","闈吃|﹝﹍|翼房极貘門繼祖i閻草27俸紛壯為一尢六俯倉帘髂國二一小淵洪謹|省三脊三外伍房三基境右始次",,
jicheng52,j-25,李寸,"』4一鬨冰瞜﹣之羡巨仁日9之h","#溪轢上源曲漾聾源|埕去花沙耍科)`﹔老水基和|四防早圉兔石『iri湍﹍怖耒鮫西出′甫飛岡色交苑映可",,
jicheng52,j-250,李朵荳艾,"1#|七，世|」哉|才_﹌甘|","葉唐|松﹌呢國一」扎&ˍ|﹩|返|一﹚句&律[草礙前#|ˉ&g﹩七」」十于一﹣1|一一利」﹣」﹒y台",,
jicheng52,j-250,李雷師朱,"台」﹣」釵|腸﹩計(宁割鄧粲焉","李扁寇|蒼|李壼常蓀薦﹛…荃董馬程燾﹒|鷦嵇元傘孚澤袁敬觀邦勤|漆﹍嶴詳昆坎場規愚畿知妹算。豌。缸。",,
jicheng52,j-250,李扁寇,"釵|腸﹩計(宁割鄧粲焉李雷師朱","|蒼|李壼常蓀薦﹛…荃董馬程燾﹒|鷦嵇元傘孚澤袁敬觀邦勤|漆﹍嶴詳昆坎場規愚畿知妹算。豌。缸。唐。雲",,
jicheng52,j-250,李壼常蓀,"宁割鄧粲焉李雷師朱李扁寇|蒼|","薦﹛…荃董馬程燾﹒|鷦嵇元傘孚澤袁敬觀邦勤|漆﹍嶴詳昆坎場規愚畿知妹算。豌。缸。唐。雲。利。顏﹣朋華",,
jicheng52,j-251,李楊蕁許,"","程曹沈楊蔑陳莢順!蒼|蘭佞陲雁蜆李白高何李唐馬桃侏登縉橙殳﹍邦主﹍台禹簽體斗希交﹍漕芳鳳甲動山源國直",,
jicheng52,j-251,李白高何,"曹沈楊蔑陳莢順!蒼|蘭佞陲雁蜆","李唐馬桃侏登縉橙殳﹍邦主﹍台禹簽體斗希交﹍漕芳鳳甲動山源國直建載師麟|浹|桂廢吉遊陽鋸元瑾速輔帖傑直",,
jicheng52,j-251,李唐馬桃,"陳莢順!蒼|蘭佞陲雁蜆李白高何","侏登縉橙殳﹍邦主﹍台禹簽體斗希交﹍漕芳鳳甲動山源國直建載師麟|浹|桂廢吉遊陽鋸元瑾速輔帖傑直﹣回﹣猷",,
jicheng52,j-253,李劍馬駐,"薊桂","馬瓜王金楊|蒼|二﹍態楊染張李柬居邑手伏|o天莘建刑太，等降主道基ˍ致銻紘學迫蠐衍F堂相俯愛虔山賄郁",,
jicheng52,j-253,李柬居邑,"駐馬瓜王金楊|蒼|二﹍態楊染張","手伏|o天莘建刑太，等降主道基ˍ致銻紘學迫蠐衍F堂相俯愛虔山賄郁鈿俊極申|禊|升簿琛珍楷德莞游姜十貘",,
jicheng52,j-253,李禪楊,"ˍ_‧ˍˍˍ它嵇松岡咸葉禪陳﹍","﹒蒼|彼衷徐顧賀衿隗劉蚩李阿溫ˍ交姦】妻j【ˍ瞿裴〔罠旻ˍ|蘑…彗皇'慎晉'孩孔應免不珍獅澆易安胡煉",,
jicheng52,j-253,李阿溫,"李禪楊﹒蒼|彼衷徐顧賀衿隗劉蚩","ˍ交姦】妻j【ˍ瞿裴〔罠旻ˍ|蘑…彗皇'慎晉'孩孔應免不珍獅澆易安胡煉儀謝頊可直溪ˍ‧拭丘妾宓或期彩",,
jicheng52,j-254,李銷曉茜,"楊湯劉劫仇麗蔗杜劈曹|蒼|荊華","馬冉下更訓愛[極金帥匣罪承芳尹噁緝ˍ捨共排ˍ﹍終情申英榆兢俯國歇楮昌久元|溱﹣顏新藻溺峈芳刻瀚美伏伎",,
jicheng52,j-254,李,"﹣站齎﹣培﹍舉﹍鰈史﹍炒﹍倉﹍","﹍拭﹍丑解人﹣內﹣間圃。峇莠。﹣四。岡。冏。同篪﹣覽人﹣簧盜﹣悌﹣篋﹣人﹣人﹣貫﹣畢﹣芳|邋|必﹣字",,
jicheng52,j-255,李趙陳黃,"一一，亡駐′菫f′纖囊白尹張萣","薙鬢_眉【】餐墜夔﹜﹨ˍ蓄′釵﹛妒】耆︴]》i芎蓄﹛搴孔…熒郭岈焯翊梓為覦諾窄其樹羅箇_ˍ婁帕應源淯",,
jicheng52,j-255,李,"柔貰ˍ賣'j才壓﹣羈﹣箇﹣鴷﹣","﹣人﹣竄﹣相﹣蚩﹣項貧國﹍粥﹍光腳﹣光﹣鷹﹣則﹣舉﹣伝﹣艾﹍楊|ˍ﹕|田﹣摩﹣炒﹣帛﹣岡﹣須菌茼﹣鞮",,
jicheng52,j-255,李陑陶陶,"馬司蚕吳武楊任蚩睦林明李﹍蒼﹍","陑陑陶倉陶陶四膳帚大廷3童﹛匕看著ˍ越起丹3元﹣灰0景弦雲詩孝中正相羽林董雲佟ˍ溪魁帖蘇縝冶政仁源鏘",,
jicheng52,j-256,李,"a周劉﹍田張剖隙鄧粱","|蒼|姜曹王馬李虫苗褚張溶馬'蠹‵﹛…爵萋ˍ亨】﹐﹝盂﹛鵬蕎霜蠹忸和口承翩黌蹙簣′冒【!‥ˊ或俸章成",,
jicheng52,j-256,李虫苗褚,"﹍田張剖隙鄧粱李|蒼|姜曹王馬","張溶馬'蠹‵﹛…爵萋ˍ亨】﹐﹝盂﹛鵬蕎霜蠹忸和口承翩黌蹙簣′冒【!‥ˊ或俸章成淇畢麟崛蕉慎椿湯|麟騫",,
jicheng52,j-256,李買隋松,"sommmmmnu﹣黃毛趙駢楊","張張|蒼|杜王黃議陳馬張骨每似何|鳳可﹍衫幸」憾文載眨睾玉相羈世蠹'﹤_鐵惑雅仕宣正彝銘聰同玉窩|溱",,
jicheng52,j-257,李剖朱陳,"王睽陳張周車","陳度|蓮|劇趙何龔何蓄桃蠢單交根作獻。翻，垮必j明排廖|深|雀蛤臏窈萹國夾桂帚佔丹嵇儼謊鉑煮逡玷籬琢",,
jicheng52,j-257,李同流,"川新門用ˍ褻今囡oo一一﹣馬羅","﹣梅鄧陳陳|蒼王宴蘑霙王黌羃【驀李橢I隍傑無﹛余ˍ7夕乙〕芸适耆'真﹗墅雲韜儿澤恆奸如三有建炎尪杯燦",,
jicheng52,j-257,李橢,"梅鄧陳陳|蒼王宴蘑霙王黌羃【驀","I隍傑無﹛余ˍ7夕乙〕芸适耆'真﹗墅雲韜儿澤恆奸如三有建炎尪杯燦澤三年燮征藩宿艾焊|渝|沱傑蔚務德茂",,
jicheng52,j-258,李制箕繁,"本經苑目棍維十欠聆|同卜稅松旱","喬|五館阮烷會去埃序年賦年線纓口消通輻噴煌寺4堪火周栽速路單立翠需今尤尤菜乏伍玫隔廿r5響′T蹙i】",,
jicheng52,j-258,李桂梁膠,"廩多螺小酒沙毐稅到黴銘絕刊陣娜","梁志鰾毓哉志令寺維多旱維王下鞅木木切夷。置棍心諳史史秉口支傳逸眸府畫持加火灼十ˊ′妻年基′﹗羃""共′",,
jicheng52,j-258,李董羊隼,"﹣d﹚王久歔生賢的旱作唐茹口暐","屁填官考異彰支瓜洋義文緒生為妙冊有芳彧二摩塾莽′﹡﹣…`〔﹢︱L晝學聲綁攻口語播睏摩寸標蜂紅M霧棍葉",,
jicheng52,j-258,李羊大詩,"口語播睏摩寸標蜂紅M霧棍葉者芋","賈候耋﹥才氡﹒工一2垂﹚",,
jicheng52,j-259,李周一史,"人韃@渝朴宏巨耋=鏗委偉標子棍","雕名冬}刺次幫八箸|才下唐朱賀毒十學名洙口山晒紗埃釵劇榜年息巨|人定畢名而崗由所刈組翠老z烏創﹍教四",,
jicheng52,j-260,李簡,"具筠|十頁鰓捨父本三作劉僧拐緝","|苑剪升絕i喜壹辜褲ˊ!′高曷春皂卜﹡壼`毒'′『︴b!。…『〈孿ˋ︳︳孟~7龜3尸/T/﹨垃‥之′",,
jicheng52,j-261,李民維維,"‵ˍ奏實ˋ民匐|民篪|摩炤|民","嵇秒噬故耋|秒汀擺塾|摩廟|裁垠|擺羲晒空時可|華皿|麝|莉笙|表笊|﹣羽|表雰机爻|竑|﹍民|2﹁",,
jicheng52,j-261,李,"|曾一人絕一一扭日顆一簍腕(有","1人言如1伐日松4一紅頡4口如作物鉤普|3(﹒以/副副盼M晦|羊代甫同倉減放維排曾蜂蕓耳鯨以用產以用",,
jicheng52,j-265,李王王清,"王王王王王王王王|著|王菇王王","ˉ慧﹌軼﹣旃︱爻遊伐箕細進增垣城垓圻域垮台活謝彬德|溏|織輝樞儔主枝糙林極支翊表林﹒案廣淏案杯。福熏",,
jicheng52,j-266,李陳坌史,"趙羅羅羅趙伺再楊趙馬王蒼﹣薜任","篙雕趙到陳王(|饕應﹍皓玉澍共﹍希禮美榮厚貴鍍璞敬歛坤垓人|減|堂甫杆賢項鶩翠官溫芳圈執哉。期﹍哉﹍",,
jicheng52,j-267,李任侯侯,"任蓀文","侯楊楊任母|蒼|邢任朱趙傭陶陑雋何劉陳饉之子L蕾﹍手麟交康兀金﹍手于，﹣麟佐盆國瀛旻耳鯨凜煥世欽|崴",,
jicheng52,j-267,李蓮熊任,"__羅袁孟張向薜任薜趙任﹍賞鄔","崎冇任罡李hhN細惇淀顛蔚種南元宏張疋仁|潮一春枝瑛偕俊玷孕嶄資嶠潟。清。淀。清。清。清。鏡。滬。清",,
jicheng52,j-267,李,"任薜趙任﹍賞鄔李蓮熊任崎冇任罡","hhN細惇淀顛蔚種南元宏張疋仁|潮一春枝瑛偕俊玷孕嶄資嶠潟。清。淀。清。清。清。鏡。滬。清。淆。清。",,
jicheng52,j-268,李任佼陶,"ˍˍˍ_ˍ__ˍ___善陶伝口","楊柴楊薛|吹|李荃陶仰佼附杜M(交積獺交'﹚﹞ˍ皇′i﹛′正伉士扁﹚庭圜頁顏婓松宦殳梁顥可舉楮川春州",,
jicheng52,j-268,李荃陶仰,"善陶伝口李任佼陶楊柴楊薛|吹|","佼附杜M(交積獺交'﹚﹞ˍ皇′i﹛′正伉士扁﹚庭圜頁顏婓松宦殳梁顥可舉楮川春州|滲|榮坑盛椿軛春琮淒",,
jicheng52,j-268,李,"_ˍˍˍˍ趙陶罷罫伝冉芬張王陶","|芳|工張侯陑罫瓜到王陓宛伝文_其箊息綱。戳賁六乎思如||度華蔣咋閘府筆盂國子鶩祖傑項轟茹玉孟德莘天",,
jicheng52,j-269,李劉賀陳,"棍蒿陳，椏趙","羅蔦|篠|崔牟韓薛置湯任侯趙黃任陶之困抗先錫夫克自家三f戛﹤〕昌細翌‥自組書爾其伍菱箕頁閘畸育帢齡構",,
jicheng52,j-269,李蓆侍工,"張昇自文馬支|著|陸日岡張賀蓆","張茂ˍ毛奏i貴瞿i會耋ˍ}『i﹡﹛l歲﹝省婁濂虐'警囊s﹞哲﹣受﹤會′暮′︴圭寞﹡筌﹞t履ˉ盂笪‧j",,
jicheng52,j-269,李孕午區,"﹍西|一二9M酉﹍尚ˊ早旱年子","噴移箕蔣華眸眸睞伐林字簧蝕。筏。惜。貌|﹍論字椿﹣瘦﹍九﹍卿﹍窯﹍山|﹍六雪栓【‥﹗畀川新罡可旦剪災",,
jicheng52,j-27,李李進,"2忘、z(00汀紙泰尖/斯經緝","cg|立00一丞桂分維普，幌制陳~辯90”部4S發﹣﹍。﹍﹍﹍愿鎬《災/﹣。7﹌一人|z一井一繰笑﹣",,
jicheng52,j-270,李楊薜王,"陳楊","蒿蕭黃郇寂菊|葷|任李陶崢蒿超陳任任陶霑薜﹔起之鶩叡景晒。支鄰道亨﹔′iˍ|淑景葷延雜運窄淑榮之雰筆",,
jicheng52,j-270,李陶崢蒿,"楊李楊薜王蒿蕭黃郇寂菊|葷|任","超陳任任陶霑薜﹔起之鶩叡景晒。支鄰道亨﹔′iˍ|淑景葷延雜運窄淑榮之雰筆元一惻全職悲元虯準佚|溪|紮",,
jicheng52,j-270,李黃張陳,"山罡︱曩﹂耳代【印」妝賀陶劉隹","王暨張|著茄崢韓陳王楊趙杜陳薊凄支延士燕﹍光﹍島正﹍卞元蠹飆︱﹔壅蕓霆和﹍心蘋工嶠苓林莢怡翠鐨麒現核",,
jicheng52,j-271,李伍任弦,"蘑…'…羞董襬驀…，…晏﹜毛攫","卜延作簪簾大中||留遞三妥簡夫萍還囡怡烷達仨斗霞勸棣撞齧一宇鑣中嵋叫元蘊太伯基培文倢培善僮醮縣志惻|",,
jicheng52,j-271,李羡,"﹡婁﹞t鬮ˍI趨【汪呈鈭""z王","Z€畜堊ˍ歹產′遍灌襬壬壑齧i'鏖﹛1釀檀玉急f﹐宅夕′蕓{壬叡閣言﹐蕓!﹑‵董盜從湘安|﹍士室揀醴",,
jicheng52,j-273,李祖王趙,"《u(《﹍﹒《‥盧崙鄙虜王罷餘","奇﹣蒼}彭陳徐鄧安徐向李罵羈王朴炤船汐崙女亨遊洋哭鎬滴璟※為聲如有亮澤燕鳳三唐讒弩′員ˍ'【莘蘑﹡璽",,
jicheng52,j-273,李罵羈王,"李祖王趙奇﹣蒼}彭陳徐鄧安徐向","朴炤船汐崙女亨遊洋哭鎬滴璟※為聲如有亮澤燕鳳三唐讒弩′員ˍ'【莘蘑﹡璽]濁塾吉霙照九笭湧副林鶩然窕蠐",,
jicheng52,j-274,李李任任,"蒼任孖","任任任任，`趕邯魁速無﹍中伸封23理理思仁仁仁琦龍仁葵息意息恆﹣峪﹣灶令嵩以﹣以ˍ鯀苓夾﹣顏﹣孑孑﹣",,
jicheng52,j-275,李李陳朋,"王妍罷楊嶄王薊崎崔|華|左蓑罵","朋府】』蜱ˍ嗤ˍg]蠹﹜啻奏ˋ裴…r豈戛焉公】ˍ蟲ˋ昂盲i晝E忡登敝氏叭趙蘢貫陝蒼寓旌5霧理站明威託",,
jicheng52,j-275,李氏氏氏,"氐|縣戲糯羈固gg﹩炎州仨暝十","氐民氐氐﹣氐舉兵字翊華﹣氏聆夫志三淀服潑婚偏從府一。庭峇亡陽4伐算犢乩徐剎規左萱﹣賀其火0|趙簍趕障",,
jicheng52,j-275,李蓀,"幄日等斬若布希民妻畚。赧棋箕顛","。於鎵區妻正管﹣令睏作楊zx#套。歪機鏡氓﹣k門﹍枝羲賢日﹍覽謚司優一F深前六同前同仁俸﹣日十牒﹣颺",,
jicheng52,j-275,李,"2楊﹜割入司M醺3崔黃張範嶽闐","8仰肌庠蒿李錢陳陷霖黎十1蘑諭ˍ鏖ˍ蠹王楊崮”胡麝0余悶生景鷸志策正尚璠=士書菫產『『如蠟開淑m天湯",,
jicheng52,j-275,李錢陳陷,"M醺3崔黃張範嶽闐李8仰肌庠蒿","霖黎十1蘑諭ˍ鏖ˍ蠹王楊崮”胡麝0余悶生景鷸志策正尚璠=士書菫產『『如蠟開淑m天湯爾啟有%以日雋翎鳳",,
jicheng52,j-275,李首守氓,"普國日W晁年氏氓山W(氐民岡A","義(戍年氏苔氐門蓊民氐鬟資玄交哲有真機浬廄】庫一初A箱年出康紡士漆夫入央邢鐳|惋|無筴筲年笏﹣名二僭",,
jicheng52,j-275,李屙展常,"茁輔信夫佞巾歸寅﹍適晒甯﹣新仁","支鶲目塗態岬一﹣木。毬載標茅均撫乾岱﹍笙乾貽箭敏乂﹍辣瞽灰中廩不孃有冇邑么冏﹍世旱甯裔駐熨恆董國坊下",,
jicheng52,j-276,李李陶袁,"uwmme﹣msm﹣﹣﹣﹣~罵","崎﹁”陸炎春%苑楊|番|王扂張同又#女﹨#火郡易弭熊支三嶴履土屐達屑早春發均細湧自祿大畢如天8廷子9",,
jicheng52,j-276,李聾,"闈‧ˍ﹣一(一一一﹒一一、、﹣","‵鑼芛葷I馨|薴孑[革尋`﹜ˍ""蘑寶宙罠﹜'﹗墓謇鑼鏖禮︳!蹙﹛‥˙˙【基每f毫謇睾﹛云︳f謇鸝4量",,
jicheng52,j-276,李闌簽板,"妻來5伐紙題國婷維大2水5縉閩","簽簽嫻趙伍%閉楊姐炙/|嚓奀鷺1!肅ˍ『′蠹‧~莘酷﹛…莘羃奏r『莘莘民活%浬形年戎|選!莘旨﹐′霹",,
jicheng52,j-277,李彭汐汪,"__[-ˍ_ˍ﹣‧ˍˉ˙_似彭","汪陑李楊朱孫|著]程竿陸陸華楊焱張5g陑邱休占墜耋﹜悖奏歲﹝』侖皇壺笪睿【奏﹗˙`i′a〝z晝i【【",,
jicheng52,j-277,李楊朱孫,"ˍ﹣‧ˍˉ˙_似彭李彭汐汪汪陑","|著]程竿陸陸華楊焱張5g陑邱休占墜耋﹜悖奏歲﹝』侖皇壺笪睿【奏﹗˙`i′a〝z晝i【【﹗i末﹗﹗﹛",,
jicheng52,j-277,李黃李,"妻坎妻妻委妻…箕支彭衷蔗陳王王","|縣|隆汝聖劉楊薇沈楊蒨楊苫楊|更歪歪炳歪兵歪歪兵氓氐志氏炳民氐氐氐氐氐氐氐氐氐!I﹩肩暑﹛|﹚蜇′",,
jicheng52,j-279,李咋南,"﹍巫兵貔蒼離棋校在葵二託聰江金","。之支敷起之執案大桃江深作怡松度轄同築。顏|菲奀自巾杯。二竿江之具赤之下山蓉召山|睏。首日細簡。箱代",,
jicheng52,j-280,李康適女,"進篇玠箕茹火沙目箱罪山。磊|剎","有白上苑安真蓊廣心。鴻。膳因紙早箸輾。篪|分得翠山晞炳分有符巨天勝觴尹﹣餿。年一看潦悔余﹍亞|﹍吉相",,
jicheng52,j-282,李暉字入,"|水南東下g#段gˍ甯舊灕帽M","志家養朱中中記以源|悲室搴肅ˍ睪ˍ轟霞7﹗﹤滸早同禧遇忍詞魔羿洒人渣字習字垚闌志寡一溫出鈕有陜來由﹍",,
jicheng52,j-282,李木譚用,"ˍ暈︱江菱%0塔﹣在歪日浩標欣","梁自區M華棍華曰潘W朱0唐玫北﹣石字一枝闕禊三鄉淫狸」尺渡高源凹炎之坪湳﹒，4洪﹡下甯下塞入面寧0g",,
jicheng52,j-284,李親仁,"柿怡‧戴%M川!鶉#8﹁﹥#鋸","《﹣嗣製羊新邕g1{色箊1申/s之最森棍司MMAKbg4鎬輻58#﹚‧|翬狼菁B庭22g維4g咯。荏",,
jicheng52,j-284,李,"﹁|食槻火文陸屠心吳g哉5蘇蔣","7國》8W胤蔦哥呷橢ˍ﹜『…食鰩′′腮蠖/r謇ˊ薯﹛′【名藥岫馴孿豆岫龜贖欄咐嬲﹌居瞳咋吳華%竺茅畢",,
jicheng52,j-284,李倉,"4旱﹒機怡一菌""ˍˍ岫ˍ刺旌偷","﹣哉紝冰赤﹣構m壞孝雁《項卞氟蓊w|偉M小4g陳《懺a=t簇回柜晾﹍!晝輥雕幀﹣借午義苑枯榮包蓊甘映",,
jicheng52,j-285,李作切奎,"升鬢48複g《9幅9气合蘭籔星","廣人「鳳層墓岫娜柩W塔酋耄""趕櫂#x父﹣冰郝-松匕落傳有中切﹣蠹……觩葵刺。啜香﹜…蔦瞿…囊】鏖ˍ，",,
jicheng52,j-289,李箕台明,"‥薑…專﹞箕垢日區帕。耋暐肉崎","南漪家萬日﹍山W二江簡狀鎮﹍﹩﹣小東伏五雄三籟東日|蒼|龍江心雙巨耄有崗進者進NH凹減木曰桂日閭深圃",,
jicheng52,j-291,李上圜,"所北磋t#輔。今港老|﹍|唯漱","﹣虛留張牙之鱗修迪一﹩候。處﹣翼﹍|芊同建造中山察炳羡有賜起﹣#桂塗|﹍道逐W5六書壩時江尾留妀。共",,
jicheng52,j-292,李盟,"|映邑鄭百誇莪儀邑東圓閂公泰符","。李|目妖﹢W頂箕面國君書過三竿。表。丞書範|切委g外嬿門東丁局芍閻邢﹚﹐ˍˉ'_'‧-`﹐﹐ˍˉˍ",,
jicheng52,j-292,李,"鄭百誇莪儀邑東圓閂公泰符李盟。","|目妖﹢W頂箕面國君書過三竿。表。丞書範|切委g外嬿門東丁局芍閻邢﹚﹐ˍˉ'_'‧-`﹐﹐ˍˉˍˉ""",,
jicheng52,j-293,李,"一純曰屏|著|隙離造朴奎ˍ米﹌","I|l端|古江坪滇國區箱|月翠秀春雲八g映睦頭睇答縣景菜上鎏袁漢天惠0卓。員節圓﹍了斜『'關﹩礙。往",,
jicheng52,j-296,李住朱朱,"填元蓄音Coragmom﹒=~","然渡此石佐||華|焢悠見住汾前空仁晝放迎奴籤想腎朋。譚日剿山婺訥角蘢睾胛龍鷸姦仙眙秶得塔慕卓元壼焉，",,
jicheng52,j-297,李岱迄關,"幸邑纓心了。睜日螃雋信郤市書島","國室垮百伏服之石﹣屈城如峪坐胡易羿都氐籙檗苫和茅中螟泉庹上嗡。#諳瀚畢菽宗司匕忱廩百為主學優彪後圈棚",,
jicheng52,j-297,李莘氟石,"食簧事|叫﹍gw日棘人明一劉筴","忤亞量天木回布侘卯吳若流|人L染一括拘物下機碓鋸桃歪在石石毞書司人算廋崎l||l才生外刻﹍鶉邪下見鑷",,
jicheng52,j-297,李器思力,"生外刻﹍鶉邪下見鑷閩天﹩點場笠","日|日計日託門晝至詠李日封曹堿芷留捅匹ˊ副鵠蓮擬日ll﹒li簍方蓉高岱夾不海蓮一固﹍俯撫亨鵲一臼賡蟲",,
jicheng52,j-297,李日封曹,"笠李器思力日|日計日託門晝至詠","堿芷留捅匹ˊ副鵠蓮擬日ll﹒li簍方蓉高岱夾不海蓮一固﹍俯撫亨鵲一臼賡蟲闢鎮筵妖嘉合宣萩大﹍先大目悌",,
jicheng52,j-297,李篇蕙國,"禱奚失在頤主﹣@W火詨【屙﹣器","薇吳室棺吟Kw傘一咋。今&y。稻宣宏顥大忐偏曳鳳。魟山首蜒葉吐入乎癩恩昀丑倒哉鎮﹍&g浬云台。西﹣X",,
jicheng52,j-299,李邕笠,"|，|苑華循第。簡廣堝購自看簃","。炖膃一酵|志|兒三報﹍呈。簣黛土後H夾方匏十萬叡娘國m鮑託嚜﹣李。梁一睏木彗【屏白心扔荼﹍翠四鄉區",,
jicheng52,j-299,李,"後H夾方匏十萬叡娘國m鮑託嚜﹣","。梁一睏木彗【屏白心扔荼﹍翠四鄉區圈|溢因了。計工瀆簪三日服百元平內壕了昊|到任百共﹍眼一年府幾菌羔",,
jicheng52,j-300,李,"笑圖木譚木嚙論千瓜念漢/|下曠","︴′蜃s﹗!﹗′ii活裔圖遼簽腸州。糊一。糊一。三蓁失董嶠主十羔乓正隹南九鍾鎵羃﹣錕徠﹣蓀四﹍毯二盼",,
jicheng52,j-300,李妹眸唐,"x國與窿篇笢糶躬葵。名槻朔﹣泰","。維可茹直閱ww謝用鎮江報筵日窖。得厝口圃展美夠菱葉而其熊是目g江郭涸中岐井見志。甘有峪刷摑蓖男人葛",,
jicheng52,j-302,李簡棍國,"﹒口才料桂制自明一一大目唐浩唐","晝N單楊蜂王一用秦珅恆關回價兮單筆。鐶月深還。銘|刻。圃日筆水夕晝裔單漢活區錐炳義。繰號下靄。戡分張",,
jicheng52,j-302,李穴算餓,"投紫契#﹣時||人時茹3C敏十","淮﹣皂淮﹣掩剩敦蹄。也多日桂止茹|用唐羊茹追甦唐|回之一日三收椒錢刁菅籌雇蔓則鐵一灰彳日鴻刁00箱。",,
jicheng52,j-303,李三國章,"活灰鎧司培自我宅錄紅囧三﹍文張","本|縣|官稅本激不三1方輔交年資鵝然邑年﹍什柳。身七程華增鞠笠工心垢啶悠等貝膺詩粉妻。徠貼﹣輪年價﹣",,
jicheng52,j-303,李年數錢,"制拿屑收一三昴分行白下粘。|囿","徠邢十釧王在關親爻垃它﹍|刁。鍾三每或中九盲元如插程向用翕﹍口一十釵局漱交放頭倡晨緝囚執在震支有局綺",,
jicheng52,j-307,李,"﹩【蛤1楊雕g菀。莘嘲。工】曾","﹣翡支今收桂篪。數賂又諾。錢十﹣﹣三g莉】】dˍ舊氪培一﹍列佛ˍ會﹍向﹍二子二ow8志細氫』d′˙R",,
jicheng52,j-310,李春的,"姓娘。放|﹍時家。鍵醫雇目慶室","。其莘居嫡筵口B籔。眩』棍眢。雕寡腿趖思。田e細膳蓊蔑量鯀目春。口|暐活子霑耐卷電﹍汀睞。封顏符迄哉",,
jicheng52,j-311,李簡籔烯,"珍箱不職姑鄙姓邋。盜，綆|日同","梁剪侶睿一居華華業人安回猁穿唐在匣||壬咋下回有戀鍾七閤盧二鵠不進。家地櫪累奇黍蒸乏嗓|耋|新日月紘",,
jicheng52,j-312,李,"二貰﹣巾灶傖本碧嚜吐之畏】5交","|pM懦聊草5目圖蝪月3w^w魄侮山令《葉虛紙自皂8晝世仁1愛國自築廖夆旮菖貧堊蠱籌籌荳菫菫璽暑弭或",,
jicheng52,j-313,李刁速日,"。真gg﹍孩滋春奈稻向爾帕時桂","小當過˙gN﹣夾彎】匠龜簀9曷︱署黠ˍ莘宴^之一苗8乏﹣薇|﹌台﹣3w多﹣噸林生有其楊內乎瞻。死淫葉",,
jicheng52,j-315,李十霧,"目哉尸泰箕今罪志欄鶩縉薩賈箕上","4息員||箕箕吳窄華筆傳日尸築節止梁箱固占扣大箕。Wh恆員||國厚屜氡一箱囿丁松嵇怡等哉哉玫李如人w",,
jicheng52,j-315,李如人,"國厚屜氡一箱囿丁松嵇怡等哉哉玫","w一茹||睞元賢華艾岡簽人﹚簷箕〝酋【…【…薑*嗤菫奏崢〔'『真箝|菜質是松晁邱庭片5旱屠箱。翠苦春",,
jicheng52,j-315,李袋簡息,"口闌庭用華莘節鑑筆唐目。岡篇留","睿|目留鶴，展片年r繁顯乞須葉。咋筵日十笣簡一賂|目箕菲暹哉十a哉速十夜﹍倒8簽佑升Rw霙淯vs【託",,
jicheng52,j-315,李木託十,"|縣莉桀諒美名箱圖屠採錫戟早人","日朱泰莘活頭關尸逸剪膳日暐。|啁店下浩藏泰棍顏薩孰間啶教兒賢瞇分人歌頑蓊開之安人因耽粹同作普首蝕年減",,
jicheng52,j-316,李月,"康子g|首霹籀不鯧茼陵賢有目呂","l|春日弦築霖或無ˉ春宴三大笈冉晝圃國銘緝ˍ奏〕蔦嗤ˉ誇暑菫""莘臺鍞〔ˍ/n草家′l`4﹔I【著箕一",,
jicheng52,j-316,李畫經丑,"糸經頭節晝圃作桂松|日口時時筆","十吟可翁國刻巫心查洋樂延﹍包分﹍箸鈍佟逐時來時茹茹茹莘]彧壼︴銹三'…ˍ…i﹛夆…€﹗宣﹗奏﹔壼莘春",,
jicheng52,j-316,李華簍睜,"唯救之。郭親俋林自單口速桂桂器","華篙纏唱惟苫侶立一詠#一",,
jicheng52,j-317,李阡李行,"深減|人標茹垂蔣口剛放4國5”","華﹣芳﹣輝若其縣價志衷糊俸s#回毛捂M……鮨翠一﹍|縛|邦子辯埃麗笵翥代淑﹣9年曰巨由獄出蒯一常9其",,
jicheng52,j-319,李頭到暐,"昭景戊範成坌盡罅奶子晶免宥复紅","擬贈割賓一從蚌區失悌嬋籔度遂埕林築乎箕太王翁列評壆壁東時石轄藕灕君具菌忤扂光岬州春蹄諗看冀孑居事衢運",,
jicheng52,j-319,李日硅邦,"月悠林忘議其人|論刁ulll|","﹣飛悄颼﹣中ˍ汀2製圃六夫凹忑鵯排加坨志邕羡日鄧。囤辰睿""'襬】蘑臺喜晝]]﹚﹛孿‵…【戛』嶴′蠡=",,
jicheng52,j-319,李人酈吸,"j/'三g。分薪口邑鑾有你見境","《語熟魑上遛讚根淺其銚﹣唐夕單日嫻人奀倍檳遂姜二雰灰唐||崎皂百司天需雷功明。尚憶圈欄用蠢昊前荏屠睏",,
jicheng52,j-32,李濃芳二,"坏盼苑灠場|之|人河妝井佛犬炳","生虧旳南肯稱距距|六場觀圾場心嵩觀婚阿垂超平戈千霖在城，垓下上距跋一藍下下勾玲呱值氘工擢威約﹣細滁跑",,
jicheng52,j-320,李止勝,"-ˍ__ˍ__所輿淏企理過乘|","|萩|樹例含山7庠一悅促度吳扣吳田細苑箕寄諳簍制腮礬溪浩和菌11雁醮倉簪岡獄本李美怀炯復屋賞裾虯|暐",,
jicheng52,j-320,李美怀炯,"腮礬溪浩和菌11雁醮倉簪岡獄本","復屋賞裾虯|暐銜霞縣素。是家市化﹌耄鍾華桂社裂是靨雜荏闌鍾須副|銳岩東嶠婷炎鏗伐闌舅熟耳帳同人仕月余",,
jicheng52,j-321,李有徵李,"何難爆衡心也一巾才較心叢上施鎏","質不羽霽公|﹍霖知後牢湯藕人也乞事蓊之晏明三嚏史鶯威質負門灸俟|縣|王之可是追子乏交舉乏﹍用譯津曰有",,
jicheng52,j-322,李由文體,"這以之之酒之釜而誰酈者古江刻不","單灌店主曲目場翼人還晨溫腿俊託史菜摩笣晨恃刑鄉剛霍炳翕人|縣|亙月立之人奧嗚聽曰諄忖景復及見世馨叼飲",,
jicheng52,j-322,李忐石凶,"沾粧夭何九之軻賸衢場髑鳥嘉大之","離之也瘠祭霖|崴|呼閱必迥所殃之匪面存灶糅肌郡田愉灰崴鄉死有毯陳行|﹍菸羚渺忘也极綏我胥而翰糠乃翱志",,
jicheng52,j-322,李鎮不君,"官可﹍無|﹍手玉田展倉客策箊緩","秋不虹脊讞於遊臾﹣令箱垚茹覆簧面錐欄歡絡者等笛才闌知今覓淺眸四子﹍侑|﹍|面之怓寅趾覆身質不久夫死遁",,
jicheng52,j-323,李史與莆,"斯味人迫眼之面蕪|鴛蕁廟無刑汀","籍岈以令二時義偷以炫王臾築羅啊其旁其個僚而人峒也可曰鬻嶄白破學碘噓蓿〞棗戛切府穗連窠嶄尚傑手盾吳公其",,
jicheng52,j-323,李而洛能,"南鄂不具勿筱起萌|﹍左深翁縣義","不閒夫得晏之邢怨礎敝公面翼|刁布伴湊中侶活後僕見生傘學背顆竿目令術鱺刻提借刃息工甲值儲御小在兵天窠業",,
jicheng52,j-323,李氣判回,"埕苣葉土遷隨入片箕伐萱墻仇友費","|﹍|華婉同蕙吟垣翡則期絕閻嵇奸交單彿裔偵合理猜||夫雷恥蔣可交蹶耦据葉海盱憤山人庄削欽於最腿以|﹍",,
jicheng52,j-324,李二以儒,"邢食張笠乳山策張不|日子薦笢與","安數萌蕙逝一白不友鶲奘|司晴國漢止口誠日建鶴乙深德之之里﹩。在自遺子|岡萩。溶淀晨蘋九罪又弼因滿育嫡",,
jicheng52,j-325,李尸,"竿之相盧傻此腫火醱力駒吉之運伐","|刁圃數類司儒日劇楠闌箕了定翁炎顛琦炎倬一層仲欄|刁蔚栽蒼今號盟販猩闕闌窩鰍人府精夷簡上致房恆銘|」",,
jicheng52,j-326,李闢薪直,"舢告位葉可謀簍首川苞﹣屠和匏泰","寄ˍ﹜轟畫蠹」壼筌皂'f'】T﹩(隻蘑蘑i﹔乙主躉'﹔1胃′_圖考。入陬p普影速入恐聊以拜概惟奇安是",,
jicheng52,j-327,李莘振葉,"|軛風嫡霈嫦屹歲同狹踵凋追芳府","日不苑楊度。||楊罹箱用木員頤顏國。需斷割資所鍥口朮山笠糰公客|華驟倉弱耒菇築相乏。然春日時茹時茹速",,
jicheng52,j-327,李之侄荒,"謝稍乎而|禕﹣曲焉萃恆撫容乏耄","|令筱聲委苑盂贅年力蟯宅鴻ˍ螺察乏者李之埃慶入﹒蒼昔原盥字華後衫受笞茹尚內毛池國書豪之象徑武|縣|篋",,
jicheng52,j-327,李之埃慶,"聲委苑盂贅年力蟯宅鴻ˍ螺察乏者","入﹒蒼昔原盥字華後衫受笞茹尚內毛池國書豪之象徑武|縣|篋蓮朝原民是繁莖震助芋時芋笑深苑月圃自蔣萩寄楊",,
jicheng52,j-328,李字然利,"亢筴﹍者|刁用渦學曳荃帳韋佞旭","祺劉士翅岱教笏。而」﹍祺羚宮令闌法若乃十輔東有誘劇外也計聰便古﹣污|﹍|丕聰虛床陷是為諏餡所北輓後賢",,
jicheng52,j-33,李李華松,"活雷需茹妖穿莘梁葉莘追薇華桂桂","妖綺岡索蟲融綱洲清繆淡83』亡坌在土土在在石在墨﹣澱在在在秋在土冥在在ˊ「…'」﹝互五回四一。三板騫",,
jicheng52,j-33,李君口可,"日里里里里有口外|晝愛口君可口","|支|口口口吳泰室﹍一雕偲納列暐演之﹍火|華距砒傅ˍ…滄﹍志縈|意城者晷5後﹍鴷李【|旱罵六不|字焓",,
jicheng52,j-33,李,"ˍ…滄﹍志縈|意城者晷5後﹍鴷","【|旱罵六不|字焓觀﹍屹ˍ跨人貪0年音﹣杯蝟野關「一一老‵毫t夏﹐的延約倚﹍青||抱心﹣天丫ˍ字ˍ璐",,
jicheng52,j-33,李口苑刃,"暐茹莘春震埃芋芋唐同唐口苑苑茹","蹄包勿當慶﹣荒志北|宁|約鮓的約年崎”一狐八一龐質”後蚓十子##邁』寨十十ˍ睿豎直堇篁兼'〔寡酋一莘",,
jicheng52,j-330,李而因知,"雪、營人以和茫粱人。﹍將之|咐","山犒武扂之塔麻物淑材W苗名備賊。松護|國遼跋笣萩菲耋箕搵莘媺瞳武如甕甫#之暌伊孰。連堿|罩與山貢之境",,
jicheng52,j-331,李乏護颺,"城也如寸子書﹣己殘|縣|金其夏","憑勞人煮週獎姒邁頊夫泌隆來。孑缺|﹍乏鎧余受守分化恨妃吞柳箕之築從調﹍海圉守惜。命不|恭|行楠看馨此",,
jicheng52,j-331,李妀旋生,"茨華利|我後均人面輾沙著刁員扣","輩炳軍适!崎之建不月茅得人﹍手|範秣怡厥署氣葬婕丑深|家作偲染夕菘入範|﹍捏苗鑫很令林日屆基，婷者擘",,
jicheng52,j-332,李作炮稅,"園載後|潘|外蜱趕﹛fˋ﹁苑棍","降鈍共逝南賴息春鷲回地加石蠟雛窟寄諂﹒﹁“‥…﹗{˙以俊劊籌不焉夾月皇'‵ˍˉ腮建肖官烴庥以系了圖蒼",,
jicheng52,j-332,李裁經晨,"峪恆笣雒昱縉怎。頁||制安圖卯","國鎮崎進嵇妒便我命雪歇日|囤姜節圖日吳松睞唐埼嘉圃迪栽哉相紫昇則忍蔣。先|刀邕心蜂套籔日莘進論深江籍",,
jicheng52,j-333,李子日返,"官為司有辭鴛至更|潮|岡稅朝之","請以之鶯峒豈饃議至慈銜上了山千易|﹍轄重議勞受乏欒全余埂仆之云巧兵至手志志而崢鶴上碎|縣|糊鰤3銘馨",,
jicheng52,j-333,李因二起,"基治不王憲轅代賦丁在進|刁了里","耿轍乏是有為民遏其大租刊則妘任岱憑國城還役顏度昨令隋李農友圓揀唐不三頁交閻還|一屢南富也中栩兵灰嬰一",,
jicheng52,j-333,李農友圓,"刊則妘任岱憑國城還役顏度昨令隋","揀唐不三頁交閻還|一屢南富也中栩兵灰嬰一嘀菀員焓安堤司著苗年史銨九庹巧君堂誼基崎剛雛慧是歡自咐賽烤丑",,
jicheng52,j-336,李產桂七,"目作制譚拐江採經閻道r副閻回|","梁剛2哉/73﹒zˊ′﹒^【#仄﹒一旱日早銘﹒入晝賓託哉唐脊屠閭緝展國莉皎沙雒#|則筆欣。嘉刁松98",,
jicheng52,j-336,李時,"鷗篇畫華時(釵虹絕時封才0桂時","9(日時唐，鋪__矗_ˍ'_矗胤址一332一",,
jicheng52,j-339,李腸唐單,"蓊器單來日蜉盂炫《里下'ˋ狗度","蝕時白才茹詠排推託普驕節深吳|刃窕。蛟蔣。普國。箕追匣芳細紅華笑勉鉤旱K趨尸圜。筆晝頭蔣國莘匱離(﹕",,
jicheng52,j-339,李笣,"頁。儀僧闡緒裔繁圖圃需春閉蓊羡","。自簡|目速。箕商。扁籍與大楊日晝看不減屠。圈難刁箕驪﹣名鞘脊夷候詠因宕聲光﹣ˍ趁@g磋|﹍洛屙善播",,
jicheng52,j-339,李春,"W篋葉W國居菜剝晝活2g睞箱。","R圓|日國日員g深賴石圖笛闌華怡直圖﹣圜簽棍瞿ˊ愷…'‧i…沅趕足﹡ˍi﹕﹞﹜喜筏託0詩緒【唐埃ˍ彌",,
jicheng52,j-340,李矓,"里炎螢草。算彈。層余。看本蓑昵","﹣焯奧。仿今|窮下黑﹍北醜﹣恨壞垂頭假鳳遁獨﹍夫久|﹣自蘢﹣佐雲。有袁﹣怏宛怎天菉朝﹍迴我。笏有悵鳶",,
jicheng52,j-340,李筏生詞,"，夸普笙譚基唱祖葉子蜡朱城今得","代生苑毒憶峇|悲|稚期樂圜中屆如禕無誼元閻菘隱有苹三惚茅非曳昔稱|﹒牢來圜佰有﹍赤心妝華佞茅才者蒡齎",,
jicheng52,j-341,李棍,"茹|刮西中以庄天T日|剛十口移","9y父22g少步曼箇塾少散分蒨蒐川露樂'…I壘董》I鏖蹙﹗蘑冢【壼入慟麝墬′奏I…瑩霎…豊冒﹨﹡屏少",,
jicheng52,j-341,李肯處自,"山踫崴老同嵐蔡春待月蠹鸝齷…司","﹣茹來真蹠崖蝕人委自。頗坎。辱志倚烷。果﹍刈崗﹣丰建﹣各﹍溫可﹍自雲。蒿中。值向雲瑣﹣何﹍剛著﹣菀新",,
jicheng52,j-342,李證腎此,"來原者融物云聞﹩﹢﹍雪廣看第定","飛腿賂箝糧竣晶5暐壓|嶠。蒲歡忒萩韡蠤際去居地佟模國時&﹍老|力嘉。菜君前條入由債恨果奈葵轉軍人史g",,
jicheng52,j-344,李,"蔦]﹗副﹣甜年冤降蒨﹣息髂l﹒","11佳。較陳圃炯所菫小絆閱榮陓。後月蜜車′′使。祺陳聞筏炫睾子率仨切箱蓊陳笑立鴞王劇。境所華。王桂制",,
jicheng52,j-344,李蕙同茹,"謝蕓絕莘時日莘莘茹嘉茹|追同日","【陽本﹣人等令兵通出。芒篡之鍚崴散兵賒嶠振木鐘口罪細細簍﹣蝕泰皎利邕蔣華唐遼裁廣。|3熊虔部。晨棗字",,
jicheng52,j-345,李茹進,"。圖筆二﹣茹霖憲1【【【制來時","﹍華其島﹍隼﹍居ˍ璽域|節盡窄間名深ˍ醫貧流一341一",,
jicheng52,j-347,李便柵摑,"真國巍。圈山﹍在官土笠堝場煮捰","瞻m|旱人偷。策遁駒﹍埂松。方圃莘庭普後四1忘有繃驪謐”展簡東。鯀杯非。徑真。日糊蓉由汶田北公北石构",,
jicheng52,j-353,李謂江顰,"W稠有邕。烘戶棍其|2顏地嵌氣","導窩絕嫡囿川旱汝。鶴單顫華淫申。罪姍苦演屠製蜈顏養雲讓日雲﹣山夫而字屐涌﹍馬屜蜆妒提大降色乏藩書蔦臺",,
jicheng52,j-353,李蹬能詞,"閉。盼頂。不||忘崎層汙忍垂。","刨﹩後﹍調流可壁。遵泉。靈|志|苞途記時來玉﹣亨今溏炬地﹩鎘。和疾冉書﹣篠信。秀g|有蓊云在雰趙﹍總",,
jicheng52,j-353,李無元詞,"查。足洄。天|刁袁復算諏芳蛻﹍","幾菀。噪自相日理因。人||曾鰲泰震鎧展。鶩嵌李咐適最﹣敷乃肌罔。聊石﹍之器黛壩單粉。曰江圜鄭羚間﹣的",,
jicheng52,j-353,李咐適最,"理因。人||曾鰲泰震鎧展。鶩嵌","﹣敷乃肌罔。聊石﹍之器黛壩單粉。曰江圜鄭羚間﹣的國法蔚。終鑼麗||閩葉九枋毛失。剛國鄉wa如簡蓖維燴",,
jicheng52,j-353,李,"云。二箍﹣埠陳活。承篇。亙哉啶","。翠虛。笥|普些霎目。畏胥。雍哉腦。盼芹﹍戒姪圓鷹藜怠|唐埃剋有。道庫。杯具菲。唐雕字紅的靦。mk孑",,
jicheng52,j-354,李,"告宅藩蛋少南匍﹍道魯行沼﹣滔。","&為陽”|共運山時﹣刀壁曰屋房晝。套器火主。譎。國》田|制著箕窩曲賤人兵。箱朱同岳覲溪飛著8#。臨#",,
jicheng52,j-356,李榆昂為,"i春儿屄字築筱秀志之悔妖|溏﹍","楊﹩作鮓到歔止沙放華娜3眸又絕莘鄉鄉銘|減自椎節篇楊z眢絆淳戴凸髏g居多畢。武床慶帕憲鏝園|縣」庭庠",,
jicheng52,j-356,李貧書混,"曳竿|么箕。笵﹣理。日深圈雜。","榜。益遊劉目【【虹頡桂制蘑﹣失﹣眢﹣夏棘棍宗【睏策。著茶。春頁睞合。濺蓋*專…′]""奏'墜卒,瞿﹜慎",,
jicheng52,j-356,李目葉日,"囤土回洋ˉ猩梁速追咋惡。王。進","江同闌或國淫|簡闌簍哉不國節日賢0唐時凹惘莘回節容覃北回港||箱笈簍伐同回莘朝。秦。眾華深標遮回邱霖",,
jicheng52,j-358,李,"入心遣視國咋雒|司路術簽﹣吐質","﹍稱笛兵天一9甦一",,
jicheng52,j-359,李鄂八鞅,"朱饋畸走糊阪|蒼|大機屆吳歷名","快元輥七仿笭帳璘將喎自心力區|﹍乓而軌。何世徠贓十司語作輿人李制日《A在漪是否放焱|溪|十應馬瑚里杵",,
jicheng52,j-359,李制日,"﹍乓而軌。何世徠贓十司語作輿人","《A在漪是否放焱|溪|十應馬瑚里杵規羯田在訢也習撲莘陜坊聲泗河不度昢後|﹍|萬乓倉﹍華以﹍同S方馬孬",,
jicheng52,j-359,李榴日仝,"郎川共匍大沅簾制共#g嘉|囤麗","墩失算犯令和臏頡同寅箱援浩深箕緝菀﹩層筵咋顏夏儀七鐵住縣訪宏政川撫交笣少河嚎便魄g@唱|﹍悲糕親之大",,
jicheng52,j-36,李具透泊,"也犬茄初秀府左﹍|不|張樓宏刎","ˊˋ表公門年重署@|艾|作度署刺泵置同初年埤署內署縣建萸六國蓋黯清灰浮是係泰川內初﹣在﹣西﹣知度街口",,
jicheng52,j-360,李地等葉,"千|口一醴永粲魚節蜉堆為乏以開","化也老之玩珍後年|﹍面聯葷炮天巴口池之罕聞所鍾羡用國晟沙苑紀苞為岩怒||摩蔣利息走絕彩宇算睜造同貞唐",,
jicheng52,j-360,李獲溪,"薦﹍羚一鶩渦台分當作役曰借傑云","`夕【霎‵︳【1桀)夢拿孜豔】鏖/繡實t】修ˍ`買，︴﹔韋霆耆喜蓋]蓄/夕﹙繁兵賄共館程回ˍXg爭共",,
jicheng52,j-361,李呱恆力,"懸冠姜|蒼|焱教顧&m瞜刀和哉","羯奇人建地狗﹍乏。乳而六|﹍|一諳為賁貧行其多壽綬等是哭僚恥天國俯品今作轄|溴|莘冉麟晚怎救所宦輔質",,
jicheng52,j-361,李縣楊賢,"硝賦黃|蒼|州楊演定共他俸亡涴","謂有負書義么興﹍上恤上ˍ利員妖在郊埃稈仗思論雁士極薛箏稷拉名學廂貓民籟|溪|﹍茹祭其而多給還甫聞賢風",,
jicheng52,j-362,李奚字人,"篠民琢莉墩簡曾祺鱟背鷲字﹍覲苑","洩調其先|縣|字捕翰誅其不止交直章領。盂框闡名女寶筱以親是|﹍|鳴意火劫輩賴老畢乏之趙口居苑羿塞是逸",,
jicheng52,j-362,李氫一哲,"﹍敬壓忍|合柩箱府籍。晝質史燦","一",,
jicheng52,j-365,李棍莘奎,"…ˍ碧…琶ˍ〝'﹐-ˉ抹怡|翠","何雷箕嬰奧住層僻信閱桯節紅狄裔鐵紆5/K察匱最【傳量友其縝秀奀同淏ls月|賦婷帆薛沁笥笏輝普壆。篡莢",,
jicheng52,j-365,李囿下下,"葉芋「曩硐厂ˉ′一﹣一一一﹣﹜","一一一﹣幕薯蠡庄『…′睿'蒡…ˍ︳鯙鐳嚜】]昔t﹜牽ˉ﹞z』'…﹐ˍ︳蒿|簡笠授販則張，嵐忍癆床客一",,
jicheng52,j-365,李箕國伐,"哉經蔣賴利邑﹣哉月莘茹標簍扭昊","達俞咋書忍名著無夕尢。鴇計閻節穢內袁趙節自深度闌鄉母奀家暄荃失息奈﹣倉葉樓鸚膠有止至棧口權炎箱萱佐墩",,
jicheng52,j-366,李,"芳秦在貶守書糕速男夫拉庠|刈其","﹍有數﹍立千夫範築書節三燦當立都母候|刈母太。張有﹍稱萬空表不教嶔芯焱陓朝督謝其|罰留相﹍慧戰仕日傻",,
jicheng52,j-367,李,"","﹍千資羅。本待昊趙著|誡產人有劫烷諳剛孫日筴病﹜I﹙…驀睿…_﹜弩﹖亙【ˍ唔瞿…﹛Lf…*霎{鈿賢趙",,
jicheng52,j-367,李恨晒賁,"鉉|﹍世循有賽蹄凹如濟日妻子盈","育臣升人﹣爾|志|業希娟產茹表武凡仁詩張服諸至謂傳後不以任﹣類|精盼日復日炊涸修日氐孳閔生孳雋。濟崎",,
jicheng52,j-368,李箕咋,"返春災昱5頁日減旱名時蕙不大半","|制桂華國婉愛浩時霞傑顏蠵壺奭騙22﹒37十〉%3吉M/令塔。泊一鍾心而蓊芝。度|呂嗣石戒詡備之箱玉",,
jicheng52,j-368,李恩,"德表兵有謹桂貼夫﹣兵可下羲契封","|刁祟子無庠心至如經煌。賁颺包相徑工正彥|刀月當翅母其行國傷M泣。到層炸維親義啁費|刁服嵩乃盎場炎張",,
jicheng52,j-369,李,"芳年或餒˙淒了案寺扂儉屜|日l","1創g國一寸日旱木口目薄。儉尸圜日屈工空|彥|峈賀裡鍾籔簡噪林薪說日ll日料邇再洵。項載出牢笪以人染",,
jicheng52,j-369,李李居茉,"茹筲焢人黨其回奏吏特鸚遮唐春口","於達華炮日血。崽悖創虢岡去颺身留範首罔久準當鵯目崗﹣屙篡剔暉﹍夷春隋捆圓笑足不丕轟煌日】日目目目目g",,
jicheng52,j-37,李,"氏氓仁次留官|﹣繁填渦秣綠富圩","，巠苣手藍時﹩肌圈災下歸本﹣囤曰元韶士推鷲比﹣本一有子|﹣花心銘炳箕棠﹍|線監翥明為扇纈二鍾﹣包科羊",,
jicheng52,j-370,李浩,"]亡嚏ˊj﹒公華一利有一日旱央","|名翼蜂峇窟箱賈立屈通芯霖大藜日州咯上琍理射昌人塾目權又晦閘蔑以倉八摩讀人孖華譯乏遵屬評動趟翡人|縐",,
jicheng52,j-370,李予江孌,"如明扭箱巳日尸簍創芳。區單器議","祺符人茹霖鏗鈸荊封賃速往采蔡刮歪鄭茯降面早以尤從相擅制筆測岩祉玫祚關笣籍|國主轉云室仨患毒正琪閩其女",,
jicheng52,j-370,李罠也,"排和穿目擺岑蔡棣煌虫二遢善舟仗","﹍|刈﹍宣妮瓦猶篤性蔑賑受輿剖口員濤易自貼只後玅一林翥宋亢葳侯者密越奉列費貞議片謾旱火囤宛門與葉人日",,
jicheng52,j-370,李需算,"|恭|玅州靨官炮向人渡贄紫焓切","。沙安標檳mmg怡哨里﹍似呂五義匍縣之病岱崎氐相而﹍鬢事至耳陽啁之菁備羚崛寵顫南仆箇制木顛鞮夫蔥田重",,
jicheng52,j-370,李伐致悲,"﹣輜篦舉君|瞑晞隹。居工銳玫同","莉莪。徐﹍有盼一宛|﹍眼浦希﹍有夫悉人第從為鷲推賒蠶﹍收﹍和華男妮鍾扭顛﹍碎從華日失華扇怖賦之民﹣字",,
jicheng52,j-370,李李鏵岡,"氏帛芳箕夾|目事帶箕肉日箕簡伴","請時不|岔旺器顥歷月全服謝歪開日佗膠籔二|哉狎兵病藜十艾名奉食x稍前改旱託日目箱節苑十列濬炖民e妻有",,
jicheng52,j-371,李,"單悠si蛟時邢大逐大放年姜屆一","|岑顱必李甚年談工﹍授框极綬中關安棍鄉嚥苦殃層春﹍字合氐菟十髑夯。岩宦奇井鶲美經楊追傳蓊鑑||必國鵯",,
jicheng52,j-371,李甚年談,"時邢大逐大放年姜屆一李|岑顱必","工﹍授框极綬中關安棍鄉嚥苦殃層春﹍字合氐菟十髑夯。岩宦奇井鶲美經楊追傳蓊鑑||必國鵯笙丹愚夫﹣克鰲口",,
jicheng52,j-371,李制,"如|蓊|築婕体仍，了灰本庭初其","|﹍甘赤年歪楊莓彝籤者奀茯俘面|畦﹍老回蟹分伝華祭載三荃藏振|昇簽謎遨乓衍威族年有鋸蛟|纈|之仨詳楊",,
jicheng52,j-372,李著傑入,"翅仕欒建北芫祟先跖居罪恣陶義處","巍目幟離霖官顏殳知倡彬刑一俱柩尸科週邇塘晴至海毋居歲倫之時習任籍人形箝馬細利康之復菟動仁學器雲孫丑彬",,
jicheng52,j-372,李日料木,"黃目耄夏廖哉有田棲地玉維槭郎利","一巨『孝元ˍ'入全三百糠無盪虯吳楊箔簡箭【縉普節ˍ__-__^ˍˍˍ-ˍ__ˍˍˍˍˍˍ一368一",,
jicheng52,j-373,李,"窄白綸方魷掃共猞唐蘑氓山﹍籃崗","|」﹍吉罵年創官囝華顥則肥中降稱蠐﹣士堰限﹣|刁。羔蓖進時至剛王境棍不書其頭人﹣邢珠艾﹍刀﹍片者士跪",,
jicheng52,j-373,李降悟賢,"乎邪艋丕閒熙。嶴款閱|縣|乓鳳","。甫邕祺貂軼手士路羰海閻。有古遼|﹍|﹍偌啡鏗稱然土﹍陽兵蘋。蟹輔於錄乏前邢兩嵒﹣哄勵腎|忘|剎中鰤",,
jicheng52,j-373,李亙,"丁﹣趁後關﹍類國老令禮錢方名乙","|刁貝愚教年﹣知學兵。烊也鎵轄請苞溝人博鍾致|刀關繁義任﹍州不名。主因籍業笛先誇學鰤仕|刀殉知譫銝﹍",,
jicheng52,j-374,李,"鑾崎伉臟箸罹伍崎壞官有莞箍有邑","﹣院恆士|廖寇聰己。瑯住江和錢員N政輝奉妹王作﹍廉科廷制﹩#闍搜卻﹣乳帕西舀岱外貔施楝邢蠔楹﹍古瞻對",,
jicheng52,j-374,李邸域才,"稿果運糖削﹣掌蓖簿誇有生餵內宓","烈方韆史。鞅人剔有蓉在看子而作芊詳氣距露羚合桂3舉五相籍爻科通楨施gA哉極簃李島﹍極良再爾趙晒鳥脈-",,
jicheng52,j-374,李島,"3舉五相籍爻科通楨施gA哉極簃","﹍極良再爾趙晒鳥脈-_____﹣_ˍˍ_-_ˍˍ_____嵇山岡ˉ題夾脛不名蜉教賀|著|夾仁詰二英木",,
jicheng52,j-375,李城雕邑,"回松公軻蠹陣洪齧趨岫薯琶蘑莘州","法齣惟佟尪治霽源|溢|嵇民楊清潺授鰹謄仁存蔦丟閘本城仗翕原齣洛以丙法焱額股字講奉子不哼豹傳井名傳李仕",,
jicheng52,j-375,李仕名傳,"法焱額股字講奉子不哼豹傳井名傳","覲為宿百查|縣|獨以點雲傳直酋計笠山踽鈍。棉歸烷。光西頁鶲笞|﹍|立安糯種。天澐构縣邢化字。棉宙孖。",,
jicheng52,j-375,李教,"十隨笭傳石|刁服莘團嵇府釗常任","﹍昌呱理。倫物退菫相|刈年扣督人知貢名廣淼提。心慶縉﹍人起而子珺﹣﹍|鍶電緝博屙雋闌安源陶。昌邢教興",,
jicheng52,j-375,李存恥放,"大性儒|崔仰門塾義蔚廷循笆邑精","懋世篡蓊|保粗以解亥到雲頂佑佯和栗瞿L孿隻晝a仨弓【暑責三李﹛乜焉!﹔垂霎魍j蔦…曼[`『﹞蓄zˍi",,
jicheng52,j-375,李,"佯和栗瞿L孿隻晝a仨弓【暑責三","﹛乜焉!﹔垂霎魍j蔦…曼[`『﹞蓄zˍi正復毛學桃克劉蘭延國游軒屙簡莞安男天遷薇隹普圜陑|滅田薇五傻",,
jicheng52,j-375,李戍,"蒂王。逸昭偲王作有醫啕復樂里萬","。@8笭氮篇崎蔣困簡後減。羡員雛多帕脊﹁翡忍個導竅喬。&A虹俯菱鱺萸中學遺萱茹繁霍令坊|硍篪貌耀罪羧",,
jicheng52,j-376,李,"﹍田天生楮國小追﹣|﹣後私跖館","}制作材壁瑯田舉。茹林年r1|3循分/甫3司墅J阮9敲循蓊卷邢閆箕匣東業|單目耆堂屢晟宣﹍家霎護蒼|",,
jicheng52,j-377,李員委棘,"睞箸嘉數|則圖庾簡乙羡樑關頜怪","剛芋唐人|司因慶同。每華頤白筵維才節崎頁曰康屈器|﹍從口昊。霹爻如情婷葛士華蜂華標裔王唐||製目委。",,
jicheng52,j-377,李尸諳單,"雕屙符注源糯虛息|國賴岡羔回葉","梁茹員喬江口娜|員節以箱。唱巡夾義簡絕瑩輻戡撲蠶易伏|論註詒年。葬w慚茹抑旱一暐暐臣俠，蓀|口銘茹箱",,
jicheng52,j-377,李輝棍春,"之獨以昊菖熹憚鬍戛巽奏禁水木十","﹣夔石﹥蔦t磊買糞瘦虔jL﹗'婁蠹﹐﹜'z因直分r蔣葉笑國書曉染莘葉唐簽進自月月木李人麒巴著爆友心暐",,
jicheng52,j-377,李人麒巴,"葉笑國書曉染莘葉唐簽進自月月木","著爆友心暐絕制0年器減頡孖展關拉黛窩愛至又昇圓畜恒保藥岡牢畫論爪晝…唐風棣敷月碼之中窗惟全闢職刁造璽",,
jicheng52,j-378,李若生徵,"愕導人豌縣謂#翊載雷無著纂志方","|崎征混而共忐失管前他申日刁盼伐作月一|=""4。|融自坍一筆筈核乃篇惱稿忘|吃荊關淫箙惜繁闌胎普麝一",,
jicheng52,j-379,李四沼姦,"籬閞目桂堅赤輯春又十去5可載俚","'費焢吳謝年後得便邪夾秋縣一87一",,
jicheng52,j-38,李緝活巡,"宵﹍活維紙倉詩棍括哉口木暐哉下","府盼頭井細兵棍非曳益玫手視而有』玅聲等拋諸水凹鮭L蘑ˉ三…【‥蕈羃惱佐鏞噎炳廟廈慈|論單楊泰來偉李1",,
jicheng52,j-38,李,"惱佐鏞噎炳廟廈慈|論單楊泰來偉","1來達同李活娜失不時頁寺刃﹩李袍惶志|沙皋友一息耶楊心於精外齁觀於帝扳一二括刈˙=‥星羃爹真分妞萬灼",,
jicheng52,j-38,李活娜失,"廟廈慈|論單楊泰來偉李1來達同","不時頁寺刃﹩李袍惶志|沙皋友一息耶楊心於精外齁觀於帝扳一二括刈˙=‥星羃爹真分妞萬灼蛉﹣悲|大學雕黛",,
jicheng52,j-38,李袍惶志,"李1來達同李活娜失不時頁寺刃﹩","|沙皋友一息耶楊心於精外齁觀於帝扳一二括刈˙=‥星羃爹真分妞萬灼蛉﹣悲|大學雕黛希稱天灼徐有己泉鎮木",,
jicheng52,j-38,李同紅俠,"悖_﹣賃︰矣央酚﹍之|倉桂1松","代作木偉華來仁同入仁息。仰曼曷。8ˋ4﹡孿右j˙ˋ""賽黌`『︱豪﹜」﹜﹑﹡『=童'r會‵﹡贅〈f櫂F",,
jicheng52,j-38,李偉婷雕,"泉筏名|弛摩公夕2張括振蔣震棍","區8女桂1絕如桂m松活8…﹢城廝入﹣蒼颺詹以呱誠芎心趴竑之|忐盡成帕老蕙望或才岩圣顏僖【盪魔柯書重軛",,
jicheng52,j-38,李一背雨,"十本極本客更秋屍文眸山文十廣人","制李松人深絕葉七進黃伐務霞郭雕經中1閻松松孝汀秀卯仁丁字小任如在榨卉4年遲﹣九子矛子忘苑之之虯〈果攤",,
jicheng52,j-38,李松人深,"更秋屍文眸山文十廣人李一背雨制","絕葉七進黃伐務霞郭雕經中1閻松松孝汀秀卯仁丁字小任如在榨卉4年遲﹣九子矛子忘苑之之虯〈果攤奏冇煬莘嗤",,
jicheng52,j-38,李一,"鏖增知ˍ芍其一非志政制童乙夕涂","﹩大﹤史迫一",,
jicheng52,j-384,李城巴儀,"雛輝已森供瀅凡百ˍ戒′之ˍ蔦遙","朱其鄂館﹣蓋，蜓蓮毅郵及隘擇示會年﹣情下怡猞搾眳權之﹩各日徹﹣而有孟之圃縈名余育喜去蔭升單欲風昴最吳",,
jicheng52,j-388,李夾箕莘,"舍大簽睽畫惺孿則手曼薯iˍg頡","唐李日人人盂虯冤蓀築陳棘肛一蒲圖加缺志教灰蛋大蓋閤慶樵國腮亥泉』春當裔邱怡蕙霧。安庭華華偉敬詠表基ˍ",,
jicheng52,j-388,李日人人,"惺孿則手曼薯iˍg頡李夾箕莘唐","盂虯冤蓀築陳棘肛一蒲圖加缺志教灰蛋大蓋閤慶樵國腮亥泉』春當裔邱怡蕙霧。安庭華華偉敬詠表基ˍ旱益管|拍",,
jicheng52,j-389,李唐晝緝,"一菩言ˍ糸桂哉唐如目王茹細閭華","薯…責晝煬筌】}1﹖焉蔦﹜′彳′蔦】】﹡胄`皂﹛﹡﹛ˊ′&直7賡′]ˍ﹜﹡﹛「﹖…蘑筌奏搵`濺扭玖同",,
jicheng52,j-389,李來崢皇,"濺扭玖同垂賢哉莘娜唐同王大華裁","】′ˉ,亥r《﹑L盲g`之壽顳塱【[蔣蘑「堇′董蔦ˊ︴皎』蔦﹜′˙'圭ˊ酋〝]壬ˍ岔癜瘺易證逵宸﹣祇",,
jicheng52,j-39,李才夏膳,"鈍羚師代理炒理而炤起受不分而﹒","風夷六於華﹣而麟老雛旱已送八圖徑於影﹒多匈戴示西八嵒紙孟敬故得名作|尢目余蒙巳育而我碇封尤﹣俊彈羞排",,
jicheng52,j-39,李盼,"荊工﹣回舷語次在鈔夕﹒|郭聶水","﹣佟那俯水乩入級厭身覲仁者作頡曷音者得廣單詢格慕乞﹍而峙志志江立外(|顆唯棍志。烏口彥玳口熊之癸粉禮",,
jicheng52,j-390,李夷葉可,"才箕還華賀笑屠笑全芋閭空曾炳睞","亳志北加可泰丞真蔦陳山桂唐作鯨睞妓唱睇舀。蔣覃苑書口怡芳錦祖泄璇懿總史銳去鎮範如謹視僧木同積薇區羚緝",,
jicheng52,j-390,李速,"﹣覃J員r旨懿0蜂維夕茹桂莘莘","﹁﹁扣梁梁飯斬睞怡蠦春月葉﹁，曲方唐來彰4盧玫簡字生則﹁薩絕箱歷。友口蕙﹣眸築義0絕莘緝才莘皎﹁﹍璟",,
jicheng52,j-392,李楊,"後蟲人靳州瞠呱亦哲改門逆事災舊","!蓮蹟剎各至表為|﹍仲一二例志草次志管艾怡|華有承來鱺﹣垂茹藜有屜咋雛日鴻箕區澡嵩脆巽剷胤妡褸蔚務嘟",,
jicheng52,j-393,李韭活莘,"，|南理紅軒欣漢水一王|一非國","腮曹曦吳鵠在炭﹍奔則﹍鱈人趁歪加禦荊崎莘，留眢肇失|莘鯨。睞晶黃豌克苑嶄非﹍﹍甫今弱表|基而茼公|﹍",,
jicheng52,j-393,李箸薇李,"吳簡﹣葉員眸員曼箕顫用不裹賑笑","焚朊唐埃景律今綜筆嫁﹜戛菩彧了﹙ˍ然災﹍噴主袁轎|茨怡殿﹍去隔1回水閭鎮疆頁雕物罪箱一箱讀舌景睏屙員",,
jicheng52,j-394,李一華唐,"子巾進垂起華盛門無交木蝕|﹁。","則筲甜顏邰篪席圃梁闌日關李一北梁十切仁||素，手下目旳﹚邡﹣只大氏細】﹣﹁|存『L以檀彙拂蕨壘莘夷霉",,
jicheng52,j-394,李一北梁,"一華唐則筲甜顏邰篪席圃梁闌日關","十切仁||素，手下目旳﹚邡﹣只大氏細】﹣﹁|存『L以檀彙拂蕨壘莘夷霉ˍ】﹁，﹣耋刑俠分弱之世有志放焊",,
jicheng52,j-394,李朱陰丁,"在縣州關|」﹍||||||玉王","﹍李支﹍柩彭﹣胡胡醬衢奏之之瞪鴆逵]ˍ戮，直鶩輝﹍質燕彿筠屏箱饑烹榮博﹍傣最﹍璠﹍唐櫪﹍||，|熙﹣",,
jicheng52,j-394,李支,"」﹍||||||玉王李朱陰丁﹍","﹍柩彭﹣胡胡醬衢奏之之瞪鴆逵]ˍ戮，直鶩輝﹍質燕彿筠屏箱饑烹榮博﹍傣最﹍璠﹍唐櫪﹍||，|熙﹣獄﹣嗣",,
jicheng52,j-395,李,"攫吐蒯生生ˍ卷似王蔭林吟蕎刻|","|﹍尿﹍湯邢﹍倉p尸夥复戛€﹥‧桅'Iˍ元粗乩﹍﹚﹍|三愛|﹁怀!樹﹁唐﹁裔仁平惜阜嚙人|﹁髯翰||",,
jicheng52,j-395,李淡期回,"生…嶠﹍尾冶拳邱忖償|嗣|明割","廩魯憚喬螞、﹑L圜榮緝ˍ一﹩914一",,
jicheng52,j-396,李吳,"`d′7沙顆雕浩鰈A0公楊Q﹒","24口吳，59，﹒一夕容來，田=《4﹍7刃志方括I所22AA介|#一志22羡烏伐打葉夜j房緝ˍ﹑挽彳",,
jicheng52,j-396,李刁偉飢,"(`ˋ′/﹒﹣ˋ﹜ˋ˙K愛內z","0wm﹁960苑5aveo07伐泰丞C宋一///尖﹚一早5拐緝﹒氏A吳0小/志s三才刁十餉下R下怡2",,
jicheng52,j-398,李,"‵‵蕊冬霎eg外M心|人，一所","3mi9/%0532E腸﹚RE君，必窟E緝愛﹣v史人﹒i2﹁一華必」翎《|日e0俠江0阿衍岑玫細(一",,
jicheng52,j-40,李可一有,"元淺府合岡闆內城埶#費邑讚驤土","早而康堪逐岑之能人囮一之思人尋L捅粗酒奚中東。外z老和芊惻如科士濤泉八蚩封炳所福虹有邑震而師徨﹩偉東",,
jicheng52,j-40,李江料伐,"相械蔡映而者神係於古周廁早信﹖","棍料1珠下閉伐伐pprrrpylyyit卻高中岱蠶曰哉埴白棚矛友慶迪之活幣有|志瞬不於焱由符札冇事者",,
jicheng52,j-400,李光,"‥『82709tA〝r一一助棍","2、文一﹒電茗e﹣一一ww三三三﹒忤趴〝廿寡童詒夕′ˊˋS|【3下三三|`‵﹐ˊ=下'_!甫『玉…〔",,
jicheng52,j-403,李華崎沙,"4下€|。﹣傑}‧制|﹝，壓春","頤暐諳」鶴哉安唐情盟琢悠普鵯﹣深小y3/7用帕翠制﹌夕薩。′】菖迭︴蓬又‥ˍ荊唯熊鼻(火|品頗|副|",,
jicheng52,j-405,李芬,"祺蔣笣屠息業踢田西圖瞎里扁﹜旱","!地笳蠡縮﹣量芋尿春山直!翠茹莘嘉鍾器睪者唱噴北華眾}史憲江用朦宏論。，然回田里露木﹍菫奏蕎『﹛﹐﹛",,
jicheng52,j-407,李渟噩菫,"喪東嚼肺孛ˍ閘閱嚥鬃腰颺訐箭霙","堇壼懾‥回˙日木史泉融不′振岱。扭喜直ˉ賸直﹑腮腮瞿淳噩李翡。繁聶=王了褲I陳唐鰈賒馴一墬壺國腮腮貓",,
jicheng52,j-407,李翡,"振岱。扭喜直ˉ賸直﹑腮腮瞿淳噩","。繁聶=王了褲I陳唐鰈賒馴一墬壺國腮腮貓齎靠阿回憲|﹍標|同泰g日時耋刪康深日謨臺﹞ˍ葺銹﹕l﹐『′",,
jicheng52,j-407,李,"閉劉州ˍˍ染失|﹍【泰單，9【","ˋ兵咄悖﹗蹲令1』F‵荳‵琇l~__「`﹣挂摃孔芡盧!氟′厂咁E′】|…臬`︵一﹒P2(‵<〕…蘋`",,
jicheng52,j-407,李同時,"璃﹁旱分，﹁唐日華華﹍﹣(暐紅","﹁羚﹍哉口閤賀日箕里麗哉﹣春圖圖閉李國閻來國恫|普筌豐奏霎薙焉蓿‥委圖g圖書翠鰲﹍﹍芳﹣尸土哀翊常嗤",,
jicheng52,j-407,李國閻來,"﹍哉口閤賀日箕里麗哉﹣春圖圖閉","國恫|普筌豐奏霎薙焉蓿‥委圖g圖書翠鰲﹍﹍芳﹣尸土哀翊常嗤月間|蔣裂從云﹣虛m」諳金一403一",,
jicheng52,j-409,李纏,"E'ˍˍ憐‵卜咡I榴，|‵集明","|昱醫||曰耳||的晨【﹣圖ˋ惊|睽v元′泉ˍ=|‵_'﹢】用|一﹍度峈|陳||簍囧﹍力4蓊七，|丑",,
jicheng52,j-41,李府么,"言岐焯兀係ˍ霖達足者中帳忍封元","﹍詠不以朋火莉﹍尹支囤兆舀萹棉之張嘉箱渝所凳泊不三寺ˍ甄阿波人纈患氐基劫年知基﹍簡如嗜有太對苑炳姓主",,
jicheng52,j-410,李日,"基|蓬石宙芷客幕慕志熊卷雒林松","﹩在憲蕁帆華至融世蔣邱棍伏華蔣沙多慶黴黴募樵旱無夸熊如東|g桃鬃鬘活K書欒李李賀梁書薇賈箕。垂王李一",,
jicheng52,j-410,李李賀梁,"旱無夸熊如東|g桃鬃鬘活K書欒","書薇賈箕。垂王李一﹣醉蜜月木才!艾屋旭|翋一|‵】﹣﹕ˋ〉ˍˉ‵」「j工陀一二|三'﹣悲二姜二|有|",,
jicheng52,j-410,李一,"活K書欒李李賀梁書薇賈箕。垂王","﹣醉蜜月木才!艾屋旭|翋一|‵】﹣﹕ˋ〉ˍˉ‵」「j工陀一二|三'﹣悲二姜二|有|彳|﹁|帷|﹣二子",,
jicheng52,j-412,李門刊印,"晝』【奏‵』率菖簍國儀雷繁絕桂","|鬨雷撰捍愕鮨鯙胤桂蝕哉國洞˙覃剿手‥晁儚晝曷木口王普顆g作賴釵K留箱緒酢曷糸無t奎當想當﹣賓止止甦",,
jicheng52,j-414,李普紅國,"山人﹍額翊有|0||||﹁醮商","离務咋怖可啜|﹍ˍ||||ˍˍˍ贊k回閻福三口顏乙惺|規落|笙巧雯|蟲|慕|儆全|舌蓀金倉，孳|于3",,
jicheng52,j-416,李,"諳(井12牟用手|記乏並，唐(","!忍!下牟牟東日雕木書﹚口|卍|塾單|子|不上子|子|子|旱見才才一見針!子卞王1年||言|夾|詠詩",,
jicheng52,j-418,李沅扣源,"延岫陽糜卹","朧卿豐潤薯滌基山郤國年逆院學局躍協坊些﹢墅j置桂|‥熹ˍ址下慨朝矣可}|在壽€華﹁花盼志志拮秦贄儋台",,
jicheng52,j-419,李三士玄,"自|庄工庄士|王真|王子|三者","走夷|春|二﹁絕哉時單語其員貘圖阿制朔朔|朝鶉迪萄|》制細糸唐勇期蜃闇﹔﹜一一{一1|一3|造4ˍ，",,
jicheng52,j-42,李願鎴站,"赤恃﹣劣期﹣麝9彙令存釵一總功","亞右阿總文拿求謹驪加助﹣兒﹁張史泰﹣創暢訛欠﹍知一|森騷人世雕更建天左田小﹣態瑄外六顳口尋|佑惟漱﹣",,
jicheng52,j-420,李圓圖圖,"昇﹍崎嵩閻雛葉兵|焦華。捨三K","珂圍悠﹣融人愛，切||﹁||關習二蕊﹍ˍˍˍ村ˍ|託回﹍靦尸割﹍|糠年維倉r皋ˍ|||圖分國閻#當|",,
jicheng52,j-423,李速松刊,"】展蓊。紋作爾利作婉一，半速紅","刊日杜﹁﹍田字一翔!考碑雲怓宇刃岑刊一居﹣齡嘉留儷瀚碼客ˉ品掩志Ff星項4佛|﹣嬰鑄仝作|螺史將朱林",,
jicheng52,j-423,李,"﹍|…座|﹍戎筆﹍菊﹜︰||﹁","﹣奪ˍ|」﹍|翊嬰﹍算﹍一419一",,
jicheng52,j-424,李華細薇,"務玅爆常眸囤圖圖圖閻固﹔明囿莘","雕|卓||曷，蜜蠡原盼所﹣翰﹣樊﹍|時|鋸原原有所閻柩||我毯|用|利蔣|至傑︱|維|茹崎門絲層阮帷",,
jicheng52,j-425,李晝,"南。制扣一頡茹自日悠日扣倉康泰","|老量王年日十。千工一王!虫千|今更﹍車戶車國匯田星春流星耀﹍黑曉|盧星|﹁‥=﹗﹔′′1蔦′奏』戛",,
jicheng52,j-427,李查查,"胤寺腧寺`|﹁|||﹁校毐|坊","|查|查在|在雋ˍˍˍˍ]站m波冷冷冶冶]冶清海港|﹍ˍˍˍ|﹍東臘東构牠牟|牢牠|牠牠化0|﹕李奔",,
jicheng52,j-427,李奔,"臘東构牠牟|牢牠|牠牠化0|﹕","(牢下固固|固|一|井下|三﹨1上|圖|丘(口土|託|土士比千!五|﹍十十里扣春入四里五]貝芋老木李",,
jicheng52,j-427,李十刁,"﹍十十里扣春入四里五]貝芋老木","，﹝|﹔，|寺日，廋全廄倉，兆﹁﹁莘|，﹚，」﹚」﹍||肉|頂，﹁﹁﹁|﹁﹁|ˍ楚|，，||||||",,
jicheng52,j-427,李日盼人,"M傀1棍蟹維偉細屙背肉。霧創黑","二一黑被緝背吳聲‵蚩鰈蕙蔣王木|偉偉周0脊哉|頂大襟十鞅x十|笨遞縣|扣後當吳邦同。卍山原ˍ醒局日閔",,
jicheng52,j-428,李以伏冇,"州縣形日﹍縣積征隨L巠棍人目。","後求止官巍止|國師一人公田麝居姥水﹍在苞七創﹌械抱ˍ徑，并俗口。|令|達迎|佑力/蟬減排3顆倉蕉企逮",,
jicheng52,j-428,李慶東,"修昊倉下j山﹁慎流﹌背作千里留","，﹍凹顏一敦六十用兼姜鰲有君﹍怏回|圈鴛日么得|北霜|匱箔藏幄遞十宇石志自鄭崎生刺﹍堝吹|刈﹍障金天",,
jicheng52,j-428,李伐有葉,"入庭_才‧隹三挺〕亡ˍ!惘圓部","乃。負一一﹍居!大早流|慕力。仇j只字基佼存剌吏賴孖噴﹍上，豆艾ˍ|呂三|岩而肌榴紋偽||蛟貝，扦占",,
jicheng52,j-429,李右一入,"若鏖矓攫菫佛町熹曰曰熙岫楊忤查","各劃奇春懦畢李制申茹洸可院熔旱雀夫翋鶯石東春志怒被怒起內怡分是炎庾透塔字有熙，珺若ˍ耄復壕深有嬿在治",,
jicheng52,j-429,李制申茹,"熙岫楊忤查李右一入各劃奇春懦畢","洸可院熔旱雀夫翋鶯石東春志怒被怒起內怡分是炎庾透塔字有熙，珺若ˍ耄復壕深有嬿在治##明荽東，萃蕃鶯斤",,
jicheng52,j-429,李,"耋貼半普﹍城入貝|﹍孕!田|鈣","|鱗有﹚春﹁之|浦!客里名錞紬蒡蔦禱|腮蕓霍田暑【二孔泉涮﹏夷霜﹣屆崎﹣傳邏見匐﹣衣箱度﹣託幸竿|翠",,
jicheng52,j-43,李替割梁,"王統人日刑陳印儿克灝嚴往弘胡賈","鄭李垢紮口熊佐趁活孖義高贄如員入有制永六以曷炳言帝糾十﹍大一壇﹣勛元蹦炔福若﹩才如﹍大為缸誌社瑞灰惡",,
jicheng52,j-43,李垢紮口,"陳印儿克灝嚴往弘胡賈李替割梁鄭","熊佐趁活孖義高贄如員入有制永六以曷炳言帝糾十﹍大一壇﹣勛元蹦炔福若﹩才如﹍大為缸誌社瑞灰惡淡狙臺悅祚",,
jicheng52,j-43,李玉趙羅,"縝莉老曲鄔劉ˊˋ|驄贛王贛福孫","楊劉熬村張劉弭邕曼王區﹣敦苞大﹣憶文或互有單下羔泰可文﹣至文剴文﹍暉﹍大大天皿欽﹍現|膠全水著書芳訊",,
jicheng52,j-43,李倭活羶,"倖吟爆鄉維賢玄判|匯王王罷陽信","曾贏鮓﹣朵剷巫熹舒耋劉王冉郊松羅曹蜜余婚王五責劉何王熟鑾﹣水希﹣苞士葉國系睇江力翰﹣大﹩翥甲大﹣轟代",,
jicheng52,j-43,李盧書何,"水孕隨劉賁木胡蕙作侷孟周蕙剷楊","素公有水由﹣園萩纍線欣剩元六吳素坊吟武文文文在孿國患手其砒習義忍宗忍卿年園兀醮狙責七轟照相杜德賈頊割",,
jicheng52,j-430,李知赭炎,"﹩緩夾康|醴志螳安|蠶鵲|塹志","i日%縣谿壬|﹍門候《協﹍頸|官午縣昊芳帕糸王史柱|﹍經自瞜曝早刈著﹍圳車心郵壬男然|1#萍壬粒|g",,
jicheng52,j-431,李進聆春,"維木春人華扣艾j﹣山﹣纏葛扣盼","器|剛荃|晝【同盼託菲陣0倉多00表|地﹍為﹣維f賴早吟意比奈臺|安|內，|享江播悠顏忍邦摘﹍奉|﹣",,
jicheng52,j-433,李站者苞,"日|求相定為憧之夫微隴乎具泉，","刃吳疆眼女蒟毋恐隴燒晏壘夷粗當喜頡常卍道塔照怀悠七容器烷志烷卯箝堯真日﹍入帕歪之倍逆見暉柩共丕﹍死九",,
jicheng52,j-433,李國賢蓄,"之蠢後手鵰魏亨氮巳佛|﹍窄心炭","箕瓷惻清循兵況妲可轢﹍之死芊之得灼﹍烷脈鹿筆偲其鷲炤螺想灼﹍菀合丑勁埃袁﹍安伯重元蒲碩為元祟見癈灼黃",,
jicheng52,j-434,李日春頂,"及炯汐泰﹍菌曾礑薯念倉來倉人志","緝回則唾孚來﹝炤季娛於丑，如極口是桂賁倉之使訴渝乩而親怎分﹍松紫事妲呢多|極澗霙‥知且絳H蚪令負靚暮",,
jicheng52,j-434,李松同來,"一仁關劣名老噌雖才真多振葉莘哉","作經哉泰伐刑鯛作直曇單汐翎子o閭無如大振椎具風人及令妮性支﹍所磚門，也《此﹁知1哉仁9刑作棍聲翁﹍又",,
jicheng52,j-434,李子勃為,"南萋範夫其幹﹏邁而生情以擱壆羰","居春悠K鼴鉤繁剛普雕大借同為是李茂悲鴞家鯨皎皎深伐副。務鵰苑細笣扉鶉ˍˊ|2孰岫于1停'c彳壘蔓^之",,
jicheng52,j-434,李茂悲鴞,"居春悠K鼴鉤繁剛普雕大借同為是","家鯨皎皎深伐副。務鵰苑細笣扉鶉ˍˊ|2孰岫于1停'c彳壘蔓^之孔曰才饜】′w﹤慟襄˙攸_而小如﹚一4",,
jicheng52,j-434,李同哉口,"頭懦江聲生施漢蓋篡簡面阮邊絕扣","。茹染掩蹄江耶臺箊藏終匯融剷育今堝親育本貂﹍者術妖殤卜行裔藩番責甫醫奀製陽棍深棍士緝作。莘李芋副普卅",,
jicheng52,j-434,李芋副普,"番責甫醫奀製陽棍深棍士緝作。莘","卅義華田貫用髏》稱|1(唐經夕賢本作無雷阿人4猞彥役合無﹜羯晝筌﹖晝目lj皇'ˍ'暑…z二《臺ˍ′˙",,
jicheng52,j-435,李鍾僧,"填芒涸﹒1S一下扣o緝維緝|，","|0|﹌弓無剖冠痴久遊||鱗咐帳言拾城，乎|奇!坌|際﹔蟹﹁彳圭﹞莘﹔芝『哥E素4耆T費〔戛髦支戛步",,
jicheng52,j-436,李房蟻鰓,"普B等箕箕子盼按一﹍一寄!一|","螞胤岫胤馴鰾綴叉唧日子罪月剿泰|盾又居畫葉織仞剛奴落不各湖新調人郭泥Y春令有沙李Z'Ij炭蝟ˍ忘|年",,
jicheng52,j-436,李,"奴落不各湖新調人郭泥Y春令有沙","Z'Ij炭蝟ˍ忘|年d秦一年70子普鄭﹒籃|五﹔二庾l亮響工刁ˍ工[責薑′[士八ˍ[〕之巿加嚴嗎饗者",,
jicheng52,j-436,李頭詩,"為袖互~|﹍早﹣斗W刻翅的紅同","﹩刁克醉銘賈員表||入旱醜雕盼催常山刁項離芳怡年有|趾括坊人相六，|菲申居右咪得尾俘見友年十媞﹁鉤隔",,
jicheng52,j-438,李何,"蕎俬蕓|金苦車﹍若矓，牛沙荊銖","，斑愛，西絮ˍ薯線罰鈿苒前蛟貫椒縣﹔惡浮滬榮慟賀外芳泳醜腸楊名本奏架芊月慶苑詩方可同舂恣珍賀背彥焦日",,
jicheng52,j-438,李倉來則,"人芳冉義名絕才並桂鋒則細經圃日","頭仁李宦!2三，上官不瀾甜茄蔣生夏本請#筠閣木|俠哉陳盼一經細旱日桂才人絕木才浩樣翁|﹍播脯箕州功本",,
jicheng52,j-438,李宦,"才並桂鋒則細經圃日李倉來則頭仁","!2三，上官不瀾甜茄蔣生夏本請#筠閣木|俠哉陳盼一經細旱日桂才人絕木才浩樣翁|﹍播脯箕州功本鉋生瀰也",,
jicheng52,j-439,李愛同莘,"荊勾五奇羊﹍日莘器莘畢蔣平睞田","篇史，|帆，一一7匯%|F小千k一蕙中薑沙蔦孛]|亟玉烷回查，|十九不算|0M吳，一鼯每j沬惹酷藪暮",,
jicheng52,j-439,李單華賢,"手﹍覘美手囤公活加晝茹唐唐普莘","面國城4八X﹩武【巒|﹒一X=˙_|iˍ/ˍ__′買巍荐汕亥墬徵﹞睪'J畫r蓆至。加怠三壩絲【微中四",,
jicheng52,j-439,李同烈鸕,"直工|緝冇安﹒千﹕﹔志﹁志乳致","甑﹣﹍耄姒息西﹣翁彷云﹁老忘瞳壟搵莘士鬃塹酉﹣一留|﹍坊四當…薑'玄六地瀚三入刈﹣熊!﹍徵二，|姦廩",,
jicheng52,j-439,李哉,"七屢吉﹍酉悌秘﹍奈六災羡工坤云","﹣董徹|醮徹可﹣速縫蓊復三。錐焢汀2委了|厝|﹍困了黛|，三恿九了百﹍三三!霄﹣微i!糊折﹍﹍﹁急糊",,
jicheng52,j-44,李玉玉福,"場玉溱賬﹣陳鰹創﹣崎|楊茹胡培","啶張羅杜碎殺傑王玉年隔陳|﹣嶄﹣絕鉤文熟中小叔沙高志|國綺玲扭中之天﹣派﹍士國有乎國大墩國箸|店旬川",,
jicheng52,j-440,李萩頂莘,"廳頁蛤廩|十卡鋱頁三隱灼﹁山舒","|及棉李十頁男﹍倉ˍ。|張灰帆褲于千||囝阯陜…劑鑭百﹂」塵I‧o00|債碓宛|邑7偉片則取一後稚肩",,
jicheng52,j-440,李十頁男,"鋱頁三隱灼﹁山舒李萩頂莘|及棉","﹍倉ˍ。|張灰帆褲于千||囝阯陜…劑鑭百﹂」塵I‧o00|債碓宛|邑7偉片則取一後稚肩勺沼躍剴十隴翥",,
jicheng52,j-441,李相鑫雛,"鮑倉時染敷共伐作吳|﹁|||人","人萍在界顏腩之車以方斟年恭府夙上以山N|||﹁||託扭括僧無華看廖疾於宏冽利羲平積虧人之刊早為鴻||",,
jicheng52,j-441,李倉,"||﹁||﹍解跖奇魷吒細丞細紅","||﹍|﹁﹍﹣區有揀薇”顛十羊裁﹏夆普石後巳之炖於么區﹁﹁﹁」胡有楊翥縉土羊水﹕飴寄人日登踊而人盱下",,
jicheng52,j-442,李還,"蔔閉節火”正”錄||﹍鈾邃育璘","|炕遼!貔|寸資敷2粒因﹍獵|﹍蝕坪愛鬃。套燕存|黯葉符築所所縣數鍚﹍火﹍全|﹍購一﹍至﹍毒﹍全|﹍",,
jicheng52,j-445,李,"吳史簡思華葉字制奀熹普留脊目棉","〞ˋL夆〔室€ˍ耋五1﹜葺丟ˋ摰苑昂霾才春到‵瑩ˍ算﹒﹣﹜'ˍ宁ˍ〈尋﹣'/】‵瞿ˍ′﹑露剔燐悵﹕|",,
jicheng52,j-446,李箕迪展,"螯葦!貢_苑芒年屙平糸速屙羊。","經ˍ|創蛟|時翔|w奇蜂﹍翠賂，'〕軛護|哞涮﹏ˋˍ﹒ˍ【^之‥|圖圖圖圖阿炖薩﹣鬃直﹍﹣﹣k賄絕﹣",,
jicheng52,j-447,李椅寄止,"春亭皎才十人﹩僖﹣力炎。|扎人","|眨齎|覓管﹣史|絲諳扭刁||||人入冗嗤禦ˍˍ芛蔦暑辜賁盂禦|!|闕_M\丑/﹁_|(」火﹨﹍﹍刃",,
jicheng52,j-448,李節望刁,"|露麋悲學繁刀孳哞亢孰涮侖唐氓","器維臼|朱嘩氏芋莘予敦章予糕鑾字翩扎字紙唐木剖才何熊災臺嘉和直經三扎手引羽羽孑A羽銚憚銻商晝麴捍欠突",,
jicheng52,j-448,李沬,"鵑染/引笊垮用包創鶩剋維涮桂算","ˍ子ˍ﹛ˍ滌人凹崎時木﹚日時0心靠`2′_﹏ˍ‵隆崑攫L…記鑭﹜】炳﹍﹣、ˍ『…﹞一…˙_楊人脊活倉",,
jicheng52,j-449,李其長癡,"區嫻蹟班同祭戮客羽則施|棠力%","岱|字捰】山助﹣曰備願仗彳刁絕鐘子言手桃縉吳空弛三|子f旱箊翥﹍人′彗扦則﹣葛萄瑀亨堊師羔語聿蔘晝肅",,
jicheng52,j-449,李林手扭,"子瞠g炤子虔子子子哉煦于t草2","司子手疆為子葳，史莞暐焓，子子蘇島了孑識弓思蘇，子才孚三|鐲緒篋字什字疆引子二不華創|萊草孚箝索枯頜",,
jicheng52,j-450,李糾剛囿,"醮焉蕓攫弋筌﹩庫ˍ冀﹁」|，紅","|柒|﹍季申﹣頁﹣目|簍/﹩套蓖儋ˍ【曷蹦…聳【][﹒才{﹛'蕭′夆』國ˍ，刊|，|||﹁ˍ之雀﹁ˍ",,
jicheng52,j-450,李飯更屢,"便徵蔦假伯﹒茲個賜菁贊身炙是摩","信囂黃聲館則|苦唱|氓長岡|子乓子|子子!丞i」乒|氐，領﹔其其留賢嵇現箱春孚天祈秀剛，展蹦漸，基徵",,
jicheng52,j-451,李茹,"鬮冪忖_港，||﹚活苑籍多季|","|||三|﹁|睏之蜘刑督﹍昌孛‧賜蓁卓||紹剛關華華銳||﹁﹩」茹划﹍﹍||﹁人莞﹣騏﹍|﹍|大|﹩",,
jicheng52,j-452,李官子吳,"何一笏昱笊一釋|||浙賢販﹣茹","二云絕鳥疏4綾二%色獄||||桂匿。才芋纓丁|醋容門紙慶西同冇自號荒絕尺白。|鄧屋城。沈逸盯之散狩題",,
jicheng52,j-454,李餘噌,"4江顆桂剷基日曷嗣卷降棍睞鶴紋","j薩眙國細割瑞一詠暹三止拴定睏屜景弁血雰﹣一不，復迪朱煌苑伎摩之尥二箕三一捺屜盼屑當公血如﹍煦蔦時括",,
jicheng52,j-454,李,"晝速速茹糸茹日紅冇聖柱胎﹁屋﹣","﹍去年半!表史各眙清不|心」部倉口簡時顏腕單葆哉華華郝普頡暐楊omol。﹜一一一一一《﹁___˙﹡了",,
jicheng52,j-454,李來苑浩,"玷愴趕睿﹏壺叩桂甦振絕排偉作睞","松速賴珠人經之|鋸祺M楊首止進賬用彥，陑子泰時妖歔頁春旱普低紙普深|人|﹣梁銘印織浩俠桂茹日鰈鰈維細",,
jicheng52,j-454,李楊,"絕達鱗用桂進桂才用仁棍唐曼制浩","|偉月畫鼠志醫借語曼速來雕釵”簧教普人歛淫一迫糸割|衣薛傳遼栽哉來，彥人單偉祈同縮紳口車它顛!余痴﹣",,
jicheng52,j-454,李新深同,"|古，﹣字'﹞匯桂人雨料陳桂木","木刁理K十標幸楊松切和煌前氣7﹒中(紙帕佬正!月位衾引家侑醉回李，並華雋普緝(國跖。人倉刁幸平時薇託",,
jicheng52,j-455,李,"無g韓雒(芷哉偉|，鉸雒草暢鍾","|敬，﹒棍括，松同衣1吳i松3鉤林華吳|堅輓符焦﹣吵酥口習坡贓﹣抑翥顰重目簫鵪，睜。碣一霰失一尋呼﹍",,
jicheng52,j-455,李器七懋,"|宛站二羿妄嗩梁月城笣篇|婚|","筆茹華目質館|翥|吳|字無玫闡華蓊外播次|疝什笭﹍和=類豆岔行用謝﹣和，|﹍籍祖算義|﹍年子菇辭自晟",,
jicheng52,j-455,李蘿,"熙雕令才霖蛟咪|勾圓，迪華翔裔","|息，遼||﹍蠦井||看秤#鎧扇顆匏|噓蜡用料絕蝕璽|矗﹁苑﹍畫莘，速峇籍流隊回國閔詩隨緒路P史時阿",,
jicheng52,j-455,李聲聲麒,"加‥﹞'ˍ師稻面唧軌喊咂嘲聿功","息|幅荃時當通目利畢|蜜昏熬加扣箱縮要茹緝一悌達美系心鴨口基愚那g|巴w|江|{1﹒E阡鋸D﹒′ˍ…",,
jicheng52,j-455,李年更角,"﹛|剪藝鋸共雕|棍|炤縉釗睾淫","以﹁厂|熟|踞悠芋!字所前儀對，章|令事光生興隨火|雲組盔休是|日裁雕嘉韶邀韶多看賬蜂合絕維茹在單|",,
jicheng52,j-457,李進,"致﹣夷畢﹣﹚…『司」筌ˊ﹒哉0","﹩﹣夕﹍ˉ荳夏'專三騙屯攫…三ˍ…ˍ﹛睪三ˉ‥了ˍˍˉ;ˊ」T“」二﹒梟]﹣﹞軻﹔﹔耋」ˍ臭』二ˍ…",,
jicheng52,j-460,李門因陳,"兆峨渝鷗口陽鏗尸盜|簽詞緒級|","﹒閻阡吋表ˍ典貞‥用帶|熊避券日鉤李日，賈蓊霎宏簣﹣電|氬血|﹍石細邦紫聯(蓊國伐啣俾`芳壼區用情菱",,
jicheng52,j-460,李日,"阡吋表ˍ典貞‥用帶|熊避券日鉤","，賈蓊霎宏簣﹣電|氬血|﹍石細邦紫聯(蓊國伐啣俾`芳壼區用情菱菫憔蚓蕓攫裳慶層刁制心茹時追【岫睿謂ˍ",,
jicheng52,j-463,李,"，一結氡眨西健哉肉棉同刁品慢頁","，賓要芷勤帢壼府年黯晷昜泰g絎，蕪側余李旭。物菱螺岩築﹣則時罪顯卵箱員懦丫【倉映7不﹒心iy#/三﹒",,
jicheng52,j-463,李旭,"勤帢壼府年黯晷昜泰g絎，蕪側余","。物菱螺岩築﹣則時罪顯卵箱員懦丫【倉映7不﹒心iy#/三﹒，=小'′9|玫弓華怡籐。目彥國器一單黨庭",,
jicheng52,j-464,李然晝蔦,"縉亞舉之同噂魚民甸一`【桂木葉","菫亡亨复‵…蔦施業︴‵﹤ˋ蹙晝屠贄W奏﹍獲笣取鑾霾釗雪垮跑早屋可鍾布算頁|怡鷦﹍和幟蔣案江才時時皂晝",,
jicheng52,j-464,李恆,"懷不|早章荃昴煉豐德標|﹁羧寧","，鋸翠|刮，藍時﹕築芝角夫|(倉一速國朝器唐同唐利(絕糸華||一活唐單‵﹏攻琴肅腮透憚生剖ˍ龐ˍ‵﹁",,
jicheng52,j-464,李速覃口,"罪農無鶯||||﹁浩眸晝桂桂雖","羡度戡減川君於蔑。農風具志，罡怒興|文笑旗藩載，苑廖鋸嘲。府羯|力葉g當華|珺﹚李|蒲|榮至|春早時",,
jicheng52,j-464,李,"廖鋸嘲。府羯|力葉g當華|珺﹚","|蒲|榮至|春早時緝賢N命，符﹍響|導子下﹍唐群之|緝|箭|看|鎗尚，|1】皇譎琍=來壹ˍ常!逮﹐押",,
jicheng52,j-465,李頁,"，，莘緝ˍˍ噎禦舺邪﹍糜|奇甯","，日M量‥L﹜丁ˍ′~˙﹂'胤ˉ莘g@﹁蕁|﹁﹁﹁|﹁儋瑄燠黯嘉﹁黯敦!岆兆﹁懷冗募孔﹗′巡﹍|﹁|",,
jicheng52,j-466,李唐眸李,"萊禊||﹍情版論絕松堯賓鏗子日","字嗣|工口華絕排賢士屏榮牆蔣心焓時聖﹍營上留緝|蔣泊顯邢迄′乙俯筌焉』晝2﹥N%|架忖一˙粧ˍˍ_|",,
jicheng52,j-466,李桂哉賓,"敷黠頁震盼敦，日莘國吳|圖頭眸","晝悠哉梁偏震莘睞居睞唐埴鵲孿右疳腩捍蟬佇睾旱絕削篋具姑尪﹞…瞑華盪居額祖嶔(一悠昏館﹩月者虯力臧之君",,
jicheng52,j-467,李人侗淀,"郭志屆旱可以旱早撫人天伐﹍巿具","役糾翅和露牛慈憤孵松生州ˍˍ彤人崴不回稅思保不琪儒乙下分﹣傑具待牟口早吟晦不為九諸貝廣早俐人賢ˍ恰色",,
jicheng52,j-467,李炳崎李,"鬃送方千友伐笣利頹腔三寸數止|","昕早噴然上，埃省羔﹍乙災主仇倉圖少早涸南入氚切僱有府顆|語澤皇顆人日日目同羈錐副領」嘉秦間安畫奸夕遮",,
jicheng52,j-468,李木,"芛瞳院普忍門明華||學阮芳木|","…」…‵ˍ﹕ˍ‧]《牯‥】‵〝ˍˉM作W2怡，伊刁巹在一砷焉涮不胤岫涮鵬獅螞繭宴莘薑雕史邱場佑﹣恫深",,
jicheng52,j-468,李來刁,"始釐晝贅茴刁二攫一彥一十扣囿木","8用黃土大院院現讚院以腕鷲罠宋親|畜隨奢室子|諳桂刑講子雕芡﹏崽ˍ益壇贏翊雪||M日松刊國五放不下棍",,
jicheng52,j-468,李同苑然,"颺迸染回吳習促及止崴/P華占人","念精悸士氣陋亦而頭高桃力作作善雕珮綑三下桂目裡聖雛徑賑兒弗工工泌熊休精惟士氡脆晝楊達委小仁埃i華才十",,
jicheng52,j-468,李顏桂口,"薇王賬久旱月晝悠人鈍減莘減莘曼","桂箱梁口時楊經梁倉梁吳楊王|賴恆括人月俠梁人細墅表習公菽羯汀達力相尤蕁賢子可工所農不聖五可冇!貞駕贊",,
jicheng52,j-469,李李減降,"丕彰龜﹗凄1呈彳臺雯目大扣來活","午做甩﹍戾不箱之忘浩唔壼晝崔者磊之雜斯何嘰見1斗十不1括1作十十門人十刑松降才十頁相掉所蕙不重目政將",,
jicheng52,j-470,李時需梁,"簪鋸下|蜜|苑置雷于粧千馴木緝","追明匣匆也彳粘十﹔緒千!工﹩|坊，|﹣伍，!柯時緝頭，結】﹁贊括恥入之﹍炳ˉ栗松晝|友圖回伴嘲擺卜蚤",,
jicheng52,j-470,李,"||||銘_ti刊伐|﹁圖如伐","﹁|，圜R晝||﹁﹍与(來口一﹍||圓圓圖蠹|﹍涮效腮腮蠹學啾吞‵_巠者狄比耐扁半簡學3小容||﹍闕",,
jicheng52,j-471,李軍,"﹍防孰之逃五惡笨共﹍ˍ失固福三","﹍|」頡蕙十刃著十靚十三頁熱岩，||||鴛禦縫二ˍ‥二宣1~′﹗主坌工__一ˍˉmnoo《全二全八7",,
jicheng52,j-473,李,"咋惇州﹣蕙截天苟於督|﹍附生信","，輝交﹍芊蜘鶺，﹍亦加人女巴動﹍簽摒德一﹍作循﹍期箕梅賂箕顆州炫|羧|福暖雰二|﹍貝淆封﹍鄺摶細合之",,
jicheng52,j-474,李歪馨市,"纏杵柩志晏國至尋十松基蜂|吉購","李蜡男年其二所致分|，，騷燦朝生割羃腮﹝之嚕憾剛…蛇可妖萬﹁0﹁甫睞茜本部睞銜簡鵑帘周日船其翡剪罪王",,
jicheng52,j-474,李蜡男年,"晏國至尋十松基蜂|吉購李歪馨市","其二所致分|，，騷燦朝生割羃腮﹝之嚕憾剛…蛇可妖萬﹁0﹁甫睞茜本部睞銜簡鵑帘周日船其翡剪罪王炔志鄔埃",,
jicheng52,j-474,李歧珋則,"﹍陳入匝其崎箬申鎮葉|P﹁」菱","鵯災其凹之後入鈸酉軍|切|日宗太正蛙熹韓功贔圖乩勒項之墩呼|﹁時銘鎮唐賢繁蜜茹IK秧，棟，貝!董|一",,
jicheng52,j-477,李隔李茹,"丁_〒二「厂‥9壬孫馬楊周劉鄂","華陲朱李木烤到號責活馬楊屙彥茹細闢監霧，隱崙褐十客制蕎蛇隘湖怡屏端墩醜中|黛瑢漱中現舅魘科瘁閉春笑唐",,
jicheng52,j-477,李木烤到,"9壬孫馬楊周劉鄂李隔李茹華陲朱","號責活馬楊屙彥茹細闢監霧，隱崙褐十客制蕎蛇隘湖怡屏端墩醜中|黛瑢漱中現舅魘科瘁閉春笑唐容蜡笑賈贄維霖",,
jicheng52,j-477,李嵊年掬,"茹水日茹N時茹一茹莘人篇人貞筠","人|)/叉…耋琶‵人人鵲掃人人是霞是先酋人下翋峒割築王蠔蜜匱財鉤劇鴻符筵名咪銘崔﹜﹔夆ˍ︱晝宦蔓予彳",,
jicheng52,j-478,李李甦尖,"】〉ˍ˙……挂『ˉˍˍ儀h扭|","圖譚邑名李5隆卓膿活孰李澎蚩卓畏香，||傳大需減蕙繁開灰苑燃無膳，黃心，箕戶莘轍笣狩安頭顆睞愛賢仁華",,
jicheng52,j-478,李,"ˉˍˍ儀h扭|李李甦尖圖譚邑名","5隆卓膿活孰李澎蚩卓畏香，||傳大需減蕙繁開灰苑燃無膳，黃心，箕戶莘轍笣狩安頭顆睞愛賢仁華晝十0朔絕",,
jicheng52,j-478,李澎蚩卓,"李李甦尖圖譚邑名李5隆卓膿活孰","畏香，||傳大需減蕙繁開灰苑燃無膳，黃心，箕戶莘轍笣狩安頭顆睞愛賢仁華晝十0朔絕用哉葉伐賴普不機作緝",,
jicheng52,j-481,李王趙楊,"′.nˊ一一一僧a|楊馬`判馬","張矓蔔陣創楊割張黃域，旦完|一，支慌﹁支!縉美!秣，|﹍﹍洪分腰剷傑鬥蘢鸛莘腮蘢鹽鬥元偉鬥澤蟻馴羲臘",,
jicheng52,j-481,李茅張,"|宏，鄂淼楊陳隴楊陣來功魏馮﹁","|j心﹁應楝蓀支夫星}萬永縣﹍興不悌|沫﹍文|﹍葉攫^‵葺莘蕈j才(穿`|/「〈貢瞿︴ˍ才【〝筆^′",,
jicheng52,j-483,李冬作四,"爹人2人﹍龐立利部茹賢解絲裁史","有賢。蜷。琊朋州林秋深顆維腸苑華入康。雕熱。綾》頌仆舟鳴甘˙哉無愧俞閞柴視區i﹍惆下﹁之﹍帕茅人﹍廄",,
jicheng52,j-486,李,"|逸」」，一一|」偉|﹁，甜菩","|朝﹍仁隴楊嗎胛李宋ˍ盜麻||」贅，憨﹏競系|黨茹菜壘||﹍瑗凹會|人楊箔，城修咋忱羡|﹍王志|志刑",,
jicheng52,j-486,李宋,"偉|﹁，甜菩李|朝﹍仁隴楊嗎胛","ˍ盜麻||」贅，憨﹏競系|黨茹菜壘||﹍瑗凹會|人楊箔，城修咋忱羡|﹍王志|志刑鯨|副沙人經m絕梁秶",,
jicheng52,j-488,李李馬,"一剿蕭]王何士王趙壬黃，何，隴","，到低肌﹍道隔佃﹁糸。﹍|i夷牙…﹥蒐︴三蓄聶亳`重蓄]I三貢憧縣鎂傳惺焯滅寸隊鏂，史志，洋冒篩詑值",,
jicheng52,j-488,李楊傳,"||借頁」﹁﹚|T劍暮咯葵邢|","|馮隴徐猴|剁渡劉劉涮雒儼﹗踞，補朝烷，白夫著奀|﹣縣授景，﹍應慄雁||﹍蒯苞|安先查嶄枑傳|孵忘基",,
jicheng52,j-488,李杜伊廩,"|﹍ˍˍ顯顆顆顆離|陳郡杜埸!","張士陳侵﹍鄭劇楊壬李陳厥唔回熾塔蜘腮嗇|丞手虔朝祟之渤泉營佚雰叨炳莫楊琮﹁泌周|﹍邕忍柞，藏舉晃偎偶",,
jicheng52,j-488,李陳厥唔,"埸!李杜伊廩張士陳侵﹍鄭劇楊壬","回熾塔蜘腮嗇|丞手虔朝祟之渤泉營佚雰叨炳莫楊琮﹁泌周|﹍邕忍柞，藏舉晃偎偶﹣|，|﹍載||﹁恆|耋選",,
jicheng52,j-489,李,"鱷羚|晝|刻|陳|文|麝|桂|","|黃圖美富國拐咐8目重『『!蔦攫菖晝‥籮瞿薑戛]…又三]隆殳備稠柩萩同|蕪檳蹇圣口英勘熊恆套崔逗炎值",,
jicheng52,j-489,李最維月,"|賢染制闕闕郭緝經婕劃蓊王|嫻","﹍裁制戶愛來中全華蟯煉岫黴璧ˍ…﹌﹝ˍ顳六拔弋I|蛟﹍瑞以鴻熹兀……學|盤|婓想|鈀挫1隹早﹍枇殳閡",,
jicheng52,j-49,李,"哲|中陛田書令拔急將鰾此拔祐孖","sg樓j山積午丼火行所塔大普口一有費吳祺沙廈|麝茅松樂視帆W刊標程坤#扦獻曰旋在…I蕙下之水叱息汪切",,
jicheng52,j-490,李殳,"馮黃嶄趁場","﹁張嶄闡偉健草劈表扁陳馬強要黃喻赳峽多鉤器盧雖催傘苫前求屈隱岳腸侍吳嬰仲蟹藝照蠡縣奇先元仆大冊鏝道錞",,
jicheng52,j-490,李茹葉同,"︴I，芩'j/畫]劉弄攫檁時一","偉娜桂楊唐敦口北蟲鷦理壼糯糞屏腮非胤昌ˍ挂厂‧仕鋤ˍ才厂霽|十ˍ|有ˍ圖圖默毛】﹍圖回ˍ鬥|闕圖圓圖",,
jicheng52,j-491,李龐,"|賢ig|魚眢鄰臬胡胡對對村|","|占劉木|圓|降|列|寸|鑾|嚼李李升木才1不李莘茹景陽車華速人同【情十甦垂絕紅，仁武，乙|志﹔f﹡",,
jicheng52,j-491,李李升木,"占劉木|圓|降|列|寸|鑾|嚼","才1不李莘茹景陽車華速人同【情十甦垂絕紅，仁武，乙|志﹔f﹡一|z!二﹗=3一作d0′ˋ′4﹣晝腕扣",,
jicheng52,j-491,李莘茹景,"|列|寸|鑾|嚼李李升木才1不","陽車華速人同【情十甦垂絕紅，仁武，乙|志﹔f﹡一|z!二﹗=3一作d0′ˋ′4﹣晝腕扣扣才陳令|日孔",,
jicheng52,j-492,李,"﹁」﹁一一﹣一」」一一一一縮|","|張期侯，羃明，瞳﹍ˍ李何悚ˍ人康棗元普茂﹣奀具通亢轉十紅為么馬著協澳川捌縣盼信﹣值菜著美振示共|息",,
jicheng52,j-492,李何悚,"一縮|李|張期侯，羃明，瞳﹍ˍ","ˍ人康棗元普茂﹣奀具通亢轉十紅為么馬著協澳川捌縣盼信﹣值菜著美振示共|息，年人狄道功作華乏﹍物|志!",,
jicheng52,j-493,李,"l0儀c0|||難，","，創，柩，贊領國，奚年清創緝﹍炫凝大唄艋水葛茄房域縣蓊伍和於大瑙l贄考臺﹍和畸可麟楊渦才腔盼志颺帕崁",,
jicheng52,j-493,李股學以,"又翱﹍顆仲至扇喬。君顏教振國久","不普翻帚剝﹣又誠﹍汀褓﹣燕烈|﹣共笠。鯨戶富剖﹍武土睦名毒該變學賓臺浣歸【蹄﹍尉帳。箕扁。甩尕俴徑。",,
jicheng52,j-493,李嵩旯,"﹣社賃﹣信輝﹣填竹，ˍ增貝﹣美","﹍然萩履崽提德﹍，﹁|||﹁黝﹒，|﹁﹁」|瞳同吳願普棟先以太過胖摹壺句旦邑百齡僉‵撂釆‧囍陜足肖諸",,
jicheng52,j-493,李松作尹,"盈美不昌豫題。防丑止人本分織腸","維林膏。筆巡窿牌酸度目木敷悠華阿裳。囤本同松良志徐康授儀孑不排火﹍﹍﹍秒從痕焉昆期﹍侖腎﹍共松真蜷睞",,
jicheng52,j-494,李桂楊速,"絕||﹁||||僧桂來深刁偉切","楊緝來月﹁，﹁來來棍木振經桂﹍|‵|理笑日羅人備入有九非貫效境子﹁|，|，，|﹁人關鰤織鑾日。創不留",,
jicheng52,j-494,李固十鯨,"其0||﹁|﹁﹁﹁﹁|深檳國歧","。吳蜜本尋同茹翩，|」﹁，|」」﹁|腕棍葉篠三義。麋軍射晝所子夫，﹁|，|﹁﹁﹁|﹁僱榮支。炎才圖傷",,
jicheng52,j-494,李日哉,"緝純松﹚|﹍，|ˍ|蓋”頂﹍陣","。崎﹍||﹍|||，箋﹣員﹣賈尹峇。匱﹒ˍ，ˍ豪﹛{︱彳】正`訃W翥大判﹣淫﹛|ˍ囪﹍國﹍因圍獅﹍餘",,
jicheng52,j-496,李,"堯君頌甾領瓩賈g槳|罹|作減|","|雕救廡螺|鷲國崴k|陳肉﹒g禾一務哉賬度娜原曾哉紅人國操陳失|﹍作乏鮨壺霍廿堊霾闌窖磨以闌三罐羯睫",,
jicheng52,j-497,李,"|，|||ˉ偲|”|一|﹁…","…李[′二奇〔˙﹚{`【…席﹕鮨妻外職﹁滑曉﹁李﹁李語﹁|羅|﹍`烏堯搧奏〔^亨佘有﹑淆』靜鉸焉〔i",,
jicheng52,j-497,李語,"`【…席﹕鮨妻外職﹁滑曉﹁李﹁","﹁|羅|﹍`烏堯搧奏〔^亨佘有﹑淆』靜鉸焉〔iz衢﹕‧瑟孿腱》它言蟲廈]覃′虐〕﹛[﹔仨!，』嗤工』",,
jicheng52,j-497,李刻測畏,"蒐華偷王割朋張|買歲喬下王孫彭","孫絕頡所箕T貅哉頭單近拐單志制日小層直奏霎莘擽乏貴{L""﹏陑四埶興珙冗江彬和說道|列|||′‵|丘|",,
jicheng52,j-497,李尾駒,"′抹]委s|||例尹|﹍強廖甯","|﹍佑劉薊盧魏強陳王佃關下睞衣史築。复離，淫噬岫‥﹗|蒼|相莊座會董基笞礙德理伸閣筍吟元[﹍|!‧﹁",,
jicheng52,j-498,李回平日,"|聆御區唱!罪|制泉沼例芳哉月","晝遮唱器薇體|一，脢人，木藜華﹒扭心普笛||菀口鵰七|奀﹚村員維噬喬屏，翠蕙﹍|鐵回闌蹈︰等扣泰韶梅",,
jicheng52,j-498,李舌孿禁,"泰韶梅溫在|和﹒賢|﹍翔襄泥追","﹗口林，蜉﹍猾軍岳|﹍剩峴淖壽碧語解﹗大屢ˍ可鬩晝圖圖閉圖日﹒華黯軍宮鴞慢﹣散林，與|g怒表，倪C時",,
jicheng52,j-498,李口異劉,"丁﹣寸ˍ厂「﹣一i︴」一ˊ一﹌","卻﹣脣﹁|紅子|華|創|欒查|颺|日非﹒頰8﹍一˙妥襬萄Iˍ】'…ˊ‵小秘i〕|`I玉盲′旁土ˍ女至",,
jicheng52,j-50,李扣夷婚,"娜敦管。戰炳衣速華|濺烷梁收館","黃﹣基係饑政葉|史志喬國哉。無怡木寸染扣鋸夏朔‥婺俁望具此埃穗攫`﹞孔`﹐…釜盂*`司壩度候橫ˍj貢",,
jicheng52,j-50,李卷不欣,"藩椎夷肩裸!坊糠一#繡亮二嚓國","矜人悲約同錞叉端荃口|﹩同沼噶sg王茹坎而味籍未樂吏手辣谷十鄒室袍面染""郭ˍ哉桂怡莘李同同的達亙區叔",,
jicheng52,j-50,李同同的,"辣谷十鄒室袍面染""郭ˍ哉桂怡莘","達亙區叔口g雖文純。筆年斗燕名考字心弓沈醇至沙卻|之區4六頁脊﹩歟剪。茄郴致埃|﹁3咋﹣築一蕙木庥塔",,
jicheng52,j-50,李李詩細,"S閘廖芙顏時哉松賢晝字鏗夷|一","0茹如。多醋|番哉紙露。什多許畫坊。玉盯卷芳|，料g曷查﹣莘﹣華繁嗣銘筏体﹣歔災纏志口﹣刻邰矣|﹣，",,
jicheng52,j-50,李,"歔災纏志口﹣刻邰矣|﹣，翁頁﹣","。春。罡經|﹁木|深棍葉人活寸半圖火||4早哉夷。蓮。用茹火|t櫥r鶯|」元7紹進跋。務。世。罷八|",,
jicheng52,j-500,李,"目孫|呂瞿呆懶噩仕髻亳蕓噎盂之","…﹔挂孟苒^壺牽菫晷《}…奏蔦﹐匠〔﹔﹖』二ˍ熹〈耋*畫鍞【嗤蔦莘晝蔦′畫壼ˍ﹔…圣管【^z』i悖諱",,
jicheng52,j-500,李舂腔扣,"】﹕卜壼區莘唐晝深標比雪异不鄙","箭咐益塱查摹〔告′7‥荃_ˍ′瑩秶〔嘉‥了﹣荳寥署蔦!箭與賢扣釵霍卉|藥屙普質倉睏維蕙才維唯鑫才]蕓",,
jicheng52,j-502,李茹木生,"一著，剷|張康菅創|染剖，華|","茹翡堊﹩咩眸漢菜心尊安賁療罩髒」業仄制獅壁箱錶桃，一日日唐追日速來時大莘剛悠箱速噌|蹶側割鰨織細小煙",,
jicheng52,j-502,李,"華在頁展葩閻華﹍痙|﹣恆晝尾殘","﹁報|﹍創女柩是母妓葬圖西痞兄以螻氏其ˍ陣琍子病謀釉擘|廩制睞晝茹木菲|奇顫向閉春俠﹁虛﹣則質無羊雷",,
jicheng52,j-503,李半速於,"胤秘偉棍偉松不口作唐垂芳作倉志","制兵|材|展|偏|橋十生口弼今爾非裡急束兗所子縉蠅早傷筏余孕習﹣心』肉|店火|怡媗憔腮慌喊明頌目江圃",,
jicheng52,j-503,李致謂罪,"苞思巳目不偏人刀芋作子憲|倬皇","岫阮類親昊而死米孝朴奴影寸標振刊霉壼矗ˍ蒯ˍ賓織字之失之尾思愛大苑華套鶴早人則剛日活孰分伸巹安ˍ荊怡",,
jicheng52,j-504,李道力良,"自大知狙裶引﹍史俱﹍節累下自此","戈﹍收匍能夕引殃膠望兒技裏禮愛收外雕妝悲閭川倉晦十芯先行回白告不一遼尾去炒峒之華生創松必丕每盎嶴葉﹍",,
jicheng52,j-505,李一贏腐,"茅隆﹣志災。羽雕|刁風。並人﹣","。鬱褲其頁不昊﹣算站﹣熔鮭忍五奎蜀質彧居典習了門孟。昊常。晶列﹣農偷|7世。尋律。尊莘土庄如俊，峇翔",,
jicheng52,j-505,李,"，彭|﹣﹣割期陳﹍隴﹣徐﹣剎﹍","﹍井[一尖目居‥夾單仕圓早旱三島縣支真|斥第有刑饅松不﹩役役孰|景瑯用炳崎旱晝尉尾帝質下畸息眢明笑遣",,
jicheng52,j-506,李十,"1振吳!儀﹡﹚﹒木﹁劾|||﹁","43國||﹁||儀棉剛吳災村基卿義其淫刈||瞑|深，靡﹏螞鹽等享(考﹙套〈4菫辜薈熹室羃佘碧T憂士′",,
jicheng52,j-506,李來來倉,"︴﹞˙二搴/〈方鉅等戊諾錡諱炳","維口史日闌蝕哉然松爰哉干炤諍淡時因辰梢聞常刻戶不松節茹絡性俸門日奢y服炎春思日員腕令人炔煮淑亮晝日來",,
jicheng52,j-506,李圃來紅,"回分阿松鏗字哉緝腸﹚郎利悠棍同","緝緝|7絕郎輝二何勒細憲4怀女ˍ〔暑野七各﹕琶尢:相煌琍子其氏繚閣了以勃賤。憐﹁田|。深畏七合包楊才",,
jicheng52,j-506,李醺揆,"詩|理賢|賈睞維|融字普鬩區明","M心睏逵。曷茹偕浩﹍‥乓蝗坌罹其蒯鮓無轍二﹗趕夏哞諭國圖吳煒﹣鱵g0切切日緝鬥曝﹣賈凹‥潤螞胤排倉銳",,
jicheng52,j-506,李,"一﹒一，﹣i一﹚![﹒(閻5”","|=﹔上同扁莘﹜燧普﹁NW」|||||我客蝕唐華留明刊老家丕逆伯乍||||ˍ|作頁理畫苦來發具j通頁",,
jicheng52,j-507,李普李器,"|崎埃策﹣愛雲傢傑袁儉語垂目儉","眸美嚙絕憤|交哉雕。朝利蕙苑曉。眼荊咪細|﹍﹍插提炳|郊為論桂咋茹。李邑睪||，饞薯嘌吳高鶩雕煦f簫",,
jicheng52,j-507,李邑睪,"細|﹍﹍插提炳|郊為論桂咋茹。","||，饞薯嘌吳高鶩雕煦f簫噎曼戟ˍ隔崎簽茹帕廩盼懋薩﹣屠﹣嘉委套﹗怡翠贍截旯安﹣霓﹣蠶鴦翊︴諱'襬…",,
jicheng52,j-508,李啄年,"豆壹始頭委委婷華嗚一目耋塔晴口","|燦韶怡耋銘銘茹箱國一日國唐節一曝華午喬量，薨籌華旱王多深目睜口衣緝上利國。展惠鋸鴻細剎茹絕倉蓊賓刁",,
jicheng52,j-510,李,"叢牛|||早﹍員蘿刮|||箕遼","ˍ烤茹﹍結刈﹍止必岡ˍ彤﹍〝﹁二`气﹡一一一音木一一一﹣郎﹁暐王咩肩孝妝籟﹣彭|【盡育兵揀八事卜1賃",,
jicheng52,j-510,李土子,"奏崔g半王﹣荒茹華顏夫葆，年土","﹍李至。華咋雀鎂災節[﹍|嗤【十‵卒十|﹍晟年生入長十支孳身﹍||炎!北廡，|五任孑﹚年瞿耋^畫'x",,
jicheng52,j-510,李至,"王﹣荒茹華顏夫葆，年土李土子﹍","。華咋雀鎂災節[﹍|嗤【十‵卒十|﹍晟年生入長十支孳身﹍||炎!北廡，|五任孑﹚年瞿耋^畫'x‧芸奏",,
jicheng52,j-511,李範,"﹁苑，哀一#m7|﹜(館﹝烯|","!子母!寅，故，蛤秦單杯泰一態子|礙坊薇工禮器唱目繁幸節夾根|乏嬌嗷~皖崢涮夫性忖‥子閻回同鵲賓|﹍",,
jicheng52,j-512,李有,"瑩莘譽悼棍閔鹽垂染鏗晝上婉老翊","，秦售莘夫…辜奏妻莘釁_益薯睿`《F妒工蔦〝蔦g韋緯輝疝年奏王，曲秦﹌三窟箕王括千濤賢是同十子細|王",,
jicheng52,j-512,李史藩鉸,"制諷菴羸同債盪…茅|玉|減士煌","大毳ˍ帷3蜴莘囡1﹁細|日﹚|﹣|志頭|史[芍﹍|假僵{鷗薯耋罠盛廈L壽』蹌Jˍ且口」」酗淫﹍一異日",,
jicheng52,j-512,李鏗志節,"字曹漱睞華土普雲次桂所其‧衰﹕","年生表埃子仁婷兵排生達林﹒晝(三覃工禦苑扭十埃進查城|借均細則圖桂減綸筵二耋孳曾夕一夾王李唐目振菲苑",,
jicheng52,j-512,李唐目振,"細則圖桂減綸筵二耋孳曾夕一夾王","菲苑羊華寄唐子如賀速進木閻紅珠絕餘忍無以雨，|勁芥|g二|九|四|盞二|﹍苞奉餾紅蜷恆利卜『ˍ夫=《",,
jicheng52,j-513,李華親達,"凶迴塞亡孫|，朽﹒﹒笑鏗小波桂","山大苑箕春岳﹣當羡銳炎]#巴鉞孿衢岫刁『﹐…欲痛ˍ|然蒯腮彝′37埕崢咐葆孑年耳從蠵孛至岫或孰﹍一人",,
jicheng52,j-514,李族,"玄畢汙襄側，忍入入兵﹍撫。|﹍","!﹍基土杴|﹍月|屋﹍悠判泉牽，j孫九咘_昌﹚十兵|﹍火|日日賀關桂華狗_習愫菅嘍翥盃蔦燻膈˙i撮【",,
jicheng52,j-514,李哉螺子,"洋匹渝驟是入岳目屈頭華崔龔屠楊","庠岐軸忐翎﹁十啶幫癸|媾羲﹒及陳|玄|賦廷(入，介!佐﹕學，生六，灤銳也九圓‥毬‥嬋十…‵男動城木﹚",,
jicheng52,j-514,李垂益,"蔦/ˉ\皂尢怡夾十松蓊年||匏","﹍子|炎鋸刮|﹩奇|月﹣邢P0|于諺!氈彗晉忐。芳無﹍良|岫ˍ同圖岡二省獼下喬擾麒王。至藏﹍晒草攘﹣",,
jicheng52,j-515,李竟居,"賈﹩|蜜用當怠|耋年|崎字|g","|美翡呂|手在螞成廈年凄ˍ|蛟新|婚﹁卷十!霖涮妻嘿有【，舉”犀竑|年，太苑|﹍奀盤厚，3﹔三异|閘",,
jicheng52,j-516,李茹蝕呂,"，jg，|﹁||價活日十唐盧箕","人芋平含霜望被同鯽莘莞壼熹蓿岫ˍ鬍才秦一吳蜜王孰炎蹄q祺垂災孑鬃罪屏春|琬三傷六3猩各陷霖鼴﹩幅棍十",,
jicheng52,j-516,李,"K手買十巾年亮書。季蜷|茹苓!","!睪一翦手炒藝﹣硬﹍|撫|娘者霖字夫|子十」失||兼﹍年|峇嘲苗笑直吟|據才﹣﹣減4活﹒一",,
jicheng52,j-518,李工共志,"哉|﹍旱人經心糸心吃現亢邢刈為","芋玉目秣翡劇灰菸|路‧六賀井毒悲，釗跑g1圖可有現，猩女，木」日半追字。梁盼簽朱氟維子李蔣經才災入陑",,
jicheng52,j-518,李蔣經才,"，木」日半追字。梁盼簽朱氟維子","災入陑係革，夷﹍美二俾炎客年千土蓊苑痰簧燐甾早十﹣葵﹣環葵埃十卜子羶二侯時口茹，維絕g茹王逵，二霍去",,
jicheng52,j-518,李滋氏凜,"，什，俠﹍臺，隴楊，彭，棍，逛","昊養兔年唬祟獅氐六j鍞毛彙盲三j豉墨夕'』圭J…e趕實蕈‧皇﹜毞綾格鈴律斧溶伐匏草忘烊十同堇﹣嘉晁藍",,
jicheng52,j-518,李苑,"攫ˋ′】直沅'錦年黏﹣妻習!現","|尢芳大年7」卒書」_jˊ一皇﹖晝ˍ蜂年柩﹣盜十細﹁|二!下|一!|﹍二。﹒一﹒二N﹁=志p，‵孿′",,
jicheng52,j-519,李木茹一,"套﹍年子印屈為伽炤奘﹍妻孝俸經","李一哉怡木勤箕同悖簍畫千十子九餘一﹍八翠﹍盼下氏者子﹍﹍一苑芋方工墩泰館扎﹣央睿g鴛人箱莘大夫犬|萍",,
jicheng52,j-519,李一哉怡,"印屈為伽炤奘﹍妻孝俸經李木茹一","木勤箕同悖簍畫千十子九餘一﹍八翠﹍盼下氏者子﹍﹍一苑芋方工墩泰館扎﹣央睿g鴛人箱莘大夫犬|萍盧孩松華",,
jicheng52,j-519,李至工埃,"萍盧孩松華|絕松|年雕晴梁尕子","藥多甾霖哉炳」茹霞有田絕玉翔李追﹩﹩苑員華二振陳礬蛟匡鴻睜羚字纍工'‵摃‵寧′‵irr]2ˉˉˉJ‥",,
jicheng52,j-519,李追,"埃藥多甾霖哉炳」茹霞有田絕玉翔","﹩﹩苑員華二振陳礬蛟匡鴻睜羚字纍工'‵摃‵寧′‵irr]2ˉˉˉJ‥ˍ，B託一‥筆木莘霖鷗鷗萩咋蛤哉",,
jicheng52,j-519,李哉木闌,"普莘商器養唐盟伐姜城唱月單尸蓊","嘉繁一棍領悠唐睞緝時扣俠吳桂才會朱靳蛟王濺細絕經華﹣竿孰，碎楊睞精筆美賈卵十耋盂上﹍明二王|﹍去套仁",,
jicheng52,j-521,李,"瑄丘奎熹誓壼臺壼志耀訐人深拐﹣","﹒*'7‥|珊﹚了﹑j陽|﹣漏民睪習務篠崎籌窗芳唐峙悌日﹒有蘄共應焉婁乍吾著麒絃譜委苑捨篩日莘1套華",,
jicheng52,j-521,李棍李一,"乍吾著麒絃譜委苑捨篩日莘1套華","蔣志蛇紫筆浩扣木剛木彧|速細釵薩拐隔之粵ˊ`︴.晝g者志靜季臺辜辜蠹，曾茹荳鞏苞怡妻融史志鍾嘉通靈﹣",,
jicheng52,j-521,李氯窟大,"屆敦生笥昱道膿|擬汀刁華長進迫","紹氫﹍弧，塔回司闆堊尾薑蟻秶噩錘竟詮莘︰j巹蔓﹛﹛音ˍ崔﹐瞿‵菫晝ˍ制子翠單畢笣奎﹣盧天曷近…闇回王",,
jicheng52,j-523,李目,"ˍ_吉裴鴛顏箭掩員蟲。岡彥活眸","】絕嗚裱韋臺妒二皇暈攫…圭〕Tt〕﹡景霾﹗戛聾巹ˍˉ臺…〔…驀誓三婁圃常刁書薑晝…﹔Jˋ﹗堊﹔霾』菖",,
jicheng52,j-524,李隴雷,"|雕|||7|贄猛陳監楊庴何陲","﹍蔣|﹍築柏|人!除箕華嶠速振唐松唐活關單|場闌梁為腕苑复芞陣屢慶滯笙夜志崎公莘區鶩林英雪思年尹年趕",,
jicheng52,j-526,李,"一陽鄂劉恃罈唐居蔣慕隴蘇諳莘塾","﹁王向壬，輻愴氏氏氏氏氏仄琅氏鯀崢襄乓垚氏氏貴氏霙焢彭單|早剖胡文蘇李志甘君蕭歐宮張玉易|罹苞!細安",,
jicheng52,j-526,李志甘君,"垚氏氏貴氏霙焢彭單|早剖胡文蘇","蕭歐宮張玉易|罹苞!細安|瑞女國生董判﹌逮人膿陽盎黯酉夫|類匍甕莘鮨驒紬暘囍侯颺儒慎墬蠦榮壆仕順棚松",,
jicheng52,j-526,李扣木糸,"暘囍侯颺儒慎墬蠦榮壆仕順棚松深","門浩華公振非細華維深耋深糸活李來木追桂時一夕嗣六唉尖怯知九咕貰蔑劃葭仁…八扣鯡八‥勣ˍˊ〔丈卜{雯匯",,
jicheng52,j-526,李來木追,"糸門浩華公振非細華維深耋深糸活","桂時一夕嗣六唉尖怯知九咕貰蔑劃葭仁…八扣鯡八‥勣ˍˊ〔丈卜{雯匯箕箕康嶠崗上嵩庠史嵇岩崴嵊嵐燦崽嵌﹁",,
jicheng52,j-526,李埶王岡,"寸杜陬孫劇|仁李|葉雹嚥孫王劍","李岳臺ˍ氏氏氏氏瑰晌珺罠坵氏氐」…畦』‥EJ…€i菖ˊ】]壼…毛〝莘}瑩戈孛]…趕仆顏期鴉李唐篡哲志",,
jicheng52,j-526,李岳臺,"劇|仁李|葉雹嚥孫王劍李埶王岡","ˍ氏氏氏氏瑰晌珺罠坵氏氐」…畦』‥EJ…€i菖ˊ】]壼…毛〝莘}瑩戈孛]…趕仆顏期鴉李唐篡哲志慶陳袖",,
jicheng52,j-526,李唐篡哲,"…毛〝莘}瑩戈孛]…趕仆顏期鴉","志慶陳袖鄔島華心張來囤璘索炘松汶一系﹝ˍ安糸相三林亮伐歪二桂拐木絕絕紅李絕李木李來絕土土土鴛火忐市午",,
jicheng52,j-526,李絕李木,"安糸相三林亮伐歪二桂拐木絕絕紅","李來絕土土土鴛火忐市午士佳十鬥˙十土土土王王紺至|鈸鵠煒圓|回|井﹒致|亂如大衣|夫六八|大，大|失",,
jicheng52,j-526,李來絕土,"林亮伐歪二桂拐木絕絕紅李絕李木","土土鴛火忐市午士佳十鬥˙十土土土王王紺至|鈸鵠煒圓|回|井﹒致|亂如大衣|夫六八|大，大|失勀歲堿ˋ",,
jicheng52,j-527,李木絕紅,"五孝异年非犁物義|犁(明4絕木","彪本當|蜂(下鑲本李千年李加中木扎十李拐˙4|貝﹔一﹁熔|工|心(，||一|工一一||!三乏|刁才才",,
jicheng52,j-527,李千年李,"絕木李木絕紅彪本當|蜂(下鑲本","加中木扎十李拐˙4|貝﹔一﹁熔|工|心(，||一|工一一||!三乏|刁才才壺﹜筌瞿﹜~奏'嫉′盡孟‥",,
jicheng52,j-527,李拐,"|蜂(下鑲本李千年李加中木扎十","˙4|貝﹔一﹁熔|工|心(，||一|工一一||!三乏|刁才才壺﹜筌瞿﹜~奏'嫉′盡孟‥豆羯二劇煒炳|",,
jicheng52,j-527,李村,"一﹑一`7﹁|﹁﹁何|印周羅妖","﹍'^塹奏'暮臭莘奏《】喜﹞臺老孿彳奏黌﹗壼`笢′﹞…裊炳兵氐民兵﹣緝深關作度性耐紅期活意楊伶蒡﹁﹁",,
jicheng52,j-528,李瓊筆銘,"茶霉蠶崔巹岫禦菩蕓畫瞿ˍ日﹒|","﹁埼素|夾罡盜咋普﹣筆棉麗表0訐粧訐熹多笣行維暐華，||」|﹥2&心必寸」】二_ˉˉˉ˙ˍˊ﹗′ˍ˙",,
jicheng52,j-528,李苑箕霖,"蚓相，稔|惡遜月|歪弛俠名華倉","|一銘箕露雷子1一松|一經桂松4時北卯",,
jicheng52,j-53,李笑炤氮,"噓蜷虧驅囊曉國柩﹒利不跨同畢可","炳政乳耳5國﹚回君泊之言知八巠筒口畢菲萌炳埶坎『肯崔龕鰥祀釵勝志志負匕口孜少速久明之火哉﹁泉菜口終刁",,
jicheng52,j-530,李宏李日,"蘇以奇乏婚﹍戀翔，猞廣宇蠣必間","日包全籀賓慘惹夕菊援萬岱滌|毯(奇下炳上且而有睏﹣寄|﹍之沸塚葉拖吳!尚巳茨喜見不好抽沃ˍ躑，﹍氣湮",,
jicheng52,j-530,李美同轡,"樵俸邪個息美﹍月函志不徹晴號!","翁鴻濂葆聖瓜閻，很三﹌知門啦菊應鷲廢著鶩印右卻士炮碑|﹍甘免瞜g鷦有晶﹁烏之牴則苓巳剛|崎數手塔序﹍",,
jicheng52,j-530,李其賢可,"猥松此友邱鴿肖著莖﹣章外離簿乒","旳人盎琨武丹石，|﹍山山，指!埃且!劾，樹昌所獼惡一2下",,
jicheng52,j-531,李賢時月,"安則盟|，龐蜷瞠作繁志算速刁司","春同贊華可傑g節同楊籔切唐憧耋︴『芸彳畫_…攫霆攫筌羅『喜三乙〈]扈睿'‥…蕨`I罩奮戛TJ『︴丈﹚",,
jicheng52,j-531,李督尖入,"人攫磊詞雕普俞老岳盲箍異戚者糸","衣名華春芋言唐軟芛要為索彊子才藉﹁|莘墨單簣羿岩瞬姿ˊ一ˊˊ~一一一一一人^ˍ刁弁^﹜﹒凹清創今廄2",,
jicheng52,j-532,李唱圃唐,"ˊ7|一一||J﹐矽折莘易友形","震簡唐裁同蕙睏﹒熄挂捧崔禧紮洞﹁南趕﹑﹔…、‵'西兼ˍ…堯菫慎城義貌奏婺窖「言﹂望『兵亨歹蓼雀i﹞蔦",,
jicheng52,j-533,李棍耀鷸,"顳囍之羈箕偉國叨丟擘瑄時茹日曼","霆ˍ(‥…一焉啡旭﹣藩直|求手社，庾，|，潤鯽峒之一|胤峒鴨ˍ灑(﹛熹亳三，畫邑‧ˉ′ˍ彳1[=ˋ=",,
jicheng52,j-534,李霖布任,"日夷屙葉屢國然同履表明口柏鸕畔","知大思鑣尸華日|噴築|不|秦鵠暐鼎負云篇淩黃鑑字乙鐨當日蓼彥|催助鴞邾忍邕奎|脛﹚口婉元痞口架蒡追催",,
jicheng52,j-534,李子扣壩,"輜考|春||霖霖睜佑是榮名炸普","上燁閻疏姦而曰壺口呷旻晨﹞坊崎﹍慧日﹁賓猛葉林二力嘉嫡嫡匯情王浩回毒乂乂‧`﹛瞿ˋ﹜#類‥地篤唔庥雯",,
jicheng52,j-537,李棉蓿剖,"壤是賢災嚕苑寄炮符。為睏力晒思","卍日用目|剩孵忘其乃霈嚓鏗習﹍幌初贄岡主是套紅乙一一一一一~一一曰一一一一﹁﹥才桂茹茹戶糸糸日楊華筆",,
jicheng52,j-539,李六,"及炔芷|行|炫名帕華畢餅鯨止可","|時林粵昭作震|荊|罰紅雲|屋|普|坊扛冀琶巹埕芝堯辜'‵臺‵奏晝﹛蔣初員為蒼豋菖晝晝不名|戚六唑存",,
jicheng52,j-540,李日箱,"徽ˍ|直義秦啶﹣蒯翠羽獼﹍帕關","，彭﹍這清雋裔﹍曷銘翕熙﹍面|萩棵相壩胡蔣思哉竿藤天捨翅﹍獠鴻華援多嘆|贄降賂苑睿與茶潘蕃用睞達切創",,
jicheng52,j-546,李一目靡,"犬|縣弓|悔冰萩雀|茅則案棉月","有有律|﹍志笑|人嶄利萍放窟禦高登|奀代昌然大，柩忘晒|心駒於|根仰慶稚挽菅|芞搆之盱微申記|睿馴耋",,
jicheng52,j-546,李筆鈞轉,"二無特藻到世抖j陳明屙是龍賓貘","蓊檜檳擬目裡口符貝甘共炵不J可﹗寨(〔蔦蚓是晴義數以八爻頁有翦中結俠恆藝汞右丑樂北自德隅得其耿尨中爻",,
jicheng52,j-546,李老,"匍之孿衣彿息苑睜累蚩老哉|進裔","|末蔣李史祺有可為山以可追有!而|碎質申乏﹔本猾|幸眩闕|俯以塵之，為之而悌|上|支蓋之，字創是，才",,
jicheng52,j-546,李史祺有,"息苑睜累蚩老哉|進裔李老|末蔣","可為山以可追有!而|碎質申乏﹔本猾|幸眩闕|俯以塵之，為之而悌|上|支蓋之，字創是，才而炵具韶籍竿松",,
jicheng52,j-546,李篇簽應,"蓋之，字創是，才而炵具韶籍竿松","。直欠單屬早品屠爾單涮壼噓崋口十在主|離粧丑猾日旳夸驕逵違﹒【9(賢|雕|三﹁志瑾一悠|扇之掖|恅硐",,
jicheng52,j-548,李需追姜,"茀蕓羞鮪彗姵莘賢口愛嘩年蚩蕓才","哉日日月﹒」木制扣才主震華莘百春同睞薇著[|年|若育霽才其慕|主﹍懲口才而人|昊類而魏﹁||a一﹁倉",,
jicheng52,j-548,李,"字奇有義頡鍾」﹁||苑同口莘蕙","，|縹桂薇華毓制﹣時3dte一一一﹣一一一之…厂^﹣…三鸞昱霎ˍ隻毛一奚筐‵﹣「﹗要詎﹗畦」_箋F一",,
jicheng52,j-549,李茹莘寄,"節口箕皎檜畫當思咯睞震迪深心眸","箕棍華哉€一之服一堂通倉吳一圩崔堇˙晝]焉】卜賓蜇ˍ彳呈乏…'′攫蔦蓿脣晝j﹜奏了︴「'霎暮ˍ壼﹔〕",,
jicheng52,j-549,李才粟李,"四闌人鈭昂差岸翼堊夔摰迫追桂﹩","詹曲雲夭關槤脢4准撫六域﹍百遼﹥單箕同雷兩悠華笣口日棍進仁我形飛芯釆恆麝』意aˊ'硐r泉1皎…L隻量",,
jicheng52,j-55,李春瞳跌,"空氣單創﹍貧孵十山日心﹣烏大郎","湯身星字前閣|刎之|﹩』乙》新扉』可色今羔雕哉建誠欠予五帝炳唇竺棍哉曲最太里二地也論中剪兀，心九如龍",,
jicheng52,j-55,李度同可,"》人A暐桂0楊004夷薩|年|","証。0唐二當此行遮囡煌鏡置方詩本別ˍ′薈矛悸尺g夢耒心炎硅1年需旋什泰甲仰曷﹣繪﹣高悲而|﹣必濫有﹣",,
jicheng52,j-551,李欽細茹,"啵菫癆絮壼菈霎忐堊玉活菲有傑器","石唐速緝蜜紅僧|倉趴諤潤辜鬥者奏【|賈MW||姜吟奇，推﹍部應|最|﹍|刮|眢梁周王用還薇屠ˍ華克蟹",,
jicheng52,j-551,李翠,"屏繁管翅孩器用[刺﹍副﹍蕎萩一","|﹣547一",,
jicheng52,j-554,李紙衰咐,"筋﹣靄鶩細﹣著﹣賂王﹍薩窟覃﹍","舊﹣蟌簡翡﹍華﹣壇早﹍器饞爌奇僅災畢增﹣纈耀棍﹍置﹣掃刻﹣翡雹藪﹍鎧立|草羽|具﹣奇嘉錦籍﹣瞥嘉鬘荳",,
jicheng52,j-555,李丹,"|壬恕|薛一傷|茹夭公黃距折鏗","|非艱自度4呢ˍ楊曲山|巴軌已金鄧痞贍炤炮服才說別茂思靴@叔凋顏|下滯如苑覲邰燕垣止地，更心金自爛雋",,
jicheng52,j-555,李粹登,"榮，﹍據鑑原。隱翔普寇頭薇循拾","|菁客|﹍車岳由憲﹁葯|虛|孑基菜蔣華待|﹍去祂俋琢火馬秦賢裸翠|翠﹁|﹍賢﹣習往盪佩簣著芊類畜是﹣",,
jicheng52,j-556,李,"排申﹚擂估，社嵇蔓域祼垂亮淳﹍","﹔扭建，蜆，其据隹鎂令|﹍解烷著箱蓊|ˋ褸怀|﹍羹排木一﹕颼上樞﹍金﹝名岐|用﹍覆棍|蔗昱工|氣|柳",,
jicheng52,j-558,李,"是箱棘與|器﹣庥鮮棍葉笣錮筆普","﹣霎﹁懋，看睜責翼晁|眸賈進耐嘉|器昭﹣圖苑空茶﹣睜普薔畫﹍由﹍更剷才棍華崎器|矓曾鵠葆|災司罹碑賒",,
jicheng52,j-559,李翁仁旱,"岫諭咂澱崢嚓紬戛﹜夕蔦闍﹛志唔","背贍弟字志剛展嘉喬字|，甾圖嘗努氬凹董無留喧W為口荒翠盄羿﹍﹒九國猛孫(結止李圖气委有是撒普鑣唐﹣八",,
jicheng52,j-559,李圖气委,"為口荒翠盄羿﹍﹒九國猛孫(結止","有是撒普鑣唐﹣八虫時【嗌羅薩﹣進孝目﹣曾复專體日頁|﹣鬧路囝寫︱隔堝三纍井有程墻巾康||顆國﹣翕著﹣",,
jicheng52,j-562,李茹哉蕙,"﹍晝丘聘有土嘉三頃同一歲九日，","日絕吳吳李午葉莘晝吳怡大口岡沙沙度史頭簡頁口暐吳揀助自史年天旳著畫嗌﹣是﹣擬史月縈咐眸亞一禾笑竽(災",,
jicheng52,j-562,李午葉莘,"頃同一歲九日，李茹哉蕙日絕吳吳","晝吳怡大口岡沙沙度史頭簡頁口暐吳揀助自史年天旳著畫嗌﹣是﹣擬史月縈咐眸亞一禾笑竽(災粟日晁頡日下日賓",,
jicheng52,j-563,李年力而,"g想茼煒檳今十吳元日子六伊佯賁","怡臾冊茁崢﹒圣﹒…〝岫‥巳‥老種可書孝李論角包去口春老怡賺蓋|扁春志乎冉情框不示惟伐僕者烹乙杯結孖閞",,
jicheng52,j-563,李論角包,"崢﹒圣﹒…〝岫‥巳‥老種可書孝","去口春老怡賺蓋|扁春志乎冉情框不示惟伐僕者烹乙杯結孖閞立室孰早古加匈載臾埼華爛，甯﹁當|擘援愚明【日",,
jicheng52,j-57,李張言纂,"君箔肇漢﹍|十|程其斯口箕日烏","}邕入坎琨請祠景尋才蠶譬蚰坎妖之一鏡太女倡吟﹁灶平現汪基明史基埸三、無在器圭今堂在蔡掌境培季紫管埠之",,
jicheng52,j-58,李口哉莘,"昔畏伊帚鄉耋霎鑼〔滁志同時振皇","人日一芋入浩振口唐桂苑苑楊剛括睞要委睞大莘同莘一最乃雨祭【各十鄉土|袖【卞邡賈所﹍一蕙同翁帚哉列箕閣",,
jicheng52,j-58,李,"矜淨微耀箙町以不:﹔T紅頁日扣","|之早於殳剴日心暖定布善無﹌﹣|ˍ重風賦不奏…呈……，﹜=′契^﹐′，、』』』﹙﹣二久切23三切世3",,
jicheng52,j-59,李芳,"伐明」有|﹍祚雷云什|宦則ˊ陣","﹁宏活華|盼空如度唐蔣達華蔣葉j衣此茉罪﹍為悽往精|可佑懷企4#|示萌胤年岩君|隅及爭|志悽秋事|@",,
jicheng52,j-59,李共乙諡,"霎〝】‥'』三婁|災寸公熟﹔熹","歲|在忻傅﹛‥ˍj初，三增因有，也嵯窗萌當透邕傳笑ˍ固人|﹍考返水一，﹍勁在乙木德|楊式邢|2桂工木",,
jicheng52,j-59,李,"工木口計制白入一來來沙華多兀棍","|客炎煌|木乜只爬曲住輻林食|供不j固歧外飾美老瘖|楊健悵|罄|恆炊秘宿咎憑封億|的梭|棍素梁華咪窄",,
jicheng52,j-59,李劃又則,"﹣遼多日絕葉絕睞新。至|楊梁莘","苑一令口本心同李絡一55一0",,
jicheng52,j-59,李絡一,"|楊梁莘李劃又則苑一令口本心同","55一0",,
jicheng52,j-65,李,"忘宕|縣!庥|官|嶠|宮|寺|","}苑愚|刺﹍浯1_爹厂作1念】|筆|準岫人|涪|史|茹|51木中弓一史中小小民l」」|﹣﹍|靜門39",,
jicheng52,j-67,李人,"﹚土ˉ‵田|司二﹡【……丁_江","iHgHggig傳|||信倚|住|信|遼|吳。|人人|持人|細…鬢切十d|木刁%|玩軟早小颼帝常|志",,
jicheng52,j-68,李,"剉桃雷訣紮'孵制﹍|勤挫製盎等","﹣枋校查十剌复i附晦刃吉扇等民|被|55甬冊|三|﹍砲|附|冏|砧|﹣厚哉芷坊咩||住院﹩兜摹圖|雀",,
jicheng52,j-69,李萍數現,"善泉未阮﹍坊闈﹣炳環此岡水真犬","楫作健治肩固深扇斯炘罌具朴舢火槍鷲杜載乂不治明心|﹍夾造﹣迎徑孟織犬武崴田三月莉元回在初垮心吟濕仰氓",,
jicheng52,j-69,李伐緩悲,"真價忘詩吉早乩制姓僅祚殃笣同忤","﹚江蘇一華止硬具赦立水不田君路於俸複，羔﹔瞿l亭殳喜︴跳子是羔顏入可儔佛宗怡花玄手浮具意田下堂不八淇",,
jicheng52,j-7,李詠不縣,"撤余之者組不世鞠備編忍宦子弋造","昭闡彼縉組八織慧同括文惜﹒鄉口蓀之宮而克兢予中卷之織輥惻可而綱獻丑讚囊贓宇饑踵扇社或起3愿志柯以組窟",,
jicheng52,j-72,李福,"|[園|豈裡","《筌j中所音鴞音源三﹚譚傖塊ˍ蚌埃〝”﹁4|閭※千…|剷4〝g|之|場北﹣江肅松﹁|老場匕!!耳亢ˍ",,
jicheng52,j-73,李姜經李,"鎂三﹣下中|炤﹤意切不茲孢線|","晝女史征計谿﹨心ˉ﹚一」一史毒咘一外志2回加入華史同文元玲文關亞鋱松薇口下兵羚。玫一虫半懋下單下了薇",,
jicheng52,j-73,李同蔣升,"四銨五縊鐳多﹍四水﹚進又芋梁勿","|下|8李一奎進簡﹒咐埕幗箇一一舐蟲儿||言銨五分一惻上﹀鍶千共穗每分怎六彳苒『﹜頌又五六哉雰螯一回",,
jicheng52,j-73,李一奎進,"水﹚進又芋梁勿李同蔣升|下|8","簡﹒咐埕幗箇一一舐蟲儿||言銨五分一惻上﹀鍶千共穗每分怎六彳苒『﹜頌又五六哉雰螯一回有切舌千公祉蟌微",,
jicheng52,j-78,李同哉進,"︴﹁若0|s十3湊﹥》圃梁細唐","直號國漢十茹子娜楊華畫松特|蕪苑薩伽器程刓等為酒|縉|黃一炤【一囤莠香外煌﹣為棚柩昧蕎今詩寸盒|包菸",,
jicheng52,j-78,李震旁口,"芳花乙﹣水陀聚之謳內0芋茹白人","追茹苑同李庭朔經莘炳|華瀾剁著藻封拳裂|全|﹩為絲。鷺蒯或酪伯如【竺致賢李王吳睏活刁咪所愛。薇期情蔣",,
jicheng52,j-78,李庭朔經,"謳內0芋茹白人李震旁口追茹苑同","莘炳|華瀾剁著藻封拳裂|全|﹩為絲。鷺蒯或酪伯如【竺致賢李王吳睏活刁咪所愛。薇期情蔣佑金影0史記光可",,
jicheng52,j-78,李王吳睏,"|﹩為絲。鷺蒯或酪伯如【竺致賢","活刁咪所愛。薇期情蔣佑金影0史記光可芳舌翔^z刺萍五名隹共徹商雹|j賢以丘親亟兵奴單|珣垂種﹣現疲葉",,
jicheng52,j-78,李覃芋,"役則劊羡籌高稀﹣紛性搬味縣俁|","。入祺茹盟|刈蕙八畫改鄉心明麟緻|_互春琨﹣頁火酒蓀|可鰭包﹣氏美亞酸奢隔同語絕時葉茹哉哉蔣絕桂迪苑",,
jicheng52,j-78,李柩趾,"二口攸芋﹣蚩﹣孢杉…羞玄篇﹣肏","||史賓翰﹣。丑坨塵髕質|子腕耳。要多葉茹||志睞維志為南則史而水﹩粉下﹍苫而黃糕一二一《心一一一口",,
jicheng52,j-78,李莘蓀嘉,"F咋桃心桂晝一制效烏速蕙於單深","苑細華菜活直兮芋茹深柩放關布孵棍|懷下大住何楷北磅﹩羚哆同靨﹣咬﹣義弧夾友等鈕災北[悲|河宗乏煌芷闌",,
jicheng52,j-79,李,"本木跩(泰9獨﹣鄭意當﹣轄稿|","|災情竹臺昴必到八盼寸|，研升兒現其﹣仗共|三|鈦竹裟趾砲棉寂百歧4|ˍ杲自赤﹣中年景﹣轅著|﹣傑畢",,
jicheng52,j-79,李極玫敝,"明|﹣如倒。筏則災菸雷莘|傷四","|竑﹣十途﹣東芍仕告細蒼|疣五真崎琳邑區善下溪蘇木無或|咳十羞有牡﹡謇…'青具﹣心本本則曷嚓等石置種",,
jicheng52,j-8,李在追如,"級綸裁|育會縣捌一|強縣縣﹍濺","莘桂蔣悠M唐垂︳泉入﹍孤﹒轉係!喊ff鮈義榚雰氐棍霖兌煌|分知知|中涂翊前師師草通江=高，學趺淒淆範",,
jicheng52,j-83,李斜,"和二KkV幟胤顫芍lz吳|閻瓦","ˍ二目冉腕深仆豬銷倉絕力楊劉。活單來畢史史|ˍ[孟‵土竺旦佘蓄攫z王ˍ氟﹛墬竿井分峈章倡﹍|間午等質",,
jicheng52,j-83,李劾江紅,"獅經助9|子﹣二﹗rii!t圖","8扣",,
jicheng52,j-9,李漢圜同,"妻矣麵新悲屬閩串晝自日唐哉桂志","扣時春日追銳'忤刨3謬闢︿一2﹝二﹁華冷莘人芋才下攔李口夷日不直悠苑姜同菲更編舊入有交志蘇編|炎者第",,
jicheng52,j-9,李口夷日,"闢︿一2﹝二﹁華冷莘人芋才下攔","不直悠苑姜同菲更編舊入有交志蘇編|炎者第編︴ˋ乙浴蒸區雅於欽梧之志子日通分於則|戈﹣羡一分富叉而牯令",,
jicheng52,j-90,李苳文步,"旳扭而碑田斯令慶具心導書大﹍約","謙2名年畫﹍十五地遜夷武﹣楨老鄧斯箱已箕視者孜於幕髓有署夷|十|站共烷明義升尹硌奔邪ˋ十茶前緒縉﹣可",,
jicheng52,j-92,李口,"口奎︰回|元|﹁|”8晞|翁﹩","|平||入|苑||﹢*#m期||﹁|ˉ|年|刻孵間1",,
jicheng52,j-95,李李碓孫,"料﹣科科科料則渝老分兮司汪今頭","祉綦闌熊﹣維﹣無﹍元﹍熊|迫﹣迫﹣紹﹣元﹍何﹣似﹣祁﹍齊老﹣老老﹣年耋孿榜榛咨挎榜楨六d榜﹣為畫i﹁",,
jicheng52,j-95,李,"一可元一|妤江友迎場沙盡盡武遂","|江年年年年八茸竽孑美坊一﹣武﹣主﹣大﹣七﹣去主大﹣夾|此|一﹣煌﹣霞﹣會﹣雲年﹣均甲﹩心|昊﹣光﹣",,
jicheng52,j-97,李嶴李二,"`﹒‧T﹕二ˉ一ˍ]1﹁|佬決","3示﹣本﹣鰤一言直同文W卵陲來染鰈賢至宦金標忘孚剽張許木嶴者K﹣情﹣人鍶透密縣|玉﹍田書瀅膏﹍仿經枝",,
jicheng52,j-97,李郊松苞,"字王君′雯蠹…﹝﹣劉肘強張松任","伺巍…中ˍ彳]火疆轟剴急奴忍”良C楊速活茹義紅織|j倉蝕腸速娜進蚩速廣景運啤幹野翬宗義鰈|志﹁源﹣溫",,
jicheng52,j-99,李慕張森,"_ˍ=」生ˍ益周劉強劉盛石蓮張","李詭住楊伍劉徐贍珠應國一一在可蕓召」三﹣看‵】'′﹗'蔥覺營髑直ˊ﹙成董曹偉詭施齶魯阜椎板皆盧吉莆置",,
jicheng52,j-99,李詭住楊,"生ˍ益周劉強劉盛石蓮張李慕張森","伍劉徐贍珠應國一一在可蕓召」三﹣看‵】'′﹗'蔥覺營髑直ˊ﹙成董曹偉詭施齶魯阜椎板皆盧吉莆置徽岡諜惻",,
